key,value,definition
*-tip/pista,guagua,*-tip/pista=guagua
4wd_only,recommended,4wd_only=consigliato
abandoned:amenity,prison,abbandonato:amenità=prigione
abandoned:amenity,prison_camp,abbandonato:amenità=campo_prigione
abandoned:highway,path,abbandonato:autostrada=sentiero
abandoned:highway,track,abbandonato:autostrada=binario
abandoned:landuse,landfill,abbandonato:uso del suolo=discarica
abandoned:landuse,quarry,abbandonato:uso del suolo=cava
abandoned:man_made,petroleum_well,abbandonato:artificiale=pozzo_petrolifero
abandoned:man_made,pipeline,abbandonato:artificiale=oleodotto
abandoned:place,hamlet,abbandonato:luogo=borgo
abandoned:railway,rail,abbandonato:ferrovia=ferrovia
abandoned:railway,station,stazione ferroviaria abbandonata
abutters,industrial,confinanti=industriali
abutters,mixed,confinanti=misti
abutters,residential,confinanti=residenziale
abutters,retail,confinanti=vendita al dettaglio
access,agricultural,accesso=agricolo
access,bdouble,accesso=bdouble
access,customers,accesso=clienti
access,delivery,accesso=consegna
access,designated,accesso=designato
access,destination,accesso=destinazione
access,discouraged,accesso=sconsigliato
access,dismount,accesso=smontaggio
access,employees,accesso=dipendenti
access,exclusion_zone,accesso=zona_esclusione
access,forestry,accesso=forestazione
access,licence,accesso=licenza
access,license,accesso=licenza
access,military,accesso=militare
access,no,accesso=no
access,official,accesso=ufficiale
access,permissive,accesso=permissivo
access,permit,accesso=permesso
access,private,accesso=privato
access,public,accesso=pubblico
access,residents,accesso=residenti
access,restricted,accesso=limitato
access,students,accesso=studenti
access,unknown,accesso=sconosciuto
access,use_sidepath,accesso=usa_percorso laterale
access,variable,accesso=variabile
access_control,full,access_control=full
access_control,partial,access_control=parziale
access:citizenship,двухбуквенный_код_страны_по_ISO-3166-1,accesso:cittadinanza=двухбуквенный_код_страны_по_ISO-3166-1
access:delivery,no,accesso:consegna=no
access:roof,no,accesso:tetto=no
accuracy,10,precisione=10
accuracy:meters,10,precisione: metri=10
accuracy:meters,21,precisione: metri=21
accuracy:meters,22,precisione: metri=22
accuracy:meters,25,precisione: metri=25
accuracy:meters,26,precisione: metri=26
actuator,electric_motor,attuatore=motore_elettrico
actuator,hydraulic_cylinder,attuatore=cilindro_idraulico
actuator,manual,attuatore=manuale
actuator,pneumatic_cylinder,attuatore=cilindro_pneumatico
addr:block,*,indirizzo:blocco=*
addr:block_number,1,indirizzo:numero_blocco=1
addr:block_number,2,indirizzo:numero_blocco=2
addr:block_number,3,indirizzo:numero_blocco=3
addr:block:en,Block 1,addr:block:it=Blocco 1
addr:block:en,Block␣1,addr:block:it=Blocco ␣ 1
addr:city,'s-Gravenhage,addr:city='s-Gravenhage
addr:city,*,indirizzo:città=*
addr:city:ar,الــوادي,addr:city:ar= الــوادي
addr:city:de,Bozen,addr:city:de=Bozen
addr:city:en,10th of Rammadan City,addr:city:en=10 della città di Rammadan
addr:city:en,October␣Gardens␣City,addr:city:it=Ottobre ␣ Giardini ␣ Città
addr:city:it,Bolzano,addr:city:it=Bolzano
addr:city:simc,918123,indirizzo:città:simc=918123
addr:community,Nima,addr:community=Nima
addr:conscriptionnumber,1,indirizzo:numero di conscrizione=1
addr:conscriptionnumber,9,indirizzo:numero di conscrizione=9
addr:country,*,indirizzo:paese=*
addr:country,AE,indirizzo:paese=AE
addr:county,Stafford County,addr:county=Contea di Stafford
addr:county,Tuttlingen,addr:county=Tuttlingen
addr:county,Washington,indirizzo:contea=Washington
addr:county,Washoe,indirizzo:contea=Washoe
addr:district,*,indirizzo:distretto=*
addr:district,26 de Octubre,addr:district=26 de Octubre
addr:district,龜山區,addr:distretto=龜山區
addr:district:en,Al Agouza,addr:district:en=Al Agouza
addr:district:en,Western␣Al␣Omraneya,addr:district:en=Ovest ␣ Al ␣ Omraneya
addr:division,Kawempe,addr:division=Kawempe
addr:division,Rajshahi,addr:division=Rajshahi
addr:flats,1-2,indirizzo:appartamenti=1-2
addr:flats,1-20,indirizzo:appartamenti=1-20
addr:flats,1-3,indirizzo:appartamenti=1-3
addr:flats,1-4,indirizzo:appartamenti=1-4
addr:flats,A;B,addr:flats=A;B
addr:floor,0,indirizzo:piano=0
addr:floor,Floor␣1,addr:floor=Piano ␣ 1
addr:floor,Floor␣2,addr:floor=Piano ␣ 2
addr:hamlet,*,addr:hamlet=*
addr:hamlet,三和里,addr:hamlet=三和里
addr:housenumber,0,indirizzo:numero civico=0
addr:inclusion,actual,addr:inclusione=effettivo
addr:inclusion,estimate,addr:inclusione=stima
addr:inclusion,potential,addr:inclusione=potenziale
addr:interpolation,all,addr:interpolazione=tutto
addr:interpolation,even,addr:interpolazione=pari
addr:interpolation,odd,addr:interpolazione=dispari
addr:municipality,Aabenraa,addr:municipality=Aabenraa
addr:municipality,Vordingborg,addr:municipalità=Vordingborg
addr:neighbourhood,1,indirizzo:quartiere=1
addr:neighbourhood,*,indirizzo:quartiere=*
addr:place,*,indirizzo:luogo=*
addr:place,المجاورة 1,addr:place= المجاورة 1
addr:place:en,Area A,addr:place:it=Area A
addr:postcode,100,indirizzo:codice postale=100
addr:postcode,*,indirizzo:codice postale=*
addr:postcode,05-092,indirizzo:codice postale=05-092
addr:postcode:source,*,indirizzo:codice postale:origine=*
addr:postcode:source,"Date de la Poșta Română, publicate sub Licența pentru Guvernare Deschisă v1.0 la http://date.gov.ro/organization/posta-romana","addr:postcode:source=Date de la Poșta Română, publicate sub Licența pentru Guvernare Deschisă v1.0 la http://date.gov.ro/organization/posta-romana"
addr:province,*,indirizzo:provincia=*
addr:province,AB,indirizzo:provincia=AB
addr:province:en,*,indirizzo:provincia:it=*
addr:province:en,Al Beheira,addr:province:en=Al Beheira
addr:region,*,indirizzo:regione=*
addr:region,Farg'ona Viloyati,addr:region=Farg'ona Viloyati
addr:source,Gatineau.ca/donneesouvertes 08Aug2015,addr:source=Gatineau.ca/donneesouvertes 08 agosto 2015
addr:source,NRW-Atlas,addr:source=NRW-Atlas
addr:state,*,indirizzo:stato=*
addr:state,AK,indirizzo:stato=AK
addr:street,*,indirizzo:via=*
addr:street,1 Maja,addr:street=1 Maja
addr:street,民生路,addr:street=民生路
addr:street:en,Omar Ibn Al Khatab Street,addr:street:en=Via Omar Ibn Al Khatab
addr:street:en,Street 1,addr:street:it=Via 1
addr:street:en,Street 2,addr:street:it=Via 2
addr:street:en,Street 3,addr:street:it=Via 3
addr:street:prefix,East,addr:street:prefix=Est
addr:street:prefix,North,addr:street:prefix=North
addr:street:prefix,South,addr:street:prefix=South
addr:street:prefix,West,addr:street:prefix=West
addr:street:sym_ul,10898,indirizzo:via:sym_ul=10898
addr:street:sym_ul,21970,indirizzo:via:sym_ul=21970
addr:street:type,Avenue,addr:street:type=Avenue
addr:street:type,Place,addr:street:type=Luogo
addr:street:type,Street,addr:street:type=Street
addr:streetnumber,1,indirizzo:numero civico=1
addr:streetnumber,9,indirizzo:numero civico=9
addr:streetnumber,10,indirizzo:numero civico=10
addr:subdistrict,*,indirizzo:sottodistretto=*
addr:subdistrict,Olaines pagasts,addr:subdistrict=Olaines pagasti
addr:subdistrict:en,*,addr:subdistrict:it=*
addr:subdistrict:en,Al Agamy,addr:subdistrict:en=Al Agamy
addr:suburb,*,indirizzo:sobborgo=*
addr:suburb,Centro,addr:suburb=Centro
addr:town,*,indirizzo:città=*
addr:TW:dataset,120044,indirizzo:TW:dataset=120044
addr:TW:dataset,137998,indirizzo:TW:dataset=137998
addr:type,water,addr:type=water
addr:unit,1,indirizzo:unità=1
addr:unit,*,indirizzo:unità=*
addr:unit,A,addr:unità=A
addr:village,Gumare,addr:village=Gumare
addr:ward,Mbagala,addr:ward=Mbagala
addr:ward,Mbagala kuu,addr:ward=Mbagala kuu
addr:ward,Mbagala␣kuu,addr:ward=Mbagala ␣ kuu
addr.source:housenumber,survey,addr.source:housenumber=survey
addr.source:street,survey,addr.source:street=survey
admin_level,1,livello_amministratore=1
admin_level,2,livello_amministratore=2
admin_level,aboriginal_land,livello_amministratore=terra_aborigena
admin_type:PH,barangay,tipo_amministratore:PH=barangay
advertising,billboard,pubblicità=cartellone pubblicitario
advertising,board,pubblicità=cartellone
advertising,column,pubblicità=colonna
advertising,flag,pubblicità=bandiera
advertising,funding_sign,pubblicità=finanziamento_segno
advertising,poster_box,pubblicità=poster_box
advertising,screen,pubblicità=schermo
advertising,sculpture,pubblicità=scultura
advertising,sign,pubblicità=segno
advertising,tarp,pubblicità=telone
advertising,totem,pubblicità=totem
advertising,wall_painting,pubblicità=pittura murale
aerialway,cable_car,funivia=funivia
aerialway,canopy,via aerea=baldacchino
aerialway,chair_lift,aerialway=seggiovia
aerialway,drag_lift,via aerea=impianto di risalita
aerialway,gondola,aerialway=gondola
aerialway,goods,aerialway=merci
aerialway,j-bar,aerialway=j-bar
aerialway,magic_carpet,aerialway=tappeto_magico
aerialway,mixed_lift,via aerea=ascensore misto
aerialway,platter,aerialway=piatto
aerialway,pylon,pilone
aerialway,rope_tow,aerialway=fune_traino
aerialway,ropetow,aerialway=fune
aerialway,station,aerialway=stazione
aerialway,t-bar,aerialway=barra a T
aerialway,zip_line,via aerea=zip_line
aerialway:drag_lift,j-bar,aerialway:drag_lift=j-bar
aerialway:drag_lift,platter,aerialway:drag_lift=piatto
aerialway:drag_lift,t-bar,aerialway:drag_lift=t-bar
aerodrome:type,airfield,aerodromo:tipo=campo d'aviazione
aerodrome:type,gliding,aerodromo:tipo=aliante
aerodrome:type,international,aerodromo:tipo=internazionale
aerodrome:type,military,aerodromo:tipo=militare
aerodrome:type,private,aerodromo:tipo=privato
aerodrome:type,regional,aerodromo:tipo=regionale
aerospace:product,robot,aerospaziale:prodotto=robot
aerospace:product,rocket,aerospaziale:prodotto=razzo
aerospace:product,spacecraft_propulsion,aerospaziale:prodotto=propulsione_di_veicoli_spaziali
aeroway,aerodrome,aeroway=aeroporto
aeroway,aircraft_crossing,aeroway=attraversamento_aereo
aeroway,airport,aeroway=aeroporto
aeroway,airstrip,aeroway=pista di atterraggio
aeroway,airtanker_base,aeroway=base_cisterna
aeroway,apron,aeroway=piazzale
aeroway,arresting_gear,aeroway=arresting_gear
aeroway,fuel,aeroway=carburante
aeroway,gate,aeroway=gate
aeroway,gate/Archived_proposal,aeroway=gate/Archived_proposal
aeroway,hangar,aeroway=hangar
aeroway,helipad,aeroway=eliporto
aeroway,heliport,aeroway=eliporto
aeroway,highway_strip,aeroway=pista_autostradale
aeroway,holding_position,aeroway=posizione_di_attesa
aeroway,holding_position_line,aeroway=linea_di_posizione_di_attesa
aeroway,jet_bridge,aeroway=jet_bridge
aeroway,landingpad,aeroway=pista di atterraggio
aeroway,launch_complex,aeroway=launch_complex
aeroway,launchpad,aeroway=rampa di lancio
aeroway,marking,aeroway=marcatura
aeroway,navigationaid,aeroway=ausilio alla navigazione
aeroway,papi,aeroway=papi
aeroway,parking_position,aeroway=posizione_di_parcheggio
aeroway,runway,pista di atterraggio
aeroway,spaceport,aeroway=spazioporto
aeroway,stopway,aeroway=fermata
aeroway,taxilane,aeroway=taxilane
aeroway,taxiway,aeroway=pista di rullaggio
aeroway,terminal,aeroway=terminal
aeroway,tower,aeroway=torre
aeroway,windsock,aeroway=manica a vento
age,mature,età=maturo
age,semi-mature,età=semi-maturo
age,young,età=giovane
agricultural,no,agricolo=no
air_conditioning,no,aria condizionata=no
airmark,beacon,airmark=faro
ale_supply,limited,ale_supply=limitato
allotments,plot,orti=trama
alt_name,Kentucky Fried Chicken,alt_name=Pollo fritto del Kentucky
amenity,administration,amenità=amministrazione
amenity,advertising,amenità=pubblicità
amenity,air_filling,amenità=riempimento d'aria
amenity,alm,amenità=alm
amenity,ambulance_station,amenity=ambulance_station
amenity,animal_boarding,amenity=animal_boarding
amenity,animal_breeding,amenità=allevamento_animali
amenity,animal_effluent_disposal,amenità=smaltimento_effluenti_animali
amenity,animal_hitch,amenità=gancio_animale
amenity,animal_shelter,amenity=animal_shelter
amenity,animal_training,amenità=addestramento_animali
amenity,archive,amenità=archivio
amenity,arts_centre,amenità=centro_artistico
amenity,artwork,amenità=opera d'arte
amenity,atm,comodità=bancomat
amenity,audiologist,amenità=audiologo
amenity,avalanche_transceiver,amenity=avalanche_artva
amenity,baby_hatch,amenity=baby_hatch
amenity,baking_oven,amenity=baking_oven
amenity,bank,comodità=banca
amenity,bar,amenità=bar
amenity,bbq,comfort=barbecue
amenity,bear_box,comodità=bear_box
amenity,bench,comodità=panchina
amenity,bicycle_library,amenity=bicycle_library
amenity,bicycle_parking,amenity=parcheggio_biciclette
amenity,bicycle_rental,amenity=bicycle_rental
amenity,bicycle_repair_station,amenity=bicycle_repair_station
amenity,bicycle_trailer_sharing,amenity=bicycle_trailer_sharing
amenity,biergarten,amenity=biergarten
amenity,bike_parking,amenity=parcheggio_biciclette
amenity,bikeshed,amenità=rimessa per biciclette
amenity,binoculars,comodità=binocolo
amenity,bird_bath,amenity=vasca per uccelli
amenity,blood_bank,amenity=banca_del_sangue
amenity,boat_rental,amenity=boat_rental
amenity,boat_sharing,amenity=boat_sharing
amenity,boat_storage,amenity=deposito_barche
amenity,body_scale,amenità=dimensione_del_corpo
amenity,brothel,comodità=bordello
amenity,bts,comodità=bts
amenity,buggy_parking,amenity=buggy_parking
amenity,building_yard,amenity=cantiere
amenity,bureau_de_change,amenità=ufficio_di_cambio
amenity,bus_station,amenity=stazione_degli_autobus
amenity,bus_stop,amenity=fermata_autobus
amenity,cafe,comodità=caffetteria
amenity,canoe_hire,amenity=canoe_hire
amenity,canteen,amenità=mensa
amenity,car_pooling,amenità=car_pooling
amenity,car_rental,amenity=autonoleggio
amenity,car_repair,amenity=riparazione_auto
amenity,car_sharing,amenity=car_sharing
amenity,car_wash,amenity=autolavaggio
amenity,carpet_washing,amenity=lavaggio_tappeti
amenity,carwash,servizio = autolavaggio
amenity,casino,comodità=casinò
amenity,chair,comodità=sedia
amenity,changing_room,amenity=spogliatoio
amenity,charging_station,amenity=stazione_di_ricarica
amenity,charging_station/Tesla_Motors,amenity=charging_station/Tesla_Motors
amenity,checkpoint,comodità=punto di controllo
amenity,childcare,comodità = assistenza all'infanzia
amenity,cinema,comodità=cinema
amenity,citymap_post,amenità=citymap_post
amenity,clinic,comodità=clinica
amenity,cloakroom,amenity=guardaroba
amenity,clock,amenità=orologio
amenity,clothes_dryer,amenity=asciugatrice
amenity,club,amenità=club
amenity,clubhouse,amenità=clubhouse
amenity,coast_guard,amenity=guardia_costiera
amenity,coast_radar_station,amenity=coast_radar_station
amenity,college,comodità=college
amenity,community_centre,amenity=community_centre
amenity,compressed_air,amenità=aria_compressa
amenity,concert_hall,amenity=concert_hall
amenity,concession_stand,amenity=concession_stand
amenity,conference_centre,amenity=conference_centre
amenity,consulate,comodità=consolato
amenity,convention_centre,amenity=convention_centre
amenity,courier,amenità=corriere
amenity,courthouse,amenità=tribunale
amenity,coworking_space,comodità=coworking_space
amenity,crematorium,amenità=crematorio
amenity,crematory,amenità=crematorio
amenity,crucifix,comodità=crocifisso
amenity,crypt,comodità=cripta
amenity,culture_center,amenità=centro_culturale
amenity,customs,comodità=dogana
amenity,dancing_school,amenity=dancing_school
amenity,dead_pub,amenità=dead_pub
amenity,dentist,comodità=dentista
amenity,device_charging_station,amenity=stazione_di_ricarica_dispositivo
amenity,disused,amenità=in disuso
amenity,dive_centre,amenity=dive_centre
amenity,doctor,comodità=dottore
amenity,doctors,comodità=dottori
amenity,dog_bin,amenity=cane_cestino
amenity,dog_parking,amenity=parcheggio per cani
amenity,dog_toilet,amenity=toilette per cani
amenity,dog_waste_bin,amenity=cestino_per_rifiuti_cani
amenity,dojo,amenità=dojo
amenity,donation,comodità=donazione
amenity,dormitory,comfort=dormitorio
amenity,dressing_room,amenity=camerino
amenity,drinking_water,amenità=acqua_potabile
amenity,driver_training,amenity=training_guidatore
amenity,driver_training_area,amenity=area_di_formazione_conducenti
amenity,driving_school,amenity=scuola_guida
amenity,dryer,comfort=asciugatrice
amenity,education,comodità=istruzione
amenity,embassy,amenità=ambasciata
amenity,emergency_phone,amenity=emergency_phone
amenity,emergency_service,amenity=servizio_di_emergenza
amenity,ev_charging,amenity=ev_charging
amenity,events_centre,amenity=events_centre
amenity,events_venue,amenity=events_venue
amenity,exercise_point,amenità=punto_di_esercizio
amenity,exhibition_centre,amenity=exhibition_centre
amenity,fab_lab,amenità=fab_lab
amenity,fast_food,comodità=fast_food
amenity,feeding_place,amenità=luogo_di_alimentazione
amenity,ferry_terminal,amenity=ferry_terminal
amenity,festival_grounds,amenity=festival_grounds
amenity,financial_advice,amenità=consulenza_finanziaria
amenity,fire_hydrant,amenity=fire_hydrant
amenity,fire_station,amenity=stazione_dei_pompieri
amenity,first_aid,amenità=primo_soccorso
amenity,firstaid,amenità=pronto soccorso
amenity,fish_spa,amenity=fish_spa
amenity,fitness_station,amenity=fitness_station
amenity,flight_school,amenity=flight_school
amenity,food_court,amenity=food_court
amenity,food_sharing,comodità=condivisione_del_cibo
amenity,foot_shower,amenity=doccia_per_piedi
amenity,fountain,amenità=fontana
amenity,freeshop,comodità=negozio gratuito
amenity,fridge,comfort=frigorifero
amenity,fuel,comodità=carburante
amenity,funeral_hall,amenity=funeral_hall
amenity,gambling,amenità=gioco d'azzardo
amenity,game_feeding,amenità=alimentazione_del_gioco
amenity,garages,servizi = garage
amenity,give_box,amenità=give_box
amenity,grave_yard,amenità=cimitero
amenity,grit_bin,amenità=grit_bin
amenity,gym,comfort=palestra
amenity,gym_(Don't_use),amenity=palestra_(Non_usare)
amenity,health_post,amenità=health_post
amenity,hitching_post,amenità=post_di_autostop
amenity,hookah_lounge,amenity=hookah_lounge
amenity,horse_parking,amenity=horse_parking
amenity,hospice,comodità = hospice
amenity,hospital,comodità=ospedale
amenity,hunting_stand,amenità=postazione di caccia
amenity,hydrant,comodità=idrante
amenity,ice_cream,amenity=gelato
amenity,internet_cafe,amenity=internet_cafe
amenity,jobcentre,amenità=centro per l'impiego
amenity,juice_bar,amenity=juice_bar
amenity,karaoke_box,amenità=karaoke_box
amenity,kick-scooter_rental,amenity=kick-scooter_rental
amenity,kindergarten,comodità=asilo
amenity,kiosk,amenità=chiosco
amenity,kitchen,comfort=cucina
amenity,kneipp_water_cure,amenity=cura_kneipp_water
amenity,Kneippbecken,amenità=Kneippbecken
amenity,language_school,amenity=scuola_di_lingua
amenity,lavoir,amenità=lavoir
amenity,letter_box,amenity=letter_box
amenity,library,amenità=biblioteca
amenity,library_dropoff,amenity=library_dropoff
amenity,life_ring,amenità=salvagente
amenity,lifeboat_station,amenity=stazione_di_salvataggio
amenity,loading_dock,comodità=banchina di carico
amenity,locker,amenity=armadietto
amenity,lost_property_office,amenity=ufficio_oggetti_smarriti
amenity,lounger,amenità=sdraio
amenity,love_hotel,amenity=love_hotel
amenity,luggage_locker,amenity=luggage_locker
amenity,mailroom,comodità=sala posta
amenity,marae,comodità=marae
amenity,marketplace,amenità=mercato
amenity,meditation_centre,amenity=centro_di_meditazione
amenity,microwave,comodità=microonde
amenity,milk_dispenser,amenity=milk_dispenser
amenity,mist_spraying_cooler,amenity=mist_spraying_cooler
amenity,mobile_library,amenity=mobile_library
amenity,mobile_money_agent,amenity=mobile_money_agent
amenity,monastery,amenità=monastero
amenity,money_transfer,amenity=money_transfer
amenity,mortuary,amenità=obitorio
amenity,motorcycle_parking,amenity=motorcycle_parking
amenity,motorcycle_rental,amenity=motorcycle_rental
amenity,motorcycle_taxi,amenity=moto_taxi
amenity,mtb_school,amenity=mtb_school
amenity,music_school,amenity=music_school
amenity,music_venue,amenity=music_venue
amenity,nightclub,amenità=discoteca
amenity,nursery,comodità=asilo nido
amenity,nursing_home,amenity=nursing_home
amenity,office,comodità=ufficio
amenity,osmica,amenità=osmica
amenity,outfitter,amenità=fornitore di articoli per l'abbigliamento
amenity,parcel_locker,amenity=parcel_locker
amenity,parcel_lockers,amenity=armadietti per pacchi
amenity,parcel_postbox,amenity=parcel_postbox
amenity,park,amenità=parco
amenity,parking,amenità=parcheggio
amenity,parking_entrance,amenity=parcheggio_entrata
amenity,parking_space,amenity=parcheggio
amenity,parkink,amenità=parcheggio
amenity,payment_centre,amenity=payment_centre
amenity,payment_terminal,amenity=terminale_di_pagamento
amenity,pharmacy,comodità=farmacia
amenity,photo_booth,amenity=photo_booth
amenity,piano,amenità=pianoforte
amenity,place_of_mourning,amenità=luogo_di_lutto
amenity,place_of_worship,amenità=luogo_di_culto
amenity,planetarium,amenità=planetario
amenity,po_box,amenità=po_box
amenity,police,comodità=polizia
amenity,polling_station,amenity=seggio_elettorale
amenity,post_box,amenità=posta_box
amenity,post_depot,amenità=post_depot
amenity,post_office,amenity=post_office
amenity,prep_school,amenità=prep_school
amenity,preschool,comodità=scuola materna
amenity,printer,comodità=stampante
amenity,prison,comodità=prigione
amenity,prison_camp,amenità=campo_prigione
amenity,proposed,amenità=proposto
amenity,pub,amenità=pub
amenity,public_bath,amenity=public_bath
amenity,public_bookcase,amenity=public_bookcase
amenity,public_building,amenity=public_building
amenity,ranger_station,amenity=ranger_station
amenity,reception_desk,amenity=reception_desk
amenity,recycling,comodità=riciclo
amenity,recycling/Quality_Assurance,amenity=riciclaggio/Garanzia_di_qualità
amenity,refugee_housing,amenità=alloggio_per_rifugiati
amenity,refugee_site,amenity=refugee_site
amenity,register_office,amenità=ufficio_anagrafe
amenity,rehearsal_studio,amenity=rehearsal_studio
amenity,relay_box,amenità=relay_box
amenity,rescue_box,amenità=rescue_box
amenity,rescue_station,amenity=rescue_station
amenity,research_institute,amenità=istituto_di_ricerca
amenity,restaurant,amenità=ristorante
amenity,retirement_home,amenity=retirement_home
amenity,rv_storage,amenity=rv_storage
amenity,sailing_school,amenity=scuola_vela
amenity,sanatorium,amenità=sanatorio
amenity,sanitary_dump_station,amenity=stazione_di_scarico_sanitario
amenity,sauna,comfort=sauna
amenity,sceptic_tank,amenità=sceptic_tank
amenity,school,comodità=scuola
amenity,scooter_rental,amenity=scooter_rental
amenity,seat,comodità=posto a sedere
amenity,security_booth,amenity=security_booth
amenity,septic_tank,amenity=septic_tank
amenity,shelter,comodità=rifugio
amenity,shop,comodità=negozio
amenity,shower,comfort=doccia
amenity,ski_rental,amenity=ski_rental
amenity,ski_school,amenity=scuola_di_sci
amenity,smoking_area,amenity=smoking_area
amenity,snow_removal_station,amenity=stazione_rimozione_neve
amenity,social_centre,amenità=centro_sociale
amenity,social_club,amenity=social_club
amenity,social_facility,amenity=struttura_sociale
amenity,spa,comfort=spa
amenity,sport_school,amenità=scuola_sportiva
amenity,stables,amenità=scuderie
amenity,stage,amenità=palcoscenico
amenity,stool,amenità=sgabello
amenity,street_lamp,amenità=lampione
amenity,street_light,amenità=lampione
amenity,stripclub,amenità=stripclub
amenity,stroller_parking,amenity=parcheggio_passeggini
amenity,student_accommodation,amenity=alloggio_studente
amenity,studio,amenità=studio
amenity,surf_school,amenity=surf_school
amenity,swimming_pool,amenity=piscina
amenity,swimming_school,amenity=scuola_di_nuoto
amenity,swingerclub,amenità=club per scambisti
amenity,table,amenità=tavolo
amenity,taxi,comodità=taxi
amenity,taxi_point,amenity=taxi_point
amenity,telephone,comodità=telefono
amenity,television,comodità=televisione
amenity,theatre,amenità=teatro
amenity,ticket_booth,amenity=biglietteria
amenity,ticket_validator,amenity=ticket_validator
amenity,toilet,amenità=toilette
amenity,toilets,servizi igienici = servizi igienici
amenity,tourist_bus_parking,amenity=parcheggio_autobus_turistico
amenity,townhall,amenità=municipio
amenity,toy_library,amenità=biblioteca_dei_giocattoli
amenity,trade_school,amenity=scuola_professionale
amenity,traffic_park,amenity=traffic_park
amenity,trailer_park,amenity=roulotte_park
amenity,training,comodità=formazione
amenity,trolley_bay,amenity=trolley_bay
amenity,tuition,comodità=tasse universitarie
amenity,university,comodità=università
amenity,vacuum_cleaner,amenity=aspirapolvere
amenity,vehicle_inspection,amenity=vehicle_inspection
amenity,vehicle_ramp,amenity=vehicle_ramp
amenity,vending_machine,amenity=vending_machine
amenity,veterinary,amenità=veterinario
amenity,veterinary_pharmacy,amenity=veterinary_pharmacy
amenity,vivarium,amenità=vivarium
amenity,washing_machine,amenity=lavatrice
amenity,waste_basket,amenity=cestino_dei_rifiuti
amenity,waste_disposal,amenità=smaltimento_rifiuti
amenity,waste_dump_site,amenità=discarica_rifiuti
amenity,waste_transfer_station,amenity=stazione_di_trasferimento_rifiuti
amenity,water,amenità=acqua
amenity,water_point,amenità=punto_d'acqua
amenity,watering_place,amenità=luogo_di_bevanda
amenity,weighbridge,comodità=pesa a ponte
amenity,whirlpool,comodità=idromassaggio
amenity,winery,amenità=cantina
amenity,workshop,amenità=officina
amenity,yacht_club,amenity=yacht_club
amenity,youth_centre,amenity=centro_giovanile
aminety,sceptic_tank,aminety=sceptic_tank
animal,horse_walker,animale=cavaliere
animal,school,animale=scuola
animal_breeding,gamecock,allevamento_animali=gallo da combattimento
animal_hitch,ring,animal_hitch=anello
animated,no,animato=no
animated,trivision_blades,animato=trivision_blades
animated,winding_posters,poster animati=avvolgenti
aquaculture,shrimp,acquacoltura=gamberetti
archaeological_site,baths,sito_archeologico=terme
archaeological_site,city,sito_archeologico=città
archaeological_site,crannog,sito_archeologico=crannog
archaeological_site,desert_kite,sito_archeologico=nibbio_del_deserto
archaeological_site,enclosure,sito_archeologico=recinto
archaeological_site,field_system,sito_archeologico=sistema_di_campo
archaeological_site,fortification,sito_archeologico=fortificazione
archaeological_site,grave_field,sito_archeologico=campo_di_tomba
archaeological_site,hut_circle,sito_archeologico=cerchio_di_capanne
archaeological_site,megalith,sito archeologico=megalite
archaeological_site,minilith,sito_archeologico=minilite
archaeological_site,necropolis,sito_archeologico=necropoli
archaeological_site,petroglyph,sito archeologico=petroglifo
archaeological_site,roman_circus,sito_archeologico=circo_romano
archaeological_site,roman_villa,sito_archeologico=villa_romana
archaeological_site,settlement,sito_archeologico=insediamento
archaeological_site,tumulus,sito_archeologico=tumulo
area,no,area=no
area:highway,cycleway,area:autostrada=pista ciclabile
area:highway,emergency,area:autostrada=emergenza
area:highway,footway,area:autostrada=marciapiede
area:highway,path,area:autostrada=percorso
area:highway,pedestrian,area:autostrada=pedonale
area:highway,primary,area:autostrada=primaria
area:highway,residential,area:autostrada=residenziale
area:highway,secondary,area:autostrada=secondaria
area:highway,service,area:autostrada=servizio
area:highway,steps,area:autostrada=passi
area:highway,tertiary,area:autostrada=terziaria
area:highway,traffic_island,area:autostrada=isola_di_traffico
area:highway,trunk,area:autostrada=tronco
area:highway,trunk_link,area:autostrada=collegamento_tronco
area:highway,turning_circle,area:autostrada=cerchio_di_svolta
armrest,no,bracciolo=no
artwork_subject,sheela-na-gig,soggetto_opera d'arte=sheela-na-gig
artwork_type,architecture,tipo_opera d'arte=architettura
artwork_type,bust,tipo_opera d'arte=busto
artwork_type,installation,tipo_opera d'arte=installazione
artwork_type,mural,tipo_opera=murale
artwork_type,painting,tipo_opera d'arte=pittura
artwork_type,relief,tipo_opera d'arte=rilievo
artwork_type,sculpture,tipo_opera d'arte=scultura
artwork_type,statue,tipo_opera d'arte=statua
artwork_type,stone,tipo_opera d'arte=pietra
at_bev:addr_date,2016-10-02,at_bev:addr_date=2016-10-02
at_bev:addr_date,*,at_bev:addr_date=*
athletics,cross_country,atletica=cross_country
athletics,discus_throw,atletica=lancio_del_disco
athletics,hammer_throw,atletica=lancio_del_martello
athletics,high_jump,atletica=salto_in_alto
athletics,javelin_throw,atletica=lancio_del_giavellotto
athletics,long_jump,atletica=salto_in_lungo
athletics,pole_vault,atletica=salto con l'asta
athletics,running,atletica=corsa
athletics,shot_put,atletica=getto_del_peso
athletics,sprint,atletica=sprint
athletics,steeplechase,atletica=corsa a ostacoli
athletics,triple_jump,atletica=salto_triplo
atm,no,bancomat=no
attraction,alpine_coaster,attrazione=montagne_alpine
attraction,amusement_ride,attrazione=giostra
attraction,animal,attrazione=animale
attraction,big_wheel,attrazione=grande_ruota
attraction,boat_ride,attrazione=giro in barca
attraction,carousel,attrazione=giostra
attraction,kiddie_ride,attrazione=giostra_per_bambini
attraction,maze,attrazione=labirinto
attraction,roller_coaster,attrazione=montagne russe
attraction,summer_toboggan,attrazione=slittino estivo
attraction,train,attrazione=treno
attraction,water_slide,attrazione=scivolo d'acqua
attribution,«Ces données géographiques proviennent du Référentiel Géographique Commun (www.rgc.cd).»,attribuzione=«Ces données géographiques proviennent du Référentiel Géographique Commun (www.rgc.cd).»
attribution,*,attribuzione=*
attribution,"2001 Her Majesty the Queen in Right of Manitoba, as represented by the Minister of Conservation. All rights reserved.","attribuzione=2001 Sua Maestà la Regina di diritto del Manitoba, rappresentata dal Ministro della Conservazione. Tutti i diritti riservati."
attribution,"2001␣Her␣Majesty␣the␣Queen␣in␣Right␣of␣Manitoba,␣as␣represented␣by␣the␣Minister␣of␣Conservation.␣All␣rights␣reserved.","attribuzione=2001 ␣ Sua ␣ Maestà ␣ la ␣ Regina ␣ in ␣ Diritto ␣ di ␣ Manitoba, ␣ come ␣ rappresentata ␣ dal ␣ Ministro ␣ della ␣ Conservazione . ␣ Tutti ␣ i ␣ diritti ␣ riservati."
automated,no,automatizzato=no
autonomy,excluded,autonomia=esclusa
autonomy,exclusive,autonomia=esclusivo
autonomy,mixed,autonomia=mista
avalanche_protection,snow_bridge,protezione_valanghe=ponte_nevoso
axle_load,22.5,"carico_asse=22,5"
backrest,no,schienale=no
backup_generator,no,backup_generator=no
bak:fac_type1,RESIDENTIAL,bak:fac_type1=RESIDENZIALE
bak:fac_type2,RESIDENCE,bak:fac_type2=RESIDENZA
bakehouse,*,panificio=*
baking_oven,*,forno_da_cottura=*
barn,horreo,fienile=horreo
barn,hórreo,fienile=hórreo
barrier,avalanche_protection,barriera=protezione_valanghe
barrier,bar,barriera=barra
barrier,barricade,barriera=barricata
barrier,barrier_board,barriera=barriera_tavola
barrier,berm,barriera=berma
barrier,block,barriera=blocco
barrier,bollard,barriera=paletto
barrier,boom,barriera=boom
barrier,border_control,barriera=controllo_confine
barrier,bump_gate,barriera=bump_gate
barrier,bus_trap,barriera=trappola_autobus
barrier,cable_barrier,barriera=barriera_cavo
barrier,cattle_grid,barriera=cattle_grid
barrier,chain,barriera=catena
barrier,chech_hedgehog,barriera=chech_hedgehog
barrier,chicane,barriera=chicane
barrier,city_wall,barriera=muro_cittadino
barrier,coupure,barriera=coupure
barrier,curb,barriera=marciapiede
barrier,cycle_barrier,barriera=barriera_ciclabile
barrier,czech_hedgehog,barriera=riccio_ceco
barrier,debris,barriera=detriti
barrier,ditch,barriera=fosso
barrier,door,barriera=porta
barrier,embankment,barriera=argine
barrier,entrance,barriera=ingresso
barrier,fence,barriera=recinto
barrier,field_boundary,barriera=confine_campo
barrier,foldable_pie_slice,barriera=fetta_di_torta_pieghevole
barrier,full-height_turnstile,barriera=tornello a tutta altezza
barrier,gate,barriera=cancello
barrier,guard_rail,barriera=guard_rail
barrier,ha-ha,barriera=ahah
barrier,haha,barriera=haha
barrier,hampshire_gate,barriera=hampshire_gate
barrier,handrail,barriera=corrimano
barrier,hedge,barriera=siepe
barrier,hedge_bank,barriera=hedge_bank
barrier,height_restrictor,barriera=limitatore_altezza
barrier,horse_jump,barriera=salto_cavallo
barrier,horse_stile,barriera=cavallo_stile
barrier,jersey_barrier,barriera=barriera_jersey
barrier,kent_carriage_gap,barriera=spazio_carrozza_kent
barrier,kerb,barriera=marciapiede
barrier,kissing_gate,barriera=cancello_baciante
barrier,lift_gate,barriera=sbarra_elevatrice
barrier,line,barriera=linea
barrier,log,barriera=tronco
barrier,lych_gate,barriera=cancello_limico
barrier,median_strip,barriera=striscia_mediana
barrier,motorcycle_barrier,barriera=barriera_motocicletta
barrier,no,barriera=no
barrier,planter,barriera=fioriera
barrier,property_boundary,barriera=confine_proprietà
barrier,retaining_wall,barriera=muro_di_contenimento
barrier,rope,barriera=corda
barrier,sally_port,barriera=sally_port
barrier,sliding_beam,barriera=trave_scorrevole
barrier,sliding_gate,barriera=cancello_scorrevole
barrier,spikes,barriera=punte
barrier,steeplechase_jump,barriera=salto a ostacoli
barrier,step,barriera=passo
barrier,stile,barriera=stile
barrier,sump_buster,barriera=sump_buster
barrier,swing_gate,barriera=cancello_a_battente
barrier,tank_trap,barriera=trappola_carro armato
barrier,toll_booth,barriera=casello
barrier,traffic_island,barriera=isola di traffico
barrier,tree,barriera=albero
barrier,turnstile,barriera=tornello
barrier,tyres,barriera=pneumatici
barrier,wall,barriera=muro
barrier,wedge,barriera=cuneo
barrier,wicket_gate,barriera=cancello
barrier,wire_fence,barriera=recinzione metallica
barrier,wood_fence,barriera=recinzione in legno
baseball,infield,baseball=interno campo
baseball,softball,baseball=softball
basin,aeration,bacino=aerazione
basin,cooling,bacino=raffreddamento
basin,detention,bacino=detenzione
basin,evaporation,bacino=evaporazione
basin,footbath,bacino=pediluvio
basin,infiltration,bacino=infiltrazione
basin,retention,bacino=ritenzione
basin,settling,bacino=decantazione
basin,water_regeneration,bacino=rigenerazione_dell'acqua
bath:type,hammam,bagno:tipo=hammam
bath:type,hot_spring,bagno:tipo=sorgente_termica
bath:type,onsen,bagno:tipo=onsen
bath:type,thermal,bagno:tipo=termico
bay,fjord,baia=fiordo
beacon:type,DVOR,beacon:type=DVOR
beacon:type,ILS,beacon:tipo=ILS
beacon:type,NDB,beacon:tipo=NDB
beacon:type,TACAN,beacon:type=TACAN
beacon:type,VOR,beacon:tipo=VOR
beauty,cosmetics,bellezza=cosmetici
beauty,eyelash,bellezza=ciglia
beauty,hair,bellezza=capelli
beauty,hair_removal,bellezza=depilazione
beauty,massage,bellezza=massaggio
beauty,nails,bellezza=unghie
beauty,skin_care,bellezza=cura_della_pelle
beauty,spa,bellezza=spa
beauty,tanning,bellezza=abbronzatura
beauty,waxing,bellezza=ceretta
bench,no,panchina=no
bicycle,customers,bicicletta=clienti
bicycle,designated,bicicletta=designata
bicycle,destination,bicicletta=destinazione
bicycle,dismount,bicicletta=smontare
bicycle,mtb,bicicletta=mtb
bicycle,no,bicicletta=no
bicycle,official,bicicletta=ufficiale
bicycle,optional_sidepath,bicicletta=percorso laterale facoltativo
bicycle,permissive,bicicletta=permissivo
bicycle,permit,bicicletta=permesso
bicycle,private,bicicletta=privata
bicycle,unknown,bicicletta=sconosciuto
bicycle,use_sidepath,bicicletta=usa_sentiero_laterale
bicycle_parking,bollard,parcheggio_bicicletta=paletto
bicycle_parking,rack,parcheggio_bicicletta=rack
bicycle_parking,shed,parcheggio_bicicletta=capannone
bicycle_parking,stands,parcheggio_bicicletta=supporti
bicycle_parking,wall_loops,parcheggio_bicicletta=circuiti_a_muro
bicycle_rental,docking_station,noleggio_biciclette=docking_station
bicycle:backward,optional_sidepath,bicicletta:indietro=percorso laterale facoltativo
bicycle:backward,use_sidepath,bicicletta:indietro=usa_percorso_laterale
bicycle:forward,optional_sidepath,bicicletta:avanti=percorso laterale facoltativo
bicycle:forward,use_sidepath,bicicletta:avanti=usa_percorso_laterale
bicycle:type,logistics,bicicletta:tipo=logistica
bin,no,bin=no
birds_nest,stork,birds_nest=cicogna
bmo:type,D,bmo:tipo=D
board_type,board,board_type=tavola
board_type,history,board_type=cronologia
board_type,nature,board_type=natura
board_type,notice,board_type=avviso
board_type,plants,board_type=piante
board_type,public_transport,board_type=trasporto_pubblico
board_type,welcome_sign,board_type=cartello_di_benvenuto
board_type,wildlife,board_type=fauna selvatica
boat,no,barca=no
boat,rental,barca=noleggio
boat:type,canoe,barca:tipo=canoa
boat:type,dinghy,barca:tipo=gommone
boat:type,kayak,barca:tipo=kayak
boat:type,motorboat,barca:tipo=motoscafo
boat:type,pedalo,barca:tipo=pedalo
boat:type,rowing,barca:tipo=a remi
boat:type,sailing,barca:tipo=vela
bollard,fixed,dissuasore=fisso
bollard,foldable,dissuasore=pieghevole
bollard,removable,dissuasore=rimovibile
bollard,rising,dissuasore=salita
bonnet:colour,red,cofano:colore=rosso
books,comic,libri=fumetti
books,textbook,libri=libro di testo
booth,K6,cabina=K6
border_type,baseline,border_type=baseline
border_type,city,border_type=città
border_type,contiguous,border_type=contiguous
border_type,continuous,border_type=continuo
border_type,county,border_type=contea
border_type,eez,border_type=eez
border_type,freguesia,border_type=freguesia
border_type,harbour_limits,border_type=limiti_del_porto
border_type,nation,border_type=nazione
border_type,territorial,border_type=territoriale
border_type,town,border_type=città
border_zone,5km_zone,border_zone=5km_zone
borracha,dinamitera,borracha=dinamitera
boules,bocce,bocce
boules,boule_de_fort,bocce=boule_de_fort
boules,breton,bocce=bretone
boules,lyonnaise,bocce = lionese
boules,petanque,bocce = bocce
boundary,aboriginal_lands,confine=terre_aborigene
boundary,administrative,confine=amministrativo
boundary,administrative_cooperation,confine=cooperazione_amministrativa
boundary,border_zone,confine=zona_di_confine
boundary,census,confine=censimento
boundary,civil,confine=civile
boundary,civil_parish,confine=parrocchia_civile
boundary,disputed,confine=contestato
boundary,economic,confine=economico
boundary,enclave,confine=enclave
boundary,exclave,confine=exclave
boundary,fence,confine=recinto
boundary,forest,confine=foresta
boundary,forest_compartment,confine=compartimento_foresta
boundary,forestry,confine=silvicoltura
boundary,forestry_compartment,confine=compartimento_forestale
boundary,hazard,confine=pericolo
boundary,health,confine=salute
boundary,historic,confine=storico
boundary,historic_parish,confine=parrocchia_storica
boundary,limited_traffic_zone,confine=zona_a_traffico_limitato
boundary,local_authority,confine=autorità_locale
boundary,lot,confine=lotto
boundary,low_emission_zone,confine=zona_a_basse_emissioni
boundary,maritime,confine=marittimo
boundary,marker,confine=marcatore
boundary,military_district,confine=distretto_militare
boundary,national,confine=nazionale
boundary,national_park,confine=parco_nazionale
boundary,parcel,confine=pacco
boundary,place,confine=luogo
boundary,political,confine=politico
boundary,postal_code,confine=codice_postale
boundary,protected_area,confine=area_protetta
boundary,regional_park,confine=parco_regionale
boundary,religious_administration,confine=amministrazione_religiosa
boundary,safety_region,confine=regione_di_sicurezza
boundary,special_economic_zone,confine=zona_economica_speciale
boundary,timezone,confine=fuso orario
boundary,treaty,confine=trattato
boundary,urban,confine=urbano
boundary,vice_county,confine=vice_contea
boundary,waste_collection,confine=raccolta_rifiuti
boundary,water_protection_area,confine=area_di_protezione_dell'acqua
boundary_name:cs,Česko-německá státní hranice,bound_name:cs=Česko-německá státní hranice
brand,*,marca=*
brand,7-Eleven,marca=7-Eleven
brand:en,7-Eleven,marca:it=7-Eleven
brand:en,FamilyMart,marca:it=FamilyMart
brand:ja,*,marca:ja=*
brand:ja,セブン-イレブン,marca:ja=セブン-イレブン
brand:ja,ハローサイクリング,marca:ja=ハローサイクリング
brand:ja,ファミリーマート,marca:ja=ファミリーマート
brand:wikidata,*,marca:wikidata=*
brand:wikidata,Q1032001,marca:wikidata=Q1032001
brand:wikipedia,en:7-Eleven,marca:wikipedia=it:7-Eleven
brand:wikipedia,en:Burger␣King,brand:wikipedia=it:Burger ␣ King
brand:wikipedia,en:McDonald's,marca:wikipedia=it:McDonald's
brand:wikipedia,en:Royal Mail,marca:wikipedia=it:Royal Mail
brand:wikipedia,en:Royal␣Dutch␣Shell,brand:wikipedia=en:Royal ␣ olandese ␣ Shell
brand:wikipedia,en:Royal␣Mail,brand:wikipedia=it:Royal ␣ Mail
brand:wikipedia,en:Starbucks,marca:wikipedia=it:Starbucks
brand:wikipedia,en:Subway␣(restaurant),brand:wikipedia=it:Subway ␣ (ristorante)
brand:wikipedia,ru:Ozon.ru,marca:wikipedia=ru:Ozon.ru
brand:wikipedia,ru:Пятёрочка,brand:wikipedia=ru:Пятёрочка
bridge,abandoned,ponte=abbandonato
bridge,aqueduct,ponte=acquedotto
bridge,boardwalk,ponte=passerella
bridge,cantilever,ponte=a sbalzo
bridge,covered,ponte=coperto
bridge,drawbridge,ponte=ponte levatoio
bridge,low_water_crossing,ponte=attraversamento_di_bassa_acqua
bridge,movable,ponte=mobile
bridge,no,ponte=no
bridge,simple_brunnel,ponte=simple_brunnel
bridge,trestle,ponte=cavalletto
bridge,viaduct,ponte=viadotto
bridge:movable,bascule,ponte:mobile=bascula
bridge:movable,drawbridge,ponte:mobile=ponte levatoio
bridge:movable,lift,ponte:mobile=ascensore
bridge:movable,retractable,ponte:mobile=retrattile
bridge:movable,submersible,ponte:mobile=sommergibile
bridge:movable,swing,ponte:mobile=oscillante
bridge:movable,tilt,ponte:mobile=inclinazione
bridge:movable,transporter,ponte:mobile=trasportatore
bridge:structure,arch,ponte:struttura=arco
bridge:structure,beam,ponte:struttura=trave
bridge:structure,cable-stayed,ponte:struttura=strallato
bridge:structure,floating,ponte:struttura=galleggiante
bridge:structure,humpback,ponte:struttura=gobba
bridge:structure,simple-suspension,ponte:struttura=sospensione semplice
bridge:structure,suspension,ponte:struttura=sospensione
bridge:structure,truss,ponte:struttura=travatura reticolare
bridge:support,abutment,ponte:supporto=pilastro
bridge:support,lift_pier,ponte:supporto=pilastro_sollevamento
bridge:support,pier,ponte:supporto=molo
bridge:support,pivot_pier,ponte:supporto=pivot_pier
bridge:support,pylon,ponte:supporto=pilone
building,*,edificio=*
building,abandoned,edificio=abbandonato
building,administrative,edificio=amministrativo
building,agricultural,edificio=agricolo
building,ail,edificio=ail
building,allotment_house,edificio=casa_da_lotto
building,annexe,edificio=annesso
building,apartment,edificio=appartamento
building,apartments,edificio=appartamenti
building,bakehouse,edificio=panificio
building,bank,edificio=banca
building,barn,edificio=fienile
building,barrack,edificio=caserma
building,barracks,edificio=caserma
building,beach_hut,edificio=capanna_sulla_spiaggia
building,boathouse,edificio=rimessa per barche
building,brewery,edificio=birrificio
building,bridge,edificio=ponte
building,bungalow,edificio=bungalow
building,bunker,edificio=bunker
building,cabin,edificio=cabina
building,canopy,edificio=baldacchino
building,carport,edificio=posto auto coperto
building,castle,edificio=castello
building,cathedral,edificio=cattedrale
building,central_office,edificio=ufficio_centrale
building,chalet,edificio=chalet
building,changing_rooms,edificio=spogliatoi
building,chapel,edificio=cappella
building,chicken_coop,edificio=pollaio
building,church,edificio=chiesa
building,civic,edificio=civico
building,clinic,edificio=clinica
building,collapsed,edificio=crollato
building,college,edificio=college
building,commercial,edificio=commerciale
building,commercial;residential,edificio=commerciale;residenziale
building,community_group_office,edificio=ufficio_comunità_gruppo
building,condominium,edificio=condominio
building,conservatory,edificio=serra
building,constructie,costruzione=costruzione
building,construction,costruzione=edificio
building,container,edificio=contenitore
building,convent,edificio=convento
building,cowshed,edificio=stalla
building,dam,edificio=diga
building,damaged,edificio=danneggiato
building,data_center,edificio=centro_dati
building,data_centre,edificio=centro_dati
building,demountable,edificio=smontabile
building,detached,edificio=distaccato
building,digester,edificio=digestore
building,disused,edificio=in disuso
building,dormitory,edificio=dormitorio
building,dovecote,edificio=colombaia
building,duplex,edificio=duplex
building,dwelling_house,edificio=abitazione
building,education,edificio=istruzione
building,electricity,edificio=elettricità
building,entrance,edificio=ingresso
building,exit,edificio=uscita
building,factory,edificio=fabbrica
building,farm,edificio=fattoria
building,farm_auxiliary,edificio=fattoria_ausiliaria
building,fire_lookout,edificio=vedetta antincendio
building,fire_station,edificio=stazione_dei_pompieri
building,flats,edificio=appartamenti
building,font,edificio=font
building,fort,edificio=fortezza
building,foundation,edificio=fondazione
building,funeral_hall,edificio=sala_funeraria
building,garage,edificio=garage
building,garages,edificio=garage
building,gasometer,edificio=gasometro
building,gatehouse,edificio=guardia
building,gazebo,edificio=gazebo
building,ger,edificio=ger
building,glasshouse,edificio=serra
building,government,edificio=governo
building,government_office,edificio=ufficio_governativo
building,granary,edificio=granaio
building,grandstand,edificio=tribuna
building,greenhouse,edificio=serra
building,ground_station,edificio=stazione_terrestre
building,guard_post,edificio=posto di guardia
building,guardhouse,edificio=corpo di guardia
building,gurdwara,edificio=gurdwara
building,hall,edificio=sala
building,hall_of_residence,edificio=residenza universitaria
building,hangar,edificio=hangar
building,hospital,edificio=ospedale
building,hotel,edificio=hotel
building,house,edificio=casa
building,houseboat,edificio=casa galleggiante
building,hut,edificio=capanna
building,industrial,edificio=industriale
building,kindergarten,edificio=asilo
building,kingdom_hall,edificio=kingdom_hall
building,kiosk,edificio=chiosco
building,kitchen,edificio=cucina
building,lighthouse,edificio=faro
building,manufacture,costruzione=fabbricazione
building,marketplace,edificio=mercato
building,marquee,edificio=tendone
building,military,edificio=militare
building,mixed_use,edificio=uso misto
building,mobile_home,edificio=casa_mobile
building,monastery,edificio=monastero
building,mosque,edificio=moschea
building,museum,edificio=museo
building,no,edificio=no
building,office,edificio=ufficio
building,other,edificio=altro
building,outbuilding,edificio=dependance
building,pagoda,edificio=pagoda
building,pajaru,edificio=pajaru
building,palace,edificio=palazzo
building,parking,edificio=parcheggio
building,pavilion,edificio=padiglione
building,planned,edificio=pianificato
building,plot,edificio=terreno
building,porch,edificio=portico
building,poultry_house,edificio=pollaio
building,power_substation,edificio=sottostazione elettrica
building,presbytery,edificio=presbiterio
building,prison,edificio=prigione
building,proposed,edificio=proposto
building,pub,edificio=pub
building,public,edificio=pubblico
building,quonset_hut,edificio=quonset_hut
building,railway,edificio=ferrovia
building,religious,edificio=religioso
building,remote_digital_terminal,edificio=terminale_digitale_remoto
building,residences,edificio=residenze
building,residential,edificio=residenziale
building,Residential␣building,edificio=Residenziale ␣ edificio
building,retail,edificio=vendita al dettaglio
building,riding_hall,edificio=maneggio
building,roof,edificio=tetto
building,roundhouse,edificio=rimessa circolare
building,row_houses,edificio=case a schiera
building,ruin,edificio=rovina
building,ruins,edificio=rovine
building,school,edificio=scuola
building,security_booth,edificio=cabina_di_sicurezza
building,semi,edificio=semi
building,semidetached_house,edificio=casa_bifamiliare
building,service,edificio=servizio
building,shed,edificio=capannone
building,shelter,edificio=rifugio
building,shepherd_shelter,edificio=rifugio_per_pastori
building,ship,edificio=nave
building,shop,edificio=negozio
building,shrine,edificio=santuario
building,silo,edificio=silo
building,slurry_tank,edificio=cisterna_per_liquami
building,smithy,edificio=fucina
building,sport,edificio=sport
building,sports_centre,edificio=centro_sportivo
building,sports_hall,edificio=palestra
building,stable,edificio=stabile
building,stadium,edificio=stadio
building,static_caravan,edificio=static_caravan
building,stilt_house,edificio=palafitta
building,storage,edificio=deposito
building,storage_tank,edificio=serbatoio di stoccaggio
building,store,edificio=negozio
building,sty,edificio=porcile
building,summer_cottage,edificio=cottage_estivo
building,summer_house,edificio=casa_estiva
building,supermarket,edificio=supermercato
building,synagogue,edificio=sinagoga
building,tank,edificio=serbatoio
building,tech_cab,edificio=tech_cab
building,temple,edificio=tempio
building,tent,edificio=tenda
building,terrace,edificio=terrazza
building,terrace_house,edificio=casa a schiera
building,terraced_house,edificio=casa a schiera
building,toilets,edificio=servizi igienici
building,tomb,edificio=tomba
building,tower,edificio=torre
building,townhall,edificio=municipio
building,townhouse,edificio=casa a schiera
building,train_station,edificio=stazione_ferroviaria
building,transformer_tower,edificio=torre_trasformatore
building,transportation,edificio=trasporto
building,tree_house,edificio=casa_sull'albero
building,TRUE,edificio=VERO
building,trullo,edificio=trullo
building,tulou,edificio=tulou
building,unclassified,edificio=non classificato
building,undefined,edificio=indefinito
building,unidentified,edificio=non identificato
building,university,edificio=università
building,unknown,edificio=sconosciuto
building,utility,edificio=utilità
building,veranda,edificio=veranda
building,wall,edificio=muro
building,warehouse,edificio=magazzino
building,water_tower,edificio=torre_idrica
building,wayside_shrine,edificio=santuario
building,windmill,edificio=mulino a vento
building,window,edificio=finestra
building,Y,edificio=Y
building:age,10_to_30,edificio: età=10_a_30
building:age,less_than_10,edificio: età = meno_di_10
building:age,post_2000,edificio:età=post_2000
building:age,pre_2000,edificio:età=pre_2000
building:category_of_the_house,single_house,edificio:categoria_della_casa=casa_singola
building:cladding,brick,edificio:rivestimento=mattoni
building:colour,#cccccc,edificio:colore=#cccccc
building:colour,#eecfaf,edificio:colore=#eecfaf
building:colour,#FFFFFF,edificio:colore=#FFFFFF
building:colour,#ffffff,edificio:colore=#ffffff
building:colour,beige,edificio:colore=beige
building:colour,black,edificio:colore=nero
building:colour,brown,edificio:colore=marrone
building:colour,gray,edificio:colore=grigio
building:colour,green,edificio:colore=verde
building:colour,grey,edificio:colore=grigio
building:colour,lightgrey,edificio:colore=grigio chiaro
building:colour,orange,edificio:colore=arancione
building:colour,red,edificio:colore=rosso
building:colour,white,edificio:colore=bianco
building:colour,yellow,edificio:colore=giallo
building:condition,average,edificio:condizione=media
building:condition,good,edificio:condizione=buono
building:condition,poor,edificio:condizioni=scadente
building:fireproof,no,edificio:ignifugo=no
building:flats,0,edificio:appartamenti=0
building:floor,ceramics,edificio:pavimento=ceramica
building:floor_area,500 - 750,edificio:superficie_pavimento=500 - 750
building:floor_area,500␣-␣750,edificio:superficie_pavimento=500 ␣ - ␣ 750
building:floor_area,less_than_500,edificio:superficie_del_pavimento=meno_di_500
building:foundation_height,1,edificio:altezza_fondazione=1
building:foundation_height,1 to 1.5,"edificio:altezza_fondazione=da 1 a 1,5"
building:foundation_height,1_to_1.5,"edificio:altezza_fondazione=1_a_1,5"
building:foundation_height,1␣to␣1.5,"edificio:altezza_fondazione=1 ␣ a ␣ 1,5"
building:foundation_height,less_than_1,edificio:altezza_fondazione=meno_di_1
building:levels,0,edificio:livelli=0
building:levels,1,edificio:livelli=1
building:levels,*,edificio:livelli=*
building:levels:underground,0,edificio:livelli:sotterraneo=0
building:levels:underground,1,edificio:livelli:sotterraneo=1
building:levels:underground,2,edificio:livelli:sotterraneo=2
building:levels:underground,3,edificio:livelli:sotterraneo=3
building:material,block,edificio:materiale=blocco
building:material,brick,edificio:materiale=mattoni
building:material,cement_block,edificio:materiale=blocco_di_cemento
building:material,CI␣sheet,edificio:materiale=CI ␣ foglio
building:material,ciment_block,edificio:materiale=cemento_blocco
building:material,clay,costruzione:materiale=argilla
building:material,concrete,edificio:materiale=cemento
building:material,concrete masonry unit,edificio:materiale=unità di muratura in calcestruzzo
building:material,concrete_reinforced,edificio:materiale=cemento_armato
building:material,concrete;brick,edificio:materiale=cemento;mattoni
building:material,concrete␣masonry␣unit,edificio:materiale=calcestruzzo ␣ muratura ␣ unità
building:material,copper,costruzione:materiale=rame
building:material,dry_stone,costruzione:materiale=pietra_secca
building:material,earth,edificio:materiale=terra
building:material,glass,costruzione:materiale=vetro
building:material,hard,costruzione:materiale=duro
building:material,iron_sheet,costruzione:materiale=lamiera_di_ferro
building:material,light,edificio:materiale=luce
building:material,marble,costruzione:materiale=marmo
building:material,masonry,costruzione:materiale=muratura
building:material,metal,costruzione:materiale=metallo
building:material,metal_plates,edificio:materiale=piastre_metalliche
building:material,metal;wood,costruzione:materiale=metallo;legno
building:material,mirror,edificio:materiale=specchio
building:material,mixed,costruzione:materiale=misto
building:material,mud,costruzione:materiale=fango
building:material,mud;wood,costruzione:materiale=fango;legno
building:material,other,costruzione:materiale=altro
building:material,permanent,edificio:materiale=permanente
building:material,plaster,costruzione:materiale=intonaco
building:material,plastered,costruzione:materiale=intonacato
building:material,plastering_inner_wall_only,costruzione:materiale=intonaco_solo_parete_interna
building:material,plastic,costruzione:materiale=plastica
building:material,reed,costruzione:materiale=canna
building:material,reinforced_concrete,edificio:materiale=cemento armato
building:material,roof_tiles,edificio:materiale=tegole
building:material,sandstone,costruzione:materiale=arenaria
building:material,semi-permanent,costruzione:materiale=semipermanente
building:material,silicate␣brick,edificio:materiale=silicato ␣ mattone
building:material,steel,costruzione:materiale=acciaio
building:material,stone,costruzione:materiale=pietra
building:material,timber_framing,costruzione:materiale=struttura_in_legno
building:material,tin,costruzione:materiale=latta
building:material,traditional,costruzione:materiale=tradizionale
building:material,wattle_and_daub,costruzione:materiale=graticcio e argilla
building:material,wood,costruzione:materiale=legno
building:min_level,0,edificio:min_level=0
building:min_level,1,edificio:min_level=1
building:min_level,2,edificio:min_level=2
building:ownership,owner,edificio:proprietà=proprietario
building:part,apartments,edificio:parte=appartamenti
building:part,balcony,edificio:parte=balcone
building:part,column,edificio:parte=colonna
building:part,commercial,edificio:parte=commerciale
building:part,house,edificio:parte=casa
building:part,porch,edificio:parte=portico
building:part,residential,edificio:parte=residenziale
building:part,retail,edificio:parte=vendita al dettaglio
building:part,roof,edificio:parte=tetto
building:place,town,edificio:luogo=città
building:place,village,edificio:luogo=villaggio
building:roof,concrete,edificio:tetto=cemento
building:roof,flat,edificio:tetto=appartamento
building:roof,iron_sheet,edificio:tetto=lamiera_di_ferro
building:roof,metal,edificio:tetto=metallo
building:roof,tile,edificio:tetto=tegola
building:roof,tiles,edificio:tetto=tegole
building:roof,tin,edificio:tetto=latta
building:roof,traditional,edificio:tetto=tradizionale
building:roof:shape,pitched,edificio:tetto:forma=a falda
building:ruian:type,1,edificio:ruian:tipo=1
building:state_of_the_house,permanent,edificio:stato_della_casa=permanente
building:structure,confined_masonary,edificio:struttura=muratura_confinata
building:structure,confined_masonry,edificio:struttura=muratura_confinata
building:structure,plastered,edificio:struttura=intonacato
building:structure,reinforced_masonry,edificio:struttura=muratura_rinforzata
building:type:pl,Przyziemie budynku nieognioodpornego,edificio:tipo:pl=Przyziemie budynku nieognioodpornego
building:type:pl,Przyziemie budynku ognioodpornego,building:type:pl=Przyziemie budynku ognioodpornego
building:type:pl,Przyziemie␣budynku␣nieognioodpornego,edificio:tipo:pl=Przyziemie ␣ budynku ␣ nieognioodpornego
building:type:pl,Przyziemie␣budynku␣ognioodpornego,building :type:pl=Przyziemie ␣ budynku ␣ ognioodpornego
building:units,1,edificio:unità=1
building:usage:pl,Inny niemieszkalny,edificio:utilizzo:pl=Inny niemieszkalny
building:usage:pl,inny niemieszkalny,edificio:utilizzo:pl=inny niemieszkalny
building:usage:pl,Inny niemieszkalny lub podziemny,edificio:utilizzo:pl=Inny niemieszkalny lub podziemny
building:usage:pl,Mieszkalny,edificio:uso:pl=Mieszkalny
building:usage:pl,mieszkalny,edificio:utilizzo:pl=mieszkalny
building:usage:pl,Transportu i łączności,edificio:utilizzo:pl=Transportu i łączności
building:usage:pl,transportu i łączności,edificio:utilizzo:pl=transportu i łączności
building:usage:pl,Transportu lub łączności,edificio:utilizzo:pl=Transportu lub łączności
building:usage:pl,transportu␣i␣łączności,edificio:utilizzo:pl=transportu ␣ i ␣ łączności
building:use,commercial,edificio:uso=commerciale
building:use,residential,edificio:uso=residenziale
building:use,residential;industrial,edificio:uso=residenziale;industriale
building:use,stable,edificio:uso=stabile
building:use:pl,Inny niemieszkalny,edificio:use:pl=Inny niemieszkalny
building:use:pl,Inny␣niemieszkalny,edificio:use:pl=Inny ␣ niemieszkalny
building:use:pl,mieszkalne,edificio:uso:pl=mieszkalne
building:use:pl,Mieszkalny,edificio:uso:pl=Mieszkalny
building:use:pl,"produkcyjne, usługowe i gospodarcze dla rolnictwa","building:use:pl=produkcyjne, usługowe i gospodarcze dla rolnictwa"
building:use:pl,"produkcyjne,␣usługowe␣i␣gospodarcze␣dla␣rolnictwa","edificio:use:pl=produkcyjne, ␣ usługowe ␣ i ␣ gospodarcze ␣ dla ␣ rolnictwa"
building:use:pl,"Produkcyjny, usługowy lub gospodarczy dla rolnictwa","edificio:use:pl=Produkcyjny, usługowy lub gospodarczy dla rolnictwa"
building:use:pl,"Produkcyjny,␣usługowy␣lub␣gospodarczy␣dla␣rolnictwa","edificio:use:pl=Produkcyjny, ␣ usługowy ␣ lub ␣ gospodarczy ␣ dla ␣ rolnictwa"
building:use:pl,Transportu i łączności,edificio:use:pl=Transportu i łączności
building:use:pl,Transportu␣i␣łączności,edificio:uso:pl=Transportu ␣ i ␣ łączności
building:walls,brick,edificio:muri=mattoni
bunker_type,gun_emplacement,bunker_type=piazzamento_cannone
bunker_type,hardened_aircraft_shelter,bunker_type=rifugio_per_aerei_rinforzato
bunker_type,munitions,bunker_type=munizioni
bunker_type,personnel_shelter,bunker_type=rifugio_personale
bunker_type,pillbox,bunker_type=fortino
bunker_type,technical,bunker_type=tecnico
bus,designated,autobus=designato
bus,minibus,autobus=minibus
bus,no,autobus=no
bus,school,autobus=scuola
bus,unofficial,autobus=non ufficiale
bus,urban,autobus=urbano
bus_bay,right,bus_bay=destra
busbar,flexible,sbarra=flessibile
busbar,rigid,sbarra=rigida
busway,lane,corsia preferenziale = corsia preferenziale
busway,opposite_lane,corsia_opposta
busway:left,lane,corsia di sinistra
busway:right,lane,corsia di destra=corsia
button_operated,no,pulsante_azionato=no
by_night,only,by_night=solo
cables,1,cavi=1
cables,2,cavi=2
cables,3,cavi=3
cables,4,cavi=4
cables,6,cavi=6
cadet,*,cadetto=*
cadet,ambulance,cadetto=ambulanza
cadet,emergency_services,cadetto=servizi_di_emergenza
cadet,fire,cadetto=fuoco
cadet,lifeguard,cadetto=bagnino
cadet,military,cadetto=militare
cadet,police,cadetto=polizia
cafe,time_cafe,caffè=tempo_caffè
cafe,time-cafe,caffè=tempo-caffè
cai_scale,E,cai_scale=E
cai_scale,EAI,cai_scale=EAI
cai_scale,EE,cai_scale=EE
cai_scale,EEA,cai_scale=EEA
cai_scale,EEA:D,cai_scale=EEA:D
cai_scale,EEA:E,cai_scale=EEA:E
cai_scale,EEA:F,cai_scale=EEA:F
cai_scale,EEA:MD,cai_scale=EEA:MD
cai_scale,EEA:PD,cai_scale=EEA:PD
cai_scale,T,cai_scale=T
camera:mount,ceiling,telecamera:montaggio=soffitto
camera:mount,pole,telecamera:supporto=palo
camera:mount,street_lamp,telecamera:montaggio=lampione
camera:mount,wall,telecamera:montaggio=parete
camera:type,dome,telecamera:tipo=dome
camera:type,fixed,camera:type=fixed
camera:type,panning,telecamera:tipo=panoramica
camp_site,basic,campeggio=base
camp_site,camp_pitch,campeggio=piazzola
camp_site,deluxe,campeggio=deluxe
camp_site,reception,campeggio=reception
camp_site,serviced,campeggio=servito
camp_site,standard,campeggio=standard
canal,qanat,canale=qanat
canoe,no,canoa=no
canoe,portage,canoa=trasporto
canvec:CODE,1760011,canvec:CODE=1760011
canvec:STRUCTYPE,None,canvec:STRUCTYPE=Nessuno
capacity,1,capacità=1
capacity,*,capacità=*
capacity:disabled,0,capacità:disabilitato=0
capacity:disabled,1,capacità:disabilitato=1
capacity:disabled,2,capacità:disabilitato=2
capacity:disabled,3,capacità:disabilitato=3
capacity:disabled,no,capacità:disabilitato=no
capacity:parent,no,capacità:genitore=no
capacity:persons,<50,capacità:persone=<50
capacity:persons,100-250,capacità:persone=100-250
capacity:persons,50-100,capacità:persone=50-100
capacity:women,no,capacità:donne=no
capital,4,capitale=4
capital,5,capitale=5
capital,6,capitale=6
capital,8,capitale=8
car,no,macchina=no
car:parts,custom,auto:parti=personalizzate
car:repair,tuning,auto:riparazione=messa a punto
car:type,hgv,auto:tipo=hgv
caravan_site,motorhome_stopover,area_roulotte=area_di_stazione_per_camper
caravans,no,roulotte=no
cargo,container,carico=contenitore
cargo,liquid_bulk,carico=liquido alla rinfusa
carpenter,joiner,carpentiere=falegname
carriage,no,carrozza=no
cash_in,no,incassare=no
castle_type,castrum,tipo_castello=castrum
castle_type,citadel,tipo_castello=cittadella
castle_type,defensive,castle_type=difensivo
castle_type,fortress,tipo_castello=fortezza
castle_type,kremlin,tipo_castello=cremlino
castle_type,manor,tipo_castello=maniero
castle_type,palace,tipo_castello=palazzo
castle_type,shiro,tipo_castello=shiro
castle_type,stately,castle_type=maestoso
category,berkad,categoria=berkad
category,haffir,categoria=haffir
cave,grotto,grotta=grotta
cemetery,burial_forest,cimitero=foresta_sepolcrale
cemetery,cillín,cimitero=cillín
cemetery,grave,cimitero=tomba
cemetery,sector,cimitero=settore
cemetery,war_cemetery,cimitero=cimitero_di_guerra
centralkey,eurokey,centralkey=eurokey
ceremonial_gate,torii,ceremonial_gate=torii
chamber,fisherfolk,camera=pescatori
change:backward,no,cambia:indietro=no
change:forward,no,modifica:avanti=no
change:lanes,no|no,cambia:corsie=no|no
change:lanes:backward,no,cambia:corsie:indietro=no
change:lanes:backward,not_left|yes,cambia:corsie:indietro=non_a_sinistra|sì
change:lanes:forward,no,cambia:corsie:avanti=no
change:lanes:forward,not_left|yes,cambia:corsie:avanti=non_a_sinistra|sì
changing_table,limited,changing_table=limitato
changing_table,no,changing_table=no
check_date,2021-07-01,data di controllo=2021-07-01
check_date,2023-04-26,data di controllo=26-04-2023
check_date,2025-04-24,data di controllo=24-04-2025
check_date,2024-11-6,data di controllo=2024-11-6
check_date,2024-11-7,data di controllo=2024-11-7
checkpoint,hiking,checkpoint=escursionismo
church:type,filial,chiesa:tipo=filiale
church:type,garrison,chiesa:tipo=guarnigione
church:type,hospital,chiesa:tipo=ospedale
church:type,monastic,chiesa:tipo=monastico
church:type,parish,chiesa:tipo=parrocchia
church:type,rectoral,chiesa:tipo=rettorale
circuits,1,circuiti=1
circuits,2,circuiti=2
circumference,0.15,"circonferenza=0,15"
circumference,0.16,"circonferenza=0,16"
circumference,0.25,"circonferenza=0,25"
circumference,0.3,"circonferenza=0,3"
circumference,0.45,"circonferenza=0,45"
circumference,0.6,"circonferenza=0,6"
circumference,0.75,"circonferenza=0,75"
class:bicycle,-1,classe:bicicletta=-1
class:bicycle,1,classe:bicicletta=1
class:bicycle,2,classe:bicicletta=2
class:bicycle:mtb,1,classe:bicicletta:mtb=1
CLC:code,112,CLC:codice=112
clc:code,312,clc:codice=312
clc:code,313,clc:codice=313
CLC:explanation,See http://wiki.openstreetmap.org/wiki/Romania_CLC_Import.,CLC:explanation=Vedi http://wiki.openstreetmap.org/wiki/Romania_CLC_Import.
CLC:explanation,See␣http://wiki.openstreetmap.org/wiki/Romania_CLC_Import.,CLC:explanation=Vedi ␣ http://wiki.openstreetmap.org/wiki/Romania_CLC_Import.
CLC:year,2006,CLC:anno=2006
clc:year,2006,clc:anno=2006
climbing,route,arrampicata=percorso
climbing,route_bottom,arrampicata=percorso_fondo
clothes,fashion,vestiti=moda
clothes,luxury,vestiti=lusso
clothes,motorcycle,vestiti=moto
clothes,sports,vestiti=sport
clothes,swimwear,vestiti=costumi da bagno
clothes,underwear,vestiti=biancheria intima
clothes,uniforms,vestiti=uniformi
clothes,unisex,vestiti=unisex
clothes,vintage,vestiti=vintage
clothes,wedding,vestiti=matrimonio
clothes,women,vestiti=donne
clothes,women;men,vestiti=donne;uomini
clothes,women;men;children,vestiti=donne;uomini;bambini
club,amateur_radio,club=radio_amatoriale
club,art,club=arte
club,automobile,club=automobile
club,bicycle,club=bicicletta
club,cadet,club=cadetto
club,card_games,club=giochi_di_carte
club,chess,club=scacchi
club,computer,club=computer
club,fan,club=tifoso
club,fishing,club=pesca
club,freemasonry,club=massoneria
club,golf,club=golf
club,hunting,club=caccia
club,linux,club=linux
club,military_cadets,club=cadetti_militari
club,motorcycle,club=motocicletta
club,music,club=music
club,nudism,club=nudismo
club,sailing,club=vela
club,scout,club=esploratore
club,scuba_diving,club=immersioni subacquee
club,social,club=social
club,sport,club=sport
club,tourism,club=turismo
club,veterans,club=veterani
club,youth,club=giovani
club,youth_movement,club=movimento_giovanile
coastline,bogus,costa=falso
coastline:survey_quality,complete,costa:survey_quality=complete
coastline:survey_quality,inadequate,costa:survey_quality=inadeguato
collection_times,Mo-Fr 08:00,collection_times=Lun-Ven 08:00
collection_times,Mo-Fr 09:00; Sa 07:00,collection_times=Lun-Ven 09:00; Sab 07:00
collection_times,Mo-Fr␣08:00,collection_times=Lun-Ven ␣ 08:00
collection_times,Mo-Fr␣09:00;␣Sa␣07:00,collection_times=Lun-Ven ␣ 09:00; ␣ Sab ␣ 07:00
collection_times,Mo-Sa 09:00,collection_times=Lun-Sab 09:00
collection_times:signed,no,collection_times:signed=no
colour,#000000,colore=#000000
colour,#ff0000,colore=#ff0000
colour,black,colore=nero
colour,blue,colore=blu
colour,brown,colore=marrone
colour,gray,colore=grigio
colour,green,colore=verde
colour,grey,colore=grigio
colour,orange,colore=arancione
colour,red,colore=rosso
colour,silver,colore=argento
colour,white,colore=bianco
colour,yellow,colore=giallo
colour:arrow,black,colore:freccia=nero
colour:arrow,green,colore:freccia=verde
colour:arrow,white,colore:freccia=bianco
colour:back,blue,colore:retro=blu
colour:back,green,colore:retro=verde
colour:back,white,colore:retro=bianco
colour:back,yellow,colore:retro=giallo
colour:text,black,colore:testo=nero
colour:text,green,colore:testo=verde
colour:text,white,colore:testo=bianco
comment,*,commento=*
comment,convertido a OSM usando http://GaleNUx.com,comment=convertito in OSM utilizzando http://GaleNUx.com
comment,convertido␣a␣OSM␣usando␣http://GaleNUx.com,comment=convertito ␣ a ␣ OSM ␣ usando ␣ http://GaleNUx.com
communication,line,comunicazione=linea
communication,mobile_phone,comunicazione=telefono_mobile
communication:radio,fm,comunicazione:radio=fm
communication:television,dvb-t,comunicazione:televisione=dvb-t
communication:television,dvb-t2,comunicazione:televisione=dvb-t2
community_centre,club_home,centro_comunitario=club_home
community_centre,village_hall,centro_comunitario=sala_del_villaggio
community_centre,youth_centre,centro_comunitario=centro_giovanile
company,aerospace,azienda=aerospaziale
company,construction,azienda=costruzione
company,distribution,azienda=distribuzione
company,internet_shop,azienda=negozio_internet
company,it,azienda=esso
company,logistics,azienda=logistica
company,robot,azienda=robot
company,software_development,azienda=sviluppo_software
company,transport,azienda=trasporto
compensator,filter,compensatore=filtro
compensator,series_capacitor,compensatore=condensatore_in_serie
compensator,series_reactor,compensatore=reattore_serie
compensator,shunt_capacitor,compensatore=condensatore_di_shunt
compensator,shunt_reactor,compensatore=reattore_shunt
compensator,statcom,compensatore=statcom
compensator,static_var,compensatore=static_var
compensator,synchronous_condenser,compensatore=condensatore_sincrono
compensator,voltage_regulator,compensatore=regolatore_di_tensione
condition,deficient,condizione=carente
condition,fair,condizione=discreta
condition,good,condizione=buona
constituency,Strategic Routes,circoscrizione=Percorsi strategici
constituency,Strategic␣Routes,circoscrizione=Strategico ␣ Percorsi
construction,*,costruzione=*
construction,apartments,costruzione=appartamenti
construction,bridleway,costruzione=sentiero per cavalli
construction,building,costruzione=edificio
construction,byway,costruzione=strada secondaria
construction,cycleway,costruzione=pista ciclabile
construction,footway,costruzione=marciapiede
construction,house,costruzione=casa
construction,light_rail,costruzione=metropolitana leggera
construction,living_street,costruzione=living_street
construction,minor,costruzione=minore
construction,monorail,costruzione=monorotaia
construction,motorway,costruzione=autostrada
construction,motorway_link,costruzione=collegamento_autostradale
construction,narrow_gauge,costruzione=a scartamento ridotto
construction,office,costruzione=ufficio
construction,path,costruzione=percorso
construction,pedestrian,costruzione=pedonale
construction,preserved,costruzione=conservata
construction,primary,costruzione=primaria
construction,primary_link,costruzione=collegamento_primario
construction,raceway,costruzione=pista
construction,rail,costruzione=ferrovia
construction,residential,costruzione=residenziale
construction,road,costruzione=strada
construction,secondary,costruzione=secondaria
construction,secondary_link,costruzione=collegamento_secondario
construction,service,costruzione=servizio
construction,shed,costruzione=capannone
construction,steps,costruzione=passi
construction,subway,costruzione=metropolitana
construction,tertiary,costruzione=terziario
construction,tertiary_link,costruzione=terziario_link
construction,track,costruzione=traccia
construction,tram,costruzione=tram
construction,trunk,costruzione=tronco
construction,trunk_link,costruzione=tronco_collegamento
construction,unclassified,costruzione=non classificato
construction,unsurfaced,costruzione=non asfaltata
construction:electrified,contact_line,costruzione:elettrificata=linea_di_contatto
construction:power,plant,costruzione:centrale elettrica
construction:railway,rail,costruzione:ferrovia=ferrovia
construction:railway:etcs,2,costruzione:ferrovia:eccs=2
construction:voltage,25000,costruzione:tensione=25000
consulate,consular_agency,consolato=agenzia_consolare
consulate,consular_office,consolato=ufficio_consolare
consulate,consulate_general,consolato=consolato_generale
consulate,honorary_consul,consolato=console_onorario
consulate,residence,consolato=residenza
contact:facebook,https://www.facebook.com/ozon.ru,contatto: facebook=https://www.facebook.com/ozon.ru
contact:instagram,https://www.instagram.com/ozonru,contatto: instagram=https://www.instagram.com/ozonru
contact:phone,+7 495 2321000,contatto:telefono=+7 495 2321000
contact:phone,+7 800 5555505,contatto:telefono=+7 800 5555505
contact:phone,+7 800 5555550,contatto:telefono=+7 800 5555550
contact:phone,+7␣800␣2347000,contatto:telefono=+7 ␣ 800 ␣ 2347000
contact:twitter,https://twitter.com/Ozon_ru,contatto:twitter=https://twitter.com/Ozon_ru
contact:vk,https://vk.com/ozon,contatto:vk=https://vk.com/ozon
contact:website,https://5ka.ru,contatto: sito web=https://5ka.ru
contact:website,https://www.hellocycling.jp,contatto: sito web=https://www.hellocycling.jp
contact:website,https://www.ozon.ru,contatto: sito web=https://www.ozon.ru
contact:website,https://www.ozon.ru/,contatto: sito web=https://www.ozon.ru/
content,beer,contenuto=birra
content,crop,contenuto=ritaglia
content,drinking_water,contenuto=acqua_potabile
content,fuel,contenuto=carburante
content,gas,contenuto=gas
content,grain,contenuto=grano
content,hot_water,contenuto=acqua_calda
content,LNG,contenuto=GNL
content,LPG,contenuto=GPL
content,manure,contenuto=letame
content,natural_gas,contenuto=gas_naturale
content,oil,contenuto=olio
content,salt,contenuto=sale
content,sewage,contenuto=fognature
content,silage,contenuto=insilato
content,slurry,contenuto=liquame
content,wastewater,contenuto=acque reflue
content,water,contenuto=acqua
content,wine,contenuto=vino
content,zement,contenuto=zement
converted_by,Track2osm,convertito_da=Track2osm
conveying,forward,trasmettere=avanti
cooling:method,air_cooling,raffreddamento:metodo=raffreddamento_ad_aria
cooling:method,dry_cooling,raffreddamento:metodo=raffreddamento_a_secco
cooling:method,mechanical_draft,raffreddamento:metodo=tiraggio_meccanico
country,US,paese=USA
couplings,1,accoppiamenti=1
couplings,2,giunti=2
couplings,3,giunti=3
couplings:type,Storz,accoppiamenti:tipo=Storz
covered,arcade,coperto=sala giochi
covered,booth,coperto=stand
covered,colonnade,coperto=colonnato
covered,no,coperto=no
craft,agricultural_engines,craft=motori_agricoli
craft,atelier,artigianato=atelier
craft,bag_repair,artigianato=riparazione_borse
craft,bakery,artigianato=panetteria
craft,basket_maker,mestiere=cesteria
craft,beekeeper,mestiere=apicoltore
craft,blacksmith,mestiere=fabbro
craft,boatbuilder,mestiere=costruttore di barche
craft,bookbinder,mestiere=rilegatore
craft,brewery,artigianale=birrificio
craft,builder,mestiere=costruttore
craft,cabinet_maker,mestiere=ebanista
craft,car_painter,mestiere=verniciatore di auto
craft,car_repair,artigianato=riparazione_auto
craft,carpenter,mestiere=falegname
craft,carpet_cleaner,mestiere=pulitore_di_tappeti
craft,carpet_layer,mestiere=tappeto
craft,caterer,artigianato=catering
craft,cheese,artigianale=formaggio
craft,chimney_sweeper,mestiere=spazzacamino
craft,cleaning,artigianato=pulizia
craft,clockmaker,mestiere=orologiaio
craft,confectionery,artigianato=dolciario
craft,cooper,mestiere=bottaio
craft,dental_technician,mestiere=odontotecnico
craft,distillery,artigianato=distilleria
craft,door_construction,craft=costruzione_porta
craft,dressmaker,mestiere=sarta
craft,electrican,artigianato=elettricista
craft,electrician,mestiere=elettricista
craft,electronics_repair,artigianato=riparazione_elettronica
craft,embroiderer,artigianato=ricamatore
craft,engraver,artigianato=incisore
craft,floorer,mestiere=pavimentatore
craft,gardener,mestiere=giardiniere
craft,glassblower,mestiere=soffiatore di vetro
craft,glaziery,artigianato=vetraria
craft,goldsmith,artigianato=orafo
craft,grinding_mill,mestiere=mulino
craft,handicraft,artigianato = artigianato
craft,hvac,artigianato=hvac
craft,information_electronics,artigianato=informazioni_elettronica
craft,insulation,artigianato=isolamento
craft,interior_decorator,artigianato=decoratore_d'interni
craft,interior_work,artigianato=lavori_d'interni
craft,jeweller,artigianato=gioielliere
craft,joiner,mestiere=falegname
craft,key_cutter,mestiere=tagliachiavi
craft,lacquerer,artigianato=laccatore
craft,lapidary,artigianato=lapidario
craft,leather,artigianato=pelle
craft,locksmith,mestiere=fabbro
craft,luthier,mestiere=liutaio
craft,metal_construction,artigianato=costruzione_metallica
craft,mint,artigianato=menta
craft,musical_instrument,artigianato=strumento_musicale
craft,oil_mill,artigianato=frantoio
craft,optician,mestiere=ottico
craft,organ_builder,mestiere=costruttore_di_organi
craft,painter,mestiere=pittore
craft,paperhanger,mestiere=tappezziere
craft,parquet_layer,mestiere=parquet_layer
craft,paver,artigianato=pavimentazione
craft,photographer,mestiere=fotografo
craft,photographic_laboratory,artigianato=laboratorio_fotografico
craft,piano_tuner,mestiere=accordatore_di_pianoforti
craft,plasterer,mestiere=stuccatore
craft,plumber,mestiere=idraulico
craft,pottery,artigianato=ceramica
craft,print_shop,artigianato=stampa
craft,printer,craft=stampante
craft,printmaker,mestiere=incisore
craft,restoration,artigianato=restauro
craft,rigger,mestiere=attrezzista
craft,roofer,mestiere=coperture
craft,saddler,mestiere=sellaio
craft,sailmaker,mestiere=velaio
craft,sawmill,artigianato=segheria
craft,scaffolder,mestiere=ponteggiatore
craft,sculptor,mestiere=scultore
craft,sewing,artigianato=cucito
craft,shoemaker,mestiere=calzolaio
craft,signmaker,artigianato=cartelliere
craft,stand_builder,craft=costruttore_di_stand
craft,stonemason,mestiere=scalpellino
craft,stove_fitter,mestiere=fumista
craft,sun_protection,craft=protezione_solare
craft,sweep,mestiere=spazzare
craft,tailor,mestiere=sarto
craft,tiler,mestiere=piastrellista
craft,tinsmith,mestiere=lattoniere
craft,toolmaker,mestiere=costruttore di utensili
craft,turner,mestiere=tornitore
craft,upholsterer,artigianato=tappezziere
craft,watchmaker,mestiere=orologiaio
craft,water_well_drilling,mestiere=perforazione_di_pozzi_d'acqua
craft,weaver,mestiere=tessitore
craft,welder,mestiere=saldatore
craft,window_construction,craft=window_construction
craft,winery,artigianato=cantina
crane:type,floor-mounted_crane,gru:tipo=gru_a_pavimento
crane:type,gantry_crane,gru:tipo=gru_a_cavallo
crane:type,portal_crane,gru:tipo=gru_portale
crane:type,tower_crane,gru:tipo=gru_a_torre
crane:type,travel_lift,gru:tipo=travel_lift
created_by,*,creato_da=*
created_by,almien_coastlines,creato da=almien_coastlines
created_by,ArcGIS Exporter,created_by=ArcGIS Exporter
created_by,ArcGIS␣Exporter,created_by=ArcGIS ␣ Esportatore
created_by,dmgroom_coastlines,creato da=dmgroom_coastlines
created_by,geobaseNHN2osm,creato_da=geobaseNHN2osm
created_by,GPSBabel-1.3.6,creato_da=GPSBabel-1.3.6
created_by,JOSM,creato_da=JOSM
created_by,Merkaartor 0.11,created_by=Merkaartor 0.11
created_by,Merkaartor 0.12,created_by=Merkaartor 0.12
created_by,Merkaartor 0.13,created_by=Merkaartor 0.13
created_by,Merkaartor_0.11,creato_da=Merkaartor_0.11
created_by,Osmose_Editor,creato da=Osmose_Editor
created_by,polyshp2osm,creato da=polyshp2osm
created_by,Potlatch 0.10b,creato_da=Potlatch 0.10b
created_by,Potlatch 0.10f,creato_da=Potlatch 0.10f
created_by,Potlatch 0.9c,creato da=Potlatch 0.9c
created_by,Potlatch_0.10b,creato_da=Potlatch_0.10b
created_by,Potlatch_0.9c,creato_da=Potlatch_0.9c
created_by,shp2osm,creato da=shp2osm
created_by,shpupload,creato_da=shpupload
crop,asparagus,raccolto=asparagi
crop,aspargus,raccolto=asparagi
crop,bananas,raccolto=banane
crop,barley,raccolto=orzo
crop,cana-de-açúcar,crop=cana-de-açúcar
crop,cassava,raccolto=manioca
crop,cereal,coltura=cereale
crop,coffee,raccolto=caffè
crop,corn,raccolto=mais
crop,cranberries,raccolto=mirtilli rossi
crop,fast_growing_wood,coltura=legno a crescita rapida
crop,field_cropland,crop=campo_terreno coltivato
crop,flowers,raccolto=fiori
crop,forage,raccolto=foraggio
crop,grape,raccolto=uva
crop,grass,raccolto=erba
crop,hay,raccolto=fieno
crop,hop,raccolto=salto
crop,maize,coltura=mais
crop,market_gardening,coltura=orticoltura
crop,native_pasture,raccolto=pascolo_nativo
crop,no,ritaglio=no
crop,oats,raccolto=avena
crop,rape,raccolto=stupro
crop,rice,raccolto=riso
crop,rye,raccolto=segale
crop,short_rotation_forestry,coltura=forestazione_a_rotazione_breve
crop,soy,coltura=soia
crop,strawberry,raccolto=fragola
crop,sugar,raccolto=zucchero
crop,sugarcane,coltura=canna da zucchero
crop,sunflower,raccolto=girasole
crop,tea,raccolto=tè
crop,vegetable,raccolto=vegetale
crop,vegetables,raccolto=verdure
crop,wheat,raccolto=grano
crop,WINE␣GRAPES,crop=VINO ␣ UVA
crossing,informal,attraversamento=informale
crossing,island,attraversamento=isola
crossing,marked,attraversamento=segnalato
crossing,no,attraversamento=no
crossing,traffic_signals,attraversamento=segnali stradali
crossing,uncontrolled,attraversamento=incontrollato
crossing,unknown,attraversamento=sconosciuto
crossing,unmarked,attraversamento=non segnalato
crossing,zebra,attraversamento=zebra
crossing_ref,delineated,crossing_ref=delineato
crossing_ref,pelican,crossing_ref=pellicano
crossing_ref,toucan,crossing_ref=tucano
crossing_ref,zebra,crossing_ref=zebra
crossing:activation,automatic,attraversamento:attivazione=automatico
crossing:barrier,double_half,attraversamento:barriera=doppia_metà
crossing:barrier,full,attraversamento:barriera=piena
crossing:barrier,half,attraversamento:barriera=metà
crossing:barrier,no,attraversamento:barriera=no
crossing:bell,no,attraversamento:campanello=no
crossing:island,no,attraversamento:isola=no
crossing:light,no,attraversamento:luce=no
crossing:markings,dashes,attraversamento:marcature=trattini
crossing:markings,dots,attraversamento:marcature=punti
crossing:markings,ladder,attraversamento:segnaletica=scala
crossing:markings,ladder:skewed,attraversamento:segnaletica=scala:obliqua
crossing:markings,lines,attraversamento:segnaletica=linee
crossing:markings,no,attraversamento:segnaletica=no
crossing:markings,surface,attraversamento:segnaletica=superficie
crossing:markings,zebra,attraversamento:segnaletica=zebra
crossing:markings,zebra:bicolour,attraversamento:segnaletica=zebra:bicolore
crossing:markings,zebra:paired,attraversamento:segnaletica=zebra:accoppiata
crossing:markings:colour,yellow,attraversamento:segnaletica:colore=giallo
crossing:signals,no,attraversamento:segnali=no
crown_type,i,crown_type=i
cuisine,african,cucina=africana
cuisine,american,cucina=americana
cuisine,arab,cucina=araba
cuisine,asian,cucina=asiatica
cuisine,bagel,cucina=bagel
cuisine,barbecue,cucina=barbecue
cuisine,beef_bowl,cucina=ciotola_di_manzo
cuisine,brazilian,cucina=brasiliana
cuisine,breakfast,cucina=colazione
cuisine,breakfast;pancake,cucina=colazione;pancake
cuisine,brunch,cucina=brunch
cuisine,bubble_tea,cucina=bubble_tea
cuisine,burger,cucina=hamburger
cuisine,cake,cucina=torta
cuisine,caribbean,cucina=caraibica
cuisine,catalan,cucina=catalana
cuisine,chicken,cucina=pollo
cuisine,chinese,cucina=cinese
cuisine,churro,cucina=churro
cuisine,coffee_shop,cucina=caffetteria
cuisine,couscous,cucina=couscous
cuisine,crepe,cucina=crêpe
cuisine,curry,cucina=curry
cuisine,dessert,cucina=dessert
cuisine,donut,cucina=ciambella
cuisine,donut;coffee_shop,cucina=ciambella;caffetteria
cuisine,dumpling,cucina=gnocchi
cuisine,dumplings,cucina=gnocchi
cuisine,empanada,cucina=empanada
cuisine,filipino,cucina=filippina
cuisine,fish,cucina=pesce
cuisine,fish_and_chips,cucina=fish_and_chips
cuisine,french,cucina=francese
cuisine,friture,cucina=frittura
cuisine,georgian,cucina=georgiana
cuisine,german,cucina=tedesca
cuisine,greek,cucina=greca
cuisine,grill,cucina=griglia
cuisine,gyros,cucina=gyros
cuisine,hot_dog,cucina=hot_dog
cuisine,hot_pot,cucina=hot_pot
cuisine,hotpot,cucina=hotpot
cuisine,ice_cream,cucina=gelato
cuisine,ice_cream;burger,cucina=gelato;hamburger
cuisine,indian,cucina=indiana
cuisine,indonesian,cucina=indonesiana
cuisine,international,cucina=internazionale
cuisine,italian,cucina=italiana
cuisine,italian_pizza,cucina=pizza_italiana
cuisine,italian;pizza,cucina=italiana;pizza
cuisine,japanese,cucina=giapponese
cuisine,jause,cucina=spuntino
cuisine,juice,cucina=succo
cuisine,kebab,cucina=kebab
cuisine,kebab;pizza,cucina=kebab;pizza
cuisine,korean,cucina=coreana
cuisine,lebanese,cucina=libanese
cuisine,local,cucina=locale
cuisine,malaysian,cucina=malese
cuisine,mediterranean,cucina=mediterranea
cuisine,mexican,cucina=messicana
cuisine,noodle,cucina=noodles
cuisine,pakistani,cucina=pakistana
cuisine,pancake,cucina=pancake
cuisine,pasta,cucina=pasta
cuisine,pastry,cucina=pasticceria
cuisine,peruvian,cucina=peruviana
cuisine,pie,cucina=torta
cuisine,pizza,cucina=pizza
cuisine,pizza;italian,cucina=pizza;italiana
cuisine,pizza;kebab,cucina=pizza;kebab
cuisine,polish,cucina=polacca
cuisine,portuguese,cucina=portoghese
cuisine,ramen,cucina=ramen
cuisine,regional,cucina=regionale
cuisine,russian,cucina=russa
cuisine,sandwich,cucina=panino
cuisine,sandwich;bakery,cucina=panino;panetteria
cuisine,seafood,cucina=frutti di mare
cuisine,soup,cucina=zuppa
cuisine,spanish,cucina=spagnola
cuisine,steak_house,cucina=steakhouse
cuisine,strudel,cucina=strudel
cuisine,sushi,cucina=sushi
cuisine,tapas,cucina=tapas
cuisine,tea_house,cucina=sala da tè
cuisine,tea_shop,cucina=negozio di tè
cuisine,teahouse,cucina=sala da tè
cuisine,tex-mex,cucina=tex-mex
cuisine,thai,cucina=tailandese
cuisine,turkish,cucina=turca
cuisine,vietnamese,cucina=vietnamita
cuisine,waffle,cucina=waffle
cuisine,wings,cucina=ali
culvert,inverted_siphon,tombino=sifone invertito
curve,hairpin,curva=tornante
curve,loop,curva=ciclo
curves,extended,curve=estese
curves,serpentine,curve=serpentino
cutline,firebreak,cutline=tagliafuoco
cutline,section,cutline=sezione
cyclability,*,ciclabilità=*
cycle_barrier,double,cycle_barrier=double
cycle_barrier:installation,fixed,cycle_barrier:installazione=corretta
cycle_network,BE-VLG:cycle_highway,cycle_network=BE-VLG:autostrada_ciclabile
cycle_network,cycle_highway,rete_ciclabile=autostrada_ciclabile
cycle_network,EuroVelo,cycle_network=EuroVelo
cycle_network,US,cycle_network=US
cycle_network,US:CA:SF,cycle_network=US:CA:SF
cycle_network,US:GA,cycle_network=US:GA
cycle_network,US:LA:NO,cycle_network=US:LA:NO
cycle_network,US:NC,cycle_network=US:NC
cycle_network,US:NM,cycle_network=US:NM
cycle_network,US:NY,cycle_network=US:NY
cycle_network,US:OH,cycle_network=US:OH
cycle_network,US:PA,cycle_network=US:PA
cycle_network,US:US,cycle_network=US:US
cycle_network,US:USA,cycle_network=US:USA
cycleway,asl,pista ciclabile=slm
cycleway,bike_box,pista ciclabile=bike_box
cycleway,both,pista ciclabile=entrambi
cycleway,crossing,pista ciclabile=attraversamento
cycleway,lane,pista ciclabile=corsia
cycleway,no,pista ciclabile=no
cycleway,none,pista ciclabile=nessuna
cycleway,opposite,pista ciclabile=opposto
cycleway,opposite_lane,pista ciclabile=corsia_opposta
cycleway,opposite_share_busway,pista ciclabile=opposto_corsia_bus_condivisa
cycleway,opposite_shared_busway,pista ciclabile=opposto_corsia_autobus_condivisa
cycleway,opposite_track,pista ciclabile=pista_opposta
cycleway,proposed,pista ciclabile=proposta
cycleway,right,pista ciclabile=destra
cycleway,segregated,pista ciclabile=segregata
cycleway,separate,pista ciclabile=separata
cycleway,share_busway,pista ciclabile=share_busway
cycleway,shared,pista ciclabile=condivisa
cycleway,shared_busway,pista ciclabile=corsia autobus condivisa
cycleway,shared_lane,pista ciclabile=corsia condivisa
cycleway,shared_line,pista ciclabile=linea_condivisa
cycleway,shoulder,pista ciclabile=spalla
cycleway,sidepath,pista ciclabile=marciapiede
cycleway,sidewalk,pista ciclabile=marciapiede
cycleway,track,pista ciclabile=pista
cycleway,unmarked_lane,pista ciclabile=corsia non segnalata
cycleway:both,lane,pista ciclabile:entrambi=corsia
cycleway:both,no,pista ciclabile:entrambi=no
cycleway:both,separate,pista ciclabile:entrambi=separati
cycleway:both,shared_lane,pista ciclabile:entrambi=corsia_condivisa
cycleway:both,shoulder,pista ciclabile:entrambi=spalla
cycleway:both,track,pista ciclabile:entrambi=pista
cycleway:both:buffer,no,pista ciclabile:entrambi:buffer=no
cycleway:both:lane,advisory,pista ciclabile:entrambi:corsia=avviso
cycleway:both:lane,exclusive,pista ciclabile:entrambi:corsia=esclusiva
cycleway:both:lane,pictogram,pista ciclabile:entrambi:corsia=pittogramma
cycleway:foot,designated,pista ciclabile:pedale=designata
cycleway:foot,no,pista ciclabile:a piedi=no
cycleway:left,lane,pista ciclabile:sinistra=corsia
cycleway:left,no,pista ciclabile:sinistra=no
cycleway:left,opposite_lane,pista ciclabile:sinistra=corsia_opposta
cycleway:left,opposite_track,pista ciclabile:sinistra=pista_opposta
cycleway:left,separate,pista ciclabile:sinistra=separata
cycleway:left,share_busway,pista ciclabile:sinistra=share_busway
cycleway:left,shared_lane,pista ciclabile:sinistra=corsia_condivisa
cycleway:left,track,pista ciclabile:sinistra=pista
cycleway:left:lane,advisory,pista ciclabile:sinistra:corsia=avviso
cycleway:left:lane,exclusive,pista ciclabile:sinistra:corsia=esclusiva
cycleway:left:oneway,-1,pista ciclabile:sinistra:senso unico=-1
cycleway:left:oneway,no,pista ciclabile:sinistra:senso unico=no
cycleway:right,lane,pista ciclabile: corsia di destra
cycleway:right,no,pista ciclabile:destra=no
cycleway:right,opposite_lane,pista ciclabile:destra=corsia_opposta
cycleway:right,opposite_track,pista ciclabile:destra=pista_opposta
cycleway:right,separate,pista ciclabile:destra=separata
cycleway:right,share_busway,pista ciclabile:destra=share_busway
cycleway:right,shared_lane,pista ciclabile:destra=corsia_condivisa
cycleway:right,shoulder,pista ciclabile:destra=spalla
cycleway:right,track,pista ciclabile:destra=pista
cycleway:right:buffer,no,pista ciclabile:destra:buffer=no
cycleway:right:lane,advisory,pista ciclabile:destra:corsia=avviso
cycleway:right:lane,exclusive,pista ciclabile:destra:corsia=esclusiva
cycleway:right:lane,pictogram,pista ciclabile:destra:corsia=pittogramma
cycleway:right:oneway,no,pista ciclabile:destra:senso unico=no
cycleway:right:segregated,no,pista ciclabile:destra:segregata=no
cycleway:surface,asphalt,pista ciclabile:superficie=asfalto
cycleway:surface,paving_stones,pista ciclabile:superficie=pavimentazione
cycleway:surface,sand,pista ciclabile:superficie=sabbia
damage:assessment,initial,danno:valutazione=iniziale
damage:Chido:event,TC-2024-000225-COM,danno:Chido:evento=TC-2024-000225-COM
damage:event,2016KageraEarthquake,danno:evento=Terremoto di Kagera del 2016
damage:event,nepal_earthquake_2015,danno:evento=terremoto_nepal_2015
damage:event,war,danno:evento=guerra
damage:organization,ramani_huria,danno:organizzazione=ramani_huria
damage:type,earthquake,danno:tipo=terremoto
damage:type,explosion,danno:tipo=esplosione
damage:type,fire,danno:tipo=fuoco
damage:type,war,danno:tipo=guerra
dataset,buildings,dataset=edifici
dcgis:captureyear,19990331,dcgis:captureyear=19990331
dcgis:dataset,buildings,dcgis:dataset=edifici
dcgis:featurecode,2000,dcgis:featurecode=2000
defensive,bergfried,difensivo=bergfried
defensive,donjon,difensivo=torrente
defensive,keep,difensivo=mantenere
defensive_works,bastion,defensive_works=bastione
defensive_works,battery,defensive_works=batteria
delivery,no,consegna=no
delivery,shipment,consegna=spedizione
denomination,anglican,denominazione=anglicano
denomination,baptist,denominazione=battista
denomination,catholic,denominazione=cattolico
denomination,conservative,denominazione=conservatore
denomination,evangelical,denominazione=evangelico
denomination,evangelical_lutheran,denominazione=evangelico_luterano
denomination,greek_orthodox,denominazione=greco_ortodosso
denomination,iglesia_filipina_independiente,denominazione=iglesia_filipina_independiente
denomination,ismaili,denominazione=ismailita
denomination,jehovahs_witness,denominazione=testimone_di_geova
denomination,jodo_shinshu,denominazione=jodo_shinshu
denomination,jodo_shu,denominazione=jodo_shu
denomination,kabbalah,denominazione=kabbalah
denomination,la_luz_del_mundo,denominazione=la_luz_del_mundo
denomination,lutheran,denominazione=luterano
denomination,methodist,denominazione=metodista
denomination,mormon,denominazione=mormone
denomination,nichiren,denominazione=nichiren
denomination,orthodox,denominazione=ortodossa
denomination,orthodox_presbyterian_church,denominazione=chiesa_presbiteriana_ortodossa
denomination,pentecostal,denominazione=pentecostale
denomination,presbyterian,denominazione=presbiteriano
denomination,protestant,denominazione=protestante
denomination,reformed,denominazione=riformata
denomination,roman_catholic,denominazione=cattolico_romano
denomination,russian_orthodox,denominazione=russo_ortodosso
denomination,scottish_episcopal_church,denominazione=chiesa_episcopale_scozzese
denomination,shingon_shu,denominazione=shingon_shu
denomination,soto,denominazione=soto
denomination,sunni,denominazione=sunnita
denomination,theravada,denominazione=theravada
denomination,tiantai,denominazione=tiantai
denotation,agricultural,denotazione=agricolo
denotation,avenue,denotazione=viale
denotation,cluster,denotazione=cluster
denotation,decoration,denotazione=decorazione
denotation,garden,denotazione=giardino
denotation,landmark,denotazione=punto di riferimento
denotation,natural_monument,denotazione=monumento_naturale
denotation,park,denotazione=parco
denotation,single,denotazione=singolo
denotation,street,denotazione=strada
denotation,urban,denotazione=urbano
departures_board,no,partenze_tabellone=no
departures_board,realtime,departures_board=tempo reale
departures_board,timetable,departures_board=orario
depth,0,profondità=0
description,*,descrizione=*
description,Annexe,descrizione=Allegato
description,Castaña,descrizione=Castaña
description,Floresta Estacional Semidecidual Montano,description=Floresta Estacional Semidecidual Montano
description,in the depot/yard,descrizione=nel deposito/cortile
description,Maize,descrizione=Mais
description,Primary Health Centre,descrizione=Centro sanitario primario
description,SubCentre,descrizione=Sottocentro
description,"these 'kanal' are oil palm drainage trenches/etc and does not fit into the tag waterway=canal; inaccessible by boats, hence the tag waterway=ditch is more appropriate","descrizione=questi 'kanal' sono trincee di drenaggio per la palma da olio/ecc. e non rientrano nel tag waterway=canale; inaccessibili alle barche, quindi il tag waterway=fosso è più appropriato"
description,Цей ліхтар нанесено згідно даних Рівненської топокарти в листопаді 2021 року,"description=La mia lista non è stata completata da Danis Reynolds, che è stata pubblicata nella lista del 2021"
design,asymmetric,design=asimmetrico
design,barrel,design=barile
design,delta,design=delta
design,donau,design=donau
design,flag,design=bandiera
design,guyed_h-frame,design=guyed_h-frame
design,guyed_v-frame,design=guyed_v-frame
design,h-frame,design=telaio ad H
design,monopolar,design=monopolare
design,one-level,design=un livello
design,portal,design=portale
design,three-level,design=tre livelli
design,triangle,design=triangolo
design,two-level,design=due livelli
design:ref,F44,progettazione:rif=F44
designated_direction,forward,direzione designata=avanti
designation,barangay,designazione=barangay
designation,byway_open_to_all_traffic,designazione=strada_aperta_a_tutti_il_traffico
designation,civil_parish,designazione=parrocchia_civile
designation,common,designazione=comune
designation,core_path,designazione=core_path
designation,public_bridleway,designazione=percorso_pubblico
designation,public_footpath,designazione=sentiero_pubblico
designation,restricted_byway,designazione=strada_limitata
destroyed:building,house,distrutto:edificio=casa
detail,track,dettaglio=traccia
devices,1,dispositivi=1
diameter,150,diametro=150
diameter,300,diametro=300
diameter,"4.5""","diametro=4,5"""
diameter,"6.63""","diametro=6,63"""
diameter,70 cm,diametro=70 cm
diameter,"8.63""","diametro=8,63"""
diameter_crown,1,diametro_corona=1
diameter_crown,2,diametro_corona=2
diameter_crown,3,diametro_corona=3
diameter_crown,4,diametro_corona=4
diameter_crown,5,diametro_corona=5
diameter_crown,6,diametro_corona=6
diameter_crown,7,diametro_corona=7
diameter_crown,8,diametro_corona=8
diameter_crown,9,diametro_corona=9
diameter_crown,10,diametro_corona=10
diameter_crown,11,diametro_corona=11
diameter_crown,12,diametro_corona=12
diameter_crown,13,diametro_corona=13
diameter_crown,14,diametro_corona=14
diameter_crown,15,diametro_corona=15
diameter_crown,*,diametro_corona=*
diet:halal,no,dieta:halal=no
diet:kosher,no,dieta:kosher=no
diet:kosher,only,dieta:kosher=solo
diet:vegan,no,dieta:vegano=no
dinner,a_la_carte,cena=a_la_carte
dinner,menu,cena=menù
diplomatic,ambassadors_residence,diplomatico=residenza_ambasciatori
diplomatic,consulate,diplomatico=consolato
diplomatic,consulate_general,diplomatico=consolato_generale
diplomatic,delegation,diplomatico=delega
diplomatic,embassy,diplomatico=ambasciata
diplomatic,high_commission,diplomatico=alto_commissariato
diplomatic,honorary_consulate,diplomatico=consolato_onorario
diplomatic,liaison,diplomatico=collegamento
diplomatic,permanent_mission,diplomatico=missione_permanente
direction,0,direzione=0
direction,90,direzione=90
direction,100,direzione=100
direction,120,direzione=120
direction,145,direzione=145
direction,150,direzione=150
direction,160,direzione=160
direction,165,direzione=165
direction,170,direzione=170
direction,175,direzione=175
direction,180,direzione=180
direction,185,direzione=185
direction,190,direzione=190
direction,200,direzione=200
direction,210,direzione=210
direction,215,direzione=215
direction,250,direzione=250
direction,270,direzione=270
direction,anticlockwise,direzione=antiorario
direction,backward,direzione=indietro
direction,both,direzione=entrambi
direction,clockwise,direzione=in senso orario
direction,down,direzione=giù
direction,E,direzione=E
direction,forward,direzione=avanti
direction,S,direzione=S
direction,SE,direzione=SE
direction,SSE,direzione=SSE
direction,SSW,direzione=SSW
direction,SW,direzione=SO
direction,up,direzione=su
direction,W,direzione=O
disc_golf,basket,disc_golf=canestro
disc_golf,hole,disc_golf=buca
disc_golf,tee,disc_golf=tee
dispensing,no,distribuzione=no
display,analog,display=analogico
distillery,whisky,distilleria=whisky
disused:amenity,fountain,in disuso:amenità=fontana
disused:amenity,restaurant,disused:amenity=ristorante
disused:highway,path,in disuso:autostrada=sentiero
disused:highway,track,in disuso:autostrada=pista
disused:landuse,landfill,disuso:uso del suolo=discarica
disused:landuse,quarry,disused:landuse=cava
disused:railway,halt,disused:railway=halt
disused:railway,level_crossing,dismesso:ferrovia=passaggio_a_livello
disused:railway,rail,disused:railway=ferrovia
disused:railway,station,dismesso:ferrovia=stazione
dock,drydock,bacino di carenaggio
dock,floating,dock=galleggiante
dock,tidal,bacino=marea
dog,designated,cane=designato
dog,leashed,cane=al guinzaglio
dog,no,cane=no
dog,unleashed,cane=scatenato
dog_washing,*,lavaggio_cani=*
door,hinged,porta=incernierata
door,no,porta=no
door,overhead,porta=sopraelevata
door,sliding,porta=scorrevole
door:wings,1,porta:ali=1
drink:beer,*,bevanda:birra=*
drink:coffee,*,bevanda:caffè=*
drink:viez,bottled,drink:viez=in bottiglia
drink:viez,draught,drink:viez=alla spina
drink:viez,served,drink:viez=servito
drink:viez,takeaway,drink:viez=takeaway
drink:wine,*,bevanda:vino=*
drinking_water,boil,acqua potabile=bollire
drinking_water,no,acqua potabile=no
drive_through,no,drive_through=no
driveway,garage,vialetto=garage
driveway,pipestem,vialetto=tubo
dual_carriageway,no,doppia carreggiata=no
editor,opengislab 2018,editor=opengislab 2018
editor,"opengislab, caicedonia, edificios","editor=opengislab, caicedonia, edificios"
editor,"opengislab,␣caicedonia,␣edificios","editor=opengislab, ␣ caicedonia, ␣ edificios"
editor,opengislab␣2018,editor=opengislab ␣ 2018
education,centre,istruzione=centro
education,exercise_area,istruzione=area_di_esercizio
education,school,istruzione=scuola
ele,0,ele=0
ele:accuracy,1.0,ele:accuratezza=1.0
electricity,grid,elettricità=rete
electrified,4th_rail,elettrificato=4th_rail
electrified,contact_line,elettrificato=linea_di_contatto
electrified,no,elettrificato=no
electrified,rail,elettrificato=ferrovia
electronics_repair,phone,riparazione_elettronica=telefono
elevation,-3,elevazione=-3
embankment,dyke,terrapieno=diga
embassy,branch_embassy,ambasciata=filiale_ambasciata
embassy,delegation,ambasciata=delegazione
embassy,high_commission,ambasciata=alto_commissariato
embassy,interests_section,ambasciata=sezione_interessi
embassy,mission,ambasciata=missione
embassy,nunciature,ambasciata=nunziatura
embassy,residence,ambasciata=residenza
embedded_rails,tram,embedded_rails=tram
emergency,access_point,emergenza=punto_di_accesso
emergency,aed,emergenza=aed
emergency,ambulance_station,emergenza=stazione_ambulanza
emergency,assembly_point,emergenza=punto_di_riunione
emergency,coast_guard,emergenza=guardia_costiera
emergency,control_centre,emergenza=centro_di_controllo
emergency,defibrilator,emergenza=defibrillatore
emergency,defibrillator,emergenza=defibrillatore
emergency,designated,emergenza=designato
emergency,destination,emergenza=destinazione
emergency,disaster_help_point,emergenza=punto_di_aiuto_per_disastri
emergency,disaster_response,emergenza=risposta_al_disastro
emergency,drinking_water,emergenza=acqua_potabile
emergency,dry_riser,emergenza=dry_riser
emergency,dry_riser_inlet,emergenza=ingresso_riser_asciutto
emergency,emergency_ward_entrance,emergenza=ingresso_pronto soccorso
emergency,fire_alarm,emergenza=allarme_incendio
emergency,fire_alarm_box,emergenza=allarme_incendio
emergency,fire_detection_system,emergenza=sistema_di_rilevamento_incendio
emergency,fire_equipment,emergenza=equipaggiamento_antincendio
emergency,fire_extinguisher,emergenza=estintore
emergency,fire_flapper,emergenza=sfogo_antincendio
emergency,fire_hose,emergenza=manichetta antincendio
emergency,fire_hydrant,emergenza=idrante
emergency,fire_lookout,emergenza=vigilanza antincendio
emergency,fire_point_stand,emergenza=punto_di_fuoco_supporto
emergency,fire_sand_bin,emergenza=bidone_di_sabbia_incendiaria
emergency,fire_station,emergenza=stazione_dei_pompieri
emergency,fire_water_pond,emergenza=fuoco_acqua_stagno
emergency,first_aid,emergenza=primo_soccorso
emergency,first_aid_kit,emergenza=kit_di_pronto_soccorso
emergency,key_depot,emergenza=deposito_chiavi
emergency,ladder_site,emergenza=ladder_site
emergency,landing_site,emergenza=luogo_di_atterraggio
emergency,leader_site,emergenza=leader_site
emergency,life_ring,emergenza=salvagente
emergency,lifeboat_station,emergenza=stazione_di_salvataggio
emergency,lifeguard,emergenza=bagnino
emergency,lifeguard_base,emergenza=base_bagnino
emergency,lifeguard_place,emergenza=bagnino_posto
emergency,lifeguard_platform,emergenza=piattaforma_bagnino
emergency,lifeguard_tower,emergenza=tower_bagnino
emergency,marine_refuge,emergenza=rifugio_marino
emergency,marine_rescue,emergenza=soccorso_marino
emergency,mountain_rescue,emergenza=soccorso_in_montagna
emergency,no,emergenza=no
emergency,phone,emergenza=telefono
emergency,rescue_box,emergenza=scatola_di_soccorso
emergency,ses_station,emergenza=ses_station
emergency,shower,emergenza=doccia
emergency,siamese,emergenza=siamese
emergency,siren,emergenza=sirena
emergency,slipway,emergenza=scalo
emergency,sprinkler,emergenza=irrigatore
emergency,sprinkler_connection,emergenza=connessione_sprinkler
emergency,standpipe,emergenza=tubo di distribuzione
emergency,suction_point,emergenza=punto_di_aspirazione
emergency,water_rescue_station,emergenza=stazione_di_soccorso_idrico
emergency,water_tank,emergenza=serbatoio_d'acqua
emergency,wet_riser,emergenza=riser bagnato
emergency_service,technical,servizio_di_emergenza=tecnico
emergency_telephone_code,112,codice telefonico di emergenza=112
emergency:phone,144,emergenza:telefono=144
emergency:social_facility,shelter,emergenza:struttura_sociale=rifugio
emergency:social_facility:for,displaced_people,emergenza:struttura_sociale:per=sfollati
enforcement,maxspeed,applicazione=velocità massima
entrance,emergency,ingresso=emergenza
entrance,entrance,ingresso=ingresso
entrance,exit,entrata=uscita
entrance,fire_exit,ingresso=uscita di sicurezza
entrance,garage,ingresso=garage
entrance,gate,ingresso=cancello
entrance,home,ingresso=casa
entrance,main,ingresso=principale
entrance,main_entrance,ingresso=ingresso_principale
entrance,no,ingresso=no
entrance,secondary,ingresso=secondario
entrance,service,ingresso=servizio
entrance,shop,ingresso=negozio
entrance,staircase,ingresso=scala
esperanto,esperanto,esperanto=esperanto
est_width,3.0m〜5.5m,"larghezza_est=3,0 m~5,5 m"
estuary,*,estuario=*
ewmapa:kod_znakowy,BZO,ewmapa:kod_znakowy=BZO
ewmapa:warstwa,"Przyziemie budynku ognioodpornego, podpory, podcienia z pomiaru w terenie","ewmapa:warstwa=Przyziemie budynku ognioodpornego, podpory, podcienia z pomiaru w terenie"
ewmapa:warstwa,"Przyziemie budynku ognioodpornego, podpory, podcienia z rastra","ewmapa:warstwa=Przyziemie budynku ognioodpornego, podpory, podcienia z rastra"
ewmapa:warstwa,Przyziemie lub obrys budynku,ewmapa:warstwa=Przyziemie lub obrys budynku
ewmapa:warstwa,Przyziemie␣lub␣obrys␣budynku,ewmapa:warstwa=Przyziemie ␣ lub ␣ obrys ␣ budynku
exit,emergency,uscita=emergenza
expected_lwn_route_relations,3,expected_lwn_route_relations=3
expected_rcn_route_relations,3,expected_rcn_route_relations=3
expected_rwn_route_relations,3,expected_rwn_route_relations=3
expressway,no,superstrada=no
faculty,aerospace,facoltà=aerospaziale
faculty,engineering,facoltà=ingegneria
farmland,arable,terreno agricolo=arabile
farmland,field,terreno agricolo=campo
farmland,pasture,terreno agricolo=pascolo
farmyard,stockyard,cortile della fattoria=recinto per il bestiame
fast_food,cafeteria,fast_food=caffetteria
fcode,45800,codice f=45800
fee,no,tariffa=no
female,no,femmina=no
fence_type,barbed_wire,tipo_di_recinzione=filo_spinato
fence_type,bars,fence_type=barre
fence_type,chain_link,fence_type=catena_collegata
fence_type,concrete,fence_type=cemento
fence_type,metal,fence_type=metal
fence_type,pole,fence_type=palo
fence_type,railing,fence_type=ringhiera
fence_type,split_rail,fence_type=split_rail
fence_type,wire,fence_type=filo
fence_type,wood,fence_type=legno
ferry,*,traghetto=*
ferry,no,traghetto=no
ferry,primary,traghetto=primario
ferry,secondary,traghetto=secondario
ferry,tertiary,traghetto=terziario
ferry,trunk,traghetto=tronco
ferry,unclassified,traghetto=non classificato
fire_hydrant:description,*,idrante:descrizione=*
fire_hydrant:description,五角型開關,fire_hydrant:description=五角型開關
fire_hydrant:diameter,80,idrante:diametro=80
fire_hydrant:diameter,100,idrante:diametro=100
fire_hydrant:diameter,125,idrante:diametro=125
fire_hydrant:diameter,150,idrante:diametro=150
fire_hydrant:diameter,200,idrante:diametro=200
fire_hydrant:diameter,300,idrante:diametro=300
fire_hydrant:diameter,*,idrante:diametro=*
fire_hydrant:diameter,К-150,idrante:diametro=К-150
fire_hydrant:diameter:signed,no,idrante:diametro:firmato=no
fire_hydrant:position,green,idrante:posizione=verde
fire_hydrant:position,lane,idrante:posizione=corsia
fire_hydrant:position,parking_lot,idrante:posizione=parcheggio
fire_hydrant:position,sidewalk,fire_hydrant:position=sidewalk
fire_hydrant:pressure,4,idrante:pressione=4
fire_hydrant:pressure,5,idrante:pressione=5
fire_hydrant:type,pillar,idrante:tipo=pilastro
fire_hydrant:type,pipe,idrante:tipo=tubo
fire_hydrant:type,underground,idrante:tipo=sotterraneo
fire_hydrant:type,wall,idrante:tipo=muro
fire_hydrant:type:zh,*,idrante:tipo:zh=*
fire_hydrant:type:zh,地下式消防栓,fire_hydrant:type:zh=地下式消防栓
fishing,licence,licenza di pesca
fitness_station,sit-up,stazione fitness=sit-up
fixme,*,fixme=*
fixme,à préciser dès que visible sur le cadastre,fixme=à precisare ciò che è visibile sul catasto
flag:name,United States,flag:name=Stati Uniti
flag:type,advertising,flag:type=pubblicità
flag:type,athletic,flag:type=atletico
flag:type,governmental,flag:type=governmental
flag:type,military,flag:type=militare
flag:type,municipal,flag:type=municipal
flag:type,national,flag:type=national
flag:type,organisation,flag:type=organizzazione
flag:type,regional,flag:type=regionale
flag:type,religious,flag:type=religious
flag:wikidata,Q42537,flag:wikidata=Q42537
flashing_lights,no,luci_lampeggianti=no
floating,no,galleggiante=no
flood_mark,painting,flood_mark=pittura
flood_mark,plaque,flood_mark=targa
flood_prone,no,flood_prone=no
floor:material,cement,pavimento:materiale=cemento
floor:material,wood,pavimento:materiale=legno
flour_fortified,no,farina_fortificata=no
flow_direction,both,direzione_flusso=entrambi
FMMP_modified,no,FMMP_modificato=no
FMMP_reviewed,no,FMMP_reviewed=no
foldable_pie_slice,*,fetta_di_torta_pieghevole=*
foot,customers,piede=clienti
foot,designated,piede=designato
foot,destination,piede=destinazione
foot,discouraged,piede=scoraggiato
foot,military,piede=militare
foot,no,piede=no
foot,no␣@␣(Mo-Su␣18:00-07:00),piede=no ␣ @ ␣ (lu-dom ␣ 18:00-07:00)
foot,official,piede=ufficiale
foot,permissive,piede=permissivo
foot,permit,piede=permesso
foot,private,piede=privato
foot,unknown,piede=sconosciuto
foot,use_sidepath,piede=usa_percorso_laterale
footway,access_aisle,marciapiede=corridoio di accesso
footway,alley,marciapiede=vicolo
footway,both,marciapiede=entrambi
footway,crossing,marciapiede=attraversamento
footway,left,marciapiede=sinistra
footway,link,marciapiede=collegamento
footway,none,marciapiede=nessuno
footway,path,marciapiede=sentiero
footway,right,marciapiede=destra
footway,sidewalk,marciapiede
footway,traffic_island,marciapiede=isola di traffico
footway:surface,asphalt,marciapiede:superficie=asfalto
footway:surface,paving_stones,marciapiede:superficie=pavimentazione
footway:surface,rock,marciapiede:superficie=roccia
footway:surface,unpaved,marciapiede:superficie=non asfaltata
ford,boat,guado=barca
ford,stepping_stones,guado=pietre_miliari
forklift,designated,carrello elevatore=designato
forklift,no,carrello elevatore=no
format,squared_stone,formato=pietra_quadrata
fortification_type,hill_fort,fortification_type=fortezza collinare
fortification_type,limes,fortification_type=limes
fortification_type,motte,fortification_type=motte
fortification_type,ring_ditch,fortification_type=ring_ditch
fortification_type,ringfort,fortification_type=ringfort
fortification_type,sconce,fortification_type=applique
fountain,bottle_refill,fontana=ricarica_bottiglia
fountain,bubbler,fontana=gorgogliatore
fountain,drinking,fontana=bere
fountain,nasone,fontana=nasone
fountain,roman_wolf,fontana=roman_wolf
fountain,stone_block,fontana=blocco_di_pietra
fountain,toret,fontana=toret
fountain,viktorija_zdenac,fontana=viktorija_zdenac
fountain,wallace,fontana=wallace
frequency,0,frequenza=0
frequency,50,frequenza=50
frequency,60,frequenza=60
frequency,16.67,"frequenza=16,67"
frequency,16.7,"frequenza=16,7"
garden:style,kitchen,giardino:stile=cucina
garden:type,botanical,giardino:tipo=botanico
garden:type,community,giardino:tipo=comunità
garden:type,landscaping,giardino:tipo=paesaggistica
garden:type,monastery,giardino:tipo=monastero
garden:type,private,giardino:tipo=privato
garden:type,residential,giardino:tipo=residenziale
garmin_type,0x6,garmin_type=0x6
gate:type,double,porta:tipo=doppio
gauge,1000,calibro=1000
gauge,1067,calibro=1067
gauge,1435,calibro=1435
gauge,1520,calibro=1520
gauge,1524,calibro=1524
gauge,1600,calibro=1600
gauge,1668,calibro=1668
gauge,1676,calibro=1676
gbfs:system_id,hellocycling,gbfs:system_id=hellocycling
generator:method,anaerobic_digestion,generatore:metodo=digestione_anaerobica
generator:method,barrage,generatore:metodo=barrage
generator:method,combustion,generatore:metodo=combustione
generator:method,fission,generatore:metodo=fissione
generator:method,fusion,generatore:metodo=fusione
generator:method,gasification,generatore:metodo=gassificazione
generator:method,photovoltaic,generatore:metodo=fotovoltaico
generator:method,run-of-the-river,generatore:metodo=fluviale
generator:method,stream,generatore:metodo=flusso
generator:method,thermal,generatore:metodo=termico
generator:method,water-pumped-storage,generatore:metodo=accumulo-di-acqua-pompata
generator:method,water-storage,generatore:metodo=accumulo-d'acqua
generator:method,wind_turbine,generatore:metodo=turbina_eolica
generator:output:electricity,1.5 MW,"generatore:uscita:elettricità=1,5 MW"
generator:output:electricity,1.5␣MW,"generatore:uscita:elettricità=1,5 ␣ MW"
generator:output:electricity,2 MW,generatore:uscita:elettricità=2 MW
generator:output:electricity,2.3 MW,"generatore:uscita:elettricità=2,3 MW"
generator:output:electricity,2.3␣MW,"generatore:uscita:elettricità=2,3 ␣ MW"
generator:output:electricity,2␣MW,generatore:uscita:elettricità=2 ␣ MW
generator:output:electricity,small_installation,generatore:uscita:elettricità=piccola_installazione
generator:place,roof,generatore:luogo=tetto
generator:plant,intermediate,generatore:impianto=intermedio
generator:plant,output,generatore:impianto=uscita
generator:solar:modules,4,generatore:solare:moduli=4
generator:solar:modules,6,generatore:solare:moduli=6
generator:solar:modules,8,generatore:solare:moduli=8
generator:solar:modules,10,generatore:solare:moduli=10
generator:solar:modules,12,generatore:solare:moduli=12
generator:solar:modules,14,generatore:solare:moduli=14
generator:solar:modules,16,generatore:solare:moduli=16
generator:solar:tracking,no,generatore:solare:inseguimento=no
generator:solar:tracking,single_axis,generatore:solare:inseguimento=asse_singolo
generator:source,battery,generatore:sorgente=batteria
generator:source,biofuel,generatore:fonte=biocarburante
generator:source,biogas,generatore:fonte=biogas
generator:source,biomass,generatore:fonte=biomassa
generator:source,coal,generatore:fonte=carbone
generator:source,diesel,generatore:fonte=diesel
generator:source,electricity,generatore:fonte=elettricità
generator:source,gas,generatore:fonte=gas
generator:source,gasoline,generatore:fonte=benzina
generator:source,geothermal,generatore:fonte=geotermico
generator:source,hydro,generatore:fonte=idroelettrico
generator:source,nuclear,generatore:fonte=nucleare
generator:source,oil,generatore:fonte=olio
generator:source,osmotic,generatore:fonte=osmotico
generator:source,solar,generatore:fonte=solare
generator:source,tidal,generatore:sorgente=marea
generator:source,waste,generatore:fonte=rifiuti
generator:source,wave,generatore:sorgente=onda
generator:source,wind,generatore:fonte=vento
generator:type,boiler,generatore:tipo=caldaia
generator:type,combined_cycle,generatore:tipo=ciclo_combinato
generator:type,francis_turbine,generatore:tipo=turbina_francis
generator:type,gas_turbine,generatore:tipo=turbina_a_gas
generator:type,heat_pump,generatore:tipo=pompa_di_calore
generator:type,horizontal_axis,generatore:tipo=asse_orizzontale
generator:type,hydrodynamic_screw,generatore:tipo=vite_idrodinamica
generator:type,kaplan_turbine,generatore:tipo=turbina_kaplan
generator:type,pelton_turbine,generatore:tipo=turbina_pelton
generator:type,reciprocating_engine,generatore:tipo=motore_alternativo
generator:type,solar_photovoltaic_panel,generatore:tipo=pannello_solare_fotovoltaico
generator:type,solar_thermal_collector,generatore:tipo=collettore_solare_termico
generator:type,steam_generator,generatore:tipo=generatore_di_vapore
generator:type,steam_turbine,generatore:tipo=turbina_a_vapore
generator:type,vertical_axis,generatore:tipo=asse_verticale
generator:type,zuppinger_water_wheel,generatore:tipo=ruota_idrica_zuppinger
genus,Abies,genere=Abies
genus,Acacia,genere=Acacia
genus,Acer,genere=Acer
genus,Adansonia,genere=Adansonia
genus,Aesculus,genere=Aesculus
genus,Ailanthus,genere=Ailanto
genus,Alnus,genere=Alnus
genus,Amelanchier,genere=Amelanchier
genus,Ananas,genere=Ananas
genus,Arbre␣Sandaré,genere=Arbre ␣ Sandaré
genus,Areca,genere=Areca
genus,Arecaceae,genere=Arecaceae
genus,Betula,genere=Betula
genus,Camellia,genere=Camelia
genus,Carica,genere=Carica
genus,Carpinus,genere=Carpinus
genus,Castanea,genere=Castanea
genus,Catalpa,genere=Catalpa
genus,Cedrus,genere=Cedrus
genus,Celtis,genere=Celtis
genus,Cerasus,genere=Cerasus
genus,Cercis,genere=Cercis
genus,Chamaecyparis,genere=Chamaecyparis
genus,Citrus,genere=agrumi
genus,Cocos,genere=Cocos
genus,Coffea,genere=Coffea
genus,Corylus,genere=Corylus
genus,Crataegus,genere=Crataegus
genus,Cupressus,genere=Cupressus
genus,Elaeis,genere=Elaeis
genus,Eucalyptus,genere=Eucalipto
genus,Fagus,genere=Fagus
genus,Ficus,genere=Ficus
genus,Fraxinus,genere=Fraxinus
genus,Ginkgo,genere=Ginkgo
genus,Gleditsia,genere=Gleditsia
genus,Hevea,genere=Hevea
genus,Humulus,genere=Humulus
genus,Hylocereus,genere=Hylocereus
genus,Juglans,genere=Juglans
genus,Koelreuteria,genere=Koelreuteria
genus,Lagerstroemia,genere=Lagerstroemia
genus,Larix,genere=Larix
genus,Ligustrum,genere=Ligustrum
genus,Liquidambar,genere=Liquidambar
genus,Liriodendron,genere=Liriodendron
genus,Macadamia,genere=Macadamia
genus,Magnolia,genere=Magnolia
genus,Malus,genere=Malus
genus,Mangifera,genere=Mangifera
genus,Morus,genere=Morus
genus,Musa,genere=Musa
genus,Olea,genere=Olea
genus,Opuntia,genere=Opuntia
genus,Ostrya,genere=Ostrya
genus,palm,genere=palma
genus,Paulownia,genere=Paulownia
genus,Persea,genere=Persea
genus,Phoenix,genere=Fenice
genus,Picea,genere=Picea
genus,Pinus,genere=Pinus
genus,Platanus,genere=Platanus
genus,Populus,genere=Populus
genus,Prunus,genere=Prunus
genus,Pseudotsuga,genere=Pseudotsuga
genus,Pyrus,genere=Pyrus
genus,Quercus,genere=Quercus
genus,Robinia,genere=Robinia
genus,Salix,genere=Salix
genus,Schinus,genere=Schinus
genus,Sophora,genere=Sophora
genus,Sorbus,genere=Sorbus
genus,Styphnolobium,genere=Styphnolobium
genus,Syringa,genere=Syringa
genus,Taxus,genere=Taxus
genus,Thuja,genere=Thuja
genus,Tilia,genere=Tilia
genus,Trachycarpus,genere=Trachycarpus
genus,Ulmus,genere=Ulmus
genus,unknown,genere=sconosciuto
genus,Vaccinium,genere=Vaccinium
genus,Vachellia,genere=Vachellia
genus,Washingtonia,genere=Washingtonia
genus,Zelkova,genere=Zelkova
genus:de,Ahorn,genere:de=Ahorn
genus:de,Birke,genere:de=Birke
genus:de,Eiche,genere:de=Eiche
genus:de,Esche,genere:de=Esche
genus:de,Hainbuche,genere:de=Hainbuche
genus:de,Linde,genere:de=Linde
genus:de,Platane,genere:de=Platane
genus:de,Rosskastanie,genere:de=Rosskastanie
genus:en,Ash,genere:en=Ash
genus:en,Linden,genere:it=Tiglio
genus:en,Locust,genere:it=Locusta
genus:en,Maple,genere:en=acero
genus:en,Oak,genere:en=Quercia
genus:en,Spruce,genere:it=Abete rosso
genus:wikidata,Q127849,genere:wikidata=Q127849
genus:wikidata,Q42292,genere:wikidata=Q42292
geobase:acquisitionTechnique,GPS,geobase:acquisizioneTechnique=GPS
geobase:acquisitionTechnique,Orthoimage,geobase:acquisitionTechnique=Orthoimage
geobase:acquisitionTechnique,Vector Data,geobase:acquisitionTechnique=Dati vettoriali
geobase:datasetName,NRN:British Columbia,geobase:datasetName=NRN:Columbia britannica
GeoBaseNHN:DatasetName,02LG000,GeoBaseNHN:DatasetName=02LG000
GeoBaseNHN:DatasetName,02LH000,GeoBaseNHN:DatasetName=02LH000
GeoBaseNHN:PROVIDER,federal,GeoBaseNHN:PROVIDER=federale
GeoBaseNHN:VALDATE,1990,GeoBaseNHN:VALDATE=1990
geocodigo,*,geocodigo=*
geological,fault,geologico=faglia
geological,moraine,geologico=morena
geological,outcrop,geologico=affioramento
geological,palaeontological_site,geologico=sito_paleontologico
geological,volcanic_caldera,geologico=caldera_vulcanica
geological,volcanic_caldera_rim,geologico=orlo_della_caldera_vulcanica
geological,volcanic_geyser,geologico=geyser_vulcanico
geological,volcanic_lava_channel,geologico=canale_di_lava_vulcanica
geological,volcanic_lava_field,geologico=campo_di_lava_vulcanico
geological,volcanic_lava_tube,geologico=tubo_di_lava_vulcanico
geological,volcanic_vent,geologico=sfiato_vulcanico
geometry:reviewed,no,geometria:revisionata=no
glacier:part,moraine,ghiacciaio:parte=morena
glacier:type,mountain,ghiacciaio:tipo=montagna
gnis:fcode,33600,gnis:fcode=33600
gnis:ftype,ArtificialPath,gnis:ftype=ArtificialPath
gnis:ftype,CanalDitch,gnis:ftype=CanalDitch
gnis:ftype,LakePond,gnis:ftype=LakePond
gnis:ftype,StreamRiver,gnis:ftype=StreamRiver
gnis:state_id,55,gnis:state_id=55
gns:dsg,MT,gns:dsg=MT
GNS:dsg_code,PPL,GNS:dsg_code=PPL
GNS:dsg_code,WAD,GNS:dsg_code=WAD
GNS:dsg_name,populated place,GNS:dsg_name=luogo popolato
GNS:dsg_name,populated␣place,GNS:dsg_name=populated ␣ luogo
GNS:dsg_name,wadi,GNS:dsg_name=wadi
GNS:dsg_string,populated place,GNS:dsg_string=luogo popolato
GNS:dsg_string,populated␣place,GNS:dsg_string=popolato ␣ luogo
golf,bunker,golf=bunker
golf,cartpath,golf=percorso per carrelli
golf,clubhouse,golf=clubhouse
golf,driving_range,golf=campo pratica
golf,fairway,golf=fairway
golf,green,golf=verde
golf,hole,golf=buca
golf,lateral_water_hazard,golf=pericolo_d'acqua_laterale
golf,path,golf=percorso
golf,penalty_area,golf=area_di_rigore
golf,pin,golf=birillo
golf,rough,golf=ruvido
golf,tee,golf=tee
golf,water_hazard,golf=pericolo_d'acqua
golf_cart,designated,golf_cart=designato
goods,no,beni=no
government,administrative,governo=amministrativo
government,aerospace,governo=aerospaziale
government,agriculture,governo=agricoltura
government,archive,governo=archivio
government,audit,governo=audit
government,bailiff,governo=ufficiale giudiziario
government,border_control,governo=controllo_delle_frontiere
government,cadaster,governo=catasto
government,chamber,governo=camera
government,culture,governo=cultura
government,customs,governo=dogana
government,data_protection,governo=protezione_dati
government,education,governo=istruzione
government,healthcare,governo=assistenza sanitaria
government,heritage,governo=patrimonio
government,it,governo=esso
government,legislative,governo=legislativo
government,ministry,governo=ministero
government,parliament,governo=parlamento
government,prosecutor,governo=pubblico ministero
government,register_office,governo=ufficio_anagrafe
government,statistics,governo=statistiche
government,tax,governo=tassa
government,youth_welfare_department,governo=dipartimento_per_il_benessere_dei_giovani
grass,amenity_grassland,erba=prateria_amenità
grit_bin,*,grit_bin=*
gritting,priority_1,gritting=priority_1
gtfs_location_type,0,gtfs_location_type=0
guest_house,bed_and_breakfast,guest_house=bed_and_breakfast
guidepost,hiking,segnaletica=escursionismo
guidepost,simple,segnaletica=semplice
gutter,no,grondaia=no
handle,crank,maniglia=manovella
handle,lever,maniglia=leva
handle,wheel,maniglia=ruota
handrail,no,corrimano=no
harbour,marina,porto=marina
harbour:category,bulk,porto:categoria=massa
harbour:category,container,porto:categoria=contenitore
harbour:category,ferry,porto:categoria=traghetto
harbour:category,fishing,porto:categoria=pesca
harbour:category,general,porto:categoria=generale
harbour:category,industrial,porto:categoria=industriale
harbour:category,marina,porto:categoria=marina
harbour:category,military,porto:categoria=militare
harbour:category,oil_platform,porto:categoria=piattaforma_petrolifera
harbour:category,passenger,porto:categoria=passeggero
harbour:category,RoRo,porto:categoria=RoRo
harbour:category,seaport,porto:categoria=porto marittimo
harbour:category,shipyard,porto:categoria=cantiere navale
harbour:category,tanker,porto:categoria=petroliera
harbour:category,tourism,porto:categoria=turismo
harbour:category,yacht,porto:categoria=yacht
hazard,animal_crossing,pericolo=animal_crossing
hazard,archery_range,pericolo=campo_di_tiro_con_arco
hazard,avalanche,pericolo=valanga
hazard,biohazard,pericolo=rischio biologico
hazard,bump,pericolo=urto
hazard,children,pericolo=bambini
hazard,contamination,pericolo=contaminazione
hazard,curve,pericolo=curva
hazard,curves,pericolo=curve
hazard,cyclists,pericolo=ciclisti
hazard,damaged_road,pericolo=strada danneggiata
hazard,dangerous_junction,pericolo=incrocio_pericoloso
hazard,dip,pericolo=calo
hazard,electricity,pericolo=elettricità
hazard,emergency_vehicles,pericolo=veicoli_di_emergenza
hazard,falling_rocks,pericolo=caduta_di_sassi
hazard,fog,pericolo=nebbia
hazard,frail_pedestrians,pericolo=pedoni_fragili
hazard,frost_heave,pericolo=sollevamento del gelo
hazard,ground_clearance,pericolo=altezza_da_terra
hazard,hole,pericolo=buco
hazard,horse_riders,pericolo=cavalieri
hazard,ice,pericolo=ghiaccio
hazard,illegal_crossing,pericolo=attraversamento_illegale
hazard,landslide,pericolo=frana
hazard,leeches,pericolo=sanguisughe
hazard,loose_gravel,pericolo=ghiaia sciolta
hazard,low_flying_aircraft,pericolo=aereo che vola basso
hazard,minefield,pericolo=campo minato
hazard,nuclear,pericolo=nucleare
hazard,pedestrians,pericolo=pedoni
hazard,queues_likely,pericolo=code_probabili
hazard,quicksand,pericolo=sabbie mobili
hazard,road_narrows,pericolo=strada_si_restringe
hazard,roadworks,pericolo=lavori stradali
hazard,roundabout,pericolo=rotatoria
hazard,school_zone,pericolo=zona_scolastica
hazard,shooting_range,pericolo=poligono di tiro
hazard,side_winds,pericolo=venti laterali
hazard,slippery,pericolo=scivoloso
hazard,traffic_signals,pericolo=segnali stradali
hazard,turn,pericolo=svolta
hazard,turns,pericolo=svolte
hazard,unexploded_ordnance,pericolo=ordigni inesplosi
hazard,washout,pericolo=lavaggio
hazard_type,avalanche,hazard_type=valanga
hazard_type,flood,hazard_type=alluvione
hazard_type,landslide,hazard_type=frana
hazmat,designated,hazmat=designato
hazmat,no,materiale pericoloso=no
hazmat:water,permissive,hazmat:water=permissive
hcpaogis:dorcode,01 - SINGLE FAMILY,hcpaogis:dorcode=01 - MONOFAMIGLIA
hcpaogis:dorcode,01␣-␣SINGLE␣FAMILY,hcpaogis:dorcode=01 ␣ - ␣ SINGOLO ␣ FAMIGLIA
headlight,required,faro=obbligatorio
health_facility:MG,CHRD,struttura sanitaria:MG=CHRD
health_facility:MG,CHRR,struttura sanitaria:MG=CHRR
health_facility:MG,CHU,struttura sanitaria:MG=CHU
health_facility:MG,CSB1,struttura sanitaria:MG=CSB1
health_facility:MG,CSB2,struttura_sanitaria:MG=CSB2
health_facility:type,office,health_facility:type=office
healthcare,alternative,assistenza sanitaria=alternativa
healthcare,audiologist,assistenza sanitaria=audiologo
healthcare,birthing_center,assistenza sanitaria=centro_nascita
healthcare,birthing_centre,assistenza sanitaria=centro_nascita
healthcare,blood_bank,assistenza sanitaria=banca_del_sangue
healthcare,blood_donation,assistenza sanitaria=donazione_di_sangue
healthcare,centre,assistenza sanitaria=centro
healthcare,clinic,assistenza sanitaria = clinica
healthcare,community_health_worker,assistenza sanitaria=operatore sanitario di comunità
healthcare,counselling,assistenza sanitaria = consulenza
healthcare,dentist,assistenza sanitaria=dentista
healthcare,dialysis,assistenza sanitaria = dialisi
healthcare,doctor,assistenza sanitaria=dottore
healthcare,health_post,assistenza sanitaria=health_post
healthcare,hospice,assistenza sanitaria = hospice
healthcare,hospital,assistenza sanitaria = ospedale
healthcare,laboratory,assistenza sanitaria = laboratorio
healthcare,medical_imaging,assistenza sanitaria=imaging_medico
healthcare,midwife,assistenza sanitaria=ostetrica
healthcare,nurse,assistenza sanitaria = infermiere
healthcare,nutrition_counseling,assistenza sanitaria=consulenza_nutrizionale
healthcare,nutrition_counselling,assistenza sanitaria=consulenza_nutrizionale
healthcare,occupational_therapist,assistenza sanitaria=terapista occupazionale
healthcare,optometrist,assistenza sanitaria=optometrista
healthcare,pharmacy,assistenza sanitaria = farmacia
healthcare,physiotherapist,assistenza sanitaria=fisioterapista
healthcare,podiatrist,assistenza sanitaria=podologo
healthcare,psychotherapist,assistenza sanitaria=psicoterapeuta
healthcare,rehabilitation,assistenza sanitaria = riabilitazione
healthcare,sample_collection,assistenza sanitaria=raccolta_campioni
healthcare,speech_therapist,assistenza sanitaria=logopedista
healthcare,vaccination_centre,assistenza sanitaria=centro_vaccinazioni
healthcare:speciality,abortion,assistenza sanitaria:specialità=aborto
healthcare:speciality,acupuncture,assistenza sanitaria:specialità=agopuntura
healthcare:speciality,allergology,assistenza sanitaria:specialità=allergologia
healthcare:speciality,anaesthetics,assistenza sanitaria:specialità=anestesia
healthcare:speciality,ayurveda,assistenza sanitaria:specialità=ayurveda
healthcare:speciality,behavior,assistenza sanitaria:specialità=comportamento
healthcare:speciality,biochemistry,assistenza sanitaria:specialità=biochimica
healthcare:speciality,biological_haematology,assistenza sanitaria:specialità=ematologia_biologica
healthcare:speciality,biology,assistenza sanitaria:specialità=biologia
healthcare:speciality,blood_check,assistenza sanitaria:specialità=controllo_del_sangue
healthcare:speciality,body,assistenza sanitaria:specialità=corpo
healthcare:speciality,cardiac_surgery,assistenza sanitaria:specialità=chirurgia_cardiaca
healthcare:speciality,cardiology,assistenza sanitaria:specialità=cardiologia
healthcare:speciality,cardiothoracic_surgery,assistenza sanitaria:specialità=chirurgia_cardiotoracica
healthcare:speciality,child_psychiatry,assistenza sanitaria:specialità=psichiatria_infantile
healthcare:speciality,chiropractic,assistenza sanitaria:specialità=chiropratica
healthcare:speciality,clinic,assistenza sanitaria:specialità=clinica
healthcare:speciality,clinical_pathology,assistenza sanitaria:specialità=patologia_clinica
healthcare:speciality,community,assistenza sanitaria:specialità=comunità
healthcare:speciality,covid19,assistenza sanitaria:specialità=covid19
healthcare:speciality,dental_oral_maxillo_facial_surgery,assistenza sanitaria:specialità=chirurgia_dentale_orale_maxillo_facciale
healthcare:speciality,dentist,assistenza sanitaria:specialità=dentista
healthcare:speciality,dentist;orthodontics,assistenza sanitaria:specialità=dentista;ortodonzia
healthcare:speciality,dentistry,assistenza sanitaria:specialità=odontoiatria
healthcare:speciality,depth,assistenza sanitaria:specialità=profondità
healthcare:speciality,dermatology,assistenza sanitaria:specialità=dermatologia
healthcare:speciality,dermatovenereology,assistenza sanitaria:specialità=dermatovenereologia
healthcare:speciality,diagnostic_radiology,assistenza sanitaria:specialità=radiologia_diagnostica
healthcare:speciality,dialysis,assistenza sanitaria:specialità=dialisi
healthcare:speciality,dietitian,assistenza sanitaria:specialità=dietista
healthcare:speciality,emergency,assistenza sanitaria:specialità=emergenza
healthcare:speciality,endocrinology,assistenza sanitaria:specialità=endocrinologia
healthcare:speciality,family_medicine,assistenza sanitaria:specialità=medicina_di_famiglia
healthcare:speciality,fertility,assistenza sanitaria:specialità=fertilità
healthcare:speciality,gastroenterological_surgery,assistenza sanitaria:specialità=chirurgia_gastroenterologica
healthcare:speciality,gastroenterology,assistenza sanitaria:specialità=gastroenterologia
healthcare:speciality,general,assistenza sanitaria:specialità=generale
healthcare:speciality,geriatrics,assistenza sanitaria:specialità=geriatria
healthcare:speciality,gynaecology,assistenza sanitaria:specialità=ginecologia
healthcare:speciality,haematology,assistenza sanitaria:specialità=ematologia
healthcare:speciality,hepatology,assistenza sanitaria:specialità=epatologia
healthcare:speciality,homeopathy,assistenza sanitaria:specialità=omeopatia
healthcare:speciality,humanistic,assistenza sanitaria:specialità=umanistica
healthcare:speciality,immunology,assistenza sanitaria:specialità=immunologia
healthcare:speciality,implantology,assistenza sanitaria:specialità=implantologia
healthcare:speciality,infectious_diseases,assistenza sanitaria:specialità=malattie_infettive
healthcare:speciality,intensive,assistenza sanitaria:specialità=intensiva
healthcare:speciality,internal,assistenza sanitaria:specialità=interna
healthcare:speciality,kinesitherapy,assistenza sanitaria:specialità=kinesiterapia
healthcare:speciality,massage_therapy,assistenza sanitaria:specialità=massoterapia
healthcare:speciality,maternity,assistenza sanitaria:specialità=maternità
healthcare:speciality,maxillofacial_surgery,assistenza sanitaria:specialità=chirurgia_maxillo-facciale
healthcare:speciality,medical_examination,assistenza sanitaria:specialità=esame_medico
healthcare:speciality,microbiology,assistenza sanitaria:specialità=microbiologia
healthcare:speciality,naturopathy,assistenza sanitaria:specialità=naturopatia
healthcare:speciality,neonatology,assistenza sanitaria:specialità=neonatologia
healthcare:speciality,nephrology,assistenza sanitaria:specialità=nefrologia
healthcare:speciality,neurology,assistenza sanitaria:specialità=neurologia
healthcare:speciality,neurophysiology,assistenza sanitaria:specialità=neurofisiologia
healthcare:speciality,neuropsychiatry,assistenza sanitaria:specialità=neuropsichiatria
healthcare:speciality,neurosurgery,assistenza sanitaria:specialità=neurochirurgia
healthcare:speciality,nuclear,assistenza sanitaria:specialità=nucleare
healthcare:speciality,occupational,assistenza sanitaria:specialità=occupazionale
healthcare:speciality,oncology,assistenza sanitaria:specialità=oncologia
healthcare:speciality,ophthalmology,assistenza sanitaria:specialità=oftalmologia
healthcare:speciality,optometry,assistenza sanitaria:specialità=optometria
healthcare:speciality,orthodontics,assistenza sanitaria:specialità=ortodonzia
healthcare:speciality,orthopaedics,assistenza sanitaria:specialità=ortopedia
healthcare:speciality,osteopathy,assistenza sanitaria:specialità=osteopatia
healthcare:speciality,otolaryngology,assistenza sanitaria:specialità=otorinolaringoiatria
healthcare:speciality,otorhinolaryngology,assistenza sanitaria:specialità=otorinolaringoiatria
healthcare:speciality,paediatric_surgery,assistenza sanitaria:specialità=chirurgia_pediatrica
healthcare:speciality,paediatrics,assistenza sanitaria:specialità=pediatria
healthcare:speciality,palliative,assistenza sanitaria:specialità=palliativa
healthcare:speciality,pathology,assistenza sanitaria:specialità=patologia
healthcare:speciality,pharmacology,assistenza sanitaria:specialità=farmacologia
healthcare:speciality,physiatry,assistenza sanitaria:specialità=fisiatria
healthcare:speciality,physiotherapy,assistenza sanitaria:specialità=fisioterapia
healthcare:speciality,plastic_surgery,assistenza sanitaria:specialità=chirurgia_plastica
healthcare:speciality,podiatry,assistenza sanitaria:specialità=podologia
healthcare:speciality,primary_care,assistenza sanitaria:specialità=assistenza_primaria
healthcare:speciality,proctology,assistenza sanitaria:specialità=proctologia
healthcare:speciality,psychiatry,assistenza sanitaria:specialità=psichiatria
healthcare:speciality,psychology,assistenza sanitaria:specialità=psicologia
healthcare:speciality,psychotherapist,assistenza sanitaria:specialità=psicoterapeuta
healthcare:speciality,pulmonology,assistenza sanitaria:specialità=pneumologia
healthcare:speciality,radiology,assistenza sanitaria:specialità=radiologia
healthcare:speciality,radiotherapy,assistenza sanitaria:specialità=radioterapia
healthcare:speciality,rheumatology,assistenza sanitaria:specialità=reumatologia
healthcare:speciality,stomatology,assistenza sanitaria:specialità=stomatologia
healthcare:speciality,surgery,assistenza sanitaria:specialità=chirurgia
healthcare:speciality,surgical_oncology,assistenza sanitaria:specialità=oncologia_chirurgica
healthcare:speciality,systemic,assistenza sanitaria:specialità=sistemica
healthcare:speciality,thoracic_surgery,assistenza sanitaria:specialità=chirurgia_toracica
healthcare:speciality,traditional_chinese_medicine,assistenza sanitaria:specialità=medicina_tradizionale_cinese
healthcare:speciality,transplant,assistenza sanitaria:specialità=trapianto
healthcare:speciality,trauma,assistenza sanitaria:specialità=trauma
healthcare:speciality,tropical,assistenza sanitaria:specialità=tropicale
healthcare:speciality,urology,assistenza sanitaria:specialità=urologia
healthcare:speciality,vaccination,assistenza sanitaria:specialità=vaccinazione
healthcare:speciality,vascular_surgery,assistenza sanitaria:specialità=chirurgia_vascolare
healthcare:speciality,venereology,assistenza sanitaria:specialità=venerologia
healthcare:speciality,weight_loss,assistenza sanitaria:specialità=perdita_di_peso
hedge,hedge_bank,siepe=banca_di_copertura
height,0,altezza=0
heritage,1,patrimonio=1
heritage,2,eredità=2
heritage,3,patrimonio=3
heritage,4,patrimonio=4
heritage,5,patrimonio=5
heritage,6,patrimonio=6
heritage,7,patrimonio=7
heritage,8,patrimonio=8
heritage,9,patrimonio=9
heritage,10,patrimonio=10
heritage:operator,bda,patrimonio:operatore=bda
heritage:operator,BLfD,patrimonio:operatore=BLfD
heritage:operator,Institut für Denkmalschutz und Denkmalpflege Düsseldorf,patrimonio:operator=Institut für Denkmalschutz und Denkmalpflege Düsseldorf
heritage:operator,kons,patrimonio:operatore=kons
heritage:operator,lfd,patrimonio:operatore=lfd
heritage:operator,mhs,patrimonio:operatore=mhs
heritage:operator,nid,patrimonio:operatore=nid
heritage:operator,nrhp,patrimonio:operatore=nrhp
heritage:operator,OnroerendErfgoed,patrimonio:operatore=OnroerendErfgoed
heritage:operator,rce,patrimonio:operatore=rce
heritage:operator,UntereDenkmalbehörde,patrimonio:operator=UntereDenkmalbehörde
heritage:operator:short,Denkmalamt Düsseldorf,patrimonio:operatore:short=Denkmalamt Düsseldorf
heritage:operator:wikidata,Q59161646,patrimonio:operatore:wikidata=Q59161646
heritage:ref,05111000_A_01676,patrimonio:ref=05111000_A_01676
heritage:since,2020-09-26,patrimonio:dal=2020-09-26
heritage:website,https://www.duesseldorf.de/denkmalschutz/gasleuchten,patrimonio:website=https://www.duesseldorf.de/denkmalschutz/gasleuchten
HFCS,Major Collector,HFCS=Maggiore collettore
HFCS,Major␣Collector,HFCS=Maggiore ␣ Collezionista
HFCS,Minor Arterial,HFCS=Arterioso minore
HFCS,Minor␣Arterial,HFCS=Minore ␣ Arterioso
HFCS,Principal Arterial,HFCS=Arterioso principale
HFCS,Principal Arterial - Other,HFCS=Arterioso principale - Altro
HFCS,Principal␣Arterial,HFCS=Principale ␣ Arterioso
HFCS,Principal␣Arterial␣-␣Other,HFCS=Principale ␣ Arterioso ␣ - ␣ Altro
HFCS,Urban Collector,HFCS=collettore urbano
HFCS,Urban Minor Arterial,HFCS=Arterioso minore urbano
HFCS,Urban Principal Arterial,HFCS=Arteria principale urbana
HFCS,Urban Principal Arterial - Other,HFCS=Arteria principale urbana - Altro
HFCS,Urban␣Collector,HFCS=Urban ␣ Collector
HFCS,Urban␣Minor␣Arterial,HFCS=Urbano ␣ Minore ␣ Arterioso
HFCS,Urban␣Principal␣Arterial,HFCS=Urbano ␣ Principale ␣ Arterioso
HFCS,Urban␣Principal␣Arterial␣-␣Other,HFCS=Urbano ␣ Principale ␣ Arterioso ␣ - ␣ Altro
hgv,delivery,hgv=consegna
hgv,designated,hgv=designato
hgv,destination,hgv=destinazione
hgv,discouraged,hgv=scoraggiato
hgv,local,hgv=locale
hgv,no,hgv=no
hgv:national_network,no,hgv:national_network=no
hgv:national_network,terminal_access,hgv:national_network=terminal_access
highspeed,no,alta velocità=no
highway,abandoned,autostrada=abbandonata
highway,access,autostrada=accesso
highway,bazaar,autostrada=bazar
highway,bridleway,autostrada = strada sterrata
highway,bus_guideway,autostrada=guida_autobus
highway,bus_stop,autostrada=fermata dell'autobus
highway,busway,autostrada=corsia autobus
highway,cattle_grid,autostrada=cattle_grid
highway,construction,autostrada=costruzione
highway,conveyor,autostrada=trasportatore
highway,corridor,autostrada=corridoio
highway,crossing,autostrada=attraversamento
highway,cycleway,autostrada=pista ciclabile
highway,cycleway_link,autostrada=collegamento_pista_ciclabile
highway,disused,autostrada=in disuso
highway,elevator,autostrada=ascensore
highway,emergency_access_point,autostrada=punto di accesso di emergenza
highway,emergency_bay,autostrada=area_di_emergenza
highway,escape,autostrada=fuga
highway,footway,autostrada = marciapiede
highway,ford,autostrada=guado
highway,gate,autostrada=cancello
highway,give_way,autostrada=dare la precedenza
highway,green_lane,autostrada=corsia_verde
highway,lane,autostrada=corsia
highway,living_street,autostrada=strada_vivente
highway,milestone,autostrada=pietra miliare
highway,mini_roundabout,autostrada=mini_rotatoria
highway,minor,autostrada=minore
highway,motorway,autostrada = autostrada
highway,motorway_junction,autostrada=incrocio autostradale
highway,motorway_link,autostrada=collegamento_autostradale
highway,moving_walkway,autostrada=marciapiede_mobile
highway,no,autostrada=no
highway,ohm:military:Trench,autostrada=ohm:militare:trincea
highway,ohm:ww1:militaryTrench,autostrada=ohm:ww1:militaryTrench
highway,passing_place,autostrada=luogo_di_passaggio
highway,path,autostrada=percorso
highway,Path/Examples,highway=Percorso/Esempi
highway,pedestrian,autostrada=pedonale
highway,piste,autostrada=pista
highway,planned,autostrada=pianificata
highway,platform,autostrada=piattaforma
highway,primary,autostrada=primaria
highway,primary_link,autostrada=collegamento_primario
highway,priority,autostrada=priorità
highway,proposed,autostrada=proposta
highway,raceway,autostrada=pista
highway,razed,autostrada=rasa al suolo
highway,residential,autostrada=residenziale
highway,residential_link,autostrada=collegamento_residenziale
highway,rest_area,autostrada=area_di_sosta
highway,road,autostrada=strada
highway,secondary,autostrada=secondaria
highway,secondary_link,autostrada=collegamento_secondario
highway,service,autostrada=servizio
highway,services,autostrada=servizi
highway,skyway,autostrada=superstrada
highway,speed_camera,autostrada=autovelox
highway,speed_display,autostrada=visualizzazione_velocità
highway,steps,autostrada=passi
highway,stop,autostrada=fermata
highway,street,autostrada=strada
highway,street_lamp,autostrada=lampione
highway,tertiary,autostrada=terziario
highway,tertiary_link,autostrada=collegamento_terziario
highway,toll_booth,autostrada=casello
highway,toll_gantry,autostrada=pedaggio_gantry
highway,tourist_bus_stop,autostrada=fermata_autobus_turistico
highway,track,autostrada=pista
highway,traffic_calming,autostrada=traffico_calmante
highway,traffic_mirror,autostrada=traffic_mirror
highway,traffic_signals,autostrada=segnali stradali
highway,trail,autostrada=sentiero
highway,trailhead,autostrada=inizio sentiero
highway,trunk,autostrada=tronco
highway,trunk_link,autostrada=collegamento_tronco
highway,turning_circle,autostrada=cerchio di svolta
highway,turning_loop,autostrada=anello di svolta
highway,unclassified,autostrada=non classificata
highway,unsurfaced,autostrada=sterrata
highway,via_ferrata,autostrada=via_ferrata
highway,yield,autostrada=dare precedenza
highway:category:pl,1,autostrada:categoria:pl=1
highway:category:pl,2,autostrada:categoria:pl=2
highway:category:pl,3,autostrada:categoria:pl=3
highway:class:pl,GP,autostrada:classe:pl=GP
highway:class:pl,S,autostrada:classe:pl=S
historic,*,storico=*
historic,abandoned,storico=abbandonato
historic,aircraft,storico=aereo
historic,anchor,storico=ancora
historic,aqueduct,storico=acquedotto
historic,archaeological_site,storico=sito_archeologico
historic,artifact,storico=artefatto
historic,battlefield,storico=campo di battaglia
historic,bomb_crater,storico=cratere_bomba
historic,boundary_stone,storico=cippo_di_confine
historic,bridge,storico=ponte
historic,building,storico=edificio
historic,bunker,storico=bunker
historic,cannon,storico=cannone
historic,castle,storico=castello
historic,castle_wall,storico=muro_del_castello
historic,cemetery,storico=cimitero
historic,charcoal_pile,storico=carbone
historic,church,storico=chiesa
historic,city_gate,storico=porta_della_città
historic,city_wall,storico=mura_cittadine
historic,citywalls,storico=mura cittadine
historic,creamery,storico=latteria
historic,district,storico=distretto
historic,epigraph,storico=epigrafe
historic,event,storico=evento
historic,farm,storico=fattoria
historic,flood_mark,storico=segno_di_alluvione
historic,folly,storico=follia
historic,fort,storico=forte
historic,gallows,storico=forca
historic,heritage,storico=patrimonio
historic,highwater_mark,storico=highwater_mark
historic,hollow_way,storico=via_cava
historic,house,storico=casa
historic,industrial,storico=industriale
historic,locomotive,storico=locomotiva
historic,manor,storico=maniero
historic,maritime,storico=marittimo
historic,memorial,storico=memoriale
historic,meteor_crater,storico=cratere_meteorologico
historic,milestone,storico=pietra miliare
historic,mine,storico=mio
historic,mine_shaft,storico=pozzo_minerario
historic,monastery,storico=monastero
historic,monument,storico=monumento
historic,no,storico=no
historic,ogham_stone,storico=ogham_stone
historic,optical_telegraph,storico=telegrafo_ottico
historic,pa,storico=pa
historic,paleontological_site,storico=sito_paleontologico
historic,pillory,storico=gogna
historic,quarry,storico=cava
historic,railway,storico=ferrovia
historic,railway_car,storico=vagone_ferroviario
historic,rampart,storico=bastione
historic,road,storico=strada
historic,roman_road,storico=strada_romana
historic,ruins,storico=rovine
historic,rune_stone,storico=pietra_runica
historic,shieling,storico=scudo
historic,ship,storico=nave
historic,stone,storico=pietra
historic,tank,storico=carro armato
historic,technical_monument,monumento storico=tecnico
historic,threshing_floor,storico=aia
historic,tomb,storico=tomba
historic,tower,storico=torre
historic,tree_shrine,storico=albero_santuario
historic,vehicle,storico=veicolo
historic,venta,storico=venta
historic,wall,storico=muro
historic,wayside_chapel,storico=cappella_a_bordo_strada
historic,wayside_cross,storico=incrocio
historic,wayside_shrine,storico=santuario
historic,wreck,storico=relitto
historic:civilization,imperial_chinese,storico:civiltà=cinese_imperiale
historic:civilization,neolithic,storico:civiltà=neolitico
historic:civilization,prehistoric,storico:civiltà=preistorico
historic:period,heian,storico:periodo=heian
historic:railway,station,storico:ferrovia=stazione
holding_position,ILS,holding_position=ILS
holding_position,intermediate,holding_position=intermediate
holding_position,runway,posizione di attesa=pista
holding_position:type,ILS,holding_position:type=ILS
holding_position:type,intermediate,holding_position:type=intermediate
holding_position:type,runway,holding_position:type=runway
hoops,1,cerchi=1
hoops,2,cerchi=2
horreo,panera,horreo=panera
horse,designated,cavallo=designato
horse,dismount,cavallo=smontare
horse,no,cavallo=no
horse,permissive,cavallo=permissivo
horse,private,cavallo=privato
horse,unknown,cavallo=sconosciuto
house,bungalow,casa=bungalow
house,detached,casa=indipendente
house,link-detached,casa=collegamento-staccato
house,maisonette,casa=maisonette
house,residential,casa=residenziale
house,semi-detached,casa=bifamiliare
house,terrace,casa=terrazza
house,terraced,casa=a schiera
HU:ed_direction,forward,HU:ed_direction=avanti
hunting,raised_hide,caccia=nascondere_sollevato
IBGE:CD_ADMINIS,estadual,IBGE:CD_ADMINIS=estadual
IBGE:CD_ADMINIS,federal,IBGE:CD_ADMINIS=federale
ice_skates,kluning,pattini da ghiaccio=kluning
import,budovy201004,importa=budovy201004
import,budovy201004drev,importa=budovy201004drev
import,freemapkapor,import=freemapkapor
import,grabremote,importa=grabremote
import_ref,kapor_names,import_ref=kapor_names
import_uuid,bb7269ee-502a-5391-8056-e3ce0e66489c,import_uuid=bb7269ee-502a-5391-8056-e3ce0e66489c
importance,national,importanza=nazionale
importance,regional,importanza=regionale
incline,"0,00%","pendenza=0,00%"
incline,0%,pendenza=0%
incline,"10,00%","pendenza=10,00%"
incline,10%,pendenza=10%
incline,down,inclinare = giù
incline,up,inclinare=su
incline,up/down,inclinazione = su/giù
indoor,area,interno=area
indoor,column,interno=colonna
indoor,corridor,interno=corridoio
indoor,door,interno=porta
indoor,level,interno=livello
indoor,no,interno=no
indoor,room,interno=stanza
indoor,wall,interno=parete
indoor_seating,no,posti a sedere al coperto=no
indoormark,beacon,indoormark=faro
industrial,aluminium_smelting,industriale=fusione_di_alluminio
industrial,asphalt_plant,industriale=impianto_di_asfalto
industrial,auto_wrecker,industriale=autodemolitore
industrial,bakery,industriale=panetteria
industrial,brewery,industriale=birrificio
industrial,brickworks,industriale=muratura
industrial,brickyard,industriale=fabbrica di mattoni
industrial,communication,industriale=comunicazione
industrial,concrete_plant,industriale=impianto_di_calcestruzzo
industrial,construction_company,industriale=impresa_di_costruzioni
industrial,data_centre,industriale=centro_dati
industrial,depot,industriale=deposito
industrial,distributor,industriale=distributore
industrial,factory,industriale=fabbrica
industrial,fish_farm,industriale=allevamento ittico
industrial,food_industry,industriale=industria_alimentare
industrial,food_processing,industriale=lavorazione_alimentare
industrial,furniture,industriale=mobili
industrial,gas,industriale=gas
industrial,grinding_mill,industriale=mulino_di_macinazione
industrial,heating_station,industriale=centrale_di_riscaldamento
industrial,ice_factory,industriale=fabbrica_di_ghiaccio
industrial,integrated_circuit,industriale=circuito_integrato
industrial,logistics,industriale=logistica
industrial,machine_shop,industriale=officina meccanica
industrial,metal_processing,industriale=lavorazione_dei_metalli
industrial,mine,industriale=miniera
industrial,mobile_equipment,industriale=attrezzature_mobili
industrial,oil,industriale=petrolio
industrial,oil_mill,industriale=frantoio
industrial,port,industriale=porto
industrial,quarry,industriale=cava
industrial,recycling,industriale=riciclo
industrial,refinery,industriale=raffineria
industrial,rice_mill,industriale=mulino per il riso
industrial,salt_pond,industriale=stagno_salino
industrial,sawmill,industriale=segheria
industrial,scrap_yard,industriale=deposito_di_rottami
industrial,shipyard,industriale=cantiere navale
industrial,slaughterhouse,industriale=mattatoio
industrial,steelmaking,industriale=produzione di acciaio
industrial,warehouse,industriale=magazzino
industrial,well_cluster,industriale=pozzo_cluster
industrial,wellsite,industriale=sito del pozzo
industrial,winery,industriale=azienda vinicola
informal,no,informale=no
information,audioguide,informazioni=audioguida
information,board,informazione=tavola
information,finger_post,informazioni=finger_post
information,finger-post,informazione=finger-post
information,fingerpost,informazione=fingerpost
information,guidepost,informazione=segnale stradale
information,map,informazione=mappa
information,office,informazioni=ufficio
information,route_marker,informazione=indicatore_di_percorso
information,sign,informazione=segno
information,stele,informazione=stele
information,tactile_map,informazioni=mappa_tattile
information,tactile_model,informazioni=modello_tattile
information,terminal,informazione=terminale
information,trail_blaze,informazione=trail_blaze
information,visitor_centre,informazioni=centro_visitatori
inlet,bell_mouth,inlet=bocca a campana
inlet,direct,ingresso=diretto
inlet,grate,ingresso=griglia
inlet,kerb_grate,ingresso=grata_del_marciapiede
inlet,kerb_opening,ingresso=apertura_marciapiede
inlet,screen,ingresso=schermo
inlet,valve,ingresso=valvola
insurance,health,assicurazione=salute
int_ref,AH1,int_ref=AH1
int_ref,AH2,int_ref=AH2
int_ref,E 22,int_ref=E 22
int_ref,E 30,int_ref=E 30
int_ref,E 40,int_ref=E 40
int_ref,E 45,int_ref=E 45
int_ref,E 70,int_ref=E 70
int_ref,E 75,int_ref=E 75
int_ref,E␣22,int_ref=E ␣ 22
int_ref,E␣40,int_ref=E ␣ 40
int_ref,E␣45,int_ref=E ␣ 45
int_ref,E␣75,int_ref=E ␣ 75
intermittent,no,intermittente=no
internet_access,no,accesso_internet=no
internet_access,terminal,internet_access=terminale
internet_access,wired,accesso_internet=cablato
internet_access,wlan,accesso_internet=wlan
internet_access:fee,customers,internet_access:fee=clienti
internet_access:fee,no,internet_access:fee=no
irrigated,no,irrigato=no
irrigation,pivot,irrigazione=perno
is_in,*,è_in=*
is_in,"Iraq , جمهورية العراق","is_in=Iraq , جمهورية العراق"
is_in,"Québec,Canada","is_in=Québec, Canada"
is_in,"Santa Rosa de Cabal, Risaralda, Colombia","is_in=Santa Rosa de Cabal, Risaralda, Colombia"
is_in:city,Santa Rosa de Cabal,is_in:city=Santa Rosa de Cabal
is_in:country,Ethiopia,is_in:country=Etiopia
is_in:country,Indonesia,is_in:country=Indonesia
is_in:country,Iran,is_in:country=Iran
is_in:country,Nigeria,is_in:country=Nigeria
is_in:country,România,is_in:country=Romania
is_in:country_code,*,is_in:codice_paese=*
is_in:country_code,ET,is_in:country_code=ET
is_in:country_code,ID,is_in:country_code=ID
isced:level,0,isced:livello=0
isced:level,1,isced:livello=1
isced:level,2,isced:livello=2
isced:level,3,isced:livello=3
isced:level,4,isced:livello=4
isced:level,5,isced:livello=5
isced:level,6,isced:livello=6
isced:level,0-1,isced:livello=0-1
isced:level,0;1,isced:livello=0;1
isced:level,1;2,isced:livello=1;2
it:fvg:ctrn:code,4AAF,it:fvg:ctrn:code=4AAF
it:fvg:ctrn:code,4ABA,it:fvg:ctrn:code=4ABA
it:fvg:ctrn:code,4AED,it:fvg:ctrn:code=4AED
it:fvg:ctrn:code,4AIN,it:fvg:ctrn:code=4AIN
it:fvg:ctrn:revision,0,it:fvg:ctrn:revisione=0
it:fvg:ctrn:revision,1A0,it:fvg:ctrn:revisione=1A0
it:fvg:ctrn:revision,1AM,it:fvg:ctrn:revision=1AM
it:fvg:ctrn:revision,1AN,it:fvg:ctrn:revisione=1AN
it:pv:pavia:EDIFC_USO,201,it:pv:pavia:EDIFC_USO=201
it:pv:pavia:UN_VOL_POR,301,it:pv:pavia:UN_VOL_POR=301
junction,approach,giunzione=avvicinamento
junction,circular,giunzione=circolare
junction,crossing,incrocio=incrocio
junction,filter,giunzione=filtro
junction,intersection,giunzione=intersezione
junction,jughandle,giunzione=jughandle
junction,roundabout,incrocio=rotatoria
junction,separate,giunzione=separato
junction,spui,giunzione=spui
junction,uncontrolled,giunzione=incontrollata
junction,y_junction,giunzione=giunzione_y
kerb,flush,marciapiede=filo
kerb,lowered,marciapiede=abbassato
kerb,no,marciapiede=no
kerb,raised,marciapiede=rialzato
kerb,rolled,marciapiede=arrotolato
key,site,chiave=sito
KSJ2:curve_id,c00001,KSJ2:curve_id=c00001
KSJ2:curve_type,exterior,KSJ2:curve_type=exterior
KSJ2:DFC,1,KSJ2:DFC=1
KSJ2:DFC_label,森林地域,KSJ2:DFC_label=森林地域
KSJ2:filename,A13-06_01.xml,KSJ2:nomefile=A13-06_01.xml
KSJ2:filename,N03-090320_02_new.xml,KSJ2:nomefile=N03-090320_02_new.xml
KSJ2:filename,N03-090320_16_new.xml,KSJ2:nomefile=N03-090320_16_new.xml
KSJ2:ODC,数値地図25000空間データ基盤,KSJ2:ODC=数値地図25000空間データ基盤
KSJ2:ODC,数値地図25000空間データ基盤;管内図（縮尺＜＝50000）,KSJ2:ODC=数値地図25000空間データ基盤;管内図（縮尺＜＝50000）
KSJ2:ODC,管内図（縮尺＜＝50000）,KSJ2:ODC=管内図（縮尺＜＝50000）
KSJ2:PRC,1,KSJ2:PRC=1
KSJ2:PRC_label,北海道,KSJ2:PRC_label=北海道
KSJ2:PubFacAdmin,市区町村,KSJ2:PubFacAdmin=市区町村
KSJ2:PubFacAdmin,民間,KSJ2:PubFacAdmin=民間
lamp_flames,1,lamp_flames=1
lamp_flames,4,lamp_flames=4
lamp_mount,angled_mast,lamp_mount=angled_mast
lamp_mount,bent_mast,lamp_mount=bent_mast
lamp_mount,bent␣mast,lamp_mount=bent ␣ albero
lamp_mount,cast␣steel␣mast,lamp_mount=cast ␣ acciaio ␣ albero
lamp_mount,high_mast,lamp_mount=high_mast
lamp_mount,mast,lamp_mount=albero
lamp_mount,pole,lamp_mount=palo
lamp_mount,straight_mast,lamp_mount=straight_mast
lamp_mount,suspended,lamp_mount=sospeso
lamp_mount,wall,lamp_mount=parete
lamp_operator,Hansestadt Rostock,lamp_operator=Hansestadt Rostock
lamp_operator,Hansestadt␣Rostock,lamp_operator=Hansestadt ␣ Rostock
lamp_operator,Stadtwerke Düsseldorf,lamp_operator=Stadtwerke Düsseldorf
lamp_operator,Stadtwerke␣Düsseldorf,lamp_operator=Stadtwerke ␣ Düsseldorf
lamp_type,electric,lamp_type=elettrico
lamp_type,electrical,lamp_type=elettrico
lamp_type,floodlight,lamp_type=proiettore
lamp_type,fluorescent,lamp_type=fluorescente
lamp_type,fluorescent_bulb,lamp_type=lampadina_fluorescente
lamp_type,gaslight,lamp_type=gaslight
lamp_type,high_pressure_sodium,lamp_type=sodio_alta_pressione
lamp_type,LED,tipo_lampada=LED
lamp_type,led,tipo_lampada=led
lamp_type,low_pressure_sodium,lamp_type=sodio_a_bassa_pressione
lamp_type,mercury,lamp_type=mercurio
lamp_type,metal-halide,lamp_type=alogenuri metallici
lamp_type,metal-halogenide,lamp_type=metallo-alogenuro
lamp_type,sodium,lamp_type=sodio
lamp_type,sodium_vapor,lamp_type=vapori_di_sodio
lamp_type,solar_lamp,lamp_type=lampada_solare
lamp_type,SON,lamp_type=SON
lamp_type,SOX,lamp_type=SOX
lamp:count,1,lampada: conteggio=1
lamp:shape,directed,lampada:forma=diretta
lamp:tilt,-90,lampada:inclinazione=-90
land_area,administrative,land_area=amministrativa
land_property,private,proprietà_terrestre=privata
land_property,public,proprietà_terrestre=pubblica
landcover,bare_ground,copertura del terreno=terreno nudo
landcover,dunes,copertura del suolo=dune
landcover,flowers,copertura del suolo = fiori
landcover,grass,copertura del suolo=erba
landcover,gravel,copertura del terreno=ghiaia
landcover,greenery,copertura del suolo = vegetazione
landcover,hedge,copertura del terreno=siepe
landcover,mostly_rock,copertura del terreno=per lo più rocciosa
landcover,sand,copertura del suolo = sabbia
landcover,scrub,copertura del suolo = macchia
landcover,shrub,copertura del suolo=arbusto
landcover,shrubland,copertura del suolo=arbusteto
landcover,shrubs,copertura del suolo=arbusti
landcover,tees,copertura del suolo=tees
landcover,trees,copertura del suolo=alberi
landcover,water,copertura del suolo=acqua
landform,dune,forma del terreno=duna
landform,dune_system,landform=sistema_di_dune
landform,esker,landform=esker
landform,tundra_polygon,landform=tundra_polygon
landmark,beacon,punto di riferimento=faro
landmark,cairn,punto di riferimento=tumulo
landmark,cemetery,punto di riferimento=cimitero
landmark,chimney,punto di riferimento=camino
landmark,cross,punto di riferimento=croce
landmark,dish_aerial,punto di riferimento=piatto_aereo
landmark,dome,punto di riferimento=cupola
landmark,flagpole,punto di riferimento=asta della bandiera
landmark,flare_stack,punto di riferimento=flare_stack
landmark,large_rock,punto di riferimento=grande_roccia
landmark,mast,punto di riferimento=albero
landmark,memorial_plaque,punto di riferimento=targa commemorativa
landmark,obelisk,punto di riferimento=obelisco
landmark,pillar,punto di riferimento=pilastro
landmark,radar_scanner,punto di riferimento=radar_scanner
landmark,rock_pinnacle,punto di riferimento=pinnacolo_roccioso
landmark,spire,punto di riferimento=guglia
landmark,statue,punto di riferimento=statua
landmark,tower,punto di riferimento=torre
landmark,windmill,punto di riferimento=mulino a vento
landmark,windmotor,punto di riferimento=motore eolico
landmark,windsock,punto di riferimento=manica a vento
LandPro08:reviewed,no,LandPro08:recensito=no
landuse,agriculture,uso del suolo=agricoltura
landuse,allotments,uso del suolo=orti
landuse,animal_keeping,uso del suolo=allevamento_animali
landuse,apiary,landuse=apiario
landuse,aquaculture,uso del suolo=acquacoltura
landuse,basin,landuse=bacino
landuse,breeding,uso del suolo=allevamento
landuse,brownfield,landuse=brownfield
landuse,building_site,landuse=cantiere_edificatorio
landuse,canal,uso del suolo=canale
landuse,cemetery,landuse=cimitero
landuse,churchyard,landuse=cimitero
landuse,civic_admin,landuse=civic_admin
landuse,clearing,uso del suolo=disboscamento
landuse,commercial,uso del suolo=commerciale
landuse,conservation,uso del suolo=conservazione
landuse,construction,uso del suolo=costruzione
landuse,depot,landuse=depot
landuse,education,uso del suolo=istruzione
landuse,farm,uso del suolo=fattoria
landuse,farmland,landuse=terreno agricolo
landuse,farmyard,landuse=cortile
landuse,field,landuse=campo
landuse,fish_pond,landuse=stagno_per_pesci
landuse,fishfarm,landuse=allevamento ittico
landuse,flowerbed,landuse=aiuola
landuse,forest,uso del suolo=foresta
landuse,forestry,uso del suolo=silvicoltura
landuse,garages,uso del suolo=garage
landuse,governmental,uso del suolo=governativo
landuse,grass,landuse=erba
landuse,grave_yard,landuse=grave_yard
landuse,greenery,uso del suolo=verde
landuse,greenfield,landuse=campo verde
landuse,greenhouse_horticulture,landuse=serra_orticoltura
landuse,harbour,landuse=porto
landuse,healthcare,uso del suolo=assistenza sanitaria
landuse,highway,landuse=autostrada
landuse,hop_garden,landuse=luppolatura
landuse,house,landuse=casa
landuse,industrial,uso del suolo=industriale
landuse,institutional,landuse=istituzionale
landuse,landfill,uso del suolo=discarica
landuse,livestock,uso del suolo=bestiame
landuse,logging,uso del suolo=disboscamento
landuse,meadow,landuse=prato
landuse,meadow_orchard,uso del terreno=prato_frutteto
landuse,military,uso del suolo=militare
landuse,mine,uso del suolo=miniera
landuse,observatory,landuse=osservatorio
landuse,orchard,landuse=frutteto
landuse,pasture,landuse=pascolo
landuse,peat_cutting,uso del suolo=taglio_della_torba
landuse,piste,landuse=pista
landuse,plant_nursery,landuse=vivaio
landuse,plantation,uso del suolo=piantagione
landuse,plot,uso del suolo=trama
landuse,pond,landuse=stagno
landuse,port,landuse=porto
landuse,prison,landuse=prigione
landuse,public_works,landuse=lavori_pubblici
landuse,quarry,uso del suolo=cava
landuse,radio,landuse=radio
landuse,railway,landuse=ferrovia
landuse,recreation_ground,landuse=area_ricreativa
landuse,religious,landuse=religioso
landuse,research,uso del suolo=ricerca
landuse,reservoir,landuse=serbatoio
landuse,reservoir_watershed,landuse=bacino idrico
landuse,residential,landuse=residenziale
landuse,retail,uso del suolo=vendita al dettaglio
landuse,salt_pond,landuse=stagno_salino
landuse,school,landuse=scuola
landuse,scrub,landuse=macchia
landuse,shrubs,uso del suolo=arbusti
landuse,static_caravan,landuse=static_caravan
landuse,street,landuse=strada
landuse,traffic_island,landuse=isola_di_traffico
landuse,trees,landuse=alberi
landuse,turbary,landuse=turbary
landuse,village_green,landuse=village_green
landuse,vineyard,landuse=vigneto
landuse,wasteland,landuse=terra desolata
landuse,well,landuse=bene
landuse,wellsite,landuse=sito del pozzo
landuse,wholesale,landuse=all'ingrosso
landuse,winter_sport,landuse=sport_invernali
landuse,winter_sports,landuse=sport_invernali
landuse,wood,uso del suolo=legno
landuse,wood_(Don't_use),landuse=wood_(Non_usare)
landuse:secondary,*,landuse:secondary=*
lane,buffered,corsia=bufferizzata
lane_markings,no,segnaletica_di_corsia=no
lanes,1,corsie=1
lanes,2,corsie=2
lanes,3,corsie=3
lanes,4,corsie=4
lanes,5,corsie=5
lanes,6,corsie=6
lanes,7,corsie=7
lanes:backward,1,corsie:indietro=1
lanes:backward,2,corsie:indietro=2
lanes:backward,3,corsie:indietro=3
lanes:backward,4,corsie:indietro=4
lanes:both_ways,1,corsie:entrambe_le_direzioni=1
lanes:bus,1,corsie:autobus=1
lanes:forward,1,corsie:avanti=1
lanes:forward,2,corsie:avanti=2
lanes:forward,3,corsie:avanti=3
lanes:forward,4,corsie:avanti=4
lanes:psv,1,corsie:psv=1
lawyer,notary,avvocato=notaio
layer,-3,strato=-3
layer,-2,strato=-2
layer,-1,strato=-1
layer,0,strato=0
layer,1,strato=1
layer,2,strato=2
layer,3,strato=3
layer,*,strato=*
lbcs:function:code,1101,lbcs:funzione:codice=1101
lbcs:function:name,Single␣family␣residence␣(detached),lbcs:function:name= Residenza monofamiliare ␣ ( indipendente )
lcn,proposed,lcn=proposto
leaf_cycle,deciduous,leaf_cycle=deciduo
leaf_cycle,evergreen,leaf_cycle=sempreverde
leaf_cycle,mixed,leaf_cycle=misto
leaf_cycle,semi_deciduous,leaf_cycle=semi_deciduo
leaf_cycle,semi_evergreen,leaf_cycle=semi_sempreverde
leaf_type,Arbre,leaf_type=Albero
leaf_type,broadleaved,leaf_type=latifoglie
leaf_type,leafless,leaf_type=senza foglie
leaf_type,mixed,leaf_type=misto
leaf_type,needleleaved,leaf_type=ago-leaved
leaf_type,palm,leaf_type=palma
leisure,adult_gaming_centre,svago=centro_giochi_per_adulti
leisure,amusement_arcade,svago=sala giochi
leisure,arena,svago=arena
leisure,axe_throwing,tempo libero=lancio dell'ascia
leisure,bandstand,svago=palco della musica
leisure,barefoot,tempo libero = a piedi nudi
leisure,bathing_place,svago=luogo_di_balneazione
leisure,bbq,tempo libero=barbecue
leisure,beach,tempo libero=spiaggia
leisure,beach_resort,tempo libero=località balneare
leisure,bingo_hall,tempo libero=sala_bingo
leisure,bird_hide,svago=nascondiglio_per_uccelli
leisure,bleachers,tempo libero = tribune
leisure,bowling_alley,svago=pista_da_bowling
leisure,casino,svago=casinò
leisure,club,svago=club
leisure,club_house,tempo libero=club_house
leisure,common,tempo libero=comune
leisure,dance,tempo libero = danza
leisure,dancing,tempo libero = ballo
leisure,disc_golf_course,tempo libero=campo da disc_golf
leisure,dog_park,svago=parco_per_cani
leisure,escape_game,svago=gioco_di_fuga
leisure,events,tempo libero=eventi
leisure,festival_grounds,svago=aree_del_festival
leisure,firepit,tempo libero=braciere
leisure,fishing,tempo libero = pesca
leisure,fitness_centre,tempo libero=centro_fitness
leisure,fitness_station,tempo libero=stazione_fitness
leisure,foot_bath,tempo libero=pediluvio
leisure,gambling,tempo libero = gioco d'azzardo
leisure,garden,tempo libero=giardino
leisure,golf_course,tempo libero=campo_da_golf
leisure,hackerspace,tempo libero=hackerspace
leisure,horse_riding,tempo libero=equitazione
leisure,hot_spring,tempo libero=sorgente_termica
leisure,hot_tub,tempo libero=vasca_idromassaggio
leisure,ice_rink,svago=pista_di_ghiaccio
leisure,indoor_play,tempo libero=gioco_al_coperto
leisure,landscape_reserve,tempo libero=riserva_paesaggistica
leisure,marina,tempo libero=marina
leisure,maze,svago=labirinto
leisure,miniature_golf,svago=minigolf
leisure,music_venue,svago=locale_musicale
leisure,nature_reserve,tempo libero=riserva_naturale
leisure,outdoor_seating,tempo libero=posti_a_sedere_all'aperto
leisure,paddling_pool,svago=piscina_per_bambini
leisure,park,svago=parco
leisure,parklet,tempo libero=parklet
leisure,picnic,tempo libero = picnic
leisure,picnic_site,svago=area picnic
leisure,picnic_table,tempo libero=tavolo_da_picnic
leisure,pitch,tempo libero = campo
leisure,playground,tempo libero = parco giochi
leisure,practice_pitch,tempo libero=campo di pratica
leisure,recreation_centre,svago=centro ricreativo
leisure,recreation_ground,svago=parco_ricreativo
leisure,Red_Light_District,svago=quartiere_a_luci_rosse
leisure,resort,svago=resort
leisure,sailing_club,tempo libero=club_velico
leisure,sauna,tempo libero=sauna
leisure,schoolyard,tempo libero = cortile della scuola
leisure,shooting_ground,svago=campo di tiro
leisure,ski_playground,svago=sci_parco giochi
leisure,slipway,svago=scivolo
leisure,soccer_golf,tempo libero=calcio_golf
leisure,social_club,tempo libero=club_sociale
leisure,sports_centre,svago=centro_sportivo
leisure,sports_hall,tempo libero=palestra
leisure,stadium,tempo libero=stadio
leisure,summer_camp,tempo libero=campo_estivo
leisure,sunbathing,tempo libero = prendere il sole
leisure,swimming_area,svago=area_nuoto
leisure,swimming_pool,tempo libero=piscina
leisure,table_tennis_table,tempo libero=tavolo_ping-pong
leisure,tanning_salon,tempo libero=salone_abbronzatura
leisure,track,tempo libero=pista
leisure,trampoline_park,tempo libero=parco_trampolini
leisure,turkish_bath,tempo libero=bagno_turco
leisure,video_arcade,svago=sala_video
leisure,village_swing,svago=villaggio_altalena
leisure,water_park,svago=parco_acquatico
leisure,wellness,tempo libero=benessere
leisure,wildlife_hide,tempo libero=nascondi_fauna selvatica
level,-3,livello=-3
level,-2,livello=-2
level,-1,livello=-1
level,0,livello=0
level,1,livello=1
level,2,livello=2
level,3,livello=3
level,4,livello=4
level,5,livello=5
level,-1;0,livello=-1;0
level,*,livello=*
level,0;-1,livello=0;-1
level,0;1,livello=0;1
level_crossing,automatic_barrier,passaggio_a_livello=barriera_automatica
level_crossing,traffic_signals,passaggio a livello=segnali stradali
level_crossing,uncontrolled,passaggio a livello=incontrollato
level:ref,0,livello:rif=0
level:ref,1,livello:rif=1
level:ref,2,livello:rif=2
levels,1,livelli=1
liaison,liaison_office,collegamento=ufficio_di_collegamento
liaison,representative_office,collegamento=ufficio_rappresentante
liaison,subnational,collegamento=subnazionale
lifeguard,base,bagnino=base
lifeguard,tower,bagnino=torre
lift_gate:type,single,lift_gate:type=single
light_source,aviation,sorgente_di_luce=aviazione
light_source,lantern,sorgente_di_luce=lanterna
light:aviation,taxiway_centre,luce:aviazione=centro_via_di_rullaggio
light:colour,blue,luce:colore=blu
light:colour,green,luce:colore=verde
light:colour,orange,luce:colore=arancione
light:colour,white,luce:colore=bianco
light:count,1,luce: conteggio=1
light:count,2,luce: conteggio=2
light:lit,dusk-dawn,luce:illuminato=crepuscolo-alba
light:lit,sunset-sunrise,luce:illuminato=tramonto-alba
light:method,discharge,luce:metodo=scarica
light:method,electric,luce:metodo=elettrico
light:method,fluorescent,luce:metodo=fluorescente
light:method,high_pressure_sodium,luce:metodo=sodio ad alta pressione
light:method,LED,luce:metodo=LED
light:method,sodium,luce:metodo=sodio
light:power,100 W,luce:potenza=100 W
light:shape,cylindrical,luce:forma=cilindrica
light:shape,directed,luce:forma=diretta
light:tilt,-90,luce:inclinazione=-90
line,bay,linea=baia
line,busbar,linea=sbarra collettrice
line,substation,linea=sottostazione
line_arrangement,horizontal,disposizione_delle_linee=orizzontale
line_attachment,anchor,line_attachment=ancora
line_attachment,pin,line_attachment=pin
line_attachment,pulley,line_attachment=puleggia
line_attachment,suspension,line_attachment=sospensione
line_management,branch,line_management=ramo
line_management,cross,gestione_linee=incrocio
line_management,split,line_management=split
line_management,straight,line_management=dritto
line_management,termination,line_management=terminazione
line_management,transition,line_management=transizione
line_management,transpose,line_management=trasposizione
lines,phone,linee=telefono
LINZ:dataset,mainland,LINZ:dataset=terraferma
LINZ:layer,cliff_edge,LINZ:layer=cliff_edge
LINZ:layer,drain_cl,LINZ:layer=drain_cl
LINZ:layer,exotic_poly,LINZ:layer=esotico_poli
LINZ:layer,lake_poly,LINZ:layer=lake_poly
LINZ:layer,native_poly,LINZ:layer=native_poly
LINZ:layer,river_cl,LINZ:layer=river_cl
LINZ:layer,scattered_scrub_poly,LINZ:layer=scattered_scrub_poly
LINZ:layer,scrub_poly,LINZ:layer=scrub_poly
LINZ:layer,swamp_poly,LINZ:layer=swamp_poly
LINZ:layer,track_cl,LINZ:layer=track_cl
LINZ:layer,tree_pnt,LINZ:layer=tree_pnt
LINZ:reviewed,no,LINZ:recensito=no
LINZ:source_version,2012-06-06,LINZ:source_version=2012-06-06
LINZ:source_version,V16,LINZ:versione_sorgente=V16
LINZ2OSM:dataset,kx_wellington_city_council,LINZ2OSM:dataset=kx_wellington_city_council
LINZ2OSM:layer,ac_buildings,LINZ2OSM:layer=ac_buildings
LINZ2OSM:layer,wcc_buildings,LINZ2OSM:layer=wcc_buildings
LINZ2OSM:source_version,2015-02-02,LINZ2OSM:versione_sorgente=2015-02-02
LINZ2OSM:source_version,2015-04-13,LINZ2OSM:versione_sorgente=2015-04-13
listed_status,Grade II,listed_status=Grado II
listed_status,Grade_I,listed_status=Grado_I
listed_status,Grade␣II,listed_status=Grado ␣ II
lit,24/07/23,illuminato=24/07/23
lit,24/7,acceso=24/7
lit,automatic,acceso=automatico
lit,disused,lit=in disuso
lit,dusk-dawn,lit=crepuscolo-alba
lit,interval,lit=intervallo
lit,limited,lit=limitato
lit,no,acceso=no
lit,"sunset-00:00,05:00-sunrise␣UTC","lit=tramonto-00:00,05:00-alba ␣ UTC"
lit,sunset-sunrise,lit=tramonto-alba
lit:perceived,colorless,lit:percepito=incolore
lit:perceived,daylike,lit:percepito=diurno
lit:perceived,good,lit:percepito=buono
lit:perceived,minimal,lit:percepito=minimo
lit:perceived,none,lit:percepito=nessuno
lit:perceived,poor,lit:percepito=povero
loading_gauge,GB,loading_gauge=GB
loading_gauge,GC,loading_gauge=GC
loading_gauge,TSI_GA,loading_gauge=TSI_GA
loading_gauge,TSI_GB,loading_gauge=TSI_GB
loading_gauge,TSI_GB1,loading_gauge=TSI_GB1
loading_gauge,TSI_GC,loading_gauge=TSI_GC
local_authority:IN,gram_panchayat,autorità_locale:IN=gram_panchayat
local_ref,1,riferimento_locale=1
local_ref,2,riferimento_locale=2
local_ref,A,local_ref=A
local_ref,B,riferimento_locale=B
locality,subtownland,località=subtownland
locality,townland,località=città
location,bridge,posizione=ponte
location,cave,posizione=grotta
location,ground,posizione=terra
location,indoor,posizione=interno
location,kiosk,posizione=chiosco
location,outdoor,posizione=all'aperto
location,overground,posizione=fuori terra
location,overhead,posizione=sopraelevata
location,pavement,posizione=marciapiede
location,platform,posizione=piattaforma
location,pole,posizione=polo
location,roof,posizione=tetto
location,rooftop,posizione=tetto
location,surface,posizione=superficie
location,tunnel,posizione=galleria
location,underground,posizione=sotterranea
location,underwater,posizione=sott'acqua
location:accuracy,1.5,"posizione:accuratezza=1,5"
location:accuracy,2.5,posizione:accuratezza=2.5
lockable,no,bloccabile=no
locked,no,bloccato=no
logistics,aerospace,logistica=aerospaziale
logistics,hgv,logistica=trasporto merci su strada
logistics,railway,logistica=ferrovia
logistics,spaceflight,logistica=volo spaziale
luminous,no,luminoso=no
maintenance,gritting,manutenzione=sabbiatura
maintenance,salting,manutenzione=salatura
man_made,adit,artificiale=adit
man_made,advertising,pubblicità artificiale
man_made,animal_trap,trappola_artificiale=trappola_per_animali
man_made,antenna,antenna artificiale
man_made,archimedes_screw,vite di Archimede creata dall'uomo
man_made,architecture_line,artificiale=linea_di_architettura
man_made,avalanche_protection,artificiale=protezione_valanghe
man_made,basin,bacino artificiale
man_made,beacon,man_made=faro
man_made,beam,man_made=trave
man_made,beehive,artificiale=alveare
man_made,bioreactor,artificiale=bioreattore
man_made,bioswale,artificiale=bioswale
man_made,bird_feeder,artificiale=mangiatoia per uccelli
man_made,borehole,man_made=foro
man_made,breakwater,man_made=frangiflutti
man_made,bridge,ponte artificiale
man_made,bunker_silo,artificiale=bunker_silo
man_made,buoy,man_made=boa
man_made,cairn,artificiale=tumulo
man_made,campanile,man_made=campanile
man_made,canopy,artificiale=baldacchino
man_made,carpet_hanger,artificiale=appendino per tappeti
man_made,cellar_entrance,artificiale=ingresso_della_cantina
man_made,ceremonial_gate,artificiale=cancello_cerimoniale
man_made,charge_point,artificiale=punto di ricarica
man_made,chiller,artificiale=raffreddatore
man_made,chimney,artificiale=camino
man_made,chute_block,artificiale=blocco_paracadute
man_made,clarifier,artificiale=chiarificatore
man_made,clearcut,artificiale=taglio netto
man_made,column,man_made=colonna
man_made,communications_tower,torre_di_comunicazione_artificiale
man_made,compass_rose,artificiale=rosa_dei_venti
man_made,cooling,raffreddamento artificiale
man_made,cooling_tower,torre_di_raffreddamento_artificiale
man_made,courtyard,man_made=cortile
man_made,crane,man_made=gru
man_made,cricket_nets,reti da cricket artificiali
man_made,cross,artificiale=croce
man_made,cut_line,artificiale=linea_di_taglio
man_made,cutline,man_made=cutline
man_made,desalination_plant,impianto di desalinizzazione artificiale
man_made,dike,artificiale=diga
man_made,dolphin,artificiale=delfino
man_made,dovecote,man_made=colombaia
man_made,drinking_fountain,fontanella artificiale
man_made,dyke,artificiale=diga
man_made,embankment,man_made=argine
man_made,excavation,scavo artificiale
man_made,ferry_cable,artificiale=cavo_del_traghetto
man_made,flagpole,man_made=asta della bandiera
man_made,flare,artificiale=razzo
man_made,floating_storage,artificiale=deposito_fluttuante
man_made,footwear_decontamination,decontaminazione delle calzature artificiali
man_made,frost_fan,artificiale=ventilatore_di_gelo
man_made,fuel_column,man_made=colonna_di_carburante
man_made,funding_sign,man_made=funding_sign
man_made,gantry,man_made=gantry
man_made,gas_well,artificiale=pozzo_di_gas
man_made,gasometer,man_made=gasometro
man_made,geoglyph,man_made=geoglifo
man_made,goods_conveyor,artificiale=trasportatore_di_merci
man_made,graduation_tower,man_made=torre_di_laurea
man_made,ground_station,stazione_terrestre_creata=artificiale
man_made,groyne,artificiale=frangiflutti
man_made,guard_stone,man_made=pietra_di_guardia
man_made,guy,man_made=ragazzo
man_made,guy_insulator,man_made=guy_insulator
man_made,guy_wire,artificiale=cavo di ancoraggio
man_made,handpump,man_made=pompa a mano
man_made,heap,man_made=mucchio
man_made,hongsalmun,artificiale=hongsalmun
man_made,hot_water_tank,artificiale=serbatoio_di_acqua_calda
man_made,hunting_stand,artificiale=postazione_di_caccia
man_made,ice_house,artificiale=ghiacciaia
man_made,insect_hotel,hotel per insetti artificiale
man_made,jetty,artificiale=molo
man_made,kiln,man_made=forno
man_made,lamp,lampada artificiale
man_made,launch_pad,artificiale=piattaforma_di_lancio
man_made,levee,artificiale=argine
man_made,lighthouse,man_made=faro
man_made,manhole,man_made=tombino
man_made,marsh_terrace,artificiale=terrazza_paludosa
man_made,mast,man_made=albero
man_made,maypole,man_made=albero di maggio
man_made,MDF,artificiale=MDF
man_made,measurement_station,stazione di misura artificiale
man_made,meridian_marker,man_made=meridian_marker
man_made,mine,artificiale=mio
man_made,mineshaft,man_made=pozzo minerario
man_made,monitoring_station,stazione di monitoraggio artificiale
man_made,mound,man_made=tumulo
man_made,mountaineers_mailbox,man_made=mountaineers_mailbox
man_made,mounting_block,blocco di montaggio artificiale
man_made,mussel_raft,artificiale=zattera_di_cozze
man_made,Nesting_site,man_made=Sito di nidificazione
man_made,obelisk,man_made=obelisco
man_made,observatory,man_made=osservatorio
man_made,offshore_platform,artificiale=piattaforma_offshore
man_made,oil_gas_separator,artificiale=separatore_petrolio_gas
man_made,oil_well,artificiale=pozzo_petrolifero
man_made,outfall,man_made=scarico
man_made,oxidation_ditch,artificiale=fossa di ossidazione
man_made,paifang,man_made=paifang
man_made,petroleum_well,artificiale=pozzo_petrolifero
man_made,pier,man_made=molo
man_made,pillar,pilastro artificiale
man_made,pipeline,artificiale=oleodotto
man_made,planter,man_made=piantatrice
man_made,polder,artificiale=polder
man_made,pole,man_made=palo
man_made,pond,artificiale=stagno
man_made,power_hydro,artificiale=energia_idroelettrica
man_made,power_nuclear,artificiale=energia_nucleare
man_made,power_wind,artificiale=energia_eolica
man_made,pump,pompa artificiale
man_made,pumping_rig,artificiale=impianto_di_pompaggio
man_made,pumping_station,stazione di pompaggio artificiale
man_made,qanat,artificiale=qanat
man_made,quay,artificiale=banchina
man_made,reinforced_slope,artificiale=pendio rinforzato
man_made,reservoir,man_made=serbatoio
man_made,reservoir_covered,artificiale=riserva_coperta
man_made,satellite_dish,artificiale=antenna_satellitare
man_made,school_sentry,man_made=sentinella_della_scuola
man_made,septic_tank,artificiale=fossa settica
man_made,sewage,man_made=acque reflue
man_made,silo,artificiale=silo
man_made,ski_jump,artificiale=salto con gli sci
man_made,slurry_basin,artificiale=bacino_di_liquame
man_made,snow_cannon,artificiale=cannone da neve
man_made,snow_fence,artificiale=recinto_nevato
man_made,snow_net,artificiale=rete_da_neve
man_made,spoil_heap,artificiale=mucchio di detriti
man_made,spring_box,artificiale=scatola_molla
man_made,stele,man_made=stele
man_made,storage_tank,artificiale=serbatoio di stoccaggio
man_made,street_cabinet,man_made=street_cabinet
man_made,stupa,man_made=stupa
man_made,submarine_cable,artificiale=cavo sottomarino
man_made,summit_cross,artificiale=vertice_croce
man_made,surveillance,sorveglianza artificiale
man_made,survey_point,artificiale=punto_di_rilevamento
man_made,tailings_pond,artificiale=stagno_di_decantazione
man_made,tank,man_made=carro armato
man_made,tar_kiln,artificiale=forno_di_catrame
man_made,telephone_box,artificiale=cabina telefonica
man_made,telephone_exchange,artificiale=scambio telefonico
man_made,telephone_office,artificiale=telefono_ufficio
man_made,telescope,telescopio artificiale
man_made,tell,man_made=raccontare
man_made,threshing_floor,artificiale=aia
man_made,tomb,tomba artificiale
man_made,tombstone,man_made=lapide
man_made,torii,man_made=torii
man_made,tower,torre artificiale
man_made,tunnel,artificiale=galleria
man_made,utility_pole,artificiale=palo della luce
man_made,ventilation_shaft,artificiale=pozzo di ventilazione
man_made,video_wall,artificiale=video_wall
man_made,wastewater_basin,artificiale=bacino_di_acque_reflue
man_made,wastewater_plant,artificiale=impianto_di_trattamento_delle_acque_reflue
man_made,water_canal,artificiale=canale_d'acqua
man_made,water_tank,artificiale=serbatoio_d'acqua
man_made,water_tap,artificiale=rubinetto dell'acqua
man_made,water_tower,artificiale=torre_d'acqua
man_made,water_well,artificiale=pozzo d'acqua
man_made,water_works,artificiale=acquedotto
man_made,watermill,man_made=mulino ad acqua
man_made,waterway,artificiale=via d'acqua
man_made,well,artificiale=bene
man_made,wildlife_crossing,artificiale=attraversamento_della_fauna_selvatica
man_made,wildlife_opening,man_made=apertura_della_fauna
man_made,windmill,man_made=mulino a vento
man_made,windpump,artificiale=pompa eolica
man_made,works,opere realizzate dall'uomo
managed,no,gestito=no
manhole,drain,tombino=scarico
manhole,sewer,tombino=fogna
manhole,telecom,tombino=telecomunicazione
manufacturer,Enercon,produttore=Enercon
manufacturer,Flock Safety,produttore=Flock Safety
manufacturer,GE,produttore=GE
manufacturer,Siemens,produttore=Siemens
manufacturer,Vestas,produttore=Vestas
manufacturer:wikidata,Q108485435,produttore:wikidata=Q108485435
map_size,city,map_size=città
map_size,region,map_size=regione
map_size,site,map_size=sito
map_type,scheme,map_type=schema
map_type,street,map_type=strada
map_type,topo,map_type=topo
mapper,mspray9,mappatore=mspray9
marker,aerial,marcatore=aereo
marker,ground,marcatore=terra
marker,paddle,marcatore=pagaia
marker,pedestal,marcatore=piedistallo
marker,plate,marcatore=piatto
marker,post,marcatore=post
marker,stone,marcatore=pietra
massage,thai,massaggio=tailandese
massgis:DCAM_ID,0,massgis:DCAM_ID=0
massgis:DEED_ACRES,0.00000000,massgis:DEED_ACRES=0.00000000
massgis:EOEAINVOLV,0,massgis:EOEAINVOLV=0
massgis:FY_FUNDING,0,massgis:FY_FUNDING=0
massgis:IT_VALC,WS1,massgis:IT_VALC=WS1
massgis:IT_VALDESC,WOODED SWAMP DECIDUOUS,massgis:IT_VALDESC=PALUME BOSCHIVA DECIDUA
massgis:LEV_PROT,P,massgis:LEV_PROT=P
massgis:OS_DEED_BO,0,massgis:OS_DEED_BO=0
massgis:OS_DEED_PA,0,massgis:OS_DEED_PA=0
massgis:PALIS_ID,0,massgis:PALIS_ID=0
massgis:POLY_CODE,3,massgis:POLY_CODE=3
massgis:SOURCE,DEP-WCP,massgis:SOURCE=DEP-WCP
massgis:SOURCE_SCA,12000,massgis:SOURCE_SCA=12000
massgis:WETCODE,14,massgis:WETCODE=14
material,adobe,materiale=adobe
material,aluminium,materiale=alluminio
material,andesite,materiale=andesite
material,brass,materiale=ottone
material,brick,materiale=mattone
material,bronze,materiale=bronzo
material,composite,materiale=composito
material,concrete,materiale=calcestruzzo
material,dry_stone,materiale=pietra_secca
material,earth,materiale=terra
material,epoxy,materiale=epossidico
material,glass,materiale=vetro
material,granite,materiale=granito
material,granite_stone,materiale=granito_pietra
material,iron,materiale=ferro
material,light,materiale=luce
material,limestone,materiale=calcare
material,marble,materiale=marmo
material,masonry,materiale=muratura
material,metal,materiale=metallo
material,metal;wood,materiale=metallo;legno
material,paving_stones,materiale=pietre_per_pavimentazione
material,plastic,materiale=plastica
material,reinforced_concrete,materiale=cemento armato
material,rock,materiale=roccia
material,sand,materiale=sabbia
material,sandstone,materiale=arenaria
material,soil,materiale=suolo
material,steel,materiale=acciaio
material,stone,materiale=pietra
material,wood,materiale=legno
material,wood;metal,materiale=legno;metallo
max_age,11,età massima=11
maxaxleload,10,carico massimo sull'asse=10
maxaxleload,11.5,"carico massimo sull'asse=11,5"
maxheight,2,altezza massima=2
maxheight,4,altezza massima=4
maxheight,5,altezza massima=5
maxheight,*,altezza massima=*
maxheight,2.1,altezza massima=2.1
maxheight,4.1,altezza massima=4.1
maxheight,4.5,"altezza massima=4,5"
maxheight,below_default,altezza massima=sotto_default
maxheight,default,altezza massima=predefinita
maxheight:signed,no,altezza massima:firmato=no
maxspeed,1,velocità massima=1
maxspeed,50,velocità massima=50
maxspeed,AT:rural,velocità massima=AT:rurale
maxspeed,AT:urban,velocità massima=AT:urbana
maxspeed,BG:urban,velocità massima=BG:urbano
maxspeed,BY:urban,velocità massima=BY:urbano
maxspeed,CZ:urban,velocità massima=CZ:urbana
maxspeed,DE:rural,velocità massima=DE:rurale
maxspeed,DE:urban,velocità massima=DE:urbano
maxspeed,ES:rural,velocità massima=ES:rurale
maxspeed,ES:urban,velocità massima=ES:urbana
maxspeed,GR:urban,velocità massima=GR:urbano
maxspeed,implicit,velocità massima=implicita
maxspeed,IT:rural,velocità massima=IT:rurale
maxspeed,IT:urban,velocità massima=IT:urbano
maxspeed,no,velocità massima=no
maxspeed,none,velocità massima=nessuna
maxspeed,RO:rural,velocità massima=RO:rurale
maxspeed,RO:trunk,velocità massima=RO:tronco
maxspeed,RO:urban,velocità massima=RO:urbana
maxspeed,RS:urban,velocità massima=RS:urbana
maxspeed,RU:living_street,velocità massima=RU:living_street
maxspeed,RU:motorway,velocità massima=RU:autostrada
maxspeed,RU:rural,velocità massima=RU:rurale
maxspeed,RU:urban,velocità massima=RU:urbana
maxspeed,signals,velocità massima=segnali
maxspeed,UA:rural,velocità massima=UA:rurale
maxspeed,UA:urban,velocità massima=UA:urbana
maxspeed,walk,velocità massima=camminata
maxspeed:advisory,30,velocità massima: avviso=30
maxspeed:advisory,20 mph,velocità massima: avviso = 20 mph
maxspeed:backward,30,velocità massima:indietro=30
maxspeed:backward,40,velocità massima:indietro=40
maxspeed:backward,50,velocità massima:indietro=50
maxspeed:backward,60,velocità massima:indietro=60
maxspeed:backward,70,velocità massima:indietro=70
maxspeed:backward,80,velocità massima:indietro=80
maxspeed:backward,90,velocità massima:indietro=90
maxspeed:backward,100,velocità massima:indietro=100
maxspeed:bus,70,velocità massima:bus=70
maxspeed:bus,80,velocità massima:bus=80
maxspeed:bus,100,velocità massima:bus=100
maxspeed:forward,30,velocità massima: avanti=30
maxspeed:forward,40,velocità massima: avanti=40
maxspeed:forward,50,velocità massima: avanti=50
maxspeed:forward,60,velocità massima: avanti=60
maxspeed:forward,70,velocità massima: avanti=70
maxspeed:forward,80,velocità massima: avanti=80
maxspeed:forward,90,velocità massima: avanti=90
maxspeed:forward,100,velocità massima: avanti=100
maxspeed:hgv,50,velocità massima:hgv=50
maxspeed:hgv,70,velocità massima:hgv=70
maxspeed:hgv,80,velocità massima:hgv=80
maxspeed:hgv,55 mph,velocità massima:hgv=55 mph
maxspeed:hgv,55␣mph,velocità massima:hgv=55 ␣ mph
maxspeed:hgv:conditional,90 @ (weight>=3.86),"velocità massima:hgv:condizionale=90 @ (peso>=3,86)"
maxspeed:hgv:conditional,90␣@␣(weight<,maxspeed:hgv:conditional=90 ␣ @ ␣ (peso<
maxspeed:hgv:conditional,90␣@␣(weight>,maxspeed:hgv:conditional=90 ␣ @ ␣ (peso>
maxspeed:psv:conditional,90 @ (weight>=3.86),"maxspeed:psv:conditional=90 @ (peso>=3,86)"
maxspeed:psv:conditional,90␣@␣(weight>,maxspeed:psv:conditional=90 ␣ @ ␣ (peso>
maxspeed:source,default residential speed limit in Australia,maxspeed:source=default limite di velocità residenziale in Australia
maxspeed:trailer,70,velocità massima:rimorchio=70
maxspeed:trailer,80,velocità massima:rimorchio=80
maxspeed:trailer,55 mph,velocità massima:rimorchio=55 mph
maxspeed:trailer,55␣mph,velocità massima:rimorchio=55 ␣ mph
maxspeed:type,AT:urban,velocità massima:tipo=AT:urbano
maxspeed:type,AT:zone30,velocità massima:tipo=AT:zona30
maxspeed:type,AU:urban,velocità massima:tipo=AU:urbano
maxspeed:type,CZ:urban,velocità massima:tipo=CZ:urbano
maxspeed:type,DE:rural,velocità massima:tipo=DE:rurale
maxspeed:type,DE:urban,velocità massima:tipo=DE:urbano
maxspeed:type,DE:zone30,velocità massima:tipo=DE:zona30
maxspeed:type,FR:rural,velocità massima:tipo=FR:rurale
maxspeed:type,FR:urban,maxspeed:type=FR:urban
maxspeed:type,FR:zone30,velocità massima:tipo=FR:zona30
maxspeed:type,GB:motorway,maxspeed:type=GB:autostrada
maxspeed:type,GB:nsl_dual,velocità massima:tipo=GB:nsl_dual
maxspeed:type,GB:nsl_restricted,velocità massima:tipo=GB:nsl_restricted
maxspeed:type,GB:nsl_single,velocità massima:tipo=GB:nsl_singolo
maxspeed:type,GB:zone20,velocità massima:tipo=GB:zona20
maxspeed:type,IT:urban,maxspeed:type=IT:urban
maxspeed:type,PL:rural,velocità massima:tipo=PL:rurale
maxspeed:type,PL:urban,velocità massima:tipo=PL:urbano
maxspeed:type,RO:urban,velocità massima:tipo=RO:urbano
maxspeed:type,sign,velocità massima:tipo=segno
maxstay,2 hours,maxstay=2 ore
maxstay,no,maxstay=no
maxstay,unlimited,maxstay=illimitato
maxweight,5,peso massimo=5
maxweight,6,peso massimo=6
maxweight,10,peso massimo=10
maxweight,12,peso massimo=12
maxweight,20,peso massimo=20
maxweight,64,peso massimo=64
maxweight,74,peso massimo=74
maxweight,*,peso massimo=*
maxweight,3.5,"peso massimo=3,5"
maxweight,44000 lbs,peso massimo=44000 libbre
maxweight,7.5,"peso massimo=7,5"
maxweight:conditional,none @ destination,maxweight:conditional=none @ destinazione
maxweight:signed,no,peso massimo:firmato=no
maxweightrating:hgv,7.5,"valutazione massima del peso: hgv=7,5"
maxweightrating:hgv:conditional,none @ destination,maxweightrating:hgv:conditional=none @ destinazione
maxwidth,*,larghezza massima=*
MCC,268,MCC=268
meadow,agricultural,prato=agricolo
meadow,agriculture,prato=agricoltura
meadow,meadow_orchard,prato=prato_frutteto
meadow,paddock,prato=paddock
meadow,pasture,prato=pascolo
meadow,transitional,prato=di transizione
mechanical_coupling,nodding_donkey,accoppiamento_meccanico=asino_che_annuisce
mechanical_driver,combustion_engine,driver_meccanico=motore_a_combustione
mechanical_driver,electric_motor,driver_meccanico=motore_elettrico
mechanical_driver,manual,mechanical_driver=manuale
mechanical_driver,reciprocating_solenoid,driver_meccanico=solenoide_alternativo
median,no,mediana=no
medical,aed,medico=defibrillatore automatico esterno
megalith_type,alignment,megalith_type=allineamento
megalith_type,chamber,megalith_type=camera
megalith_type,cist,megalith_type=cist
megalith_type,dolmen,megalith_type=dolmen
megalith_type,gallery_grave,megalith_type=gallery_grave
megalith_type,long_barrow,megalith_type=long_barrow
megalith_type,menhir,megalith_type=menhir
megalith_type,nuraghe,megalith_type=nuraghe
megalith_type,passage_grave,megalith_type=passage_grave
megalith_type,ring_cairn,megalith_type=ring_cairn
megalith_type,stone_circle,megalith_type=stone_circle
megalith_type,stone_ship,megalith_type=stone_ship
megalith_type,tholos,megalith_type=tholos
megalith_type,well,megalith_type=well
memorial,bench,memoriale=panchina
memorial,blue_plaque,targa commemorativa=targa_blu
memorial,bust,memoriale=busto
memorial,cenotaph,memoriale=cenotafio
memorial,cross,memoriale=croce
memorial,flood_mark,memoriale=segno_di_alluvione
memorial,ghost_bike,memoriale=ghost_bike
memorial,khachkar,memoriale=khachkar
memorial,memorial,memoriale=memoriale
memorial,obelisk,memoriale=obelisco
memorial,plaque,targa commemorativa
memorial,sculpture,memoriale=scultura
memorial,statue,memoriale=statua
memorial,stele,memoriale=stele
memorial,stolperstein,memoriale=stolperstein
memorial,stone,memoriale=pietra
memorial,storm_surge_post,memoriale=post_ondata_di_tempesta
memorial,vehicle,memoriale=veicolo
memorial,war_memorial,memoriale=monumento_di_guerra
memorial:type,obelisk,memoriale:tipo=obelisco
memorial:type,plaque,memoriale:tipo=targa
memorial:type,plate,memorial:type=plate
memorial:type,statue,memoriale:tipo=statua
memorial:type,stele,memoriale:tipo=stele
memorial:type,stolperstein,memoriale:tipo=pietra d'inciampo
message,commercial,messaggio=commerciale
message,funding,messaggio=finanziamento
metcouncil:dfz,N,metcouncil:dfz=N
metcouncil:site_hfn,N,metcouncil:site_hfn=N
metcouncil:sun_trips,0,metcouncil:sun_trips=0
metre_load,8,meter_load=8
military,academy,accademia militare
military,airfield,militare=aeroporto
military,ammunition,militare=munizioni
military,barracks,militare=caserma
military,base,base militare
military,bombcrater,militare=cratere di bomba
military,bunker,militare=bunker
military,checkpoint,militare=posto di blocco
military,danger_area,militare=area_pericolosa
military,depot,militare=deposito
military,exclusion_zone,militare=zona_di_esclusione
military,launchpad,militare=rampa di lancio
military,missile,militare=missile
military,naval_base,base_navale=militare
military,nuclear_explosion_site,militare=sito_di_esplosione_nucleare
military,obstacle_course,militare=percorso_a_ostacoli
military,office,militare=ufficio
military,range,militare=raggio
military,school,militare=scuola
military,training_area,area di addestramento militare
military,trench,militare=trincea
military_service,*,servizio_militare=*
military_service,air_force,servizio_militare=aeronautica militare
military_service,army,military_service=esercito
military_service,coast_guard,servizio_militare=guardia_costiera
military_service,marines,servizio_militare=marines
military_service,navy,servizio_militare=marina
min_age,3,età minima=3
min_height,3,altezza minima=3
minspeed,50,velocità minima=50
minspeed,60,velocità minima=60
minspeed,*,velocità minima=*
minspeed,40 mph,velocità minima=40 mph
mml:class,32611,mml:class=32611
mml:class,34100,mml:class=34100
mml:class,35300,mml:class=35300
mml:class,35412,mml:class=35412
mml:class,36200,mml:class=36200
mml:class,36311,mml:class=36311
mml:class,36312,mml:class=36312
mml:class,42131,mml:class=42131
mml:class,42161,mml:classe=42161
mml:class,42211,mml:classe=42211
mml:class,42231,mml:classe=42231
mml:class,42261,mml:class=42261
mofa,designated,mofa=designato
mofa,no,mofa=no
mofa,use_sidepath,mofa=use_sidepath
mooring,commercial,ormeggio=commerciale
mooring,cruise,ormeggio=crociera
mooring,declaration,ormeggio=dichiarazione
mooring,ferry,ormeggio=traghetto
mooring,guest,ormeggio=ospite
mooring,monobuoy,ormeggio=monoboa
mooring,private,ormeggio=privato
mooring,ring,ormeggio=anello
mooring,sbm,ormeggio=sbm
mooring,spm,ormeggio=spm
mooring,visitor,ormeggio=visitatore
moped,designated,ciclomotore=designato
moped,no,ciclomotore=no
moped,use_sidepath,ciclomotore=usa_percorso_laterale
motor_vehicle,agricultural,veicolo_a_motore=agricolo
motor_vehicle,agricultural;forestry,veicolo_a_motore=agricolo;forestale
motor_vehicle,customers,veicolo_a_motore=clienti
motor_vehicle,delivery,veicolo_a_motore=consegna
motor_vehicle,designated,veicolo_a_motore=designato
motor_vehicle,destination,motor_vehicle=destinazione
motor_vehicle,forestry,veicolo_a_motore=forestale
motor_vehicle,no,veicolo_a_motore=no
motor_vehicle,permissive,veicolo_a_motore=permissivo
motor_vehicle,permit,veicolo_a_motore=permesso
motor_vehicle,private,veicolo_a_motore=privato
motorboat,no,motoscafo=no
motorcar,agricultural,automobile=agricola
motorcar,designated,automobile=designata
motorcar,destination,automobile=destinazione
motorcar,no,automobile=no
motorcar,private,automobile=privata
motorcycle,agricultural,motocicletta=agricola
motorcycle,designated,motocicletta=designata
motorcycle,destination,motocicletta=destinazione
motorcycle,no,motocicletta=no
motorcycle_friendly,customary,motorcycle_friendly=consuetudinario
motorcycle:clothes,*,motocicletta:vestiti=*
motorcycle:type,*,motocicletta:tipo=*
motorcycle:type,electric,motocicletta:tipo=elettrica
motorcycle:type,scooter,motocicletta:tipo=scooter
motorcycle:type,sportbike,motocicletta:tipo=sportiva
motorroad,no,autostrada=no
mountain_pass,*,passo_di_montagna=*
mtb,designated,mtb=designato
mtb,no,mtb=no
mtb:scale,0,mtb:scala=0
mtb:scale,1,mtb:scala=1
mtb:scale,2,mtb:scala=2
mtb:scale,3,mtb:scala=3
mtb:scale,4,mtb:scala=4
mtb:scale,0+,mtb:scala=0+
mtb:scale:imba,0,mtb:scala:imba=0
mtb:scale:imba,1,mtb:scala:imba=1
mtb:scale:imba,2,mtb:scala:imba=2
mtb:scale:imba,3,mtb:scala:imba=3
mtb:scale:uphill,0,mtb:scala:salita=0
mtb:scale:uphill,1,mtb:scala:salita=1
mtb:scale:uphill,2,mtb:scala:salita=2
mtb:scale:uphill,3,mtb:scala:salita=3
mtb:scale:uphill,4,mtb:scala:salita=4
mtb:scale:uphill,5,mtb:scala:salita=5
mtb:type,allmountain,mtb:type=allmountain
mtb:type,crosscountry,mtb:tipo=crosscountry
mtb:type,downhill,mtb:tipo=discesa
museum,aerospace,museo=aerospaziale
museum,agriculture,museo=agricoltura
museum,archaeological,museo=archeologico
museum,art,museo=arte
museum,aviation,museo=aviazione
museum,children,museo=bambini
museum,history,museo=storia
museum,living_history,museo=storia_vivente
museum,local,museo=locale
museum,military,museo=militare
museum,nature,museo=natura
museum,open_air,museo=all'aperto
museum,railway,museo=ferrovia
museum,technology,museo=tecnologia
museum,transport,museo=trasporto
name,1,nome=1
name,*,nome=*
name,1st Street,nome=1a strada
name:en,7-Eleven,nome:it=7-Eleven
name:en,FamilyMart,nome:it=FamilyMart
name:en,Pyaterochka,nome:it=Pyaterochka
name:en,Qanat,nome:it=Qanat
name:etymology:wikidata,*,nome:etimologia:wikidata=*
name:etymology:wikidata,Q1394,nome:etimologia:wikidata=Q1394
name:etymology:wikidata,Q42976,nome:etimologia:wikidata=Q42976
name:etymology:wikidata,Q8027,nome:etimologia:wikidata=Q8027
name:ja,*,nome:ja=*
name:ja,セブン-イレブン,nome:ja=セブン-イレブン
name:ja,ファミリーマート,nome:ja=ファミリーマート
name:prefix,*,nome:prefisso=*
name:prefix,East,nome:prefisso=Est
name:prefix,North,nome:prefisso=Nord
name:prefix,South,nome:prefisso=Sud
name:prefix,West,nome:prefisso=Ovest
name:prefix,вёска,nome:prefisso=вёска
name:prefix,село,nome:prefisso=село
name:prefix,урочышча,nome:prefisso=урочышча
name:prefix:be,*,nome:prefisso:essere=*
name:prefix:be,вёска,nome:prefisso:essere=вёска
name:prefix:be,урочышча,nome:prefisso:be=урочышча
name:prefix:ru,*,nome:prefisso:ru=*
name:prefix:ru,деревня,nome:prefisso:ru=деревня
name:prefix:ru,урочище,nome:prefisso:ru=урочище
name:ru,Пятёрочка,name:ru=Пятёрочка
name:ru,Центральная улица,nome:ru=Центральная улица
name:signed,no,nome:firmato=no
name:uk,Центральна вулиця,nome:uk=Центральна вулиця
naptan:Bearing,E,naptan:Cuscinetto=E
naptan:Bearing,N,naptan:Cuscinetto=N
naptan:Bearing,NE,naptan:Cuscinetto=NE
naptan:Bearing,NW,naptan:Cuscinetto=NO
naptan:Bearing,S,naptan:Cuscinetto=S
naptan:Bearing,SE,naptan:Cuscinetto=SE
naptan:Bearing,SW,naptan:Cuscinetto=SO
naptan:Bearing,W,naptan:Cuscinetto=W
naptan:BusStopType,CUS,naptan:BusStopType=CUS
naptan:BusStopType,MKD,naptan:BusStopType=MKD
naptan:Indicator,adj,naptan:Indicator=adj
naptan:Indicator,Opp,naptan:Indicator=Opp
naptan:Indicator,opp,naptan:Indicator=opp
naptan:PlusbusZoneRef,BHAMNWS,naptan:PlusbusZoneRef=BHAMNWS
naptan:PlusbusZoneRef,LEEDS,naptan:PlusbusZoneRef=LEEDS
naptan:PlusbusZoneRef,MNCRPIC,naptan:PlusbusZoneRef=MNCRPIC
naptan:Status,*,naptan:Stato=*
naptan:Status,ACT,naptan:Status=ACT
naptan:StopAreaType,GPBS,naptan:StopAreaType=GPBS
naptan:StopType,BCT,naptan:StopType=BCT
naptan:verified,no,naptan:verificato=no
natural,anthill,naturale=formicaio
natural,arch,naturale=arco
natural,arete,naturale=arete
natural,atoll,naturale=atollo
natural,avalanche_dam,naturale=diga_valanga
natural,bare_rock,naturale=roccia nuda
natural,bay,naturale=baia
natural,beach,naturale=spiaggia
natural,bedrock,naturale=roccia madre
natural,birds_nest,naturale=nido_di_uccelli
natural,blowhole,naturale=sfiatatoio
natural,butte,naturale=butte
natural,caldera,naturale=caldera
natural,cape,naturale=mantello
natural,cave,naturale=grotta
natural,cave_entrance,naturale=ingresso_grotta
natural,cliff,naturale=scogliera
natural,cliff/Archive/Proposal,naturale=cliff/Archivio/Proposta
natural,cloud,naturale=nuvola
natural,coastline,naturale=costa
natural,col,naturale=col
natural,couloir,naturale=couloir
natural,crater,naturale=cratere
natural,crevasse,naturale=crepaccio
natural,desert,naturale=deserto
natural,dune,naturale=duna
natural,earth_bank,naturale=banca_di_terra
natural,esker,naturale=esker
natural,fell,naturale=caduto
natural,fjord,naturale=fiordo
natural,fumarole,naturale=fumarola
natural,geothermal,naturale=geotermico
natural,geothermal_area,naturale=area_geotermica
natural,geothermal_field,campo geotermico naturale
natural,geyser,naturale=geyser
natural,glacier,naturale=ghiacciaio
natural,gorge,naturale=gola
natural,grass,naturale=erba
natural,grassland,naturale=prateria
natural,ground,naturale=terreno
natural,gully,naturale=canale
natural,heath,naturale=brughiera
natural,hill,naturale=collina
natural,hot_spring,naturale=sorgente_termica
natural,human,naturale=umano
natural,hummock,naturale=collina
natural,islet,naturale=isolotto
natural,isthmus,naturale=istmo
natural,lake,naturale=lago
natural,land,naturale=terra
natural,landform,naturale=morfologia del terreno
natural,landslide,naturale=frana
natural,lava,naturale=lava
natural,liana,naturale=liana
natural,marsh,naturale=palude
natural,meadow,naturale=prato
natural,mesa,naturale=mesa
natural,meteor_crater,naturale=cratere_meteorologico
natural,moor,naturale=brughiera
natural,moraine,naturale=morena
natural,moss,naturale=muschio
natural,mountain_range,naturale=catena_montana
natural,mud,naturale=fango
natural,naled,naturale=naled
natural,palaeontological_site,naturale=sito_paleontologico
natural,peak,naturale=picco
natural,peninsula,naturale=penisola
natural,plant,naturale=pianta
natural,plateau,naturale=altopiano
natural,reef,naturale=barriera corallina
natural,ridge,naturale=cresta
natural,river_terrace,naturale=terrazza_del_fiume
natural,riverbank,naturale=riva del fiume
natural,riverbed,naturale=alveo del fiume
natural,rock,naturale=roccia
natural,rock_overhang,naturale=sporgenza_roccia
natural,rocks,naturale=rocce
natural,saddle,naturale=sella
natural,sand,naturale=sabbia
natural,scree,naturale=ghiaione
natural,scrub,naturale=scrub
natural,shingle,naturale=tegola
natural,shoal,naturale=banco di sabbia
natural,shrub,naturale=arbusto
natural,shrubbery,naturale=arbusti
natural,sinkhole,naturale=dolina
natural,slope,naturale=pendenza
natural,spring,naturale=primavera
natural,stone,naturale=pietra
natural,strait,naturale=stretto
natural,termite_mound,naturale=termitaio
natural,tidal,naturale=marea
natural,tree,naturale=albero
natural,tree_group,naturale=gruppo_di_alberi
natural,tree_row,naturale=filare_di_alberi
natural,tree_stump,naturale=ceppo_d'albero
natural,tree/Archived_proposal,naturale=albero/Archiviato_proposta
natural,"tree/List_of_Genus,_Leaf_cycle,_Leaf_type","naturale=albero/Elenco_dei_generi,_ciclo_delle_foglie,_tipo_di_foglia"
natural,tundra,naturale=tundra
natural,valley,naturale=valle
natural,volcano,naturale=vulcano
natural,wallow,naturale=sguazzare
natural,water,naturale=acqua
natural,wetland,naturale=zona umida
natural,wood,naturale=legno
navigationaid,als,navigationaid=als
navigationaid,papi,navigationaid=papi
navigationaid,rwc,aiuto alla navigazione=rwc
navigationaid,rwe,aiuto alla navigazione=rwe
navigationaid,tdz,aiuto alla navigazione=tdz
navigationaid,txc,aiuto alla navigazione=txc
navigationaid,txe,aiuto alla navigazione=txe
navigationaid,vasi,navigationaid=vasi
ncat,*,ncat=*
ncat,광역시도로,ncat= 광역시도로
ncat,국도,ncat= 국도
ncat,지방도,ncat= 지방도
network,*,rete=*
network,AC Transit,rete=AC Transit
network:en,G-BUS,rete:it=G-BUS
network:guid,DE-BW-VRN,rete:guid=DE-BW-VRN
network:guid,DE-BY-MVV,rete:guid=DE-BY-MVV
network:ja,ハローサイクリング,rete:ja=ハローサイクリング
network:ko,경기도 시내버스,rete:ko= 경기도 시내버스
network:short,MVV,rete:corto=MVV
network:short,RMV,rete:corto=RMV
network:short,VBB,rete:corto=VBB
network:short,VRN,rete:corto=VRN
network:short,WT,rete:corto=WT
network:type,basic_network,rete:tipo=rete_di_base
network:type,lcn,rete:tipo=lcn
network:type,Local,rete:tipo=Locale
network:type,lwn,rete:tipo=lwn
network:type,node_network,rete:tipo=nodo_rete
network:type,rcn,rete:tipo=rcn
network:wikidata,Q111611112,rete:wikidata=Q111611112
network:wikidata,Q117309,rete:wikidata=Q117309
network:wikidata,Q1503488,rete:wikidata=Q1503488
network:wikidata,Q1553051,rete:wikidata=Q1553051
network:wikidata,Q2516485,rete:wikidata=Q2516485
network:wikidata,Q259000,rete:wikidata=Q259000
network:wikidata,Q27926285,rete:wikidata=Q27926285
network:wikidata,Q314042,rete:wikidata=Q314042
network:wikidata,Q3307442,rete:wikidata=Q3307442
network:wikidata,Q343136,rete:wikidata=Q343136
network:wikidata,Q3512080,rete:wikidata=Q3512080
network:wikidata,Q3553869,rete:wikidata=Q3553869
network:wikidata,Q448199,rete:wikidata=Q448199
network:wikidata,Q4859793,rete:wikidata=Q4859793
network:wikidata,Q5001345,rete:wikidata=Q5001345
network:wikidata,Q614819,rete:wikidata=Q614819
network:wikidata,Q7392689,rete:wikidata=Q7392689
network:wikidata,Q7833625,rete:wikidata=Q7833625
network:wikidata,Q8066998,rete:wikidata=Q8066998
network:wikidata,Q91231927,rete:wikidata=Q91231927
network:wikidata,Q928178,rete:wikidata=Q928178
network:wikipedia,de:Rhein-Main-Verkehrsverbund,rete:wikipedia=de:Rhein-Main-Verkehrsverbund
network:wikipedia,en:Chicago Transit Authority,network:wikipedia=en:Autorità di transito di Chicago
network:wikipedia,en:Chicago␣Transit␣Authority,network:wikipedia=en:Chicago ␣ Transit ␣ Authority
network:wikipedia,en:Valley Metro,rete:wikipedia=en:Metro della valle
network:wikipedia,sv:Västtrafik,network:wikipedia=sv:Västtrafik
ngbe:codigo,80214,ngbe:codigo=80214
ngbe:grupo,Relieve,ngbe:grupo=Alleviare
ngbe:huso,30,ngbe:huso=30
ngbe:subgrupo,Parajes,ngbe:subgrupo=Parajes
ngbe:tema,Toponimia,ngbe:tema=Toponimia
ngbe:tipotexto,S,ngbe:tipotexto=S
ngbe:version,provisional,ngbe:version=provisional
nhd-shp:fcode,46003,nhd-shp:fcode=46003
nhd-shp:fdate,2002-01-10,nhd-shp:fdate=2002-01-10
NHD:Elevation,0.00000000000,"NHD:Elevazione=0,00000000000"
NHD:FCode,33600,NHD:FCode=33600
nhd:fcode,39001,nhd:fcode=39001
nhd:fcode,39004,nhd:fcode=39004
nhd:fcode,46003,nhd:fcode=46003
nhd:fcode,46006,nhd:fcode=46006
nhd:fcode,46007,nhd:fcode=46007
nhd:fcode,55800,nhd:fcode=55800
nhd:fdate,2008-02-28,nhd:fdate=2008-02-28
NHD:FDate,2007/08/08,NHD:FDate=2007/08/08
nhd:fdate,Fri Dec 28 00:00:00 PST 2007,nhd:fdate=venerdì 28 dicembre 00:00:00 PST 2007
nhd:fdate,Fri Feb 22 00:00:00 PST 2008,nhd:fdate=venerdì 22 febbraio 00:00:00 PST 2008
nhd:fdate,Fri Mar 08 00:00:00 PST 2002,nhd:fdate=venerdì 8 marzo 00:00:00 PST 2002
nhd:fdate,Fri May 09 00:00:00 PDT 2008,nhd:fdate=venerdì 9 maggio 00:00:00 PDT 2008
nhd:fdate,Fri␣Dec␣28␣00:00:00␣PST␣2007,nhd:fdate=ven ␣ dic ␣ 28 ␣ 00:00:00 ␣ PST ␣ 2007
nhd:fdate,Mon Mar 04 00:00:00 PST 2002,nhd:fdate=lun 4 marzo 00:00:00 PST 2002
nhd:fdate,Mon Mar 10 00:00:00 CST 2003,nhd:fdate=lunedì 10 marzo 2003 00:00:00 CST
nhd:fdate,Mon Mar 24 00:00:00 PDT 2008,nhd:fdate=lunedì 24 marzo 00:00:00 PDT 2008
nhd:fdate,Sat Apr 05 00:00:00 PDT 2008,nhd:fdate=Sab 05 Apr 00:00:00 PDT 2008
nhd:fdate,Sat Dec 15 00:00:00 PST 2007,nhd:fdate=Sab 15 dic 00:00:00 PST 2007
nhd:fdate,Sun May 13 00:00:00 PDT 2007,nhd:fdate=Dom 13 mag 00:00:00 PDT 2007
nhd:fdate,Sun Sep 23 00:00:00 PDT 2007,nhd:fdate=Dom 23 Set 00:00:00 PDT 2007
nhd:fdate,Thu Dec 27 00:00:00 PST 2007,nhd:fdate=gio 27 dic 00:00:00 PST 2007
nhd:fdate,Thu Feb 28 00:00:00 PST 2008,nhd:fdate=gio 28 febbraio 00:00:00 PST 2008
nhd:fdate,Thu Mar 28 00:00:00 PST 2002,nhd:fdate=gio 28 marzo 00:00:00 PST 2002
nhd:fdate,Thu May 27 00:00:00 PDT 2010,nhd:fdate=gio 27 maggio 00:00:00 PDT 2010
nhd:fdate,Thu May 29 00:00:00 PDT 2008,nhd:fdate=gio 29 maggio 00:00:00 PDT 2008
nhd:fdate,Thu Sep 27 00:00:00 PDT 2007,nhd:fdate=gio 27 settembre 00:00:00 PDT 2007
nhd:fdate,Tue Mar 04 00:00:00 PST 2008,nhd:fdate=mar 04 marzo 00:00:00 PST 2008
nhd:fdate,Tue May 01 00:00:00 PDT 2007,nhd:fdate=martedì 1 maggio 00:00:00 PDT 2007
nhd:fdate,Tue Sep 25 00:00:00 PDT 2007,nhd:fdate=martedì 25 settembre 2007 00:00:00 PDT
nhd:fdate,Wed Jun 02 00:00:00 PDT 2010,nhd:fdate=mercoledì 02 giugno 00:00:00 PDT 2010
nhd:fdate,Wed May 09 00:00:00 PDT 2007,nhd:fdate=mer 09 mag 00:00:00 PDT 2007
nhd:fdate,Wed May 26 00:00:00 PDT 2010,nhd:fdate=mercoledì 26 maggio 00:00:00 PDT 2010
nhd:fdate,Wed Sep 26 00:00:00 PDT 2007,nhd:fdate=mercoledì 26 settembre 00:00:00 PDT 2007
nhd:fdate,Wed␣Sep␣26␣00:00:00␣PDT␣2007,nhd:fdate=mer ␣ set ␣ 26 ␣ 00:00:00 ␣ PDT ␣ 2007
NHD:FLOWDIR,With Digitized,NHD:FLOWDIR=Con digitalizzazione
NHD:FLOWDIR,With␣Digitized,NHD:FLOWDIR=Con ␣ digitalizzato
NHD:FType,460,NHD:FType=460
NHD:FType,ArtificialPath,NHD:FType=PercorsoArtificiale
nhd:ftype,ArtificialPath,nhd:ftype=PercorsoArtificiale
NHD:FType,CanalDitch,NHD:FType=CanalDitch
NHD:FTYPE,LakePond,NHD:FTYPE=LakePond
nhd:ftype,LakePond,nhd:ftype=LakePond
NHD:FTYPE,StreamRiver,NHD:FTYPE=StreamRiver
NHD:FType,StreamRiver,NHD:FType=StreamRiver
nhd:ftype,StreamRiver,nhd:ftype=StreamRiver
NHD:FTYPE,SwampMarsh,NHD:FTYPE=Palude
NHD:RESOLUTION,2,NHD:RISOLUZIONE=2
NHD:RESOLUTION,High,NHD:RISOLUZIONE=Alta
NHD:Resolution,High,NHD:Risoluzione=Alta
NHD:RESOLUTION,Medium,NHD:RISOLUZIONE=Media
NHS,Interstate,NHS = Interstatale
NHS,STRAHNET,SSN=STRAHNET
noexit,no,nessuna uscita=no
notas,"por favor respete las licencias de información y de los créditos correspondientes a las fuentes originales, y a osm en sus trabajos. #LeyLleras","note=por favor rispettate le licenze di informazione e i crediti corrispondenti alle fonti originali, e così via nei vostri lavori. #LeyLleras"
note,*,nota=*
note,A13-06_03.xml,nota=A13-06_03.xml
note:ja,*,nota: sì=*
note:ja,国土数値情報（公共施設データ）平成19年　国土交通省,nota:ja=国土数値情報（公共施設データ）平成19年 国土交通省
note:ja,国土数値情報(河川データ)平成18年国土交通省,nota:ja=国土数値情報(河川データ)平成18年国土交通省
note:ja,国土数値情報(河川データ)平成21年度 国土交通省,nota:ja=国土数値情報(河川データ)平成21年度 国土交通省
note:ja,国土数値情報（湖沼データ）平成17年　国土交通省,nota:ja=国土数値情報（湖沼データ）平成17年 国土交通省
note:ja,国土数値情報（鉄道データ）平成19年　国土交通省,nota:ja=国土数値情報（鉄道データ）平成19年 国土交通省
note:name,"Der reg_name, sowie ggf. der loc_name sind dem zugehörigen Wikipediaartikel entnommen.","note:name=Der reg_name, sowie ggf. der loc_name sind dem zugehörigen Wikipediaartikel entnommen."
note:name,"Der␣reg_name,␣sowie␣ggf.␣der␣loc_name␣sind␣dem␣zugehörigen␣Wikipediaartikel␣entnommen.","note:name=Der ␣ reg_name, ␣ sowie ␣ ggf. ␣ der ␣ loc_name ␣ sind ␣ dem ␣ zugehörigen ␣ Wikipediaartikel ␣ entnommen."
note:post_town,Florissant,nota:post_town=Florissant
note:post_town,Saint Louis,nota:post_town=Saint Louis
note:post_town,Saint␣Louis,nota:post_town=Saint ␣ Louis
notes,One Family Year-Round Residence,note=Residenza unifamiliare aperta tutto l'anno
nuclear_explosion:country,*,esplosione_nucleare:paese=*
nycdoitt:bin,3000000,nycdoitt:bin=3000000
nycdoitt:bin,4000000,nycdoitt:bin=4000000
nysgissam:review,existing element's addr:housenumber has different addr:housenumber,nysgissam:review=l'elemento esistente addr:housenumber ha un addr:housenumber diverso
nysgissam:review,existing␣element's␣addr:housenumber␣has␣different␣addr:housenumber,l' elemento ␣ esistente ␣ addr:housenumber ␣ ha ␣ addr:housenumber diverso
nysgissam:review,found > 1 existing matching address,nysgissam:review=found > 1 indirizzo corrispondente esistente
nysgissam:review,found␣>␣1␣existing␣matching␣address,nysgissam:review=found ␣ > ␣ 1 ␣ esistente ␣ corrispondente ␣ indirizzo
nysgissam:review,no matching street nearby,nysgissam:review=nessuna strada corrispondente nelle vicinanze
nysgissam:review,no␣matching␣street␣nearby,nysgissam:review=no ␣ corrispondenza ␣ strada ␣ nelle vicinanze
nysgissam:review,repeat address,nysgissam:review=repeat address
nysgissam:review,repeat␣address,nysgissam:review=repeat ␣ indirizzo
object:city,Badalona,oggetto:città=Badalona
object:city,Düsseldorf,oggetto:città=Düsseldorf
object:city,Tiana,oggetto:città=Tiana
object:city,Valdivia,oggetto:città=Valdivia
object:country,DE,oggetto:paese=DE
observatory:type,astronomical,osservatorio:tipo=astronomico
observatory:type,gravitational,osservatorio:tipo=gravitazionale
observatory:type,meteorological,osservatorio:tipo=meteorologico
odbl,clean,odbl=pulito
office,accountant,ufficio=contabile
office,administrative,ufficio=amministrativo
office,adoption_agency,ufficio=agenzia_di_adozione
office,advertising_agency,ufficio=agenzia_pubblicitaria
office,architect,ufficio=architetto
office,archive,ufficio=archivio
office,association,ufficio=associazione
office,bail_bond_agent,ufficio=agente_di_cauzione
office,call_center,ufficio=call_center
office,call_centre,ufficio=call_center
office,camping,ufficio=campeggio
office,chamber,ufficio=camera
office,charity,ufficio=beneficenza
office,company,ufficio=azienda
office,construction_company,ufficio=impresa_edile
office,consulting,ufficio=consulenza
office,cooperative,ufficio=cooperativa
office,courier,ufficio=corriere
office,coworking,ufficio=coworking
office,diplomatic,ufficio=diplomatico
office,educational_institution,ufficio=istituto_educativo
office,employment_agency,ufficio=agenzia_per_l'impiego
office,energy_supplier,ufficio=fornitore_di_energia
office,engineer,ufficio=ingegnere
office,estate_agent,ufficio=agente_immobiliare
office,financial,ufficio=finanziario
office,financial_advisor,ufficio=consulente_finanziario
office,forestry,ufficio=silvicoltura
office,foundation,ufficio=fondazione
office,geodesist,ufficio=geodetico
office,government,ufficio=governo
office,graphic_design,ufficio=progettazione_grafica
office,guide,ufficio=guida
office,harbour_master,ufficio=capitano_di_porto
office,healthcare,ufficio=assistenza sanitaria
office,highway,ufficio=autostrada
office,insurance,ufficio=assicurazione
office,international_organization,ufficio=organizzazione_internazionale
office,it,ufficio=esso
office,lawyer,ufficio=avvocato
office,lifeguard,ufficio=bagnino
office,logistics,ufficio=logistica
office,lost_property,ufficio=proprietà_smarrita
office,medical,ufficio=medico
office,moving_company,ufficio=azienda_di_traslochi
office,newspaper,ufficio=giornale
office,ngo,ufficio=ong
office,non-governmental_organization,ufficio=organizzazione_non-governativa
office,notary,ufficio=notaio
office,occupational_safety,ufficio=sicurezza_sul_lavoro
office,parish,ufficio=parrocchia
office,personal_service,ufficio=servizio_personale
office,physician,ufficio=medico
office,political_party,ufficio=partito_politico
office,politician,ufficio=politico
office,private_investigator,ufficio=investigatore_privato
office,property_management,ufficio=gestione_immobiliare
office,publisher,ufficio=editore
office,quango,ufficio=ente pubblico
office,real_estate_agent,ufficio=agente_immobiliare
office,realtor,ufficio=agente immobiliare
office,reception,ufficio=reception
office,register,ufficio=registrazione
office,religion,ufficio=religione
office,rental,ufficio=affitto
office,research,ufficio=ricerca
office,security,ufficio=sicurezza
office,supervised_injection_site,ufficio=sito_di_iniezione_supervisionato
office,surveyor,ufficio=geometra
office,tax,ufficio=tassa
office,tax_advisor,ufficio=consulente_fiscale
office,telecommunication,ufficio=telecomunicazione
office,therapist,ufficio=terapeuta
office,tourist_accommodation,ufficio=alloggio turistico
office,translator,ufficio=traduttore
office,transport,ufficio=trasporto
office,travel_agent,ufficio=agente_di_viaggio
office,tutoring,ufficio=tutoraggio
office,union,ufficio=sindacato
office,university,ufficio=università
office,visa,ufficio=visto
office,water_utility,ufficio=servizio idrico
office,wedding_planner,ufficio=wedding_planner
office:realtor,*,ufficio:agente immobiliare=*
official_name,Starbucks Coffee,official_name=Starbucks Coffee
official_name,Starbucks␣Coffee,official_name=Starbucks ␣ Caffè
official_name:en,Seven-Eleven,official_name:it=Seven-Eleven
official_status,ru:деревня,official_status=ru:деревня
official_status,ru:посёлок,official_status=ru:посёлок
official_status,ru:село,official_status=ru:село
old_railway_operator,ACL,old_railway_operator=ACL
old_railway_operator,NYC,old_railway_operator=NYC
old_railway_operator,NYH&H,old_railway_operator=NYH&H
old_railway_operator,NYNH&H,old_railway_operator=NYNH&H
old_railway_operator,PRR,old_railway_operator=PRR
old_railway_operator,SAL,old_railway_operator=SAL
old_railway_operator,Southern,old_railway_operator=Sud
old_railway_operator,SP,old_railway_operator=SP
old_railway_operator,SP&S,old_railway_operator=SP&S
old_railway_operator,UP,old_railway_operator=SU
oneway,-1,senso unico=-1
oneway,1,senso unico=1
oneway,*,senso unico=*
oneway,alternating,senso unico=alternato
oneway,FALSE,senso unico=FALSO
oneway,no,senso unico=no
oneway,reversible,senso unico=reversibile
oneway,TRUE,senso unico=VERO
oneway:bicycle,no,senso unico:bicicletta=no
oneway:bus,no,senso unico:autobus=no
oneway:mofa,no,senso unico:mofa=no
oneway:moped,no,senso unico:moped=no
oneway:motorcycle,no,senso unico:motocicletta=no
oneway:psv,no,senso unico:psv=no
openGeoDB:version,0.2.6.11␣/␣2007-12-04␣/␣http://fa-technik.adfc.de/code/opengeodb/dump/,openGeoDB:version=0.2.6.11 ␣ / ␣ 2007-12-04 ␣ / ␣ http://fa-technik.adfc.de/code/opengeodb/dump/
opening_hours,*,orari_di_apertura=*
opening_hours,08:00-22:00,orari_di_apertura=08:00-22:00
opening_hours,24/07/23,orari_di_apertura=24/07/23
opening_hours,24/7,orari_di_apertura=24/7
opening_hours,Mo-Fr 08:00-16:00,opening_hours=Lun-Ven 08:00-16:00
opening_hours,sunrise-sunset,orari_di_apertura=alba-tramonto
opening_hours:covid19,off,orari_di_apertura:covid19=spento
opening_hours:covid19,open,orari_di_apertura:covid19=aperto
opening_hours:covid19,same,orari_di_apertura:covid19=stesso
opening_hours:signed,no,orari_di_apertura:firmato=no
operational_status,closed,stato_operativo=chiuso
operational_status,open,stato_operativo=aperto
operational_status,operational,operational_status=operativo
operational_status,out_of_order,stato_operativo=fuori_servizio
operational_status_quality,closed,operational_status_quality=chiuso
operational_status_quality,confirmed,operational_status_quality=confermato
operational_status_quality,functional,operational_status_quality=funzionale
operational_status_quality,needs_maintenance,qualità_stato_operativo=necessita_di_manutenzione
operational_status_quality,ok,qualità_stato_operativo=ok
operational_status_quality,restricted,operational_status_quality=limitato
operational_status_quality,unspecified,operational_status_quality=non specificato
operator,*,operatore=*
operator,Adif,operatore=Adif
operator:en,Central Japan Railway Company,operatore:it=Compagnia ferroviaria del Giappone centrale
operator:en,Central␣Japan␣Railway␣Company,operatore:it=Centrale ␣ Giappone ␣ Ferrovia ␣ Compagnia
operator:en,East Japan Railway Company,operatore:it=Compagnia ferroviaria del Giappone orientale
operator:en,East␣Japan␣Railway␣Company,operatore:it=Est ␣ Giappone ␣ Ferrovia ␣ Compagnia
operator:en,Japan Post,operatore:it=Poste Giapponesi
operator:en,State Grid Corporation of China,operatore:it=State Grid Corporation of China
operator:en,West Japan Railway Company,operatore:it=West Japan Railway Company
operator:en,West␣Japan␣Railway␣Company,operatore:it=Ovest ␣ Giappone ␣ Ferrovia ␣ Compagnia
operator:ja,*,operatore:ja=*
operator:ja,日本郵便,operatore:ja=日本郵便
operator:ja,東日本旅客鉄道,operatore:ja=東日本旅客鉄道
operator:ja,東海旅客鉄道,operatore:ja=東海旅客鉄道
operator:ja,西日本旅客鉄道,operatore:ja=西日本旅客鉄道
operator:old,Western Power Distribution,operatore:vecchio=Western Power Distribution
operator:old,Western␣Power␣Distribution,operatore:vecchio=Occidentale ␣ Potenza ␣ Distribuzione
operator:ref:FR:SIRET,21130055300016,operatore:rif:FR:SIRET=21130055300016
operator:short,NGCP,operatore:short=NGCP
operator:short,PKP PLK,operatore:short=PKP PLK
operator:short,SCE,operatore:short=SCE
operator:short,USGS,operatore:short=USGS
operator:short,USPS,operatore:short=USPS
operator:short,郵便局,operatore:short=郵便局
operator:short:en,JP,operatore:short:en=JP
operator:short:ja,郵便局,operatore:breve:ja=郵便局
operator:type,business,operatore:tipo=business
operator:type,community,operatore:tipo=comunità
operator:type,government,operatore:tipo=governo
operator:type,private,operatore:tipo=privato
operator:type,public,operatore:tipo=pubblico
operator:type,religious,operatore:tipo=religioso
operator:type,university,operatore:tipo=università
operator:website,https://www.usps.com,operatore:sito web=https://www.usps.com
operator:wikidata,Q1032001,operatore:wikidata=Q1032001
operator:wikidata,Q1060049,operatore:wikidata=Q1060049
operator:wikidata,Q110319893,operatore:wikidata=Q110319893
operator:wikidata,Q11089971,operatore:wikidata=Q11089971
operator:wikidata,Q111843687,operatore:wikidata=Q111843687
operator:wikidata,Q11509260,operatore:wikidata=Q11509260
operator:wikidata,Q115224013,operatore:wikidata=Q115224013
operator:wikidata,Q117706368,operatore:wikidata=Q117706368
operator:wikidata,Q122870674,operatore:wikidata=Q122870674
operator:wikidata,Q1321054,operatore:wikidata=Q1321054
operator:wikidata,Q1430055,operatore:wikidata=Q1430055
operator:wikidata,Q1465461,operatore:wikidata=Q1465461
operator:wikidata,Q1501071,operatore:wikidata=Q1501071
operator:wikidata,Q157645,operatore:wikidata=Q157645
operator:wikidata,Q167840,operatore:wikidata=Q167840
operator:wikidata,Q1706317,operatore:wikidata=Q1706317
operator:wikidata,Q193755,operatore:wikidata=Q193755
operator:wikidata,Q209078,operatore:wikidata=Q209078
operator:wikidata,Q21011154,operatore:wikidata=Q21011154
operator:wikidata,Q21605526,operatore:wikidata=Q21605526
operator:wikidata,Q2178795,operatore:wikidata=Q2178795
operator:wikidata,Q2397198,operatore:wikidata=Q2397198
operator:wikidata,Q2397965,operatore:wikidata=Q2397965
operator:wikidata,Q267122,operatore:wikidata=Q267122
operator:wikidata,Q28197109,operatore:wikidata=Q28197109
operator:wikidata,Q3050566,operatore:wikidata=Q3050566
operator:wikidata,Q3143709,operatore:wikidata=Q3143709
operator:wikidata,Q3182097,operatore:wikidata=Q3182097
operator:wikidata,Q3278475,operatore:wikidata=Q3278475
operator:wikidata,Q3307442,operatore:wikidata=Q3307442
operator:wikidata,Q341090,operatore:wikidata=Q341090
operator:wikidata,Q3550346,operatore:wikidata=Q3550346
operator:wikidata,Q3587594,operatore:wikidata=Q3587594
operator:wikidata,Q366922,operatore:wikidata=Q366922
operator:wikidata,Q373724,operatore:wikidata=Q373724
operator:wikidata,Q3764,operatore:wikidata=Q3764
operator:wikidata,Q5760006,operatore:wikidata=Q5760006
operator:wikidata,Q614819,operatore:wikidata=Q614819
operator:wikidata,Q624798,operatore:wikidata=Q624798
operator:wikidata,Q638098,operatore:wikidata=Q638098
operator:wikidata,Q668687,operatore:wikidata=Q668687
operator:wikidata,Q6817918,operatore:wikidata=Q6817918
operator:wikidata,Q682520,operatore:wikidata=Q682520
operator:wikidata,Q7058492,operatore:wikidata=Q7058492
operator:wikidata,Q725793,operatore:wikidata=Q725793
operator:wikidata,Q7834923,operatore:wikidata=Q7834923
operator:wikidata,Q787714,operatore:wikidata=Q787714
operator:wikidata,Q7988183,operatore:wikidata=Q7988183
operator:wikidata,Q856783,operatore:wikidata=Q856783
operator:wikipedia,*,operatore:wikipedia=*
operator:wikipedia,de:DB InfraGO,operator:wikipedia=de:DB InfraGO
operator:wikipedia,de:Deutsche Post AG,operatore:wikipedia=de:Deutsche Post AG
operator:wikipedia,en:United States Postal Service,operatore:wikipedia=it:Servizio postale degli Stati Uniti
operator:wikipedia,fr:Enedis,operatore:wikipedia=fr:Enedis
operator:wikipedia,fr:La Poste (entreprise française),operatore:wikipedia=fr:La Poste (impresa francese)
operator:wikipedia,fr:RTE (entreprise),operatore:wikipedia=fr:RTE (impresa)
operator:wikipedia,pl:InPost,operatore:wikipedia=pl:InPost
operator:zh,国家电网,operatore:zh=国家电网
orchard,meadow_orchard,frutteto=prato_frutteto
order,0,ordine=0
organ,*,organo=*
organic,only,organico=solo
orientation,diagonal,orientamento=diagonale
orientation,parallel,orientamento=parallelo
orientation,perpendicular,orientamento=perpendicolare
osm_type,way,osm_type=modo
osmarender:nameDirection,-1,osmarender:nameDirection=-1
osmarender:nameDirection,1,osmarender:nameDirection=1
osmarender:render,no,osmarender:render=no
osmarender:renderName,no,osmarender:renderName=no
osmarender:renderRef,no,osmarender:renderRef=no
osmc:symbol,green:green:yellow_pointer,osmc:symbol=green:green:yellow_pointer
osmc:symbol,yellow::yellow_diamond,osmc:symbol=yellow::diamond_giallo
osmc:symbol,yellow:white:yellow_diamond,osmc:symbol=yellow:white:yellow_diamond
outdoor_seating,no,posti a sedere all'aperto=no
outdoor_seating,patio,posti a sedere all'aperto=patio
outdoor_seating,terrace,outdoor_seating=terrazza
outlet,bell_mouth,outlet=bocca a campana
outlet,direct,sbocco=diretto
outlet,noise_barrier,outlet=barriera_rumore
outlet,screen,presa=schermo
outlet,sock,outlet=calzino
outlet,valve,uscita=valvola
overtaking,no,sorpasso=no
overtaking:hgv,no,sorpasso:hgv=no
owner,Halifax Regional Municipality,proprietario=Comune regionale di Halifax
owner,Halifax␣Regional␣Municipality,proprietario=Halifax ␣ Regionale ␣ Municipalità
owner,Région wallonne,proprietario=Région wallonne
ownership,municipal,proprietà=comunale
ownership,national,proprietà=nazionale
ownership,private,proprietà=privata
ownership,public,proprietà=pubblica
ownership,state,proprietà=stato
par,3,par=3
par,4,par=4
par,5,par=5
park_ride,hov,parcheggio=hov
park_ride,no,parcheggio=no
parking,carports,parcheggio=posti auto coperti
parking,garage,parcheggio=garage
parking,garage_boxes,parcheggio=garage_boxes
parking,lane,parcheggio=corsia
parking,layby,parcheggio=piazzola di sosta
parking,multi-storey,parcheggio=multipiano
parking,no,parcheggio=no
parking,on_kerb,parcheggio=sul_marciapiede
parking,rooftop,parcheggio=tetto
parking,sheds,parcheggio=capannoni
parking,street_side,parcheggio=lato_strada
parking,surface,parcheggio=superficie
parking,underground,parcheggio=sotterraneo
parking_space,bicycle,parcheggio=bicicletta
parking_space,bus,parcheggio=autobus
parking_space,caravan,parcheggio=roulotte
parking_space,charging,parcheggio_spazio=in carica
parking_space,customers,parcheggio=clienti
parking_space,delivery,parcheggio=consegna
parking_space,disabled,parcheggio_disabilitato
parking_space,hgv,parcheggio=autocarro
parking_space,normal,parcheggio=normale
parking_space,parent,parcheggio=genitore
parking_space,private,parcheggio=privato
parking_space,staff,parcheggio=personale
parking_space,street,parcheggio=strada
parking:both,lane,parcheggio:entrambi=corsia
parking:both,no,parcheggio:entrambi=no
parking:both,separate,parcheggio:entrambi=separati
parking:both,street_side,parcheggio:entrambi=lato_strada
parking:both:fee,no,parcheggio:entrambi:tariffa=no
parking:both:orientation,parallel,parcheggio:entrambi:orientamento=parallelo
parking:both:restriction,no_parking,parcheggio:entrambi:restrizione=divieto_di_parcheggio
parking:both:restriction,no_stopping,parcheggio:entrambi:restrizione=divieto_di_sosta
parking:condition:both,free,parcheggio:condizione:entrambi=gratuiti
parking:condition:left,free,parcheggio:condizione:lasciato=libero
parking:condition:right,free,parcheggio:condizione:diritto=gratuito
parking:fee,no,parcheggio: tariffa = no
parking:lane:both,diagonal,parcheggio:corsia:entrambi=diagonale
parking:lane:both,marked,parcheggio:corsia:entrambi=segnalati
parking:lane:both,no,parcheggio:corsia:entrambi=no
parking:lane:both,no_parking,parcheggio:corsia:entrambi=divieto_di_sorveglianza
parking:lane:both,no_stopping,parcheggio:corsia:entrambi=divieto_di_sosta
parking:lane:both,parallel,parcheggio:corsia:entrambi=paralleli
parking:lane:both,perpendicular,parcheggio:corsia:entrambi=perpendicolari
parking:lane:both,separate,parcheggio:corsia:entrambi=separati
parking:lane:both:parallel,on_street,parcheggio:corsia:entrambi:parallelo=su_strada
parking:lane:hgv,on_street,parcheggio:corsia:hgv=su_strada
parking:lane:left,no_parking,parcheggio:corsia:sinistra=divieto_di_sorveglianza
parking:lane:left,no_stopping,parcheggio:corsia:sinistra=divieto_di_sosta
parking:lane:left,parallel,parcheggio:corsia:sinistra=parallela
parking:lane:right,no_parking,parcheggio:corsia:destra=divieto_di_sorveglianza
parking:lane:right,no_stopping,parcheggio:corsia:destra=divieto_di_sosta
parking:lane:right,parallel,parcheggio:corsia:destra=parallela
parking:lane:right:parallel,on_street,parcheggio:corsia:destra:parallela=sulla_strada
parking:left,lane,parcheggio:sinistra=corsia
parking:left,no,parcheggio:sinistra=no
parking:left,street_side,parcheggio:sinistra=lato_strada
parking:left:fee,no,parcheggio:a sinistra:a pagamento=no
parking:left:orientation,parallel,parcheggio:sinistra:orientamento=parallelo
parking:left:restriction,no_parking,parcheggio:sinistra:restrizione=divieto_di_sorveglianza
parking:left:restriction,no_stopping,parcheggio:sinistra:restrizione=divieto_di_sosta
parking:orientation,diagonal,parcheggio:orientamento=diagonale
parking:orientation,parallel,parcheggio:orientamento=parallelo
parking:orientation,perpendicular,parcheggio:orientamento=perpendicolare
parking:right,lane,parcheggio: corsia di destra
parking:right,no,parcheggio:a destra=no
parking:right,street_side,parcheggio:destra=lato_strada
parking:right:fee,no,parcheggio:a destra:a pagamento=no
parking:right:orientation,parallel,parcheggio:destra:orientamento=parallelo
parking:right:restriction,no_parking,parcheggio:a destra:restrizione=divieto_di_sorveglianza
parking:right:restriction,no_stopping,parcheggio:destra:restrizione=divieto_di_sosta
passenger,international,passeggero=internazionale
passenger,local,passeggero=locale
passenger,national,passeggero=nazionale
passenger,no,passeggero=no
passenger,regional,passeggero=regionale
passenger,suburban,passeggero=suburbano
passenger,urban,passeggero=urbano
passenger_information_display,no,passenger_information_display=no
passenger_lines,1,linee_passeggeri=1
passenger_lines,2,linee_passeggeri=2
passenger_lines,3,linee_passeggeri=3
passenger_lines,4,linee_passeggeri=4
passing_places,no,passing_places=no
path,crossing,percorso=incrocio
path,desire,percorso=desiderio
path,sidewalk,sentiero=marciapiede
paving_stones:length,0.3,paving_stones:length=0.3
paving_stones:shape,square,paving_stones:shape=square
paving_stones:width,0.3,paving_stones:width=0.3
payment:cards,no,pagamento:carte=no
payment:cash,no,pagamento:contanti=no
payment:credit_cards,no,pagamento: carte_di_credito=no
payment:cryptocurrencies,no,pagamento:criptovalute=no
payment:debit_cards,no,pagamento: carte_di_debito=no
payment:notes,no,pagamento:note=no
phases,1,fasi=1
phases,3,fasi=3
physically_present,no,fisicamente_presente=no
pillar:type,dry_barrel,pilastro:tipo=barile_secco
pillar:type,wet_barrel,pilastro:tipo=barile_umido
pilotage,boarding_point,pilotaggio=punto_di_imbarco
pilotage,office,pilotaggio=ufficio
pipeline,marker,pipeline=marcatore
pipeline,substation,conduttura=sottostazione
pipeline,surge_tank,pipeline=serbatoio di sovratensione
pipeline,valve,conduttura=valvola
piste:difficulty,advanced,piste:difficoltà=avanzato
piste:difficulty,easy,piste:difficoltà=facile
piste:difficulty,intermediate,piste:difficoltà=intermedia
piste:difficulty,novice,piste:difficoltà=principiante
piste:grooming,backcountry,pista:preparazione=backcountry
piste:grooming,classic,pista:preparazione=classica
piste:grooming,classic;skating,piste:preparazione=classica;pattinaggio
piste:grooming,classic+skating,pista:preparazione=classica+pattinaggio
piste:type,connection,piste:type=connection
piste:type,downhill,piste:type=discesa
piste:type,fatbike,piste:type=fatbike
piste:type,hike,piste:type=hike
piste:type,nordic,piste:tipo=nordico
piste:type,piste:halfpipe,piste:type=piste:halfpipe
piste:type,ski_jump,piste:type=ski_jump
piste:type,ski_jump_landing,piste:type=ski_jump_landing
piste:type,skitour,piste:type=skitour
place,allotments,luogo=orti
place,archipelago,luogo=arcipelago
place,area,luogo=area
place,atoll,luogo=atollo
place,block,posto=blocco
place,borough,luogo=borgo
place,city,luogo=città
place,city_block,luogo=isolato
place,civil_parish,luogo=parrocchia_civile
place,continent,luogo=continente
place,country,luogo=paese
place,county,luogo=contea
place,district,luogo=distretto
place,farm,luogo=fattoria
place,hamlet,luogo=borgo
place,island,luogo=isola
place,islet,luogo=isolotto
place,isolated_dwelling,luogo=abitazione isolata
place,locality,luogo=località
place,municipality,luogo=comune
place,neighbourhood,luogo=quartiere
place,ocean,luogo=oceano
place,peninsula,luogo=penisola
place,plot,luogo=trama
place,polder,luogo=polder
place,province,luogo=provincia
place,quarter,posto=quartiere
place,region,luogo=regione
place,sea,luogo=mare
place,shieling,posto=scudo
place,square,posto=quadrato
place,state,luogo=stato
place,subcounty,luogo=sottocontea
place,suburb,luogo=sobborgo
place,town,luogo=città
place,village,luogo=villaggio
place_of_worship,holy_well,luogo_di_culto=pozzo_sacro
place_of_worship,lourdes_grotto,luogo_di_culto=grotta_di_lourdes
place_of_worship,mass_rock,luogo_di_culto=roccia_di_massa
place:CN,town,luogo:CN=città
place:CN,village,luogo:CN=villaggio
placement,left_of:2,posizionamento=sinistra_di:2
placement,left_of:3,posizionamento=sinistra_di:3
placement,middle_of:1,posizionamento=centro_di:1
placement,middle_of:2,posizionamento=centro_di:2
placement,middle_of:3,posizionamento=centro_di:3
placement,right_of:1,posizionamento=destra_di:1
placement,right_of:2,posizionamento=destra_di:2
placement,transition,posizionamento=transizione
placement:forward,left_of:1,posizionamento:avanti=sinistra_di:1
plant,tree,pianta=albero
plant:method,combustion,pianta:metodo=combustione
plant:method,gasification,pianta:metodo=gassificazione
plant:method,photovoltaic,pianta:metodo=fotovoltaico
plant:method,run-of-the-river,pianta:metodo=fluviale
plant:method,thermal,pianta:metodo=termico
plant:method,water-pumped-storage,pianta:metodo=accumulo-di-acqua-pompata
plant:method,water-storage,pianta:metodo=immagazzinamento-d'acqua
plant:source,battery,pianta:fonte=batteria
plant:source,biomass,pianta:fonte=biomassa
plant:source,coal,impianto:fonte=carbone
plant:source,gas,pianta:fonte=gas
plant:source,geothermal,pianta:fonte=geotermica
plant:source,hydro,pianta:fonte=idroelettrica
plant:source,nuclear,impianto:fonte=nucleare
plant:source,oil,pianta:fonte=olio
plant:source,solar,pianta:fonte=solare
plant:source,waste,pianta:fonte=rifiuti
plant:source,wind,pianta:fonte=vento
plant:type,combined_cycle,impianto:tipo=ciclo_combinato
plant:type,gas_turbine,impianto:tipo=turbina_a_gas
plant:type,solar_photovoltaic_panel,impianto:tipo=pannello_solare_fotovoltaico
plant:type,steam_turbine,impianto:tipo=turbina_a_vapore
playground,balancebeam,parco giochi=trave di equilibrio
playground,basketswing,parco giochi=altalena
playground,bridge,parco giochi=ponte
playground,climbingframe,parco giochi=struttura per arrampicata
playground,climbingwall,parco giochi=parete da arrampicata
playground,funnel_ball,playground=imbuto_palla
playground,hopscotch,parco giochi=campana
playground,horizontal_bar,playground=horizontal_bar
playground,map,parco giochi=mappa
playground,playhouse,parco giochi = casetta da gioco
playground,roundabout,parco giochi=rotatoria
playground,sandpit,parco giochi = sabbiera
playground,seesaw,parco giochi=altalena
playground,sledding,parco giochi=slittino
playground,slide,parco giochi=scivolo
playground,splash_pad,parco giochi=splash_pad
playground,springy,parco giochi=elastico
playground,structure,parco giochi=struttura
playground,swing,parco giochi=altalena
playground,teenshelter,parco giochi=rifugio per adolescenti
playground,tetherball,parco giochi=tetherball
playground,trampoline,parco giochi=trampolino
playground,tunnel_tube,parco giochi=tunnel_tube
playground,youth_bench,parco giochi=panchina_per_giovani
playground,zipwire,parco giochi=teleferica
playground:theme,playground,parco giochi:tema=parco giochi
pole,no,palo=no
pole,switch,polo=interruttore
pole,transition,polo=transizione
pole:role,*,polo:ruolo=*
poles,monopole,poli=monopolo
police,academy,accademia di polizia
police,barracks,polizia=caserma
police,car_pound,polizia=auto_deposito
police,car_repair,polizia=riparazione_auto
police,checkpoint,polizia=posto di blocco
police,detention,polizia=detenzione
police,naval_base,polizia=base_navale
police,offices,polizia=uffici
police,range,polizia=polizia
police,storage,polizia=deposito
police,training_area,polizia=area_di_addestramento
political_division,canton,political_division=cantone
political_division,circonscription_législative,Political_division=circonscription_législative
political_division,congressional_district,divisione_politica=distretto_congressuale
political_division,euro_const,divisione_politica=euro_cost
political_division,linguistic_community,divisione_politica=comunità_linguistica
political_division,NL:kamerkieskring,Political_division=NL:kamerkieskring
political_division,NL:statenkieskring,political_division=NL:statenkieskring
population,0,popolazione=0
population:date,2006,popolazione:data=2006
population:date,2009,popolazione:data=2009
population:date,2010,popolazione:data=2010
population:date,2017,popolazione:data=2017
population:date,2019,popolazione:data=2019
population:date,2020,popolazione:data=2020
population:date,2021,popolazione:data=2021
population:date,2023,popolazione:data=2023
population:date,2004-12-17,popolazione:data=2004-12-17
population:date,2010-10-14,popolazione:data=2010-10-14
population:date,2020-05-01,popolazione:data=2020-05-01
population:date,2023-08-31,popolazione:data=2023-08-31
population:pupils:date,2015,popolazione:alunni:data=2015
port,cargo,porto=carico
port,fishing,porto=pesca
port,roro,porta=roro
post_box:type,lamp,post_box:type=lamp
post_box:type,pillar,post_box:type=pillar
post_box:type,wall,post_box:type=wall
post_office,post_partner,ufficio_postale=partner_postale
postal_code:source,INSSE - SIRUTA,codice_postale:source=INSSE - SIRUTA
postal_code:source,INSSE␣-␣SIRUTA,codice_postale:source=INSSE ␣ - ␣ SIRUTA
power,abandoned:tower,potenza=abbandonata:torre
power,antenna_line,potenza=antenna_line
power,branch,potere=ramo
power,busbar,potenza=sbarra collettrice
power,cable,alimentazione=cavo
power,cable_distribution,potenza=distribuzione_via_cavo
power,cable_distribution_cabinet,alimentazione=cavi_distribuzione_armadietto
power,catenary_mast,potenza=catenaria_albero
power,circuit,potenza=circuito
power,circuit_segment,potenza=segmento_circuito
power,compensator,potenza=compensatore
power,connection,potenza=connessione
power,converter,potenza=convertitore
power,generator,potenza=generatore
power,grounding,potenza=messa a terra
power,heliostat,potenza=eliostato
power,insulator,potere=isolante
power,inverter,potenza=inverter
power,line,potenza=linea
power,marker,potenza=marcatore
power,minor_line,potenza=linea_minore
power,outlet,potenza=presa
power,plant,centrale elettrica
power,pole,potenza=polo
power,pole/Gallery,potenza=polo/Galleria
power,portal,potere=portale
power,razed,potere=raso al suolo
power,station,centrale elettrica
power,sub_station,potenza=sottostazione
power,substation,potenza=sottostazione
power,switch,potenza=interruttore
power,switchgear,potenza=apparecchiatura di commutazione
power,terminal,potenza=terminale
power,tower,potenza=torre
power,tower/Gallery,power=tower/Gallery
power,transformer,potenza=trasformatore
power,underground_cable,alimentazione=cavo_sotterraneo
power_source,biofuel,fonte di energia=biocarburante
power_source,coal,fonte di energia=carbone
power_source,gas,fonte di energia=gas
power_source,hydro,fonte di energia=idroelettrica
power_source,nuclear,fonte di energia=nucleare
power_source,oil,fonte di energia=petrolio
power_source,waste,fonte_di_energia=spreco
power_source,wind,fonte di energia=vento
power_supply,no,alimentazione=no
priority,local,priorità=locale
priority,national,priorità=nazionale
priority,regional,priorità=regionale
priority_road,designated,priority_road=designato
prison_camp,concentration_camp,prison_camp=campo di concentramento
prison_camp,extermination_camp,prison_camp=campo di sterminio
private,employees,privato=dipendenti
private,members,privato=membri
private,students,privato=studenti
produce,rice,produrre=riso
produce,timber,produrre=legname
product,beer,prodotto=birra
product,bricks,prodotto=mattoni
product,charcoal,prodotto=carbone
product,concrete,prodotto=calcestruzzo
product,electronics,prodotto=elettronica
product,food,prodotto=cibo
product,furniture,prodotto=mobili
product,machinery,prodotto=macchinario
product,oil,prodotto=olio
product,packaging,prodotto=imballaggio
product,rice,prodotto=riso
product,steel,prodotto=acciaio
product,sugar,prodotto=zucchero
product,viez,prodotto=visualizza
project,opensidewalks,progetto=marciapiedi aperti
project,OTI_HRI_COSMHA_STM020,progetto=OTI_HRI_COSMHA_STM020
proposed,motorway,proposto=autostrada
proposed,rail,proposto=ferrovia
proposed,residential,proposto=residenziale
proposed:electrified,contact_line,proposto:elettrificato=linea_di_contatto
proposed:frequency,50,proposto:frequenza=50
proposed:frequency,16.7,proposto:frequenza=16.7
proposed:railway,rail,proposto:ferrovia=ferrovia
proposed:voltage,15000,proposto:tensione=15000
proposed:voltage,25000,proposto:tensione=25000
protect_class,2,classe_protezione=2
protect_class,3,classe_di_protezione=3
protect_class,4,classe_di_protezione=4
protect_class,5,classe_protezione=5
protect_class,6,classe_di_protezione=6
protect_class,11,classe_di_protezione=11
protect_class,13,classe di protezione=13
protect_class,19,classe di protezione=19
protect_class,21,classe di protezione=21
protect_class,1a,classe di protezione=1a
protect_class,1b,classe di protezione=1b
protected,perpetuity,protetto=perpetuità
protected_area,nature_reserve,area_protetta=riserva_naturale
protected_area,recreation,area protetta=ricreazione
protection_title,Gebietsverbot,Protection_title=Gebietsverbot
protection_title,Schongebiet,protection_title=Schongebiet
protection_title,Site_of_Special_Scientific_Interest,protection_title=Sito_di_speciale_interesse_scientifico
psv,designated,psv=designato
psv,no,psv=no
public_transport,entrance,trasporto_pubblico=ingresso
public_transport,entrance_pass,trasporto_pubblico=pass_d'ingresso
public_transport,halt,trasporto_pubblico=fermata
public_transport,pay_scale_area,trasporto_pubblico=area_scala_paga
public_transport,platform,trasporto_pubblico=piattaforma
public_transport,pole,trasporto_pubblico=palo
public_transport,station,trasporto_pubblico=stazione
public_transport,stop_area,trasporto_pubblico=area_di_fermata
public_transport,stop_area_group,trasporto_pubblico=gruppo_area_fermata
public_transport,stop_position,trasporto_pubblico=posizione_fermata
public_transport:version,1,trasporto_pubblico:versione=1
public_transport:version,2,trasporto_pubblico:versione=2
pump,manual,pompa=manuale
pump,no,pompa=no
pump,powered,pompa=alimentata
pump_mechanism,axial_flow,meccanismo_pompa=flusso_assiale
pump_mechanism,centrifugal,meccanismo_di_pompa=centrifuga
pump_mechanism,diaphragm,meccanismo_di_pompa=diaframma
pump_mechanism,eductor_jet,meccanismo_pompa=getto_eduttore
pump_mechanism,gear,meccanismo_pompa=ingranaggio
pump_mechanism,peristaltic,meccanismo_di_pompa=peristaltico
pump_mechanism,piston,meccanismo_pompa=pistone
pump_mechanism,progressive_cavity,meccanismo_di_pompa=cavità_progressiva
pump_mechanism,pulser,meccanismo_pompa=pulsatore
pump_mechanism,ram,meccanismo_pompa=ariete
pump_mechanism,rope,meccanismo_pompa=corda
pump_mechanism,rotary_vane,meccanismo_pompa=palette_rotative
pump_mechanism,screw,meccanismo_pompa=vite
raba:id,1100,raba:id=1100
raba:id,1160,raba:id=1160
raba:id,1180,raba:id=1180
raba:id,1190,raba:id=1190
raba:id,1211,raba:id=1211
raba:id,1212,raba:id=1212
raba:id,1222,raba:id=1222
raba:id,1300,raba:id=1300
raba:id,1410,raba:id=1410
raba:id,1500,raba:id=1500
raba:id,1800,raba:id=1800
raba:id,2000,raba:id=2000
radar_transponder,ramark,radar_transponder=ramark
radar_transponder:band,S,radar_transponder:band=S
radar_transponder:band,X,radar_transponder:banda=X
radio_transponder:category,aeronautical,radio_transponder:category=aeronautical
radio_transponder:category,circular,radio_transponder:category=circular
radio_transponder:category,coast_radio,radio_transponder:category=coast_radio
radio_transponder:category,consol,radio_transponder:category=consol
radio_transponder:category,direction_finding,radio_transponder:category=rilevamento_della_direzione
radio_transponder:category,directional,radio_transponder:category=direzionale
radio_transponder:category,rotating_pattern,radio_transponder:category=rotating_pattern
railway,*,ferrovia=*
railway,abandoned,ferrovia=abbandonata
railway,blockpost,ferrovia=blocco stradale
railway,border,ferrovia=confine
railway,buffer_stop,ferrovia=buffer_stop
railway,construction,ferrovia=costruzione
railway,container_terminal,ferrovia=terminal_container
railway,crossing,passaggio a livello
railway,crossing_box,passaggio a livello ferroviario
railway,crossing_controller,controllore_del_passaggio_ferroviario
railway,crossover,ferrovia=incrocio
railway,defect_detector,ferrovia=rilevatore_di_difetti
railway,derail,ferrovia=deragliare
railway,diamond,ferrovia=diamante
railway,dismantled,ferrovia=smantellata
railway,disused,ferrovia=in disuso
railway,facility,ferrovia=struttura
railway,fuel,ferrovia=carburante
railway,funicular,ferrovia=funicolare
railway,gauge_conversion,conversione_scartamento_ferroviario
railway,halt,ferrovia=fermata
railway,hirail_access,ferrovia=hirail_access
railway,historic,ferrovia=storica
railway,historical,ferrovia=storica
railway,hump_yard,ferrovia=stazione_di_smistamento
railway,isolated_track_section,ferrovia=sezione_di_binario_isolata
railway,junction,ferrovia=incrocio
railway,level_crossing,passaggio a livello ferroviario
railway,light_rail,ferrovia=metropolitana leggera
railway,loading_gauge,ferrovia=sagoma_di_carico
railway,loading_rack,ferrovia=rastrelliera di carico
railway,loading_ramp,ferrovia=rampa_di_carico
railway,lubricator,ferrovia=lubrificatore
railway,milestone,ferrovia=pietra miliare
railway,miniature,ferrovia=miniatura
railway,monorail,ferrovia=monorotaia
railway,narrow_gauge,ferrovia=scartamento_ristretto
railway,obliterated,ferrovia=distrutta
railway,owner_change,ferrovia=cambio_proprietario
railway,phone,ferrovia=telefono
railway,platform,ferrovia=piattaforma
railway,platform_edge,ferrovia=bordo_piattaforma
railway,power_supply,ferrovia=alimentazione
railway,preserved,ferrovia=conservata
railway,proposed,ferrovia=proposta
railway,PRT,ferrovia=PRT
railway,radio,ferrovia=radio
railway,rail,ferrovia=ferrovia
railway,rail_brake,ferrovia=freno_rotaia
railway,railway_crossing,ferrovia=passaggio_a_ferrovia
railway,razed,ferrovia=rasa al suolo
railway,roundhouse,ferrovia=rimessa circolare
railway,service_station,stazione ferroviaria=servizio
railway,signal,ferrovia=segnale
railway,signal_box,ferrovia=cabina_di_segnale
railway,site,ferrovia=sito
railway,spur_junction,ferrovia=incrocio_diramazione
railway,station,stazione ferroviaria
railway,station/Proposal,stazione ferroviaria/Proposta
railway,stop,ferrovia=fermata
railway,subway,ferrovia=metropolitana
railway,subway_entrance,ferrovia=ingresso_metropolitana
railway,switch,ferrovia=scambio
railway,technical_station,stazione ferroviaria=tecnica
railway,track_scale,ferrovia=scala_binario
railway,train_station_entrance,ferrovia=ingresso_stazione_ferroviaria
railway,tram,ferrovia=tram
railway,tram_crossing,attraversamento ferroviario=tram
railway,tram_level_crossing,passaggio a livello ferroviario=tram
railway,tram_stop,ferrovia=fermata_tram
railway,traverser,ferrovia=traversatore
railway,turntable,ferrovia=piattaforma girevole
railway,vacancy_detection,ferrovia=rilevamento_posti_vacanti
railway,ventilation_shaft,ferrovia=pozzo di ventilazione
railway,viaduct,ferrovia=viadotto
railway,wash,ferrovia=lavaggio
railway,water_crane,ferrovia=gru_idrica
railway,water_tower,ferrovia=torre_idrica
railway,workshop,ferrovia=officina
railway,yard,ferrovia=stazione ferroviaria
railway:atb,no,ferrovia:atb=no
railway:atc,no,ferrovia:atc=no
railway:ballastless,no,ferrovia:senza massicciata=no
railway:bidirectional,possible,ferrovia:bidirezionale=possibile
railway:bidirectional,regular,ferrovia:bidirezionale=regolare
railway:ctc,no,ferrovia:ctc=no
railway:ctcs,2,ferrovia:ctcs=2
railway:ctcs,3,ferrovia:ctcs=3
railway:electricity,joint,ferrovia:elettricità=giunto
railway:etcs,1,ferrovia:etcs=1
railway:etcs,2,ferrovia:etcs=2
railway:etcs,no,ferrovia:etcs=no
railway:evm,no,ferrovia:evm=no
railway:gnt,no,ferrovia:gnt=no
railway:kvb,no,ferrovia:kvb=no
railway:local_operated,no,ferrovia:local_operated=no
railway:ls,no,ferrovia:ls=no
railway:lzb,no,ferrovia:lzb=no
railway:milestone:catenary_mast,no,ferrovia:pietra miliare:catenaria_albero=no
railway:milestone:emergency_brake_override,no,ferrovia:pietra miliare:freno_di_emergenza_override=no
railway:preferred_direction,backward,ferrovia:direzione_preferita=indietro
railway:preferred_direction,both,ferrovia:direzione_preferita=entrambi
railway:preferred_direction,forward,ferrovia:direzione_preferita=avanti
railway:ptc,no,ferrovia:ptc=no
railway:pzb,no,ferrovia:pzb=no
railway:radio,analogue,ferrovia:radio=analogica
railway:radio,analoque,ferrovia:radio=analogico
railway:radio,gsm-r,ferrovia:radio=gsm-r
railway:rail,continuous,ferrovia:ferrovia=continua
railway:signal:combined,DE-ESO:ks,ferrovia:segnale:combinato=DE-ESO:ks
railway:signal:combined:form,light,ferrovia:segnale:combinato:forma=luce
railway:signal:combined:height,normal,ferrovia:segnale:combinato:altezza=normale
railway:signal:direction,backward,ferrovia:segnale:direzione=indietro
railway:signal:direction,forward,ferrovia:segnale:direzione=avanti
railway:signal:distant,DE-ESO:ks,ferrovia:segnale:distante=DE-ESO:ks
railway:signal:distant,DE-ESO:vr,ferrovia:segnale:distante=DE-ESO:vr
railway:signal:distant:form,light,ferrovia:segnale:distante:forma=luce
railway:signal:distant:height,normal,ferrovia:segnale:distante:altezza=normale
railway:signal:distant:states,DE-ESO:ks1;DE-ESO:ks2,ferrovia:segnale:distante:stati=DE-ESO:ks1;DE-ESO:ks2
railway:signal:electricity:form,sign,ferrovia:segnale:elettricità:forma=segno
railway:signal:main,DE-ESO:hp,ferrovia:segnale:principale=DE-ESO:hp
railway:signal:main,DE-ESO:ks,ferrovia:segnale:principale=DE-ESO:ks
railway:signal:main:form,light,ferrovia:segnale:principale:forma=luce
railway:signal:main:function,block,ferrovia:segnale:principale:funzione=blocco
railway:signal:main:function,entry,ferrovia:segnale:principale:funzione=entrata
railway:signal:main:function,exit,ferrovia:segnale:principale:funzione=uscita
railway:signal:main:function,intermediate,ferrovia:segnale:principale:funzione=intermedia
railway:signal:main:height,normal,ferrovia:segnale:principale:altezza=normale
railway:signal:main:substitute_signal,DE-ESO:db:zs1,ferrovia:segnale:principale:segnale_sostitutivo=DE-ESO:db:zs1
railway:signal:minor,DE-ESO:sh,ferrovia:segnale:minore=DE-ESO:sh
railway:signal:minor,DE-ESO:sh1,ferrovia:segnale:minore=DE-ESO:sh1
railway:signal:minor:form,light,ferrovia:segnale:minore:forma=luce
railway:signal:minor:form,sign,ferrovia:segnale:minore:forma=segnale
railway:signal:minor:height,dwarf,ferrovia:segnale:minore:altezza=nano
railway:signal:minor:height,normal,ferrovia:segnale:minore:altezza=normale
railway:signal:minor:states,DE-ESO:hp0;DE-ESO:sh1,ferrovia:segnale:minore:stati=DE-ESO:hp0;DE-ESO:sh1
railway:signal:position,in_track,ferrovia:segnale:posizione=in_traccia
railway:signal:position,left,ferrovia:segnale:posizione=sinistra
railway:signal:position,right,ferrovia:segnale:posizione=destra
railway:signal:shunting:form,light,ferrovia:segnale:manovra:forma=luce
railway:signal:shunting:height,dwarf,ferrovia:segnale:manovra:altezza=nano
railway:signal:shunting:height,normal,ferrovia:segnale:manovra:altezza=normale
railway:signal:speed_limit,DE-ESO:lf7,ferrovia:segnale:limite_di_velocità=DE-ESO:lf7
railway:signal:speed_limit,DE-ESO:zs3,ferrovia:segnale:limite_di_velocità=DE-ESO:zs3
railway:signal:speed_limit_distant,DE-ESO:zs3v,ferrovia:segnale:limite_di_velocità_distante=DE-ESO:zs3v
railway:signal:speed_limit_distant:form,light,ferrovia:segnale:limite_di_velocità_distante:forma=luce
railway:signal:speed_limit_distant:form,sign,ferrovia:segnale:limite_di_velocità_distante:forma=segnale
railway:signal:speed_limit_distant:height,normal,ferrovia:segnale:limite_di_velocità_distante:altezza=normale
railway:signal:speed_limit:form,light,ferrovia:segnale:limite_di_velocità:forma=luce
railway:signal:speed_limit:form,sign,ferrovia:segnale:limite_di_velocità:forma=segnale
railway:signal:speed_limit:height,normal,ferrovia:segnale:limite_di_velocità:altezza=normale
railway:signal:stop:form,sign,ferrovia:segnale:fermata:modulo=segnale
railway:signal:traversable,DE-ESO:mastschild_rot-weiss,ferrovia:segnale:attraversabile=DE-ESO:mastschild_rot-weiss
railway:signal:traversable:type,written_default_speed;dictated_default_speed,ferrovia:segnale:attraversabile:tipo=velocità_predefinita_scritta;velocità_predefinita_dettata
railway:switch,default,ferrovia:switch=default
railway:switch,double_slip,ferrovia:scambio=doppio_scambio
railway:switch:electric,no,ferrovia:scambio:elettrico=no
railway:tbl,1+,ferrovia:tbl=1+
railway:tbl,no,ferrovia:tbl=no
railway:tilting,no,ferrovia:inclinazione=no
railway:track_class,3,ferrovia:classe_traccia=3
railway:track_class,4,ferrovia:classe_traccia=4
railway:track_class,5,ferrovia:classe_traccia=5
railway:track_class,C3,ferrovia:classe_traccia=C3
railway:track_class,D3,ferrovia:classe_traccia=D3
railway:track_class,D4,ferrovia:classe_traccia=D4
railway:track_ref,1,ferrovia:track_ref=1
railway:track_ref,2,ferrovia:track_ref=2
railway:track_ref,3,ferrovia:track_ref=3
railway:track_ref,4,ferrovia:track_ref=4
railway:track_ref,U,ferrovia:track_ref=U
railway:track_type,main,ferrovia:tipo_traccia=principale
railway:track_type,minor,ferrovia:tipo_traccia=minore
railway:traffic_mode,freight,ferrovia:modalità_di_traffico=merci
railway:traffic_mode,mixed,ferrovia:modalità_traffico=mista
railway:traffic_mode,passenger,ferrovia:modalità_traffico=passeggero
railway:turnout_side,left,ferrovia:lato_svolta=sinistra
railway:turnout_side,right,ferrovia:lato_scambio=destra
railway:tvm,no,ferrovia:tvm=no
railway:vacancy_detection,axle_counter,ferrovia:rilevamento_posti_vacanti=conta_assi
railway:vacancy_detection,insulated_rail_joint,ferrovia:rilevamento_posti_vacanti=giunto_ferroviario_isolato
ramp,no,rampa=no
ramp,separate,rampa=separata
ramp:wheelchair,no,rampa:sedia a rotelle=no
ramp:wheelchair,separate,rampa:sedia a rotelle=separata
razed:railway,rail,raso:ferrovia=ferrovia
recreation_ground,showground,recreation_ground=campo fieristico
recycling_type,*,tipo_riciclo=*
recycling_type,centre,recycling_type=centre
recycling_type,container,recycling_type=contenitore
recycling:glass,no,riciclaggio:vetro=no
recycling:plastic,no,riciclaggio:plastica=no
rednap:grupo,0,rednap:gruppo=0
rednap:nodo,no,rednap:nodo=no
reef,coral_reef,barriera corallina=barriera_corallina
ref,1,rif=1
ref,*,rif=*
ref,A,rif=A
ref,A1,rif=A1
ref,A2,rif=A2
ref,A3,rif=A3
ref,A4,rif=A4
ref,A6,rif=A6
ref,B,rif=B
ref,C,rif=C
ref,D,rif=D
ref,E,rif=E
ref,MDR,rif=MDR
ref,SS676,rif=SS676
ref,US 1,rif=US 1
ref:colour,orange,ref:colore=arancione
ref:colour,red,ref:colore=rosso
ref:colour,yellow,ref:colore=giallo
ref:colour_tx,black,ref:colour_tx=nero
ref:colour_tx,white,ref:colour_tx=bianco
ref:drain_zone,1,rif:drain_zone=1
ref:gsi,*,rif:gsi=*
ref:opendataparis:domanialit,Alignement,ref:opendataparis:domanialit=Allineamento
ref:opendataparis:domanialit,CIMETIERE,ref:opendataparis:domanialit=CIMETIERE
ref:opendataparis:domanialit,JARDIN,ref:opendataparis:domanialit=JARDIN
ref:signed,no,ref:signed=no
ref:type,arbrei,ref:type=arbrei
religion,animist,religione=animista
religion,antoinist,religione=antonista
religion,bahai,religione=bahai
religion,buddhist,religione=buddista
religion,caodaism,religione=caodaismo
religion,chinese_folk,religione=popolo_cinese
religion,christian,religione=cristiana
religion,confucian,religione=confuciana
religion,hindu,religione=indù
religion,jain,religione=giainista
religion,jewish,religione=ebraica
religion,multifaith,religione=multireligiosa
religion,muslim,religione=musulmano
religion,none,religione=nessuna
religion,pagan,religione=pagano
religion,pastafarian,religione=pastafariana
religion,scientologist,religione=scientologist
religion,Self-Realization_Fellowship,religione=Self-Realization_Fellowship
religion,shinto,religione=shintoismo
religion,sikh,religione=sikh
religion,spiritualist,religione=spiritualista
religion,taoist,religione=taoista
religion,unitarian_universalist,religione=unitariano_universalista
religion,voodoo,religione=voodoo
religion,yazidi,religione=yazidi
religion,zoroastrian,religione=zoroastriana
removed:power,line,rimosso:alimentazione=linea
rental,appliance,noleggio=elettrodomestico
rental,boat,noleggio=barca
rental,clothes,noleggio=vestiti
rental,event,noleggio=evento
rental,quadracycle,noleggio=quadriciclo
rental,ski,noleggio=sci
rental,strandkorb,noleggio=strandkorb
rental,trailer,noleggio=rimorchio
repair,assisted_self_service,riparazione=self-service_assistito
research,aerospace,ricerca=aerospaziale
reservation,no,prenotazione=no
reservation,required,prenotazione=obbligatoria
reservoir_type,sewage,reservoir_type=acque reflue
reservoir_type,water_storage,reservoir_type=accumulo_d'acqua
residential,apartments,residenziale=appartamenti
residential,condominium,residenziale=condominio
residential,duplex,residenziale=duplex
residential,halting_site,residenziale=luogo_di_fermata
residential,rural,residenziale=rurale
residential,single_family,residenziale=monofamiliare
residential,terrace,residenziale=terrazza
residential,trailer_park,residenziale=parco roulotte
residential,university,residenziale=università
residential,urban,residenziale=urbano
resource,aggregate,risorsa=aggregato
resource,coal,risorsa=carbone
resource,gravel,risorsa=ghiaia
resource,sand,risorsa=sabbia
restriction,no_left_turn,restrizione=divieto_di_svolta_a_sinistra
restriction,no_right_turn,restrizione=divieto_di_svolta_a_destra
restriction,no_right_turn_on_red,restrizione=divieto_di_svolta_a_destra_con_semaforo_rosso
restriction,no_straight_on,restrizione=no_dritto_on
restriction,no_u_turn,restrizione=divieto di inversione
restriction,only_left_turn,restrizione=solo_svolta_a_sinistra
restriction,only_right_turn,restrizione=solo_svolta_a_destra
restriction,only_straight_on,restrizione=solo_dritto
retaining_wall,flood_wall,muro di contenimento=muro di protezione dalle inondazioni
review,no,recensione=no
road_marking,bus_stop,segnaletica stradale=fermata dell'autobus
road_marking,dash,segnaletica stradale=trattino
road_marking,dashed_crossing_edge,segnaletica stradale=bordo_di_attraversamento_tratteggiato
road_marking,dashed_give_way_line,segnaletica stradale=linea_tratteggiata_di_dare_precedenza
road_marking,dirt_road,segnaletica stradale=strada sterrata
road_marking,GB:1001,segnaletica stradale=GB:1001
road_marking,GB:1003A,segnaletica stradale=GB:1003A
road_marking,GB:1062,segnaletica stradale=GB:1062
road_marking,give_way,segnaletica stradale=dare la precedenza
road_marking,gore_chevron,segnaletica stradale=gore_chevron
road_marking,HK:604[right],segnaletica stradale=HK:604[destra]
road_marking,lane_divider,segnaletica stradale=divisorio di corsia
road_marking,left;through,segnaletica stradale=sinistra;attraverso
road_marking,no,segnaletica stradale=no
road_marking,none,segnaletica stradale=nessuna
road_marking,only,segnaletica stradale=solo
road_marking,pedestrian_crossing_rectangle,segnaletica_stradale=attraversamento_pedonale_rettangolo
road_marking,railroad_crossing,segnaletica stradale=attraversamento ferroviario
road_marking,right,segnaletica stradale=destra
road_marking,right;through,segnaletica stradale=destra;attraverso
road_marking,road,segnaletica stradale=strada
road_marking,separate,segnaletica stradale=separata
road_marking,sharrow,segnaletica stradale=sharrow
road_marking,solid_crossing_edge,segnaletica stradale=bordo_solido_di_attraversamento
road_marking,solid_lane_divider,segnaletica stradale=divisorio_di_corsia_solido
road_marking,solid_line,segnaletica stradale=linea continua
road_marking,solid_parking_space_divider,segnaletica stradale=divisorio_solido_per_parcheggio
road_marking,solid_road_edge,segnaletica stradale=bordo_strada_solido
road_marking,solid_stop_line,segnaletica stradale=linea_di_arresto_continua
road_marking,solid_stop_line;stop,segnaletica stradale=linea_di_arresto_solida;fermata
road_marking,stop,segnaletica stradale=stop
road_marking,stop_line,segnaletica stradale=linea di arresto
road_marking,through,segnaletica stradale=attraverso
road_marking,through;right,segnaletica stradale=attraverso;destra
road_marking,traffic_sign,segnaletica stradale=segnale stradale
road_marking,turn_dashes,segnaletica stradale=trattini di svolta
road_marking,yellow_divider,segnaletica stradale=divisore giallo
road_marking,zebra,segnaletica stradale=zebra
roller_coaster,station,montagne russe=stazione
roller_coaster,support,montagne russe=supporto
roller_coaster,track,montagne russe=pista
roof:colour,#808080,tetto:colore=#808080
roof:colour,#938870,tetto:colore=#938870
roof:downpipe,no,tetto:pluviale=no
roof:height,1,tetto:altezza=1
roof:height,2,tetto:altezza=2
roof:height,3,tetto:altezza=3
roof:height,4,tetto:altezza=4
roof:height,5,tetto:altezza=5
roof:height,0.5,"tetto:altezza=0,5"
roof:height,1.5,"tetto:altezza=1,5"
roof:height,2.5,"tetto:altezza=2,5"
roof:levels,0,tetto:livelli=0
roof:levels,1,tetto:livelli=1
roof:levels,2,tetto:livelli=2
roof:levels,0.5,"tetto:livelli=0,5"
roof:levels,0.8,"tetto:livelli=0,8"
roof:levels,1.5,tetto:livelli=1.5
roof:material,asbestos,tetto:materiale=amianto
roof:material,asphalt,tetto:materiale=asfalto
roof:material,cgi,tetto:materiale=cgi
roof:material,concrete,tetto:materiale=cemento
roof:material,copper,tetto:materiale=rame
roof:material,eternit,tetto:materiale=eternit
roof:material,glass,tetto:materiale=vetro
roof:material,grass,tetto:materiale=erba
roof:material,gravel,tetto:materiale=ghiaia
roof:material,metal,tetto:materiale=metallo
roof:material,metal sheet,tetto:materiale=lamiera
roof:material,metal_sheet,tetto:materiale=lamiera
roof:material,metal␣sheet,tetto:materiale=metallo ␣ lamiera
roof:material,plastic,tetto:materiale=plastica
roof:material,rcc,tetto:materiale=rcc
roof:material,roof_tiles,tetto:materiale=tegole
roof:material,slate,tetto:materiale=ardesia
roof:material,stone,tetto:materiale=pietra
roof:material,tar_paper,tetto:materiale=carta_catrame
roof:material,thatch,tetto:materiale=paglia
roof:material,tile,tetto:materiale=tegola
roof:material,tiles,tetto:materiale=tegole
roof:material,tin,tetto:materiale=latta
roof:material,wood,tetto:materiale=legno
roof:material,zink,tetto:materiale=zinco
roof:orientation,across,tetto:orientamento=attraverso
roof:orientation,along,tetto:orientamento=lungo
roof:orientation:compass,N-S,tetto:orientamento:bussola=NS
roof:shape,2␣face␣(pitched),tetto:forma=2 ␣ faccia ␣ (inclinata)
roof:shape,2␣faces␣(pitched),tetto:forma=2 ␣ facce ␣ (inclinate)
roof:shape,3dr,tetto:forma=3dr
roof:shape,dome,tetto:forma=cupola
roof:shape,double_saltbox,tetto:forma=doppio_saltbox
roof:shape,flat,tetto:forma=piatto
roof:shape,gabled,tetto:forma=a due falde
roof:shape,gabled_row,tetto:forma=a_due_timpani
roof:shape,gambrel,tetto:forma=mansarda
roof:shape,half_hipped,tetto:forma=mezzo padiglione
roof:shape,half-hipped,tetto:forma=mezzo padiglione
roof:shape,hipped,tetto:forma=a padiglione
roof:shape,lean_to,tetto:forma=a_spiovente
roof:shape,mansard,tetto:forma=mansarda
roof:shape,many,tetto:forma=molti
roof:shape,mixed,tetto:forma=mista
roof:shape,onion,tetto:forma=cipolla
roof:shape,pitched,tetto:forma=spiovente
roof:shape,pyramidal,tetto:forma=piramidale
roof:shape,quadruple_saltbox,tetto:forma=quadruple_saltbox
roof:shape,round,tetto:forma=rotondo
roof:shape,saltbox,tetto:forma=saltbox
roof:shape,shed,tetto:forma=capannone
roof:shape,side_hipped,tetto:forma=a padiglione laterale
roof:shape,skillion,tetto:forma=skillion
roof:shape,sloped,tetto:forma=inclinato
room,carrel,stanza=carrel
room,class,stanza=classe
room,corridor,stanza=corridoio
room,elevator,stanza=ascensore
room,laboratory,stanza=laboratorio
room,office,stanza=ufficio
room,restaurant,stanza=ristorante
room,shop,stanza=negozio
room,stairs,stanza=scale
room,storage,stanza=deposito
room,technical,stanza=tecnica
room,toilet,stanza=toilette
room,toilets,stanza=servizi igienici
roundtrip,no,andata e ritorno=no
route,aqueduct,percorso=acquedotto
route,atv,percorso=atv
route,bicycle,percorso=bicicletta
route,boat,rotta=barca
route,bus,percorso=autobus
route,canal,percorso=canale
route,canoe,percorso=canoa
route,coach,percorso=pullman
route,detour,percorso=deviazione
route,emergency_access,percorso=accesso_di_emergenza
route,evacuation,percorso=evacuazione
route,ferrata,percorso=ferrata
route,ferry,percorso=traghetto
route,fitness_trail,percorso=percorso_fitness
route,foot,percorso=piede
route,funicular,percorso=funicolare
route,hiking,percorso=escursionismo
route,historic,percorso=storico
route,horse,percorso=cavallo
route,inline_skates,percorso=pattini_in_linea
route,light_rail,percorso=metropolitana leggera
route,minibus,percorso=minibus
route,monorail,percorso=monorotaia
route,motorboat,percorso=motoscafo
route,mtb,percorso=mtb
route,mudflat_hiking,percorso=escursionismo_in_pianura_fangosa
route,ncn,percorso=ncn
route,nordic_walking,percorso=camminata_nordica
route,pipeline,percorso=conduttura
route,piste,percorso=pista
route,power,percorso=potenza
route,railway,percorso=ferrovia
route,road,percorso=strada
route,running,percorso=corsa
route,share_taxi,percorso=taxi condiviso
route,ski,percorso=sci
route,snowmobile,percorso=motoslitta
route,subway,percorso=metropolitana
route,tracks,percorso=tracce
route,train,percorso=treno
route,tram,percorso=tram
route,transhumance,percorso=transumanza
route,trolleybus,percorso=filobus
route,waterway,percorso=via d'acqua
route,worship,percorso=adorazione
route_master,bus,route_master=autobus
royal_cypher,EIIR,royal_cypher=EIIR
royal_cypher:wikidata,Q33102113,royal_cypher:wikidata=Q33102113
ruins,building,rovine=edificio
sac_scale,alpine_hiking,sac_scale=escursionismo_alpino
sac_scale,demanding_alpine_hiking,sac_scale=escursionismo_alpino_impegnativo
sac_scale,demanding_mountain_hiking,sac_scale=escursioni_in_montagna_impegnative
sac_scale,difficult_alpine_hiking,sac_scale=escursionismo_alpino_difficile
sac_scale,hiking,sac_scale=escursionismo
sac_scale,mountain_hiking,sac_scale=escursionismo_in_montagna
salt,no,sale=no
sanitary_dump_station,*,stazione di scarico sanitario=*
sby:bldgtype,Accessory␣Structure,sby:bldgtype=Accessorio ␣ Struttura
sby:bldgtype,Primary␣Structure,sby:bldgtype= Struttura primaria ␣
school,blind,scuola=cieca
school,entrance,scuola=ingresso
school,primary,scuola=primaria
school,special_education_needs,scuola=bisogni_educativi_speciali
school:FR,maternelle,scuola:FR=maternelle
school:FR,primaire,scuola:FR=primaria
school:gender,female,scuola:genere=femmina
school:gender,male,scuola:genere=maschio
school:gender,mixed,scuola:genere=misto
school:MG,collège,scuola:MG=collège
school:MG,lycée,scuola:MG=liceo
school:MG,prescolaire,scuola:MG=prescolaire
school:MG,préscolaire,scuola:MG=préscolaire
school:MG,primaire,scuola:MG=primaria
school:selective,no,scuola:selettiva=no
school:type_idn,sd,scuola:type_idn=sd
seamark,anchorage,seamark=ancoraggio
seamark,beacon,seamark=faro
seamark,buoy,seamark=boa
seamark,landmark,seamark=punto di riferimento
seamark,lighthouse,seamark=faro
seamark:beacon_cardinal:colour,black;yellow,seamark:beacon_cardinal:colour=black;yellow
seamark:beacon_cardinal:colour,black;yellow;black,seamark:beacon_cardinal:colour=black;yellow;black
seamark:beacon_cardinal:colour,yellow;black,seamark:beacon_cardinal:colour=yellow;black
seamark:beacon_cardinal:colour,yellow;black;yellow,seamark:beacon_cardinal:colour=yellow;black;yellow
seamark:beacon_cardinal:colour_pattern,horizontal,seamark:beacon_cardinal:colour_pattern=horizontal
seamark:beacon_cardinal:shape,pile,seamark:beacon_cardinal:shape=pile
seamark:beacon_cardinal:shape,tower,seamark:beacon_cardinal:shape=tower
seamark:beacon_isolated_danger:colour,black;red;black,seamark:beacon_isolated_danger:colour=black;red;black
seamark:beacon_isolated_danger:colour_pattern,horizontal,seamark:beacon_isolated_danger:colour_pattern=horizontal
seamark:beacon_isolated_danger:shape,stake,seamark:beacon_isolated_danger:shape=stake
seamark:beacon_isolated_danger:shape,tower,seamark:beacon_isolated_danger:shape=tower
seamark:beacon_lateral:category,channel_left,seamark:beacon_lateral:category=channel_left
seamark:beacon_lateral:category,channel_left_bank,seamark:beacon_lateral:category=channel_left_bank
seamark:beacon_lateral:category,channel_right,seamark:beacon_lateral:category=channel_right
seamark:beacon_lateral:category,channel_right_bank,seamark:beacon_lateral:category=channel_right_bank
seamark:beacon_lateral:category,crossover_left,seamark:beacon_lateral:category=crossover_left
seamark:beacon_lateral:category,crossover_right,seamark:beacon_lateral:category=crossover_right
seamark:beacon_lateral:category,danger_left,seamark:beacon_lateral:category=danger_left
seamark:beacon_lateral:category,danger_right,seamark:beacon_lateral:category=danger_right
seamark:beacon_lateral:category,harbour_left,seamark:beacon_lateral:category=harbour_left
seamark:beacon_lateral:category,harbour_right,seamark:beacon_lateral:category=harbour_right
seamark:beacon_lateral:category,port,seamark:beacon_lateral:category=port
seamark:beacon_lateral:category,preferred_channel_port,seamark:beacon_lateral:category=preferred_channel_port
seamark:beacon_lateral:category,preferred_channel_starboard,seamark:beacon_lateral:category=preferred_channel_starboard
seamark:beacon_lateral:category,starboard,seamark:beacon_lateral:category=starboard
seamark:beacon_lateral:category,waterway_left,seamark:beacon_lateral:category=waterway_left
seamark:beacon_lateral:category,waterway_right,seamark:beacon_lateral:category=waterway_right
seamark:beacon_lateral:colour,green,seamark:beacon_lateral:colour=green
seamark:beacon_lateral:colour,green;red;green,seamark:beacon_lateral:colour=green;red;green
seamark:beacon_lateral:colour,green;white;green;white,seamark:beacon_lateral:colour=green;white;green;white
seamark:beacon_lateral:colour,red,seamark:beacon_lateral:colour=red
seamark:beacon_lateral:colour,red;green;red,seamark:beacon_lateral:colour=red;green;red
seamark:beacon_lateral:colour,red;green;red;green,seamark:beacon_lateral:colour=red;green;red;green
seamark:beacon_lateral:colour,red;white;red;white,seamark:beacon_lateral:colour=red;white;red;white
seamark:beacon_lateral:colour_pattern,horizontal,seamark:beacon_lateral:colour_pattern=horizontal
seamark:beacon_lateral:shape,perch,seamark:beacon_lateral:shape=perch
seamark:beacon_lateral:shape,pile,seamark:beacon_lateral:shape=pile
seamark:beacon_lateral:shape,pole,seamark:beacon_lateral:shape=pole
seamark:beacon_lateral:shape,stake,seamark:beacon_lateral:shape=stake
seamark:beacon_lateral:shape,tower,seamark:beacon_lateral:shape=tower
seamark:beacon_lateral:shape,withy,seamark:beacon_lateral:shape=withy
seamark:beacon_lateral:system,iala-a,seamark:beacon_lateral:system=iala-a
seamark:beacon_safe_water:colour,red;white,seamark:beacon_safe_water:colour=red;white
seamark:beacon_safe_water:colour_pattern,vertical,seamark:beacon_safe_water:colour_pattern=vertical
seamark:beacon_safe_water:shape,pile,seamark:beacon_safe_water:shape=pile
seamark:beacon_safe_water:shape,tower,seamark:beacon_safe_water:shape=tower
seamark:beacon_special_purpose:category,cable,seamark:beacon_special_purpose:category=cable
seamark:beacon_special_purpose:category,leading,seamark:beacon_special_purpose:category=leading
seamark:beacon_special_purpose:category,notice,seamark:beacon_special_purpose:category=notice
seamark:beacon_special_purpose:category,racing,seamark:beacon_special_purpose:category=racing
seamark:beacon_special_purpose:category,warning,seamark:beacon_special_purpose:category=warning
seamark:beacon_special_purpose:colour,black,seamark:beacon_special_purpose:colour=black
seamark:beacon_special_purpose:colour,blue,seamark:beacon_special_purpose:colour=blue
seamark:beacon_special_purpose:colour,green,seamark:beacon_special_purpose:colour=green
seamark:beacon_special_purpose:colour,grey,seamark:beacon_special_purpose:colour=grey
seamark:beacon_special_purpose:colour,orange,seamark:beacon_special_purpose:colour=orange
seamark:beacon_special_purpose:colour,red,seamark:beacon_special_purpose:colour=red
seamark:beacon_special_purpose:colour,white,seamark:beacon_special_purpose:colour=white
seamark:beacon_special_purpose:colour,yellow,seamark:beacon_special_purpose:colour=yellow
seamark:beacon_special_purpose:shape,cairn,seamark:beacon_special_purpose:shape=cairn
seamark:beacon_special_purpose:shape,lattice,seamark:beacon_special_purpose:shape=lattice
seamark:beacon_special_purpose:shape,pile,seamark:beacon_special_purpose:shape=pile
seamark:beacon_special_purpose:shape,pole,seamark:beacon_special_purpose:shape=pole
seamark:beacon_special_purpose:shape,tower,seamark:beacon_special_purpose:shape=tower
seamark:building:function,harbour_master,seamark:building:function=harbour_master
seamark:buoy_cardinal:category,east,seamark:buoy_cardinal:category=east
seamark:buoy_cardinal:category,north,seamark:buoy_cardinal:category=north
seamark:buoy_cardinal:category,south,seamark:buoy_cardinal:category=south
seamark:buoy_cardinal:category,west,seamark:buoy_cardinal:category=west
seamark:buoy_cardinal:colour,black;yellow,seamark:buoy_cardinal:colour=black;yellow
seamark:buoy_cardinal:colour,black;yellow;black,seamark:buoy_cardinal:colour=black;yellow;black
seamark:buoy_cardinal:colour,yellow;black,seamark:buoy_cardinal:colour=yellow;black
seamark:buoy_cardinal:colour,yellow;black;yellow,seamark:buoy_cardinal:colour=yellow;black;yellow
seamark:buoy_cardinal:colour_pattern,horizontal,seamark:buoy_cardinal:colour_pattern=horizontal
seamark:buoy_cardinal:shape,can,seamark:buoy_cardinal:shape=can
seamark:buoy_cardinal:shape,conical,seamark:buoy_cardinal:shape=conical
seamark:buoy_cardinal:shape,pillar,seamark:buoy_cardinal:shape=pillar
seamark:buoy_cardinal:shape,spar,seamark:boa_cardinale:forma=spar
seamark:buoy_cardinal:shape,spherical,seamark:buoy_cardinal:shape=spherical
seamark:buoy_isolated_danger:colour,black;red;black,seamark:buoy_isolated_danger:colour=black;red;black
seamark:buoy_isolated_danger:colour_pattern,horizontal,seamark:boa_isolata_pericolo:colore_modello=orizzontale
seamark:buoy_isolated_danger:shape,can,seamark:boa_isolata_pericolo:forma=can
seamark:buoy_isolated_danger:shape,conical,seamark:boa_isolata_pericolo:forma=conica
seamark:buoy_isolated_danger:shape,pillar,seamark:boa_isolata_pericolo:forma=pilastro
seamark:buoy_isolated_danger:shape,spar,seamark:boa_isolata_pericolo:forma=spar
seamark:buoy_isolated_danger:shape,spherical,seamark:boa_isolata_pericolo:forma=sferica
seamark:buoy_lateral:category,bridge_pier,seamark:buoy_lateral:category=bridge_pier
seamark:buoy_lateral:category,channel_left,seamark:boa_laterale:categoria=canale_sinistro
seamark:buoy_lateral:category,channel_right,seamark:boa_laterale:categoria=canale_destra
seamark:buoy_lateral:category,channel_separation,seamark:boa_laterale:categoria=separazione_canale
seamark:buoy_lateral:category,danger_left,seamark:buoy_lateral:category=danger_left
seamark:buoy_lateral:category,danger_right,seamark:buoy_lateral:category=danger_right
seamark:buoy_lateral:category,port,seamark:buoy_lateral:category=port
seamark:buoy_lateral:category,preferred_channel_port,seamark:buoy_lateral:category=preferred_channel_port
seamark:buoy_lateral:category,preferred_channel_starboard,seamark:buoy_lateral:category=preferred_channel_starboard
seamark:buoy_lateral:category,starboard,seamark:buoy_lateral:category=starboard
seamark:buoy_lateral:category,turnoff_left,seamark:buoy_lateral:category=turnoff_left
seamark:buoy_lateral:category,turnoff_right,seamark:buoy_lateral:category=turnoff_right
seamark:buoy_lateral:category,waterway_left,seamark:buoy_lateral:category=waterway_left
seamark:buoy_lateral:category,waterway_right,seamark:buoy_lateral:category=waterway_right
seamark:buoy_lateral:category,waterway_separation,seamark:buoy_lateral:category=waterway_separation
seamark:buoy_lateral:colour,green,seamark:buoy_lateral:colour=green
seamark:buoy_lateral:colour,green;red;green,seamark:buoy_lateral:colour=green;red;green
seamark:buoy_lateral:colour,green;white;green;white,seamark:buoy_lateral:colour=green;white;green;white
seamark:buoy_lateral:colour,red,seamark:buoy_lateral:colour=red
seamark:buoy_lateral:colour,red;green;red,seamark:buoy_lateral:colour=red;green;red
seamark:buoy_lateral:colour,red;green;red;green,seamark:buoy_lateral:colour=red;green;red;green
seamark:buoy_lateral:colour,red;white;red;white,seamark:buoy_lateral:colour=red;white;red;white
seamark:buoy_lateral:colour_pattern,horizontal,seamark:buoy_lateral:colour_pattern=horizontal
seamark:buoy_lateral:reflectivity,reflector,seamark:buoy_lateral:reflectivity=reflector
seamark:buoy_lateral:shape,can,seamark:buoy_lateral:shape=can
seamark:buoy_lateral:shape,conical,seamark:buoy_lateral:shape=conical
seamark:buoy_lateral:shape,pillar,seamark:buoy_lateral:shape=pillar
seamark:buoy_lateral:shape,spar,seamark:boa_laterale:forma=longherone
seamark:buoy_lateral:shape,spherical,seamark:buoy_lateral:shape=spherical
seamark:buoy_lateral:system,iala-a,seamark:buoy_lateral:system=iala-a
seamark:buoy_safe_water:colour,red;white,seamark:buoy_safe_water:colour=red;white
seamark:buoy_safe_water:colour_pattern,vertical,seamark:boa_acqua_sicura:colore_modello=verticale
seamark:buoy_safe_water:shape,can,seamark:buoy_safe_water:shape=can
seamark:buoy_safe_water:shape,conical,seamark:buoy_safe_water:shape=conical
seamark:buoy_safe_water:shape,pillar,seamark:boa_acqua_sicura:forma=pilastro
seamark:buoy_safe_water:shape,spar,seamark:boa_acqua_sicura:forma=spar
seamark:buoy_safe_water:shape,spherical,seamark:buoy_safe_water:shape=spherical
seamark:buoy_special_purpose:category,mooring,seamark:boa_speciale_scopo:categoria=ormeggio
seamark:buoy_special_purpose:category,no_entry,seamark:boa_speciale_scopo:categoria=nessun_ingresso
seamark:buoy_special_purpose:category,odas,seamark:buoy_special_purpose:category=odas
seamark:buoy_special_purpose:category,racing,seamark:boa_speciale_scopo:categoria=regata
seamark:buoy_special_purpose:category,recreation_zone,seamark:boa_speciale_scopo:categoria=zona_ricreativa
seamark:buoy_special_purpose:category,warning,seamark:buoy_special_purpose:category=warning
seamark:buoy_special_purpose:colour,black,seamark:boa_scopo_speciale:colore=nero
seamark:buoy_special_purpose:colour,blue,seamark:boa_speciale_scopo:colore=blu
seamark:buoy_special_purpose:colour,green,seamark:boa_speciale_scopo:colore=verde
seamark:buoy_special_purpose:colour,orange,seamark:boa_scopo_speciale:colore=arancione
seamark:buoy_special_purpose:colour,red,seamark:boa_speciale_scopo:colore=rosso
seamark:buoy_special_purpose:colour,white,seamark:boa_scopo_speciale:colore=bianco
seamark:buoy_special_purpose:colour,yellow,seamark:boa_scopo_speciale:colore=giallo
seamark:buoy_special_purpose:colour_pattern,diagonal,seamark:buoy_special_purpose:colour_pattern=diagonal
seamark:buoy_special_purpose:colour_pattern,horizontal,seamark:buoy_special_purpose:colour_pattern=horizontal
seamark:buoy_special_purpose:colour_pattern,vertical,seamark:boa_scopo_speciale:colore_modello=verticale
seamark:buoy_special_purpose:shape,barrel,seamark:boa_scopo_speciale:forma=barile
seamark:buoy_special_purpose:shape,can,seamark:buoy_special_purpose:shape=can
seamark:buoy_special_purpose:shape,conical,seamark:boa_speciale_scopo:forma=conica
seamark:buoy_special_purpose:shape,pillar,seamark:boa_scopo_speciale:forma=pilastro
seamark:buoy_special_purpose:shape,spar,seamark:boa_scopo_speciale:forma=spar
seamark:buoy_special_purpose:shape,spherical,seamark:buoy_special_purpose:shape=spherical
seamark:buoy_special_purpose:shape,super-buoy,seamark:boa_speciale_scopo:forma=super-boa
seamark:cable_overhead:category,power,seamark:cable_overhead:category=power
seamark:cable_overhead:category,telephone,seamark:cable_overhead:category=telephone
seamark:cable_overhead:category,transmission,seamark:cable_overhead:category=trasmissione
seamark:cable_submarine:category,power,seamark:cable_submarine:category=power
seamark:conspicuity,conspicious,seamark:conspicuity=conspicious
seamark:conspicuity,conspicuous,seamark:conspicuity=evidente
seamark:distance_mark:category,board,seamark:distance_mark:category=board
seamark:distance_mark:category,not_installed,seamark:distance_mark:category=not_installed
seamark:distance_mark:units,hectometres,seamark:distance_mark:units=ettometri
seamark:distance_mark:units,kilometres,seamark:distance_mark:units=chilometri
seamark:fixme,please_fix_position,seamark:fixme=per favore_correggi_posizione
seamark:fog_signal:category,bell,seamark:fog_signal:category=bell
seamark:fog_signal:category,diaphone,seamark:fog_signal:category=diaphone
seamark:fog_signal:category,explosive,seamark:fog_signal:category=explosive
seamark:fog_signal:category,gong,seamark:fog_signal:category=gong
seamark:fog_signal:category,horn,seamark:fog_signal:category=horn
seamark:fog_signal:category,nautophone,seamark:fog_signal:category=nautophone
seamark:fog_signal:category,siren,seamark:fog_signal:category=siren
seamark:fog_signal:category,whistle,seamark:fog_signal:category=whistle
seamark:harbour:category,fishing,seamark:harbour:category=pesca
seamark:harbour:category,marina,seamark:harbour:category=marina
seamark:landmark:category,cairn,seamark:landmark:category=cairn
seamark:landmark:category,cemetery,seamark:landmark:category=cemetery
seamark:landmark:category,chimney,seamark:landmark:category=chimney
seamark:landmark:category,column,seamark:landmark:category=column
seamark:landmark:category,cross,seamark:landmark:category=cross
seamark:landmark:category,dish_aerial,seamark:landmark:category=dish_aerial
seamark:landmark:category,dome,seamark:landmark:category=dome
seamark:landmark:category,flagstaff,seamark:landmark:category=flagstaff
seamark:landmark:category,flare_stack,seamark:landmark:category=flare_stack
seamark:landmark:category,mast,seamark:landmark:category=mast
seamark:landmark:category,memorial,seamark:landmark:category=memorial
seamark:landmark:category,minaret,seamark:landmark:category=minaret
seamark:landmark:category,monument,seamark:landmark:category=monument
seamark:landmark:category,obelisk,seamark:landmark:category=obelisco
seamark:landmark:category,radar_scanner,seamark:landmark:category=radar_scanner
seamark:landmark:category,spire,seamark:landmark:category=spire
seamark:landmark:category,statue,seamark:landmark:category=statua
seamark:landmark:category,tower,seamark:landmark:category=tower
seamark:landmark:category,windmill,seamark:landmark:category=windmill
seamark:landmark:category,windmotor,seamark:landmark:category=motore eolico
seamark:landmark:category,windsock,seamark:landmark:category=windsock
seamark:landmark:conspicuity,conspicuous,seamark:landmark:conspicuity=evidente
seamark:landmark:function,buddhist_temple,seamark:landmark:function=buddhist_temple
seamark:landmark:function,chapel,seamark:landmark:function=chapel
seamark:landmark:function,church,seamark:landmark:function=church
seamark:landmark:function,marabout,seamark:landmark:function=marabout
seamark:landmark:function,mosque,seamark:landmark:function=mosque
seamark:landmark:function,pagoda,seamark:landmark:function=pagoda
seamark:landmark:function,shinto_shrine,seamark:landmark:function=shinto_shrine
seamark:landmark:function,tempel,seamark:landmark:function=tempel
seamark:landmark:function,temple,seamark:landmark:function=temple
seamark:light:1:category,directional,seamark:light:1:category=directional
seamark:light:1:category,lower,seamark:light:1:category=lower
seamark:light:1:category,upper,seamark:light:1:category=upper
seamark:light:category,aero,seamark:light:category=aero
seamark:light:category,air_obstruction,seamark:light:category=air_obstruction
seamark:light:category,directional,seamark:light:category=direzionale
seamark:light:category,floodlight,seamark:light:category=proiettore
seamark:light:category,fog_detector,seamark:light:category=rilevatore_di_nebbia
seamark:light:category,front,seamark:light:category=front
seamark:light:category,lower,seamark:light:category=lower
seamark:light:category,moire,seamark:light:category=moiré
seamark:light:category,rear,seamark:light:category=rear
seamark:light:category,strip_light,seamark:light:category=strip_light
seamark:light:category,striplight,seamark:light:category=striplight
seamark:light:category,subsidiary,seamark:light:category=subsidiary
seamark:light:category,upper,seamark:light:category=upper
seamark:light:character,Al,seamark:light:character=Al
seamark:light:character,Al.Fl,seamark:light:character=Al.Fl
seamark:light:character,Al.Iso,seamark:light:character=Al.Iso
seamark:light:character,Al.LFl,seamark:light:character=Al.LFl
seamark:light:character,Al.Oc,seamark:light:character=Al.Oc
seamark:light:character,F,seamark:light:character=F
seamark:light:character,FFl,seamark:light:character=FFl
seamark:light:character,Fl,seamark:light:character=Fl
seamark:light:character,IQ,seamark:light:character=IQ
seamark:light:character,Iso,seamark:light:character=Iso
seamark:light:character,IUQ,seamark:light:character=IUQ
seamark:light:character,IVQ,seamark:light:character=IVQ
seamark:light:character,LFl,seamark:light:character=LFl
seamark:light:character,Mo,seamark:light:character=Mo
seamark:light:character,Oc,seamark:light:character=Oc
seamark:light:character,OcFl,seamark:light:character=OcFl
seamark:light:character,Q,seamark:light:character=Q
seamark:light:character,Q+LFl,seamark:light:character=Q+LFl
seamark:light:character,UQ,seamark:light:character=UQ
seamark:light:character,VQ,seamark:light:character=VQ
seamark:light:character,VQ+LFl,seamark:light:character=VQ+LFl
seamark:light:colour,amber,seamark:light:colour=amber
seamark:light:colour,blue,seamark:light:colour=blue
seamark:light:colour,green,seamark:light:colour=green
seamark:light:colour,orange,seamark:light:colour=orange
seamark:light:colour,red,seamark:light:colour=red
seamark:light:colour,violet,seamark:light:colour=violet
seamark:light:colour,white,seamark:light:colour=white
seamark:light:colour,yellow,seamark:light:colour=yellow
seamark:light:exhibition,day,seamark:light:exhibition=day
seamark:light:exhibition,fog,seamark:light:exhibition=fog
seamark:light:exhibition,on_demand,seamark:light:exhibition=on_demand
seamark:light:status,extinguished,seamark:light:status=extinguished
seamark:light:status,private,seamark:light:status=private
seamark:light:status,temporary,seamark:light:status=temporaneo
seamark:light:status,unreliable,seamark:light:status=inaffidabile
seamark:light:visibility,intensified,seamark:light:visibility=intensified
seamark:light:visibility,part_obscured,seamark:light:visibility=part_obscured
seamark:light:visibility,unintensified,seamark:light:visibility=unintensified
seamark:mooring:category,automatic,seamark:mooring:category=automatic
seamark:mooring:category,bollard,seamark:mooring:category=bollard
seamark:mooring:category,buoy,seamark:mooring:category=buoy
seamark:mooring:category,chain,seamark:mooring:category=chain
seamark:mooring:category,deviation_dolphin,seamark:mooring:category=deviation_dolphin
seamark:mooring:category,dolphin,seamark:mooring:category=dolphin
seamark:mooring:category,pile,seamark:mooring:category=pile
seamark:mooring:category,post,seamark:mooring:category=post
seamark:mooring:category,shore_rope,seamark:mooring:category=shore_rope
seamark:mooring:category,wall,seamark:mooring:category=wall
seamark:navigation_line:category,*,seamark:navigation_line:category=*
seamark:notice:category,ferry_independent,seamark:notice:category=ferry_independent
seamark:notice:category,ferry_non_independent,seamark:notice:category=ferry_non_independent
seamark:notice:category,limited_headroom,seamark:notice:category=limited_headroom
seamark:notice:category,no_anchoring,seamark:notice:category=no_anchoring
seamark:notice:category,no_berthing,seamark:notice:category=no_berthing
seamark:notice:category,no_entry,seamark:notice:category=no_entry
seamark:notice:category,speed_limit,seamark:notice:category=speed_limit
seamark:notice:function,information,seamark:notice:function=information
seamark:notice:function,prohibition,seamark:notice:function=prohibition
seamark:notice:function,recommendation,seamark:notice:function=recommendation
seamark:notice:function,regulation,seamark:notice:function=regulation
seamark:notice:function,restriction,seamark:notice:function=restriction
seamark:notice:system,cevni,seamark:notice:system=cevni
seamark:obstruction:category,boom,seamark:ostruzione:categoria=boom
seamark:pipeline_submarine:category,supply,seamark:pipeline_submarine:category=supply
seamark:radar_reflector,no,seamark:radar_reflector=no
seamark:radar_transponder:category,racon,seamark:radar_transponder:category=racon
seamark:radar_transponder:category,ramark,seamark:radar_transponder:category=ramark
seamark:radio_station:category,ais,seamark:radio_station:category=ais
seamark:radio_station:category,chiaka,seamark:radio_station:category=chiaka
seamark:radio_station:category,commercial_broadcast,seamark:radio_station:category=commercial_broadcast
seamark:radio_station:category,decca,seamark:radio_station:category=decca
seamark:radio_station:category,dgps,seamark:radio_station:category=dgps
seamark:radio_station:category,facsimile,seamark:radio_station:category=facsimile
seamark:radio_station:category,loran,seamark:radio_station:category=loran
seamark:radio_station:category,omega,seamark:radio_station:category=omega
seamark:radio_station:category,public_communication,seamark:radio_station:category=public_communication
seamark:radio_station:category,syledis,seamark:radio_station:category=syledis
seamark:radio_station:category,time_signal,seamark:radio_station:category=time_signal
seamark:radio_station:category,toran,seamark:radio_station:category=toran
seamark:rescue_station:category,lifeboat,seamark:rescue_station:category=lifeboat
seamark:rescue_station:category,lifeboat_on_mooring,seamark:rescue_station:category=lifeboat_on_mooring
seamark:restricted_area:category,ecological_reserve,seamark:restricted_area:category=ecological_reserve
seamark:restricted_area:category,foul_ground,seamark:area_riservata:categoria=terreno_sporco
seamark:restricted_area:category,military,seamark:restricted_area:category=military
seamark:restricted_area:category,nature_reserve,seamark:restricted_area:category=nature_reserve
seamark:restricted_area:category,no_wake,seamark:area_riservata:categoria=no_wake
seamark:restricted_area:category,noise_limit,seamark:area_riservata:categoria=limite_rumore
seamark:restricted_area:restriction,berthing_prohibited,seamark:restricted_area:restriction=berthing_prohibited
seamark:restricted_area:restriction,berthing_restricted,seamark:area_riservata:restrizione=attracco_limitato
seamark:restricted_area:restriction,entry_prohibited,seamark:area_riservata:restrizione=ingresso_proibito
seamark:restricted_area:restriction,no_anchorage,seamark:restricted_area:restriction=no_anchorage
seamark:restricted_area:restriction,no_anchoring,seamark:area_riservata:restrizione=nessun_ancoraggio
seamark:restricted_area:restriction,no_boating,seamark:restricted_area:restriction=no_boating
seamark:restricted_area:restriction,no_diving,seamark:restricted_area:restriction=no_diving
seamark:restricted_area:restriction,no_entry,seamark:area_riservata:restrizione=nessun_ingresso
seamark:restricted_area:restriction,no_fishing,seamark:restricted_area:restriction=no_fishing
seamark:restricted_area:restriction,no_wake,seamark:area_riservata:restrizione=no_wake
seamark:restricted_area:restriction,overtaking_prohibited,seamark:area_limitata:restrizione=sorpasso_vietato
seamark:restricted_area:restriction,passing_or_overtaking_prohibited,seamark:restricted_area:restriction=sorpasso_o_sorpasso_vietato
seamark:restricted_area:restriction,restricted_fairway_depth,seamark:area_riservata:restrizione=profondità_fairway_riservata
seamark:restricted_area:restriction,restricted_speed,seamark:area_limitata:restrizione=velocità_limitata
seamark:restricted_area:restriction,turning_prohibited,seamark:restricted_area:restriction=turning_prohibited
seamark:rock:water_level,*,seamark:rock:water_level=*
seamark:rock:water_level,covers,seamark:rock:water_level=covers
seamark:rock:water_level,submerged,seamark:rock:water_level=sommerso
seamark:sea_area:category,narrows,seamark:sea_area:category=narrows
seamark:sea_area:category,shoal,seamark:sea_area:category=shoal
seamark:shoreline_construction:category,breakwater,seamark:shoreline_construction:category=breakwater
seamark:shoreline_construction:category,fender,seamark:shoreline_construction:category=fender
seamark:shoreline_construction:category,groyne,seamark:shoreline_construction:category=groyne
seamark:shoreline_construction:category,training_wall,seamark:costruzione_della_costa:categoria=muro_di_formazione
seamark:signal_station_traffic:category,lock,seamark:signal_station_traffic:category=lock
seamark:small_craft_facility:category,boat_hoist,seamark:small_craft_facility:category=boat_hoist
seamark:small_craft_facility:category,boatyard,seamark:small_craft_facility:category=boatyard
seamark:small_craft_facility:category,chandler,seamark:small_craft_facility:category=chandler
seamark:small_craft_facility:category,electricity,seamark:small_craft_facility:category=electricity
seamark:small_craft_facility:category,fuel_station,seamark:small_craft_facility:category=fuel_station
seamark:small_craft_facility:category,launderette,seamark:small_craft_facility:category=launderette
seamark:small_craft_facility:category,laundrette,seamark:small_craft_facility:category=laundrette
seamark:small_craft_facility:category,nautical_club,seamark:small_craft_facility:category=nautical_club
seamark:small_craft_facility:category,pump-out,seamark:small_craft_facility:category=pump-out
seamark:small_craft_facility:category,showers,seamark:small_craft_facility:category=docce
seamark:small_craft_facility:category,slipway,seamark:small_craft_facility:category=slipway
seamark:small_craft_facility:category,toilets,seamark:small_craft_facility:category=toilets
seamark:small_craft_facility:category,visitor_berth,seamark:small_craft_facility:category=visitor_berth
seamark:small_craft_facility:category,water,seamark:small_craft_facility:category=water
seamark:small_craft_facility:category,water_tap,seamark:small_craft_facility:category=water_tap
seamark:topmark:colour,black,seamark:topmark:colour=black
seamark:topmark:colour,green,seamark:topmark:colour=green
seamark:topmark:colour,grey,seamark:topmark:colour=grey
seamark:topmark:colour,orange,seamark:topmark:colour=orange
seamark:topmark:colour,red,seamark:topmark:colour=red
seamark:topmark:colour,red;green,seamark:topmark:colour=red;green
seamark:topmark:colour,white,seamark:topmark:colour=white
seamark:topmark:colour,white;black;white,seamark:topmark:colour=white;black;white
seamark:topmark:colour,white;green,seamark:topmark:colour=white;green
seamark:topmark:colour,yellow,seamark:topmark:colour=yellow
seamark:topmark:colour_pattern,border,seamark:topmark:colour_pattern=border
seamark:topmark:colour_pattern,horizontal,seamark:topmark:colour_pattern=horizontal
seamark:topmark:colour_pattern,vertical,seamark:topmark:colour_pattern=vertical
seamark:topmark:shape,2_cones_base_together,seamark:topmark:shape=2_cones_base_together
seamark:topmark:shape,2_cones_down,seamark:topmark:shape=2_cones_down
seamark:topmark:shape,2_cones_point_together,seamark:topmark:shape=2_coni_punta_insieme
seamark:topmark:shape,2_cones_up,seamark:topmark:shape=2_cones_up
seamark:topmark:shape,2_spheres,seamark:topmark:shape=2_spheres
seamark:topmark:shape,board,seamark:topmark:shape=board
seamark:topmark:shape,cone,seamark:topmark:shape=cone
seamark:topmark:shape,"cone, point up","seamark:topmark:shape=cone, punta verso l'alto"
seamark:topmark:shape,"cone,_point_down","seamark:topmark:shape=cone,_point_down"
seamark:topmark:shape,"cone,_point_up","seamark:topmark:shape=cone,_point_up"
seamark:topmark:shape,"cone,␣point␣up","seamark:topmark:shape=cone, ␣ point ␣ up"
seamark:topmark:shape,cross,seamark:topmark:shape=cross
seamark:topmark:shape,cylinder,seamark:topmark:shape=cylinder
seamark:topmark:shape,diamond,seamark:topmark:shape=diamond
seamark:topmark:shape,flag,seamark:topmark:shape=flag
seamark:topmark:shape,rectangle,seamark:topmark:shape=rettangolo
seamark:topmark:shape,rhombus,seamark:topmark:shape=rhombus
seamark:topmark:shape,sphere,seamark:topmark:shape=sphere
seamark:topmark:shape,square,seamark:topmark:shape=square
seamark:topmark:shape,upright_cross,seamark:topmark:shape=upright_cross
seamark:topmark:shape,upright-cross,seamark:topmark:shape=upright-cross
seamark:topmark:shape,x-shape,seamark:topmark:shape=x-shape
seamark:type,anchor_berth,seamark:type=anchor_berth
seamark:type,anchorage,seamark:type=anchorage
seamark:type,beacon_cardinal,seamark:type=beacon_cardinal
seamark:type,beacon_isolated_danger,seamark:type=beacon_isolated_danger
seamark:type,beacon_lateral,seamark:type=beacon_lateral
seamark:type,beacon_safe_water,seamark:type=beacon_safe_water
seamark:type,beacon_special_purpose,seamark:type=beacon_special_purpose
seamark:type,berth,seamark:type=berth
seamark:type,bridge,seamark:type=bridge
seamark:type,building,seamark:type=building
seamark:type,bunker_station,seamark:type=bunker_station
seamark:type,buoy_cardinal,seamark:type=buoy_cardinal
seamark:type,buoy_installation,seamark:type=buoy_installation
seamark:type,buoy_isolated_danger,seamark:type=buoy_isolated_danger
seamark:type,buoy_lateral,seamark:type=buoy_lateral
seamark:type,buoy_safe_water,seamark:type=buoy_safe_water
seamark:type,buoy_special_purpose,seamark:type=buoy_special_purpose
seamark:type,cable_area,seamark:type=cable_area
seamark:type,cable_overhead,seamark:type=cable_overhead
seamark:type,cable_submarine,seamark:type=cable_submarine
seamark:type,calling-in_point,seamark:type=calling-in_point
seamark:type,causeway,seamark:type=causeway
seamark:type,checkpoint,seamark:type=checkpoint
seamark:type,coastguard_station,seamark:type=coastguard_station
seamark:type,communication_area,seamark:type=communication_area
seamark:type,control_point,seamark:type=control_point
seamark:type,conveyor,seamark:type=conveyor
seamark:type,crane,seamark:type=gru
seamark:type,dam,seamark:type=dam
seamark:type,daymark,seamark:type=daymark
seamark:type,deepwater_route,seamark:type=deepwater_route
seamark:type,depth_contour,seamark:type=depth_contour
seamark:type,distance_mark,seamark:type=distance_mark
seamark:type,dredged_area,seamark:type=dredged_area
seamark:type,dregded_area,seamark:type=dregded_area
seamark:type,dry_dock,seamark:type=dry_dock
seamark:type,dumping_ground,seamark:type=discarica
seamark:type,exceptional_structure,seamark:type=exceptional_structure
seamark:type,exclusive_economic_zone,seamark:type=exclusive_economic_zone
seamark:type,fairway,seamark:type=fairway
seamark:type,ferry_route,seamark:type=ferry_route
seamark:type,fishing_facility,seamark:type=fishing_facility
seamark:type,floating_dock,seamark:type=floating_dock
seamark:type,fog_signal,seamark:type=fog_signal
seamark:type,fortified_structure,seamark:type=fortified_structure
seamark:type,gate,seamark:type=gate
seamark:type,gridiron,seamark:type=gridiron
seamark:type,harbour,seamark:type=harbour
seamark:type,harbour_area,seamark:type=harbour_area
seamark:type,harbour_basin,seamark:type=harbour_basin
seamark:type,hulk,seamark:type=hulk
seamark:type,inshore_traffic_zone,seamark:type=inshore_traffic_zone
seamark:type,landmark,seamark:type=landmark
seamark:type,light,seamark:type=light
seamark:type,light_float,seamark:type=light_float
seamark:type,light_major,seamark:type=light_major
seamark:type,light_minor,seamark:type=light_minor
seamark:type,light_vessel,seamark:type=light_vessel
seamark:type,lock_basin,seamark:type=lock_basin
seamark:type,marine_farm,seamark:type=marine_farm
seamark:type,military_area,seamark:type=military_area
seamark:type,mooring,seamark:type=mooring
seamark:type,navigation_line,seamark:type=navigation_line
seamark:type,notice,seamark:type=notice
seamark:type,obstruction,seamark:type=ostruzione
seamark:type,oil_barrier,seamark:type=oil_barrier
seamark:type,pile,seamark:type=pile
seamark:type,pilot_boarding,seamark:type=pilot_boarding
seamark:type,pipeline_area,seamark:type=pipeline_area
seamark:type,pipeline_overhead,seamark:type=pipeline_overhead
seamark:type,pipeline_submarine,seamark:type=pipeline_submarine
seamark:type,platform,seamark:type=piattaforma
seamark:type,pontoon,seamark:type=pontone
seamark:type,precautionary_area,seamark:type=precautionary_area
seamark:type,production_area,seamark:type=production_area
seamark:type,protected_area,seamark:type=protected_area
seamark:type,pylon,seamark:type=pylon
seamark:type,radar_line,seamark:type=radar_line
seamark:type,radar_range,seamark:type=radar_range
seamark:type,radar_reflector,seamark:type=radar_reflector
seamark:type,radar_station,seamark:type=radar_station
seamark:type,radar_transponder,seamark:type=radar_transponder
seamark:type,radio_station,seamark:type=radio_station
seamark:type,recommended_route_centreline,seamark:type=recommended_route_centreline
seamark:type,recommended_track,seamark:type=recommended_track
seamark:type,recommended_traffic_lane,seamark:type=recommended_traffic_lane
seamark:type,rescue_station,seamark:type=rescue_station
seamark:type,restricted_area,seamark:type=restricted_area
seamark:type,retro_reflector,seamark:type=retro_reflector
seamark:type,rock,seamark:type=rock
seamark:type,sand_waves,seamark:type=sand_waves
seamark:type,sandwaves,seamark:type=sandwaves
seamark:type,sea_area,seamark:type=sea_area
seamark:type,seabed_area,seamark:type=seabed_area
seamark:type,seaplane_landing_area,seamark:type=seaplane_landing_area
seamark:type,separation_boundary,seamark:type=separation_boundary
seamark:type,separation_crossing,seamark:type=separation_crossing
seamark:type,separation_lane,seamark:type=separation_lane
seamark:type,separation_line,seamark:type=separation_line
seamark:type,separation_roundabout,seamark:type=separation_roundabout
seamark:type,separation_zone,seamark:type=separation_zone
seamark:type,shoreline_construction,seamark:type=shoreline_construction
seamark:type,signal_station_traffic,seamark:type=signal_station_traffic
seamark:type,signal_station_warning,seamark:type=signal_station_warning
seamark:type,small_craft_facility,seamark:type=small_craft_facility
seamark:type,sounding,seamark:type=sounding
seamark:type,spring,seamark:type=spring
seamark:type,submarine_transit_lane,seamark:type=submarine_transit_lane
seamark:type,tank,seamark:type=tank
seamark:type,topmark,seamark:type=topmark
seamark:type,tunnel,seamark:type=tunnel
seamark:type,turning_basin,seamark:type=turning_basin
seamark:type,two-way_route,seamark:type=two-way_route
seamark:type,vegetation,seamark:type=vegetazione
seamark:type,vehicle_transfer,seamark:type=vehicle_transfer
seamark:type,virtual_aton,seamark:type=virtual_aton
seamark:type,wall,seamark:type=wall
seamark:type,water_turbulence,seamark:type=water_turbulence
seamark:type,waterway_gauge,seamark:type=waterway_gauge
seamark:type,weed,seamark:type=weed
seamark:type,wreck,seamark:type=relitto
seamark:wreck:category,dangerous,seamark:relitto:categoria=pericoloso
seamark:wreck:category,hull_showing,seamark:relitto:categoria=scafo_mostrato
seamark:wreck:category,non-dangerous,seamark:relitto:categoria=non pericoloso
seasonal,dry_season,stagionale=stagione_secca
seasonal,no,stagionale=no
seasonal,spring;summer;autumn,stagionale=primavera;estate;autunno
seasonal,summer,stagionale=estate
seasonal,wet_season,stagionale=stagione_umida
seasonal,winter,stagionale=inverno
seats,1,posti=1
seats,2,posti=2
seats,3,posti=3
seats,4,posti=4
seats,5,posti=5
seats,6,posti=6
seaway,cargo_port,via marittima=porto_di_scarico
seaway,cruise_port,via marittima=porto_crociera
seaway,ferry_port,via marittima=porto_traghetti
seaway,fishing_port,via marittima=porto_di_pesca
second_hand,only,di seconda mano=solo
segregated,no,segregato=no
self_service,no,self_service=no
service,aircraft_control,servizio=controllo_aeromobile
service,alley,servizio=vicolo
service,bus,servizio=autobus
service,busway,servizio=corsia autobus
service,commuter,servizio=pendolare
service,crossover,servizio=crossover
service,dealer,servizio=concessionario
service,dealer;repair,servizio=rivenditore;riparazione
service,drive_through,servizio=drive_through
service,drive-through,servizio=drive-through
service,driveway,servizio=vialetto
service,driveway2,servizio=vialetto2
service,emergency_access,servizio=accesso_di_emergenza
service,fuel,servizio=carburante
service,irregular,servizio=irregolare
service,irrigation,servizio=irrigazione
service,parking,servizio=parcheggio
service,parking_aisle,servizio=parcheggio_corsia
service,parts,servizio=parti
service,pipestem,servizio=tubo
service,regional,servizio=regionale
service,repair,servizio=riparazione
service,resource␣extraction,servizio=risorsa ␣ estrazione
service,rest_area,servizio=area_di_riposo
service,siding,servizio=rivestimento
service,slipway,servizio=scivolo
service,spur,servizio=sperone
service,tyres,servizio=pneumatici
service,utility,servizio=utilità
service,yard,servizio=cantiere
sett:style,portuguese,sett:style=portoghese
seveso,seuil_bas,seveso=seuil_bas
seveso,seuil_haut,seveso=seuil_haut
shape,circular,forma=circolare
shape,rectangular,forma=rettangolare
shelter,no,rifugio=no
shelter_type,basic_hut,shelter_type=basic_hut
shelter_type,building,shelter_type=edificio
shelter_type,changing_rooms,shelter_type=spogliatoi
shelter_type,field_shelter,shelter_type=rifugio_sul_campo
shelter_type,gazebo,shelter_type=gazebo
shelter_type,lean_to,tipo_rifugio=rifugio_a_tetto
shelter_type,nuclear,shelter_type=nuclear
shelter_type,pavilion,shelter_type=padiglione
shelter_type,picnic_shelter,shelter_type=rifugio_per_picnic
shelter_type,public_transport,shelter_type=trasporto_pubblico
shelter_type,rock_shelter,shelter_type=rifugio_roccioso
shelter_type,sun_shelter,tipo_rifugio=rifugio_sole
shelter_type,weather_shelter,shelter_type=rifugio meteorologico
shelter_type,Wetterpilz,shelter_type=Wetterpilz
shelter_type,wildlife_hide,tipo_rifugio=nascondi_fauna selvatica
ship,no,nave=no
shop,*,negozio=*
shop,3d_printing,negozio=stampa_3d
shop,accessories,negozio=accessori
shop,adult,negozio=adulto
shop,agrarian,negozio=agrario
shop,alcohol,negozio=alcol
shop,Alko,negozio=Alko
shop,anime,negozio=anime
shop,antique,negozio=antiquariato
shop,antiques,negozio=antiquariato
shop,appliance,negozio=elettrodomestico
shop,art,negozio=arte
shop,atv,negozio=atv
shop,audiologist,negozio=audiologo
shop,auto_parts,negozio=ricambi_auto
shop,baby_care,negozio=cura_del_bambino
shop,baby_goods,negozio=beni_per_bambini
shop,bag,negozio=borsa
shop,bag/proposal,negozio=borsa/proposta
shop,bakery,negozio=panetteria
shop,bathroom_furnishing,negozio=arredamento_bagno
shop,bbq,negozio=barbecue
shop,beauty,negozio=bellezza
shop,bed,negozio=letto
shop,betting,negozio=scommesse
shop,beverages,negozio=bevande
shop,bicycle,negozio=bicicletta
shop,bicycle_repair,negozio=riparazione_biciclette
shop,boat,negozio=barca
shop,boat_parts,negozio=ricambi_barca
shop,boat_repair,negozio=riparazione_barche
shop,bookmaker,negozio=scommettitore
shop,books,negozio=libri
shop,boutique,negozio=boutique
shop,brewing_supplies,negozio=forniture_per_la_birra
shop,building_materials,negozio=materiali_da_costruzione
shop,business_machines,negozio=macchine_commerciali
shop,butcher,negozio=macellaio
shop,cafe,negozio=caffè
shop,call_shop,negozio=chiama_negozio
shop,camera,negozio=macchina fotografica
shop,candles,negozio=candele
shop,cannabis,negozio=cannabis
shop,canoe_hire,negozio=noleggio_canoe
shop,car,negozio=auto
shop,car_parts,negozio=ricambi_auto
shop,car_repair,negozio=riparazione_auto
shop,car_service,negozio=servizio_auto
shop,caravan,negozio=roulotte
shop,carpet,negozio=tappeto
shop,cell_phones,negozio=cellulari
shop,ceramics,negozio=ceramica
shop,chandler,negozio=negozio di candele
shop,charity,negozio=beneficenza
shop,cheese,negozio=formaggio
shop,chemist,negozio=farmacia
shop,chocolate,negozio=cioccolato
shop,clothes,negozio=vestiti
shop,coffee,negozio=caffè
shop,collector,negozio=collezionista
shop,communication,negozio=comunicazione
shop,computer,negozio=computer
shop,confectionery,negozio=pasticceria
shop,convenience,negozio=comodità
shop,convenience;gas,negozio=comodità;gas
shop,copyshop,negozio=copisteria
shop,cosmetics,negozio=cosmetici
shop,country_store,negozio=negozio_nazionale
shop,craft,negozio=artigianato
shop,curtain,negozio=tenda
shop,dairy,negozio=latteria
shop,deli,negozio=gastronomia
shop,delicatessen,negozio=gastronomia
shop,dentures,negozio=dentiere
shop,department_store,negozio=grande magazzino
shop,discount,negozio=sconto
shop,dive,negozio=immersione
shop,diy,negozio=fai da te
shop,doityourself,negozio=fai da te
shop,doors,negozio=porte
shop,dry_cleaning,negozio=lavanderia a secco
shop,e-cigarette,negozio=sigaretta elettronica
shop,edible_seeds,negozio=semi_commestibili
shop,electrical,negozio=elettrico
shop,electronics,negozio=elettronica
shop,energy,negozio=energia
shop,equestrian,negozio=equitazione
shop,erotic,negozio=erotico
shop,esoteric,negozio=esoterico
shop,estate_agent,negozio=agente_immobiliare
shop,fabric,negozio=tessuto
shop,fabrics,negozio=tessuti
shop,farm,negozio=fattoria
shop,fashion,negozio=moda
shop,fashion_accesories,negozio=accessori_moda
shop,fashion_accessories,negozio=accessori_moda
shop,fast_food,negozio=fast_food
shop,firearms,negozio=armi da fuoco
shop,fireplace,negozio=camino
shop,fireworks,negozio=fuochi d'artificio
shop,fish,negozio=pesce
shop,fishing,negozio=pesca
shop,fishmonger,negozio=pescivendolo
shop,flooring,negozio=pavimentazione
shop,florist,negozio=fiorista
shop,flower,negozio=fiore
shop,flowers,negozio=fiori
shop,food,negozio=cibo
shop,frame,negozio=cornice
shop,free_flying,negozio=volo_libero
shop,frozen_food,negozio=cibo_surgelato
shop,fuel,negozio=carburante
shop,funeral_directors,negozio=imprese_di_funerarie
shop,furnace,negozio=fornace
shop,furniture,negozio=mobili
shop,gallery,negozio=galleria
shop,gambling,negozio=gioco d'azzardo
shop,games,negozio=giochi
shop,garden_centre,negozio=centro_giardinaggio
shop,garden_furniture,negozio=mobili_da_giardino
shop,gas,negozio=gas
shop,general,negozio=generale
shop,general_store,negozio=negozio_generale
shop,general_stores,negozio=negozi_generali
shop,gift,negozio=regalo
shop,glass,negozio=vetro
shop,glaziery,negozio=vetraria
shop,gold_buyer,negozio=acquirente_oro
shop,golf,negozio=golf
shop,golf_cart,negozio=golf_cart
shop,greengrocer,negozio=fruttivendolo
shop,grill,negozio=griglia
shop,grocery,negozio=alimentari
shop,groundskeeping,negozio=giardinaggio
shop,gun,negozio=pistola
shop,guns,negozio=armi
shop,haberdashery,negozio=merceria
shop,hairdresser,negozio=parrucchiere
shop,hairdresser_supply,negozio=forniture_per_parrucchieri
shop,ham,negozio=prosciutto
shop,hardware,negozio=ferramenta
shop,health,negozio=salute
shop,health_food,negozio=cibo_salutare
shop,hearing_aid_dispenser,negozio=erogatore_di_apparecchi_acustici
shop,hearing_aids,negozio=apparecchi_acustici
shop,herbalist,negozio=erboristeria
shop,hgv,negozio=hgv
shop,hifi,negozio=hifi
shop,hobby,negozio=hobby
shop,honey,negozio=miele
shop,hookah,negozio=narghilè
shop,household_linen,negozio=biancheria_per_casa
shop,houseware,negozio=articoli per la casa
shop,hunting,negozio=caccia
shop,hvac,negozio=hvac
shop,hydroponics,negozio=idroponica
shop,ice_cream,negozio=gelato
shop,insurance,negozio=assicurazione
shop,interior_decoration,negozio=decorazione_d'interni
shop,jetski,negozio=moto d'acqua
shop,jewellery,negozio=gioielleria
shop,jewelry,negozio=gioielli
shop,junk_yard,negozio=discarica
shop,kiosk,negozio=chiosco
shop,kitchen,negozio=cucina
shop,kitchenware,negozio=utensili da cucina
shop,lamps,negozio=lampade
shop,laundromat,negozio=lavanderia a gettoni
shop,laundry,negozio=lavanderia
shop,leather,negozio=pelle
shop,lighting,negozio=illuminazione
shop,locksmith,negozio=fabbro
shop,lottery,negozio=lotteria
shop,mall,negozio=centro commerciale
shop,manufactured_home,negozio=casa_prefabbricata
shop,maps,negozio=mappe
shop,marine,negozio=marino
shop,massage,negozio=massaggio
shop,medical,negozio=medico
shop,medical_supply,negozio=forniture_mediche
shop,military_surplus,negozio=surplus_militare
shop,mobile_home,negozio=casa_mobile
shop,mobile_phone,negozio=telefono_mobile
shop,mobility_scooter,negozio=scooter per mobilità
shop,model,negozio=modello
shop,money_lender,negozio=prestatore di denaro
shop,moneylender,negozio=mercante di denaro
shop,motorcycle,negozio=motocicletta
shop,motorcycle_parts,negozio=ricambi_moto
shop,motorcycle_repair,negozio=riparazione_motociclette
shop,motorhome,negozio=camper
shop,motorsports,negozio=sport motoristici
shop,music,negozio=musica
shop,musical_instrument,negozio=strumento_musicale
shop,musical_instruments,negozio=strumenti_musicali
shop,new_age,negozio=new_age
shop,newsagent,negozio=edicola
shop,no,negozio=no
shop,nutrition_supplements,negozio=integratori_nutrizionali
shop,nuts,negozio=noci
shop,office_supplies,negozio=forniture_per_ufficio
shop,optician,negozio=ottico
shop,organic,negozio=biologico
shop,outdoor,negozio=esterno
shop,outdoor_power_equipment,negozio=attrezzature_elettriche_per_esterni
shop,outpost,negozio=avamposto
shop,paint,negozio=vernice
shop,party,negozio=festa
shop,pasta,negozio=pasta
shop,pastry,negozio=pasticceria
shop,pawnbroker,negozio=banca dei pegni
shop,pépinière,negozio=pépinière
shop,perfumery,negozio=profumeria
shop,pest_control,negozio=disinfestazione
shop,pet,negozio=animale domestico
shop,pet_grooming,negozio=toelettatura_animali
shop,pharmacy,negozio=farmacia
shop,photo,negozio=foto
shop,photo_studio,negozio=studio_fotografico
shop,photography,negozio=fotografia
shop,plant_hire,negozio=noleggio_impianti
shop,pottery,negozio=ceramica
shop,printer_ink,negozio=inchiostro_stampante
shop,printing,negozio=stampa
shop,provisions,negozio=provviste
shop,psychic,negozio=sensitivo
shop,pyrotechnics,negozio=pirotecnica
shop,radiotechnics,negozio=radiotecnica
shop,recreational_vehicle,negozio=veicolo_ricreativo
shop,religion,negozio=religione
shop,rental,negozio=affitto
shop,repair,negozio=riparazione
shop,rice,negozio=riso
shop,robot,negozio=robot
shop,salon,negozio=salone
shop,scooter,negozio=scooter
shop,scuba_diving,negozio=immersioni subacquee
shop,seafood,negozio=frutti di mare
shop,second_hand,negozio=di_seconda_mano
shop,security,negozio=sicurezza
shop,sewing,negozio=cucito
shop,ship_chandler,negozio=commerciante_navale
shop,shoe_repair,negozio=riparazione_scarpe
shop,shoes,negozio=scarpe
shop,shopping_centre,negozio=centro_commerciale
shop,skate,negozio=pattinaggio
shop,ski,negozio=sci
shop,snack,negozio=spuntino
shop,snowmobile,negozio=motoslitta
shop,solarium,negozio=solarium
shop,souvenir,negozio=souvenir
shop,spare_parts,negozio=pezzi_di_ricambio
shop,spices,negozio=spezie
shop,sports,negozio=sport
shop,stairs,negozio=scale
shop,stationery,negozio=cartoleria
shop,storage_rental,negozio=affitto_deposito
shop,street_vendor,negozio=venditore_ambulante
shop,supermarket,negozio=supermercato
shop,surf,negozio=surf
shop,swimming_pool,negozio=piscina
shop,systembolaget,negozio=systembolaget
shop,tailor,negozio=sarto
shop,tattoo,negozio=tatuaggio
shop,tea,negozio=tè
shop,telecommunication,negozio=telecomunicazioni
shop,ticket,negozio=biglietto
shop,tickets,negozio=biglietti
shop,tiles,negozio=piastrelle
shop,tobacco,negozio=tabacco
shop,tool_hire,negozio=noleggio_attrezzi
shop,tools,negozio=attrezzi
shop,toy,negozio=giocattolo
shop,toys,negozio=giocattoli
shop,tractor,negozio=trattore
shop,trade,negozio=commercio
shop,trailer,negozio=rimorchio
shop,travel_agency,negozio=agenzia_di_viaggi
shop,trophy,negozio=trofeo
shop,truck,negozio=camion
shop,truck_repair,negozio=riparazione_camion
shop,tyres,negozio=pneumatici
shop,underwear,negozio=biancheria intima
shop,vacant,negozio=vuoto
shop,vacuum_cleaner,negozio=aspirapolvere
shop,variety_store,negozio=negozio_di_varietà
shop,vehicles,negozio=veicoli
shop,video,negozio=video
shop,video_games,negozio=videogiochi
shop,watches,negozio=orologi
shop,water,negozio=acqua
shop,water_sports,negozio=sport_acquatici
shop,weapons,negozio=armi
shop,wellness,negozio=benessere
shop,wholesale,negozio=all'ingrosso
shop,wigs,negozio=parrucche
shop,window,vetrina
shop,window_blind,negozio=finestra_cieca
shop,window_tinting,negozio=vetrine_colorate
shop,windows,vetrine
shop,wine,negozio=vino
shop,winery,negozio=cantina
shop,wool,negozio=lana
short_name,USPS,nome_abbreviato=USPS
shoulder,both,spalla=entrambi
shoulder,no,spalla=no
shoulder,right,spalla=destra
shrubbery:density,dense,arbusti:densità=denso
side,left,lato=sinistra
side,right,lato=destra
sides,1,lati=1
sides,2,lati=2
sidewalk,both,marciapiede=entrambi
sidewalk,left,marciapiede=sinistra
sidewalk,no,marciapiede=no
sidewalk,none,marciapiede=nessuno
sidewalk,right,marciapiede=destra
sidewalk,separate,marciapiede=separato
sidewalk,sidepath,marciapiede = sentiero laterale
sidewalk:both,no,marciapiede:entrambi=no
sidewalk:both,separate,marciapiede:entrambi=separati
sidewalk:both:surface,asphalt,marciapiede:entrambi:superficie=asfalto
sidewalk:both:surface,concrete,marciapiede:entrambi:superficie=cemento
sidewalk:both:surface,paving_stones,marciapiede:entrambi:superficie=pavimentazione
sidewalk:both:surface,rock,marciapiede:entrambi:superficie=roccia
sidewalk:left,no,marciapiede:sinistra=no
sidewalk:left,separate,marciapiede:sinistra=separato
sidewalk:left:surface,asphalt,marciapiede:sinistra:superficie=asfalto
sidewalk:left:surface,paving_stones,marciapiede:sinistra:superficie=pavimentazione
sidewalk:right,no,marciapiede:destra=no
sidewalk:right,separate,marciapiede:destra=separato
sidewalk:right:surface,asphalt,marciapiede:destra:superficie=asfalto
sidewalk:right:surface,paving_stones,marciapiede:destra:superficie=pavimentazione
signal_station,bridge,stazione_segnale=ponte
signal_station,firing,signal_station=fire
signal_station,international_port_traffic,signal_station=international_port_traffic
signal_station,lock,signal_station=lock
signal_station,telegraph,stazione di segnale=telegrafo
signal_station,tide_gauge,stazione_segnale=mareametro
signal_station,tide_scale,stazione_segnale=scala_marea
signal_station,traffic,signal_station=traffic
signal_station,weather,signal_station=meteo
signpost,forestry_compartment,cartello=compartimento_forestale
sinkhole,bluehole,dolina = buco blu
sinkhole,doline,dolina
sinkhole,estavelle,dolina=estavelle
sinkhole,pit,dolina = fossa
sinkhole,ponor,dolina=pozzo
site,geodesic,sito=geodetico
site,mall,sito=centro commerciale
site,parking,sito=parcheggio
site,piste,sito=pista
site,stop_area,sito=area_di_arresto
site,venue,sito=luogo
site,wind_farm,sito=parco_eolico
site_type,baths,site_type=bagni
site_type,bigstone,tipo_sito=bigstone
site_type,city,site_type=city
site_type,crannog,site_type=crannog
site_type,enclosure,site_type=enclosure
site_type,fortification,site_type=fortificazione
site_type,hut_circle,site_type=hut_circle
site_type,megalith,site_type=megalite
site_type,mineral_extraction,site_type=estrazione_minerale
site_type,minilith,site_type=minilith
site_type,necropolis,site_type=necropoli
site_type,petroglyph,site_type=petroglifo
site_type,ringfort,site_type=ringfort
site_type,roman_circus,site_type=roman_circus
site_type,roman_villa,site_type=villa_romana
site_type,settlement,site_type=insediamento
site_type,tumulus,site_type=tumulo
ski,no,sci=no
smoking,*,fumare=*
smoking,no,fumare=no
smoking,outside,fumare=fuori
smoothness,bad,scorrevolezza=cattivo
smoothness,excellent,scorrevolezza=eccellente
smoothness,good,scorrevolezza=buona
smoothness,horrible,levigatezza=orribile
smoothness,impassable,scorrevolezza=impraticabile
smoothness,intermediate,scorrevolezza=intermedia
smoothness,very_bad,scorrevolezza=molto_cattiva
smoothness,very_horrible,levigatezza=molto_orribile
snowmobile,designated,motoslitta=designata
snowmobile,no,motoslitta=no
social_facility,ambulatory_care,struttura_sociale=assistenza_ambulatoriale
social_facility,assisted_living,struttura_sociale=residenza_assistita
social_facility,clothing_bank,social_facility=banca_di_vestiti
social_facility,day_care,struttura_sociale=asilo_diurno
social_facility,food_bank,social_facility=banca_alimentare
social_facility,group_home,struttura_sociale=casa_di_gruppo
social_facility,hospice,struttura_sociale=hospice
social_facility,nursing_home,struttura_sociale=casa_di_cura
social_facility,outreach,social_facility=sensibilizzazione
social_facility,shelter,social_facility=rifugio
social_facility,soup_kitchen,struttura_sociale=mensa_per_i_poveri
social_facility,workshop,social_facility=officina
social_facility:for,child,social_facility:per=bambino
social_facility:for,disabled,social_facility:for=disabled
social_facility:for,homeless,social_facility:per=senzatetto
social_facility:for,juvenile,social_facility:per=minorenni
social_facility:for,mental_health,social_facility:per=salute_mentale
social_facility:for,senior,social_facility:per=anziano
socket:chademo,1,socket:chademo=1
socket:type2,1,socket:tipo2=1
socket:type2,2,socket:tipo2=2
socket:type2_combo,1,socket:type2_combo=1
socket:type2:output,22 kW,presa:tipo2:potenza=22 kW
source,*,fonte=*
source,#opendri-comoros,fonte=#opendri-comoros
source,cadastre-dgi-fr_source_:_Direction_Générale_des_Finances_Publiques_-_Cadastre_;_mise_à_jour_:_2008,source=cadastre-dgi-fr_source_:_Direction_Générale_des_Finances_Publiques_-_Cadastre_;_mise_à_jour_:_2008
source_dat,2021,source_dat=2021
source_ref,http://nlftp.mlit.go.jp/ksj/jpgis/datalist/KsjTmplt-A13.html,source_ref=http://nlftp.mlit.go.jp/ksj/jpgis/datalist/KsjTmplt-A13.html
source_ref,http://nlftp.mlit.go.jp/ksj/jpgis/datalist/KsjTmplt-N02-v1_1.html,source_ref=http://nlftp.mlit.go.jp/ksj/jpgis/datalist/KsjTmplt-N02-v1_1.html
source_ref,http://nlftp.mlit.go.jp/ksj/jpgis/datalist/KsjTmplt-P02-v2_0.html,source_ref=http://nlftp.mlit.go.jp/ksj/jpgis/datalist/KsjTmplt-P02-v2_0.html
source_ref,http://nlftp.mlit.go.jp/ksj/jpgis/datalist/KsjTmplt-W05.html,source_ref=http://nlftp.mlit.go.jp/ksj/jpgis/datalist/KsjTmplt-W05.html
source_ref,http://nlftp.mlit.go.jp/ksj/jpgis/datalist/KsjTmplt-W09.html,source_ref=http://nlftp.mlit.go.jp/ksj/jpgis/datalist/KsjTmplt-W09.html
source_ref,http://wiki.openstreetmap.org/wiki/JA:GSI_KIBAN/Using_GSI_KIBAN_WMS,source_ref=http://wiki.openstreetmap.org/wiki/JA:GSI_KIBAN/Using_GSI_KIBAN_WMS
source_ref,http://wiki.osm.org/wiki/GSI_KIBAN,source_ref=http://wiki.osm.org/wiki/GSI_KIBAN
source_ref,http://www.linz.govt.nz/topography/topo-maps/,source_ref=http://www.linz.govt.nz/topography/topo-maps/
source_ref,https://www.openstreetmap.org/user/aHaSaN/diary,source_ref=https://www.openstreetmap.org/user/aHaSaN/diary
source_ref,www.rgc.cd,source_ref=www.rgc.cd
source_ref:name,http://data.gov.au/dataset/36f1ca48-ed2d-4a58-a15b-6fb4b97fdbd7,source_ref:name=http://data.gov.au/dataset/36f1ca48-ed2d-4a58-a15b-6fb4b97fdbd7
source_ref:url,https://www.flickr.com/photos/openstreetmap-albania,source_ref:url=https://www.flickr.com/photos/openstreetmap-albania
source_ref:url,https://www.flickr.com/photos/openstreetmap-albania/,source_ref:url=https://www.flickr.com/photos/openstreetmap-albania/
source:addr,*,fonte:addr=*
source:addr,Chapel Hill Open Data,fonte:addr=Chapel Hill Open Data
source:addr,Chatham County GIS,fonte:addr=Chatham County GIS
source:addr,cuzk:ruian,fonte:addr=cuzk:ruian
source:addr,DGU,fonte:addr=DGU
source:addr,Durham Open Data,fonte:addr=Durham Open Data
source:addr,e-mapa.net,fonte:addr=e-mapa.net
source:addr,e.czestochowa.pl,fonte:addr=e.czestochowa.pl
source:addr,EMUiA,fonte:addr=EMUiA
source:addr,EMUiA (emuia.geoportal.gov.pl),fonte:addr=EMUiA (emuia.geoportal.gov.pl)
source:addr,"EMUiA (emuia.gugik,gov.pl)","fonte:addr=EMUiA (emuia.gugik,gov.pl)"
source:addr,EMUiA (emuia.gugik.gov.pl),fonte:addr=EMUiA (emuia.gugik.gov.pl)
source:addr,EMUiA (geoportal.gov.pl),fonte:addr=EMUiA (geoportal.gov.pl)
source:addr,EMUiA (kornik.e-mapa.net),fonte:addr=EMUiA (kornik.e-mapa.net)
source:addr,emuia.gugik.gov.pl,fonte:addr=emuia.gugik.gov.pl
source:addr,emuia1.gugik.gov.pl,fonte:addr=emuia1.gugik.gov.pl
source:addr,FHRS Open Data,fonte:addr=FHRS Open Data
source:addr,Gebäudeadressen des Kantons Bern © Amt für Geoinformation des Kantons Bern,source:addr=Gebäudeadressen des Kantons Bern © Amt für Geoinformation des Kantons Bern
source:addr,grodziskmazowiecki.e-mapa.net,fonte:addr=grodziskmazowiecki.e-mapa.net
source:addr,gugik.gov.pl,fonte:addr=gugik.gov.pl
source:addr,GURS,fonte:addr=GURS
source:addr,https://gis.sccmo.opendata.arcgis.com/ (2018),fonte:addr=https://gis.sccmo.opendata.arcgis.com/ (2018)
source:addr,https://www.elliscad.com/gis-data/ (2024),fonte:addr=https://www.elliscad.com/gis-data/ (2024)
source:addr,interpolation,origine:addr=interpolazione
source:addr,Kendall County,fonte:addr=Kendall County
source:addr,"LGL, www.lgl-bw.de","fonte:addr=LGL, www.lgl-bw.de"
source:addr,Maa- ja Ruumiamet 2025,fonte:addr=Maa-ja Ruumiamet 2025
source:addr,Maa-amet 2012,fonte:addr=Maa-amet 2012
source:addr,Maa-amet 2013,fonte:addr=Maa-amet 2013
source:addr,Maa-amet 2019,fonte:addr=Maa-amet 2019
source:addr,mapa.um.warszawa.pl,fonte:addr=mapa.um.warszawa.pl
source:addr,"Maps4BW, LGL, www.lgl-bw.de","fonte:addr=Maps4BW, LGL, www.lgl-bw.de"
source:addr,mbialapodlaska.e-mapa.net,fonte:addr=mbialapodlaska.e-mapa.net
source:addr,mdabrowagornicza.e-mapa.net,fonte:addr=mdabrowagornicza.e-mapa.net
source:addr,minvskaddress 2025-01,origine:addr=minvskaddress 2025-01
source:addr,mostrowwielkopolski.e-mapa.net,fonte:addr=mostrowwielkopolski.e-mapa.net
source:addr,Rennes Métropole,fonte:addr=Rennes Métropole
source:addr,rosreestr.ru,fonte:addr=rosreestr.ru
source:addr,St. Louis County GIS Service Center (https://data.stlouisco.com/pages/open-data 2019-08),fonte:addr=Centro servizi GIS della contea di St. Louis (https://data.stlouisco.com/pages/open-data 2019-08)
source:addr,Staðfangaskrá,fonte:addr=Staðfangaskrá
source:addr,StatCan Open Data,fonte:addr=StatCan Open Data
source:addr,survey,fonte:addr=sondaggio
source:addr,Urząd Miasta Gdańsk,fonte:addr=Urząd Miasta Danzica
source:addr,wieliczka.e-mapa.net,fonte:addr=wieliczka.e-mapa.net
source:addr,WroclawGIS,fonte:addr=WroclawGIS
source:addr,"www.sii.cl, Cartografía Digital SII Mapas","fonte:addr=www.sii.cl, Cartografía Digital SII Mapas"
source:addr,ЕГРН,fonte:addr=ЕГРН
source:addr:date,1995-01-01,fonte:indirizzo:data=1995-01-01
source:addr:date,2021-01-01,fonte:indirizzo:data=2021-01-01
source:addr:housenumber,interpolation,origine:indirizzo:numero civico=interpolazione
source:addr:housenumber,survey,fonte:indirizzo:numero civico=sondaggio
source:addr:postcode,code-point_open,origine:addr:postcode=code-point_open
source:addr:postcode,OS Open Data Codepoint,origine:indirizzo:codice postale=OS Open Data Codepoint
source:addr:postcode,OS Opendata Codepoint,origine:indirizzo:codice postale=OS Opendata Codepoint
source:addr:postcode,OS␣Open␣Data␣Codepoint,source:addr:postcode=OS ␣ Open ␣ Data ␣ Codepoint
source:addr:postcode,OS␣Opendata␣Codepoint,origine:indirizzo:codice postale=OS ␣ Opendata ␣ Codepoint
source:addr:street,survey,fonte:indirizzo:strada=sondaggio
source:addr:version,2016-04-01,origine:indirizzo:versione=2016-04-01
source:address,Helsingborgs kommun,fonte:indirizzo=Helsingborgs kommun
source:address,Helsingborgs␣kommun,fonte:indirizzo=Helsingborgs ␣ kommun
source:area,Bing,fonte:area=Bing
source:building,aerial imagery; Ortofotomozaika SR,fonte:edificio=immagini aeree; Ortofotomozaika SR
source:building,BDOT,fonte:edificio=BDOT
source:building,Bing,fonte:edificio=Bing
source:building,bing,fonte:edificio=bing
source:building,EGiB,fonte:edificio=EGiB
source:building,OpenData Kreis Gütersloh - NAS,fonte:building=OpenData Kreis Gütersloh - NAS
source:building,OpenData Land Nordrhein-Westfalen - Hausumringe,fonte:building=OpenData Land Nordrhein-Westfalen - Hausumringe
source:building,OS_OpenData_StreetView,origine:edificio=OS_OpenData_StreetView
source:building,WroclawGIS,fonte:edificio=WroclawGIS
source:conscriptionnumber,kapor2,fonte:numero di conscrizione=kapor2
source:construction_date,GURS,fonte:data_di_costruzione=GURS
source:damage,survey,fonte:danno=sondaggio
source:damage:Chido,CNES / Airbus,fonte:danno:Chido=CNES / Airbus
source:data,cugir.library.cornell.edu & gis.ny.gov/gisdata,fonte:data=cugir.library.cornell.edu & gis.ny.gov/gisdata
source:data,cugir.library.cornell.edu␣&␣gis.ny.gov/gisdata,fonte:data=cugir.library.cornell.edu ␣ & ␣ gis.ny.gov/gisdata
source:data,https://gis.ny.gov/gisdata,fonte:data=https://gis.ny.gov/gisdata
source:date,2025-08-20,fonte:data=2025-08-20
source:date,*,origine:data=*
source:date,28/09/2015,fonte:data=28/09/2015
source:description,dadosabertos.cm-lisboa.pt,fonte:descrizione=dadosabertos.cm-lisboa.pt
source:destination,mapillary,origine:destinazione=mapillary
source:ele,barometric,fonte:ele=barometrico
source:ele,BDOrtho IGN Hydroghaphie,fonte:ele=BDOrtho IGN Hydroghaphie
source:ele,BDOrtho IGN Hydrographie,fonte:ele=BDOrtho IGN Hydrographie
source:ele,BDOrtho␣IGN␣Hydroghaphie,fonte:ele=BDOrtho ␣ IGN ␣ Hydroghaphie
source:ele,BDOrtho␣IGN␣Hydrographie,fonte:ele=BDOrtho ␣ IGN ␣ Hydrographie
source:ele,gpx,fonte:ele=gpx
source:ele,MDT5,fonte:ele=MDT5
source:en,Bayamon Municipality,fonte:it=Comune di Bayamon
source:en,Bayamón Municipality,fonte:it=Comune di Bayamón
source:en,Bayamon␣Municipality,fonte:it=Bayamon ␣ Comune
source:en,Bayamón␣Municipality,fonte:it=Bayamón ␣ Comune
source:en,Guaynabo Municipality,fonte:en=Comune di Guaynabo
source:en,Guaynabo␣Municipality,fonte:it=Guaynabo ␣ Comune
source:en,Municipality of Caguas,fonte:it=Comune di Caguas
source:en,Municipality␣of␣Caguas,fonte:it=Comune ␣ di ␣ Caguas
source:en,"National-Land Numerical Information (Forest) 2006, MLIT Japan","fonte:en=Informazioni numeriche nazionali (foreste) 2006, MLIT Giappone"
source:en,"National-Land␣Numerical␣Information␣(Forest)␣2006,␣MLIT␣Japan","fonte:en=National-Land ␣ Numerico ␣ Informazioni ␣ (Foresta) ␣ 2006, ␣ MLIT ␣ Giappone"
source:file,http://centrodedescargas.cnig.es/CentroDescargas/equipamiento/BD_Municipios-Entidades.zip,fonte:file=http://centrodedescargas.cnig.es/CentroDescargas/equipamiento/BD_Municipios-Entidades.zip
source:file,http://centrodedescargas.cnig.es/CentroDescargas/equipamiento/NGBE_de_caracter_Provisional.zip,fonte:file=http://centrodedescargas.cnig.es/CentroDescargas/equipamiento/NGBE_de_caracter_Provisional.zip
source:filename,buildings.gml,origine:nomefile=edifici.gml
source:footprint,Adjusted MS Footprints,fonte:footprint=Impronta MS modificata
source:footprint,Adjusted␣MS␣Footprints,fonte:footprint=Adjusted ␣ MS ␣ Footprints
source:geometry,*,fonte:geometria=*
source:geometry,ACT2016,fonte:geometria=ACT2016
source:geometry,ACTMapiRoads,fonte:geometria=ACTMapiRoads
source:geometry,ACTMapiTP,origine:geometria=ACTMapiTP
source:geometry,Aerial photogrammetry,fonte:geometria=Fotogrammetria aerea
source:geometry,BDOrtho IGN,fonte:geometria=BDOrtho IGN
source:geometry,Bing,fonte:geometria=Bing
source:geometry,bing,fonte:geometria=bing
source:geometry,Bing 2012,fonte:geometria=Bing 2012
source:geometry,Bing aerial imagery,fonte:geometria=immagini aeree di Bing
source:geometry,Bing+Mapbox,fonte:geometria=Bing+Mapbox
source:geometry,Bing+Mapbox Sat.,fonte:geometria=Bing+Mapbox Sat.
source:geometry,CRAIG 2019 imagery,fonte:geometria=immagini CRAIG 2019
source:geometry,Ecopia Tech MaxarMaxar_private;Ecopia.AI,fonte:geometria=Ecopia Tech MaxarMaxar_private;Ecopia.AI
source:geometry,EGiB,fonte:geometria=EGiB
source:geometry,Esri World Imagery,fonte:geometria=Esri World Imagery
source:geometry,Esri World Imagery (Clarity) Beta,fonte:geometria=Esri World Imagery (Clarity) Beta
source:geometry,GA Surface Hydro,fonte:geometria=GA Surface Hydro
source:geometry,geoportal.gov.pl,fonte:geometry=geoportal.gov.pl
source:geometry,"geoportal.gov.pl, GPS","fonte:geometry=geoportal.gov.pl, GPS"
source:geometry,"geoportal.gov.pl,GPS","fonte:geometry=geoportal.gov.pl,GPS"
source:geometry,geoportal.gov.pl:BDOT,fonte:geometry=geoportal.gov.pl:BDOT
source:geometry,geoportal.gov.pl:ortofoto,fonte:geometry=geoportal.gov.pl:ortofoto
source:geometry,geoportal.gov.pl. GPS,fonte:geometry=geoportal.gov.pl. GPS
source:geometry,GRB,fonte:geometria=GRB
source:geometry,GSImaps/std,origine:geometria=GSImaps/std
source:geometry,GURS,fonte:geometria=GURS
source:geometry,HiRes aerial imagery,fonte:geometria=immagini aeree ad alta risoluzione
source:geometry,http://gis.gabrovo.bg:6080/arcgis/rest/services/BaseMap/MapServer/7,fonte:geometria=http://gis.gabrovo.bg:6080/arcgis/rest/services/BaseMap/MapServer/7
source:geometry,Imagen Catastro de España,fonte:geometry=Imagen Catastro de España
source:geometry,Imagen de Catastro de España,fonte:geometry=Imagen de Catastro de España
source:geometry,ISOK hillshade,fonte:geometria=ISOK hillshade
source:geometry,"LGL, www.lgl-bw.de","fonte:geometria=LGL, www.lgl-bw.de"
source:geometry,LPI NSW Imagery,fonte:geometria=LPI NSW Imagery
source:geometry,LPI_NSW_Imagery,fonte:geometria=LPI_NSW_Imagery
source:geometry,"maps4bw (LGL, www.lgl-be.de); Mapbox Satellite","fonte:geometria=maps4bw (LGL, www.lgl-be.de); Mapbox Satellite"
source:geometry,"maps4bw (LGL, www.lgl-bw.de)","fonte:geometry=maps4bw (LGL, www.lgl-bw.de)"
source:geometry,"maps4bw (LGL, www.lgl-bw.de); Mapbox Satellite","fonte:geometry=maps4bw (LGL, www.lgl-bw.de); Mapbox Satellite"
source:geometry,"Maps4BW, LGL, www.lgl-bw.de","fonte:geometria=Maps4BW, LGL, www.lgl-bw.de"
source:geometry,Maxar (2021),fonte:geometria=Maxar (2021)
source:geometry,Maxar Premium Imagery (Beta),fonte:geometria=Maxar Premium Imagery (Beta)
source:geometry,Maxar_private;Ecopia.AI,origine:geometria=Maxar_private;Ecopia.AI
source:geometry,NPWS_Estate,origine:geometria=NPWS_Estate
source:geometry,NSW LPI Base Map,fonte:geometria=Mappa di base LPI del NSW
source:geometry,NSW LPI Imagery,fonte:geometria=immagini LPI del NSW
source:geometry,NSW_LPI_Base_Map,fonte:geometria=NSW_LPI_Base_Map
source:geometry,NSW_LPI_Imagery,fonte:geometria=NSW_LPI_Imagery
source:geometry,Ortho HR IGN 2022,fonte:geometria=Ortho HR IGN 2022
source:geometry,PMLP,fonte:geometria=PMLP
source:geometry,PSMA_Admin_Boundaries,origine:geometria=PSMA_Admin_Boundaries
source:geometry,Satellite photogrammetry,fonte:geometria=Fotogrammetria satellitare
source:geometry,Spatial Services GMBH,fonte:geometria=Spatial Services GMBH
source:geometry,Starostwo Powiatowe Wieruszów,fonte:geometry=Starostwo Powiatowe Wieruszów
source:geometry,VA building footprints,fonte:geometria=impronte degli edifici VA
source:geometry,webewid.powiatstarogard.pl,fonte:geometry=webewid.powiatstarogard.pl
source:geometry,ЕГРН,fonte:geometria=ЕГРН
source:geometry:date,2010,fonte:geometria:data=2010
source:geometry:date,2013,fonte:geometria:data=2013
source:geometry:date,2018,fonte:geometria:data=2018
source:geometry:date,2005-11-15,fonte:geometria:data=2005-11-15
source:geometry:date,2014-01-23,fonte:geometria:data=23-01-2014
source:geometry:date,2014-12-01,fonte:geometria:data=2014-12-01
source:geometry:date,2015-01-05,fonte:geometria:data=2015-01-05
source:geometry:date,2015-01-18,fonte:geometria:data=2015-01-18
source:geometry:date,2015-02-07,fonte:geometria:data=2015-02-07
source:geometry:date,2015-03-07,fonte:geometria:data=2015-03-07
source:geometry:date,2015-04-08,fonte:geometria:data=2015-04-08
source:geometry:date,2015-07-09,fonte:geometria:data=2015-07-09
source:geometry:date,2015-07-14,fonte:geometria:data=2015-07-14
source:geometry:date,2015-09-23,fonte:geometria:data=23-09-2015
source:geometry:date,2015-10-01,fonte:geometria:data=2015-10-01
source:geometry:date,2015-12-23,fonte:geometria:data=23-12-2015
source:geometry:date,2015-12-25,fonte:geometria:data=25-12-2015
source:geometry:date,2016-01-02,fonte:geometria:data=2016-01-02
source:geometry:date,2016-01-26,fonte:geometria:data=26-01-2016
source:geometry:date,2016-02-01,fonte:geometria:data=2016-02-01
source:geometry:date,2016-03-05,fonte:geometria:data=2016-03-05
source:geometry:date,2016-06-09,fonte:geometria:data=2016-06-09
source:geometry:date,2016-06-14,fonte:geometria:data=2016-06-14
source:geometry:date,2016-06-15,fonte:geometria:data=2016-06-15
source:geometry:date,2016-06-21,fonte:geometria:data=21-06-2016
source:geometry:date,2016-06-30,fonte:geometria:data=2016-06-30
source:geometry:date,2016-07-02,fonte:geometria:data=2016-07-02
source:geometry:date,2016-07-15,fonte:geometria:data=2016-07-15
source:geometry:date,2016-07-18,fonte:geometria:data=2016-07-18
source:geometry:date,2016-07-19,fonte:geometria:data=2016-07-19
source:geometry:date,2016-08-04,fonte:geometria:data=2016-08-04
source:geometry:date,2016-08-16,fonte:geometria:data=2016-08-16
source:geometry:date,2016-09-14,fonte:geometria:data=2016-09-14
source:geometry:date,2016-09-16,fonte:geometria:data=2016-09-16
source:geometry:date,2016-12-12,fonte:geometria:data=2016-12-12
source:geometry:date,2017-01-07,fonte:geometria:data=2017-01-07
source:geometry:date,2017-01-12,fonte:geometria:data=2017-01-12
source:geometry:date,2017-01-13,fonte:geometria:data=2017-01-13
source:geometry:date,2017-01-18,fonte:geometria:data=2017-01-18
source:geometry:date,2017-01-26,fonte:geometria:data=26-01-2017
source:geometry:date,2017-02-03,fonte:geometria:data=2017-02-03
source:geometry:date,2017-03-05,fonte:geometria:data=2017-03-05
source:geometry:date,2017-03-28,fonte:geometria:data=28-03-2017
source:geometry:date,2017-04-04,fonte:geometria:data=2017-04-04
source:geometry:date,2017-05-25,fonte:geometria:data=25-05-2017
source:geometry:date,2017-06-12,fonte:geometria:data=2017-06-12
source:geometry:date,2017-08-02,fonte:geometria:data=2017-08-02
source:geometry:date,2017-08-03,fonte:geometria:data=2017-08-03
source:geometry:date,2017-12-20,fonte:geometria:data=2017-12-20
source:geometry:date,2017-12-29,fonte:geometria:data=29-12-2017
source:geometry:date,2018-01-08,fonte:geometria:data=2018-01-08
source:geometry:date,2018-01-31,fonte:geometria:data=2018-01-31
source:geometry:date,2018-02-16,fonte:geometria:data=2018-02-16
source:geometry:date,2018-02-17,fonte:geometria:data=2018-02-17
source:geometry:date,2018-02-25,fonte:geometria:data=25-02-2018
source:geometry:date,2018-03-16,fonte:geometria:data=2018-03-16
source:geometry:date,2018-05-30,fonte:geometria:data=2018-05-30
source:geometry:date,2018-06-15,fonte:geometria:data=2018-06-15
source:geometry:date,2018-06-27,fonte:geometria:data=27-06-2018
source:geometry:date,2018-06-28,fonte:geometria:data=28-06-2018
source:geometry:date,2018-06-29,fonte:geometria:data=29-06-2018
source:geometry:date,2018-07-01,fonte:geometria:data=2018-07-01
source:geometry:date,2018-07-18,fonte:geometria:data=2018-07-18
source:geometry:date,2018-07-20,fonte:geometria:data=2018-07-20
source:geometry:date,2018-08-11,fonte:geometria:data=2018-08-11
source:geometry:date,2018-08-13,fonte:geometria:data=2018-08-13
source:geometry:date,2018-09-24,fonte:geometria:data=24-09-2018
source:geometry:date,2018-10-09,fonte:geometria:data=2018-10-09
source:geometry:date,2018-10-20,fonte:geometria:data=2018-10-20
source:geometry:date,2018-10-29,fonte:geometria:data=29-10-2018
source:geometry:date,2018-11-19,fonte:geometria:data=2018-11-19
source:geometry:date,2018-11-25,fonte:geometria:data=25-11-2018
source:geometry:date,2018-12-06,fonte:geometria:data=2018-12-06
source:geometry:date,2018-12-12,fonte:geometria:data=2018-12-12
source:geometry:date,2019-01-19,fonte:geometria:data=2019-01-19
source:geometry:date,2019-01-27,fonte:geometria:data=27-01-2019
source:geometry:date,2019-01-30,fonte:geometria:data=2019-01-30
source:geometry:date,2019-02-04,fonte:geometria:data=2019-02-04
source:geometry:date,2019-02-25,fonte:geometria:data=25-02-2019
source:geometry:date,2019-03-23,fonte:geometria:data=23-03-2019
source:geometry:date,2019-04-18,fonte:geometria:data=2019-04-18
source:geometry:date,2019-05-02,fonte:geometria:data=2019-05-02
source:geometry:date,2019-05-17,fonte:geometria:data=2019-05-17
source:geometry:date,2019-06-12,fonte:geometria:data=2019-06-12
source:geometry:date,2019-06-20,fonte:geometria:data=2019-06-20
source:geometry:date,2019-06-24,fonte:geometria:data=24-06-2019
source:geometry:date,2019-07-01,fonte:geometria:data=2019-07-01
source:geometry:date,2019-07-03,fonte:geometria:data=2019-07-03
source:geometry:date,2019-07-17,fonte:geometria:data=2019-07-17
source:geometry:date,2019-08-07,fonte:geometria:data=2019-08-07
source:geometry:date,2019-08-13,fonte:geometria:data=2019-08-13
source:geometry:date,2019-08-15,fonte:geometria:data=2019-08-15
source:geometry:date,2019-08-24,fonte:geometria:data=24-08-2019
source:geometry:date,2019-09-04,fonte:geometria:data=2019-09-04
source:geometry:date,2019-09-16,fonte:geometria:data=2019-09-16
source:geometry:date,2020-02-05,fonte:geometria:data=2020-02-05
source:geometry:date,20160608161352,fonte:geometria:data=20160608161352
source:geometry:date,20160609170515,fonte:geometria:data=20160609170515
source:geometry:date,20160615124858,fonte:geometria:data=20160615124858
source:geometry:date,20160715122926,fonte:geometria:data=20160715122926
source:geometry:date,20160718164119,fonte:geometria:data=20160718164119
source:geometry:date,20160816121905,fonte:geometria:data=20160816121905
source:geometry:date,2015-01-01..2019-11-05,fonte:geometria:data=2015-01-01..2019-11-05
source:geometry:date,2019/07/02,fonte:geometria:data=2019/07/02
source:geometry:date,8/27/2010-4/4/2011,fonte:geometria:data=27/08/2010-04/04/2011
source:geometry:version,6,origine:geometria:versione=6
source:heritage,"data.gouv.fr, Ministère de la Culture - 2016","fonte:heritage=data.gouv.fr, Ministero della Cultura - 2016"
source:heritage,"data.gouv.fr,␣Ministère␣de␣la␣Culture␣-␣2016","fonte:heritage=data.gouv.fr, ␣ Ministère ␣ de ␣ la ␣ Cultura ␣ - ␣ 2016"
source:hgv,https://gamccd.net/Documents/OSP_GaOversizeTrkRouteMap.pdf,fonte:hgv=https://gamccd.net/Documents/OSP_GaOversizeTrkRouteMap.pdf
source:hgv,https://gis-idot.opendata.arcgis.com/datasets/IDOT::designated-truck-routes-state-jurisdiction-truck-route/explore?location=40.542466%2C-88.991188%2C14.60;https://www.gettingaroundillinois.com/MapViewer/?config=DTRconfig.json,fonte:hgv=https://gis-idot.opendata.arcgis.com/datasets/IDOT::designated-truck-routes-state-jurisdiction-truck-route/explore?location=40.542466%2C-88.991188%2C14.60;https://www.gettingaroundillinois.com/MapViewer/?config=DTRconfig.json
source:hgv,https://www.dot.state.pa.us/public/pubsforms/Publications/TruckersMap.pdf,fonte:hgv=https://www.dot.state.pa.us/public/pubsforms/Publications/TruckersMap.pdf
source:hgv,https://www.michigan.gov/mdot/-/media/Project/Websites/MDOT/Travel/Map/Truck-Operators-Map/Truck-Operators-Map.pdf,fonte:hgv=https://www.michigan.gov/mdot/-/media/Project/Websites/MDOT/Travel/Map/Truck-Operators-Map/Truck-Operators-Map.pdf
source:hgv,MassGIS,fonte:hgv=MassGIS
source:hgv,PennDOT␣ftp://ftp.dot.state.pa.us/public/Bureaus/BOMO/MC/Publication411.pdf,fonte:hgv=PennDOT ␣ ftp://ftp.dot.state.pa.us/public/Bureaus/BOMO/MC/Publication411.pdf
source:hgv,Truck␣Route␣Ordinance␣https://www.phoenix.gov/streetssite/Documents/truckmap.pdf,fonte:hgv=Truck ␣ Percorso ␣ Ordinanza ␣ https://www.phoenix.gov/streetssite/Documents/truckmap.pdf
source:hgv,"TxDOT’s Sign Guidelines and Applications Manual, Chapter 5, Section 6 Truck Routes https://onlinemanuals.txdot.gov/TxDOTOnlineManuals/TxDOTManuals/smk/truck_routes.htm","fonte:hgv=Manuale delle linee guida e delle applicazioni della segnaletica del TxDOT, Capitolo 5, Sezione 6 Percorsi per camion https://onlinemanuals.txdot.gov/TxDOTOnlineManuals/TxDOTManuals/smk/truck_routes.htm"
source:hgv:national_network,Caltrans http://www.dot.ca.gov/hq/traffops/trucks/truckmap/,fonte:hgv:national_network=Caltrans http://www.dot.ca.gov/hq/traffops/trucks/truckmap/
source:hgv:national_network,Caltrans␣http://www.dot.ca.gov/hq/traffops/trucks/truckmap/,fonte:hgv:national_network=Caltrans ␣ http://www.dot.ca.gov/hq/traffops/trucks/truckmap/
source:hgv:national_network,"CDOT ""Highway Data Explorer""","fonte:hgv:national_network=CDOT ""Esploratore dati autostradali"""
source:hgv:national_network,"CDOT␣""Highway␣Data␣Explorer""","fonte:hgv:national_network=CDOT ␣ ""Autostrada ␣ Dati ␣ Explorer"""
source:hgv:national_network,https://hepgis-usdot.hub.arcgis.com/apps/usdot::national-network-conventional-combination-trucks-map/explore,fonte:hgv:national_network=https://hepgis-usdot.hub.arcgis.com/apps/usdot::national-network-conventional-combination-trucks-map/explore
source:hgv:national_network,https://www.ecfr.gov/current/title-23/chapter-I/subchapter-G/part-658;https://hepgis-usdot.hub.arcgis.com/apps/usdot::national-network-conventional-combination-trucks-map,fonte:hgv:national_network=https://www.ecfr.gov/current/title-23/chapter-I/subchapter-G/part-658;https://hepgis-usdot.hub.arcgis.com/apps/usdot::national-network-conventional-combination-trucks-map
source:hgv:national_network,Title 23: Highways Part 658 http://ecfr.gpoaccess.gov/cgi/t/text/text-idx?c=ecfr&rgn=div5&view=text&node=23:1.0.1.7.33&idno=23,fonte:hgv:national_network=Titolo 23: Autostrade Parte 658 http://ecfr.gpoaccess.gov/cgi/t/text/text-idx?c=ecfr&rgn=div5&view=text&node=23:1.0.1.7.33&idno=23
source:hgv:state_network,NJDOT http://www.state.nj.us/transportation/about/rules/pdf/chapter32truckaccess.pdf,fonte:hgv:state_network=NJDOT http://www.state.nj.us/transportation/about/rules/pdf/chapter32truckaccess.pdf
source:hgv:state_network,NJDOT␣http://www.state.nj.us/transportation/about/rules/pdf/chapter32truckaccess.pdf,fonte:hgv:state_network=NJDOT ␣ http://www.state.nj.us/transportation/about/rules/pdf/chapter32truckaccess.pdf
source:hgv:state_network,NYSDOT https://www.dot.ny.gov/divisions/operating/oom/transportation-systems/repository/2010%20trk%20access%20bk.pdf,fonte:hgv:state_network=NYSDOT https://www.dot.ny.gov/divisions/operating/oom/transportation-systems/repository/2010%20trk%20access%20bk.pdf
source:hgv:state_network,NYSDOT␣https://www.dot.ny.gov/divisions/operating/oom/transportation-systems/repository/2010%20trk%20access%20bk.pdf,fonte:hgv:state_network=NYSDOT ␣ https://www.dot.ny.gov/divisions/operating/oom/transportation-systems/repository/2010%20trk%20access%20bk.pdf
source:highway,schema_br2013,fonte:highway=schema_br2013
source:highway_authority_ref,foi_request,fonte:highway_authority_ref=foi_request
source:highway_classification,IBGE,fonte:highway_classification=IBGE
source:highway:class:pl,https://edziennik.gddkia.gov.pl/DU_GDDKIA/2025/7/akt.pdf,fonte:highway:class:pl=https://edziennik.gddkia.gov.pl/DU_GDDKIA/2025/7/akt.pdf
source:imagery,"BingSat, ESRI, and other open satellite imagery available to OSM as of 2023","fonte:immagine=BingSat, ESRI e altre immagini satellitari aperte disponibili per OSM a partire dal 2023"
source:imagery,"BingSat, ESRI, and other open satellite imagery available to OSM as of 2024","fonte:immagine=BingSat, ESRI e altre immagini satellitari aperte disponibili per OSM a partire dal 2024"
source:imagery,"BingSat, ESRI, and other open satellite imagery available to OSM as of 2025","fonte:immagine=BingSat, ESRI e altre immagini satellitari aperte disponibili per OSM a partire dal 2025"
source:imagery,ESRI & NYS Sat Imagery,fonte:imagery=ESRI & NYS Sat Imagery
source:imagery,ESRI Sat & NYS Sat Imagery,fonte:imagery=ESRI Sat & NYS Sat Images
source:imagery,ESRI␣&␣NYS␣Sat␣Imagery,fonte:imagery=ESRI ␣ & ␣ NYS ␣ Sat ␣ Immagini
source:ja,国土数値情報（森林地域データ）平成18年　国土交通省,fonte:ja=国土数値情報（森林地域データ）平成18年 国土交通省
source:lake,Review by So9q using LM Topographic Map,fonte:lago=Recensione di So9q utilizzando la mappa topografica LM
source:lanes,Esri World Imagery,fonte: corsie=Esri World Imagery
source:lit,http://www.autobahn-bilder.de,fonte:lit=http://www.autobahn-bilder.de
source:location,NLS.fi Topographic Database,fonte:posizione=NLS.fi Database topografico
source:maxaxleload,Dz.U. 2011 nr 222 poz. 1321 Art. 2 pkt. 11,fonte:maxaxleload =Dz.U. 2011 n.222 poz. 1321Art. 2 pz. 11
source:maxaxleload,Rozporządzenie Ministra Infrastruktury i Budownictwa z dnia 21 kwietnia 2017 r,source:maxaxleload=Rozporządzenie Ministra Infrastruktury i Budownictwa z dnia 21 kwietnia 2017 r
source:maxspeed,AT:rural,fonte:maxspeed=AT:rural
source:maxspeed,AT:urban,fonte:maxspeed=AT:urban
source:maxspeed,AT:zone:30,origine:maxspeed=AT:zona:30
source:maxspeed,AT:zone30,origine:maxspeed=AT:zone30
source:maxspeed,AU:urban,fonte:maxspeed=AU:urban
source:maxspeed,BE-BRU:urban,fonte:maxspeed=BE-BRU:urban
source:maxspeed,BE-VLG:rural,fonte:maxspeed=BE-VLG:rurale
source:maxspeed,BE-VLG:urban,fonte:maxspeed=BE-VLG:urban
source:maxspeed,BE-WAL:rural,fonte:maxspeed=BE-WAL:rurale
source:maxspeed,BE-WAL:urban,fonte:maxspeed=BE-WAL:urban
source:maxspeed,BE:zone30,origine:maxspeed=BE:zone30
source:maxspeed,CZ:urban,fonte:maxspeed=CZ:urban
source:maxspeed,DE:motorway,fonte:maxspeed=DE:autostrada
source:maxspeed,DE:rural,fonte:maxspeed=DE:rurale
source:maxspeed,DE:urban,fonte:maxspeed=DE:urban
source:maxspeed,DE:zone,origine:maxspeed=DE:zone
source:maxspeed,DE:zone:30,origine:maxspeed=DE:zona:30
source:maxspeed,DE:zone30,origine:maxspeed=DE:zone30
source:maxspeed,DK:rural,fonte:maxspeed=DK:rurale
source:maxspeed,DK:urban,fonte:maxspeed=DK:urban
source:maxspeed,"FDOT ""Maximum Speed Limits"" GIS data, updated August 27, 2011: http://www.dot.state.fl.us/planning/statistics/gis/roaddata.shtm","fonte:maxspeed=FDOT Dati GIS ""Limiti massimi di velocità"", aggiornati il 27 agosto 2011: http://www.dot.state.fl.us/planning/statistics/gis/roaddata.shtm"
source:maxspeed,FR:rural,fonte:maxspeed=FR:rurale
source:maxspeed,FR:urban,fonte:maxspeed=FR:urban
source:maxspeed,FR:zone30,fonte:maxspeed=FR:zone30
source:maxspeed,http://monolitos.montevideo.gub.uy/resoluci.nsf/WEB/Numero/954-13,fonte:maxspeed=http://monolitos.montevideo.gub.uy/resoluci.nsf/WEB/Numero/954-13
source:maxspeed,HU:urban,fonte:maxspeed=HU:urban
source:maxspeed,implicit,fonte:maxspeed=implicit
source:maxspeed,IT:urban,fonte:maxspeed=IT:urban
source:maxspeed,LT:urban,fonte:maxspeed=LT:urban
source:maxspeed,massgis,fonte:maxspeed=massgis
source:maxspeed,NL:zone30,origine:maxspeed=NL:zone30
source:maxspeed,PL:living_street,fonte:maxspeed=PL:living_street
source:maxspeed,PL:rural,fonte:maxspeed=PL:rurale
source:maxspeed,PL:urban,fonte:maxspeed=PL:urban
source:maxspeed,PL:zone30,origine:maxspeed=PL:zone30
source:maxspeed,RU:urban,fonte:maxspeed=RU:urban
source:maxspeed,sign,fonte:maxspeed=sign
source:maxspeed,SK:urban,fonte:maxspeed=SK:urban
source:maxspeed,Stats19,fonte:maxspeed=Stats19
source:maxspeed,survey,fonte:maxspeed=sondaggio
source:maxspeed,survey;image,fonte:maxspeed=survey;immagine
source:maxspeed,Unless otherwise posted speed limit 25 MPH in Oklahoma City; OKC code § 32-166.,"source:maxspeed=Se non diversamente indicato, il limite di velocità a Oklahoma City è di 25 MPH; codice OKC § 32-166."
source:maxspeed:backward,sign,origine:velocitàmassima:indietro=segno
source:maxspeed:forward,sign,origine:maxspeed:forward=sign
source:maxweight,https://hub.arcgis.com/datasets/KYTC::kytc-truck-weight-classification/explore,fonte:maxweight=https://hub.arcgis.com/datasets/KYTC::kytc-truck-weight-classification/explore
source:name,data.gov.au,fonte:nome=data.gov.au
source:name,data.sa.gov.au,fonte:nome=data.sa.gov.au
source:name,GA Surface Hydro,fonte:nome=GA Surface Hydro
source:name,GIS Directorate of Central Informatics Organization Bahrain (www.bahrainlocator.gov.bh),fonte:nome=GIS Direzione dell'Organizzazione Informatica Centrale del Bahrain (www.bahrainlocator.gov.bh)
source:name,GNS,origine:nome=GNS
source:name,Haiti_DMA_Topo,fonte:nome=Haiti_DMA_Topo
source:name,IBGE,fonte:nome=IBGE
source:name,ImproveOSM,fonte:nome=ImproveOSM
source:name,local knowledge,fonte:nome=conoscenza locale
source:name,logic_undp,fonte:nome=logic_undp
source:name,LPI NSW Base Map,source:name=LPI NSW Base Map
source:name,LPI_NSW_Base_Map,origine:nome=LPI_NSW_Base_Map
source:name,minvskaddress,origine:nome=minvskaddress
source:name,MRWA-514,fonte:nome=MRWA-514
source:name,Nomenclator Geográfico Básico de España,source:name=Nomenclatore Geográfico Básico de España
source:name,Nomenclátor Geográfico de Municipios y Entidades de Población,source:name=Nomenclátor Geográfico de Municipios y Entidades de Población
source:name,NPWS_Estate,origine:nome=NPWS_Estate
source:name,NSW LPI Base Map,source:name=Mappa di base NSW LPI
source:name,NSW_LPI_Base_Map,origine:nome=NSW_LPI_Base_Map
source:name,OS OpenData Locator,source:name=Locatore OpenData del sistema operativo
source:name,OS OpenData StreetView,origine:nome=OS OpenData StreetView
source:name,OS_OpenData_Locator,fonte:nome=OS_OpenData_Locator
source:name,OS_OpenData_OS_Locator,origine:nome=OS_OpenData_OS_Locator
source:name,OS_OpenData_StreetView,origine:nome=OS_OpenData_StreetView
source:name,pmgsy,fonte:nome=pmgsy
source:name,Qatar Ministry of Municipality and Environment (http://geoportal.gisqatar.org.qa),fonte:nome=Ministero delle municipalità e dell'ambiente del Qatar (http://geoportal.gisqatar.org.qa)
source:name,services.land.vic.gov.au,fonte:nome=services.land.vic.gov.au
source:name,"State of Queensland (Department of Natural Resources, Mines and Energy) 2019","fonte:nome=Stato del Queensland (Dipartimento delle risorse naturali, miniere ed energia) 2019"
source:name,survey,fonte:nome=sondaggio
source:name,Vicmap.Transport:services.land.vic.gov.au,fonte:nome=Vicmap.Transport:services.land.vic.gov.au
source:name,ZBGIS,origine:nome=ZBGIS
source:name:br,ofis publik ar brezhoneg,fonte:nome:br=ofis publik ar brezhoneg
source:name:br,ofis␣publik␣ar␣brezhoneg,fonte:nome:br=ofis ␣ publik ␣ ar ␣ brezhoneg
source:name:br,proper translation,source:name:br=traduzione corretta
source:name:br,proper␣translation,source:name:br=proper ␣ traduzione
source:name:oc,ieo-bdtopoc,fonte:nome:oc=ieo-bdtopoc
source:old_ref:fap,ODOT http://www.dot.state.oh.us/Divisions/Planning/TechServ/prod_services/Pages/RI06.aspx http://www.dot.state.oh.us/Divisions/ContractAdmin/Contracts/Pages/NHS-FAP.aspx,fonte:old_ref:fap=ODOT http://www.dot.state.oh.us/Divisions/Planning/TechServ/prod_services/Pages/RI06.aspx http://www.dot.state.oh.us/Divisions/ContractAdmin/Contracts/Pages/NHS-FAP.aspx
source:old_ref:fap,ODOT␣http://www.dot.state.oh.us/Divisions/Planning/TechServ/prod_services/Pages/RI06.aspx␣http://www.dot.state.oh.us/Divisions/ContractAdmin/Contracts/Pages/NHS-FAP.aspx,fonte:old_ref:fap=ODOT ␣ http://www.dot.state.oh.us/Divisions/Planning/TechServ/prod_services/Pages/RI06.aspx ␣ http://www.dot.state.oh.us/Divisions/ContractAdmin/Contracts/Pages/NHS-FAP.aspx
source:oneway,Esri World Imagery,fonte:oneway=Esri World Imagery
source:oneway,Esri␣World␣Imagery,fonte:oneway=Esri ␣ Mondo ␣ Immagini
source:outline,ALK NRW,fonte:outline=ALK NRW
source:outline,ALKIS NRW,fonte:outline=ALKIS NRW
source:outline,Bing,fonte:schema=Bing
source:outline,"Maps4BW (LGL-BW, www.lgl-bw.de)","fonte:outline=Maps4BW (LGL-BW, www.lgl-bw.de)"
source:outline,"maps4bw (LGL, www.lgl-bw.de)","fonte:outline=maps4bw (LGL, www.lgl-bw.de)"
source:outline,"maps4bw (LGL, www.lgl-bw.de); Mapbox Satellite","fonte:outline=maps4bw (LGL, www.lgl-bw.de); Mapbox Satellite"
source:outline,"maps4bw␣(LGL,␣www.lgl-bw.de);␣Mapbox␣Satellite","fonte:outline=maps4bw ␣ (LGL, ␣ www.lgl-bw.de); ␣ Mapbox ␣ Satellite"
source:population,*,fonte:popolazione=*
source:population,"IBGE, DOU de 31/08/2023","fonte:popolazione=IBGE, DOU del 31/08/2023"
source:population,INE,fonte:popolazione=INE
source:population,ine.gob.bo;2016,fonte:popolazione=ine.gob.bo;2016
source:population,INSEE 2024,fonte:popolazione=INSEE 2024
source:population,INSEE␣2022,fonte:popolazione=INSEE ␣ 2022
source:population,pmgsy,fonte:popolazione=pmgsy
source:population,US Census,fonte:popolazione=censimento degli Stati Uniti
source:population,wikipedia,fonte:popolazione=wikipedia
source:population,Белстат,fonte:popolazione=Белстат
source:position,*,origine:posizione=*
source:position,Aerial photogrammetry,fonte:posizione=Fotogrammetria aerea
source:position,Aerial␣photogrammetry,fonte:posizione= Fotogrammetria aerea ␣
source:position,Bing,fonte:posizione=Bing
source:position,bing,fonte:posizione=bing
source:position,"bing (0,0)","origine:posizione=bing (0,0)"
source:position,"bing HR(0,0)","origine:posizione=bing HR(0,0)"
source:position,bing HR(0;0),origine:posizione=bing HR(0;0)
source:position,Bing Imagery,fonte:posizione=Immagini Bing
source:position,"bing(0,0)","origine:posizione=bing(0,0)"
source:position,bing␣HR(0;0),origine:posizione=bing ␣ HR(0;0)
source:position,DigitalGlobe Standard,fonte:posizione=DigitalGlobe Standard
source:position,ESRIWorld,fonte:posizione=ESRIWorld
source:position,HiRes aerial imagery,fonte:posizione=immagini aeree ad alta risoluzione
source:position,Landsat,fonte:posizione=Landsat
source:position,"MapBox (0,0)","origine:posizione=MapBox (0,0)"
source:position,NPWS_Estate,origine:posizione=NPWS_Estate
source:position,Sentinel-2,fonte:posizione=Sentinel-2
source:position,Спутниковые снимки Esri,source:position=Спутниковые снимки Esri
source:postal_code,CNEFE,fonte:codice_postale=CNEFE
source:postal_code,La Poste - 12/2014,fonte:postal_code=La Poste - 12/2014
source:postal_code,La␣Poste␣-␣12/2014,fonte:postal_code=La ␣ Poste ␣ - ␣ 12/2014
source:postcode,ONS,fonte:codice postale=ONS
source:power,Enedis,fonte:power=Enedis
source:prow_ref,definitive_statement,fonte:prow_ref=definitive_statement
source:ref,#ŻółtaNaklejkaPLK,fonte:ref=#ŻółtaNaklejkaPLK
source:ref,http://wiki.openstreetmap.org/wiki/Import/Catalogue/Strassen_NRW,fonte:ref=http://wiki.openstreetmap.org/wiki/Import/Catalogue/Strassen_NRW
source:ref,Ministerial Decision Γ25871/1963 (ΦΕΚ Β 319/23.07.1963),fonte:ref=Decisione ministeriale Γ25871/1963 (ΦΕΚ Β 319/23.07.1963)
source:ref,Ministerial Decision ΔΟΥ/οικ/5776/2015 (ΦΕΚ ΑΑΠ 253/21.12.2015),fonte:ref=Decisione ministeriale ΔΟΥ/οικ/5776/2015 (ΦΕΚ ΑΑΠ 253/21.12.2015)
source:ref,OS_OpenData_StreetView,fonte:ref=OS_OpenData_StreetView
source:ref,rsd_cr,fonte:ref=rsd_cr
source:ref,Vialidad,fonte:ref=Vialidad
source:ref,www.ssc.sk,fonte:ref=www.ssc.sk
source:ro,"Agenţia Europeană de Mediu, CORINE Land Cover, 2006","fonte:ro=Agenţia Europeană de Mediu, CORINE Land Cover, 2006"
source:ro,"Agenţia␣Europeană␣de␣Mediu,␣CORINE␣Land␣Cover,␣2006","fonte:ro=Agenţia ␣ Europeană ␣ de ␣ Mediu, ␣ CORINE ␣ Land ␣ Cover, ␣ 2006"
source:shape,Modified MS Footprints https://cugir.library.cornell.edu,fonte:shape=Modified MS Footprints https://cugir.library.cornell.edu
source:shape,Modified␣MS␣Footprints␣https://cugir.library.cornell.edu,fonte:shape=Modified ␣ MS ␣ Footprints ␣ https://cugir.library.cornell.edu
source:street,municipality,fonte:strada=comune
source:streetnumber,municipality,fonte:numero civico=municipalità
source:surface,Bing,fonte:superficie=Bing
source:surface,MaxarPremium,fonte:superficie=MaxarPremium
source:tracer,scanaerial,fonte:tracer=scanaerial
source:url,http://cea.vitoria-gasteiz.org,fonte:url=http://cea.vitoria-gasteiz.org
source:url,http://gis.naga.gov.ph/pmwiki/pmwiki.php/Main/Data,fonte:url=http://gis.naga.gov.ph/pmwiki/pmwiki.php/Main/Data
source:url,http://www.bilbao.eus/opendata,fonte:url=http://www.bilbao.eus/opendata
source:url,https://data.kinmen.gov.tw/Cus_OpenData_DealData.aspx?s=EE8E4A0BF2004468,fonte:url=https://data.kinmen.gov.tw/Cus_OpenData_DealData.aspx?s=EE8E4A0BF2004468
source:url,https://maps.lib.utexas.edu/maps/topo/nicaragua/,fonte:url=https://maps.lib.utexas.edu/maps/topo/nicaragua/
source:url,https://trouver.datasud.fr/dataset/marseille-eclairage,fonte:url=https://trouver.datasud.fr/dataset/marseille-eclairage
source:url,https://www.hsinchu.gov.tw/OpenDataDetail.aspx?n=902&s=2663,fonte:url=https://www.hsinchu.gov.tw/OpenDataDetail.aspx?n=902&s=2663
source:url,https://www.klcg.gov.tw/tw/civil/2209-292163.html,fonte:url=https://www.klcg.gov.tw/tw/civil/2209-292163.html
source:user,*,fonte:utente=*
source:wfs,http://www.idee.es/IGN-WFS-Geodesia/ogcwebservice,fonte:wfs=http://www.idee.es/IGN-WFS-Geodesia/ogcwebservice
source:wheelchair,STIF 2019-01,fonte:sedia a rotelle=STIF 2019-01
source:wheelchair,STIF␣2019-01,fonte:wheelchair=STIF ␣ 2019-01
source:width,ARCore,origine:larghezza=ARCore
source:width,estimated,origine:larghezza=stimata
source:zoomlevel,11,fonte:zoomlevel=11
source:zoomlevel,12,fonte:zoomlevel=12
source:zoomlevel,13,fonte:zoomlevel=13
source:zoomlevel,14,fonte:zoomlevel=14
source:zoomlevel,15,fonte:zoomlevel=15
source:zoomlevel,16,fonte:zoomlevel=16
source:zoomlevel,17,fonte:zoomlevel=17
species,Acacia␣implexa,specie=Acacia ␣ implexa
species,Acacia␣melanoxylon,specie=Acacia ␣ melanoxylon
species,Acer campestre,specie=Acer campestre
species,Acer negundo,specie=Acer negundo
species,Acer platanoides,specie=Acer platanoides
species,Acer pseudoplatanus,specie=Acer pseudoplatanus
species,Acer rubrum,specie=Acer rubrum
species,Acer saccharinum,specie=Acer saccharinum
species,Acer saccharum,specie=Acer saccharum
species,Acer␣campestre,specie=Acer ␣ campestre
species,Acer␣ginnala,specie=Acer ␣ ginnala
species,Acer␣negundo,specie=Acer ␣ negundo
species,Acer␣platanoides,specie=Acer ␣ platanoides
species,Acer␣platanoïdes,specie=Acer ␣ platanoïdes
species,Acer␣pseudoplatanus,specie=Acer ␣ pseudoplatanus
species,Acer␣rubrum,specie=Acer ␣ rubrum
species,Acer␣saccharinum,specie=Acer ␣ saccharinum
species,Acer␣saccharum,specie=Acer ␣ saccharum
species,Aesculus hippocastanum,specie=Aesculus hippocastanum
species,AESCULUS␣HIPOCASTANUM,specie=AESCULUS ␣ HIPOCASTANUM
species,Aesculus␣hippocastanum,specie=Aesculus ␣ hippocastanum
species,Aesculus␣x␣carnea,specie=Aesculus ␣ x ␣ carnea
species,Agave␣tequilana␣F.A.C.Weber,specie=Agave ␣ tequilana ␣ FACWeber
species,Ailanthus␣altissima,specie=Ailanthus ␣ altissima
species,Allocasuarina␣verticillata,specie=Allocasuarina ␣ verticillata
species,Alnus␣cordata,specie=Alnus ␣ cordata
species,Alnus␣glutinosa,specie=Alnus ␣ glutinosa
species,Ananas␣comosus␣(L.)␣Merr.,specie=Ananas ␣ comosus ␣ (L.) ␣ Merr.
species,Arecaceae,specie=Arecaceae
species,australis,specie=australis
species,Azardiraecta␣indica,specie=Azardiraecta ␣ indica
species,Betula pendula,specie=Betula pendula
species,Betula␣alba,specie=Betula ␣ alba
species,Betula␣papyrifera,specie=Betula ␣ papyrifera
species,Betula␣pendula,specie=Betula ␣ pendula
species,Betula␣sp,specie=Betula ␣ sp
species,Betula␣verrucosa,specie=Betula ␣ verrucosa
species,betulus,specie=betulus
species,calleryana,specie=calleryana
species,Callistemon␣salignus,specie=Callistemon ␣ salignus
species,Callistemon␣viminalis,specie=Callistemon ␣ viminalis
species,Camellia␣sinensis␣(L.),specie=Camellia ␣ sinensis ␣ (L.)
species,Camellia␣sinensis␣(L.)␣Kuntze,specie=Camellia ␣ sinensis ␣ (L.) ␣ Kuntze
species,Carica␣papaya,specie=Carica ␣ papaya
species,Carpinus betulus,specie=Carpinus betulus
species,Carpinus␣betulus,specie=Carpinus ␣ betulus
species,Carpinus␣betulus␣fastigiata,specie=Carpinus ␣ betulus ␣ fastigiata
species,Castanea sativa,specie=Castanea sativa
species,Castanea␣sativa,specie=Castanea ␣ sativa
species,Casuarina␣cunninghamiana,specie=Casuarina ␣ cunninghamiana
species,Catalpa␣bignonioides,specie=Catalpa ␣ bignonioides
species,Cedrus␣atlantica,specie=Cedrus ␣ atlantica
species,Cedrus␣deodara,specie=Cedrus ␣ deodara
species,Celtis australis,specie=Celtis australis
species,Celtis␣australis,specie=Celtis ␣ australis
species,Celtis␣occidentalis,specie=Celtis ␣ occidentalis
species,Cerasus␣×␣yedoensis,specie=Cerasus ␣ × ␣ yedoensis
species,Cercis␣siliquastrum,specie=Cercis ␣ siliquastrum
species,Chamaecyparis␣lawsoniana,specie=Chamaecyparis ␣ lawsoniana
species,Citrus␣×␣aurantium,specie=Citrus ␣ × ␣ aurantium
species,Citrus␣×sinensis,specie=Citrus ␣ ×sinensis
species,Citrus␣aurantium,specie=Citrus ␣ aurantium
species,Cocos nucifera,specie=Cocos nucifera
species,Cocos␣nucifera,specie=Cocos ␣ nucifera
species,Cocos␣nucifera␣L.,specie=Cocos ␣ nucifera ␣ L.
species,colurna,specie=colurna
species,cordata,specie=cordata
species,Corylus colurna,specie=Corylus colurna
species,Corylus␣colurna,specie=Corylus ␣ colurna
species,Corymbia␣maculata,specie=Corymbia ␣ maculata
species,Crataegus␣monogyna,specie=Crataegus ␣ monogyna
species,Cryptomeria␣japonica,specie=Cryptomeria ␣ japonica
species,Cupressus sempervirens,specie=Cupressus sempervirens
species,Cupressus␣sempervirens,specie=Cupressus ␣ sempervirens
species,dactylifera,specie=dactylifera
species,Elaeis␣guineensis,specie=Elaeis ␣ guineensis
species,Eucalyptus␣camaldulensis,specie=Eucalyptus ␣ camaldulensis
species,Eucalyptus␣cladocalyx,specie=Eucalipto ␣ cladocalice
species,Eucalyptus␣leucoxylon,specie=Eucalipto ␣ leucoxylon
species,Eucalyptus␣sideroxylon,specie=Eucalipto ␣ sideroxylon
species,Fagus sylvatica,specie=Fagus sylvatica
species,Fagus␣sylvatica,specie=Fagus ␣ sylvatica
species,Fra,specie=Fra
species,Fraxinus americana,specie=Fraxinus americana
species,Fraxinus excelsior,specie=Fraxinus excelsior
species,Fraxinus pennsylvanica,specie=Fraxinus pennsylvanica
species,Fraxinus␣americana,specie=Fraxinus ␣ americana
species,Fraxinus␣angustifolia,specie=Fraxinus ␣ angustifolia
species,Fraxinus␣excelsior,specie=Fraxinus ␣ excelsior
species,Fraxinus␣excelsior␣'Westhofs␣Glorie',specie=Fraxinus ␣ excelsior ␣ 'Westhofs ␣ Glorie'
species,Fraxinus␣ornus,specie=Fraxinus ␣ ornus
species,Fraxinus␣pennsylvanica,specie=Fraxinus ␣ pennsylvanica
species,Fraxinus␣sp.,specie=Fraxinus ␣ sp.
species,Fre,specie=Fre
species,Fro,specie=Fro
species,Frx,specie=Frx
species,Ginkgo biloba,specie=Ginkgo biloba
species,Ginkgo␣biloba,specie=Ginkgo ␣ biloba
species,Gleditsia triacanthos,specie=Gleditsia triacanthos
species,Gleditsia␣triacanthos,specie=Gleditsia ␣ triacanthos
species,hippocastanum,specie=hippocastanum
species,Ilex␣aquifolium,specie=Ilex ␣ aquifolium
species,japonica,specie=japonica
species,Juglans regia,specie=Juglans regia
species,Juglans␣regia,specie=Juglans ␣ regia
species,Koelreuteria␣paniculata,specie=Koelreuteria ␣ paniculata
species,Lagerstroemia␣indica,specie=Lagerstroemia ␣ indica
species,Lagunaria␣patersonia,specie=Lagunaria ␣ patersonia
species,Ligustrum␣lucidum,specie=Ligustrum ␣ lucidum
species,Liquidambar styraciflua,specie=Liquidambar styraciflua
species,Liquidambar␣styraciflua,specie=Liquidambar ␣ styraciflua
species,Liriodendron␣tulipifera,specie=Liriodendron ␣ tulipifera
species,Lophostemon␣confertus,specie=Lophostemon ␣ confertus
species,Luma␣apiculata,specie=Luma ␣ apiculata
species,Magnolia␣grandiflora,specie=Magnolia ␣ grandiflora
species,Malus␣domestica,specie=Malus ␣ domestica
species,Melaleuca␣armillaris,specie=Melaleuca ␣ armillaris
species,Melaleuca␣linariifolia,specie=Melaleuca ␣ linariifolia
species,Melaleuca␣styphelioides,specie=Melaleuca ␣ styphelioides
species,Melia␣azedarach,specie=Melia ␣ azedarach
species,MORUS␣ALBA,specie=MORUS ␣ ALBA
species,n.␣sp.,specie=n. ␣ sp.
species,NECUNOSCUTA,specie=NECUNOSCUTA
species,New␣Tree␣Pit,specie=Nuovo ␣ Albero ␣ Fossa
species,nigra,specie=nigra
species,occidentalis,specie=occidentalis
species,Olea europaea,specie=Olea europaea
species,Olea␣europaea,specie=Olea ␣ europaea
species,Olea␣europea,specie=Olea ␣ europea
species,P.␣Americana,specie=P. ␣ Americana
species,palm,specie=palma
species,Persea␣americana␣Mill.,specie=Persea ␣ americana ␣ Mill.
species,Phoenix␣canariensis,specie=Phoenix ␣ canariensis
species,Phoenix␣dactylifera,specie=Phoenix ␣ dactylifera
species,Phoenix␣dactylifera␣L.,specie=Phoenix ␣ dactylifera ␣ L.
species,Picea␣abies,specie=Picea ␣ abies
species,Picea␣glauca,specie=Picea ␣ glauca
species,Picea␣pungens,specie=Picea ␣ pungens
species,Pinus mugo,specie=Pinus mugo
species,Pinus pinea,specie=Pinus pinea
species,pinus_mugo,specie=pinus_mugo
species,Pinus␣mugo,specie=Pinus ␣ mugo
species,Pinus␣nigra,specie=Pinus ␣ nigra
species,Pinus␣nigra␣nigra,specie=Pinus ␣ nigra ␣ nigra
species,Pinus␣nigra␣var.␣Austriaca,specie=Pinus ␣ nigra ␣ var. ␣Austriaca
species,Pinus␣pinea,
species,Pinus␣radiata,specie=Pinus ␣ pinea
species,PINUS␣SILVESTRIS,specie=Pinus ␣ radiata
species,Pinus␣strobus,specie=PINUS ␣ SILVESTRIS
species,Pinus␣sylvestris,specie=Pinus ␣ strobus
species,Pla,specie=Pinus ␣ sylvestris
species,platanoides,specie=Pla
species,Platanus × hispanica,specie=platanoides
species,Platanus acerifolia,specie=Platanus × hispanica
species,Platanus x acerifolia,specie=Platanus acerifolia
species,Platanus x hispanica,specie=Platanus x acerifolia
species,Platanus␣×␣hispanica,specie=Platanus x hispanica
species,Platanus␣acerifolia,specie=Platanus ␣ × ␣ hispanica
species,Platanus␣acerifolia␣x,specie=Platanus ␣ acerifolia
species,Platanus␣orientalis,specie=Platanus ␣ acerifolia ␣ x
species,Platanus␣x␣acerifolia,specie=Platanus ␣ orientalis
species,PLATANUS␣X␣ACERIFOLIA␣(SIN␣P.␣HYBRIDA),specie=Platanus ␣ x ␣ acerifolia
species,Platanus␣x␣hispanica,specie=PLATANUS ␣ X ␣ ACERIFOLIA ␣ (SIN ␣ P. ␣ HYBRIDA)
species,platyphyllos,specie=Platanus ␣ x ␣ hispanica
species,Poa,specie=platyphyllos
species,Pon,specie=Poa
species,Pon1,specie=Pon
species,Populus nigra,specie=Pon1
species,Populus␣alba,specie=Populus nigra
species,"Populus␣alba␣""Bolleana""",specie=Populus ␣ alba
species,Populus␣nigra,"specie=Populus ␣ alba ␣ ""Bolleana"""
species,Populus␣pyramidalis,specie=Populus ␣ nigra
species,Populus␣sp.,specie=Populus ␣ pyramidalis
species,Populus␣x␣canadensis,specie=Populus ␣ sp.
species,Pr1,specie=Populus ␣ x ␣ canadensis
species,Prunus avium,specie=Pr1
species,Prunus cerasifera,specie=Prunus avium
species,Prunus serrulata,specie=Prunus cerasifera
species,Prunus␣avium,specie=Prunus serrulata
species,Prunus␣cerasifera,specie=Prunus ␣ avium
species,PRUNUS␣CERASIFERA␣'PISSARDII',specie=Prunus ␣ cerasifera
species,"Prunus␣cerasifera␣""Pissardii""",specie=PRUNUS ␣ CERASIFERA ␣ 'PISSARDII'
species,Prunus␣domestica,"specie=Prunus ␣ cerasifera ␣ ""Pissardii"""
species,Prunus␣padus,specie=Prunus ␣ domestica
species,Prunus␣serrulata,specie=Prunus ␣ padus
species,Prunus␣sp,specie=Prunus ␣ serrulata
species,Prunus␣sp.,specie=Prunus ␣ sp
species,Prunus␣virginiana,specie=Prunus ␣ sp.
species,pseudoplatanus,specie=Prunus ␣ virginiana
species,Pseudotsuga␣menziesii,specie=pseudoplatanus
species,Pyrus calleryana,specie=Pseudotsuga ␣ menziesii
species,Pyrus␣calleryana,specie=Pyrus calleryana
species,Pyrus␣calleryana␣'Chanticclere,specie=Pyrus ␣ calleryana
species,Pyrus␣communis,specie=Pyrus ␣ calleryana ␣ 'Chanticclere
species,Quercus ilex,specie=Pyrus ␣ communis
species,Quercus robur,specie=Quercus ilex
species,Quercus rubra,specie=Quercus robur
species,Quercus_suber,specie=Quercus rubra
species,Quercus␣alba,specie=Quercus_suber
species,Quercus␣bicolor,specie=Quercus ␣ alba
species,Quercus␣cerris,specie=Quercus ␣ bicolore
species,Quercus␣ilex,specie=Quercus ␣ cerris
species,Quercus␣macrocarpa,specie=Quercus ␣ ilex
species,Quercus␣palustris,specie=Quercus ␣ macrocarpa
species,Quercus␣robur,specie=Quercus ␣ palustris
species,Quercus␣rubra,specie=Quercus ␣ robur
species,Qur,specie=Quercus ␣ rubra
species,RHUS␣TYPHINA,specie=Qur
species,Robinia pseudoacacia,specie=RHUS ␣ TYPHINA
species,ROBINIA␣PSEUDACACIA,specie=Robinia pseudoacacia
species,Robinia␣pseudoacacia,specie=ROBINIA ␣ PSEUDACACIA
species,"Robinia␣pseudoacacia␣""Bessoniana""",specie=Robinia ␣ pseudoacacia
species,robur,"specie=Robinia ␣ pseudoacacia ␣ ""Bessoniana"""
species,Roystonea␣regia,specie=robur
species,Rp,specie=Roystonea ␣ regia
species,Salix␣alba,specie=Rp
species,SALIX␣BABYLONICA,specie=Salix ␣ alba
species,Schinus␣molle,specie=SALIX ␣ BABYLONICA
species,Soj,specie=Schinus ␣ molle
species,Sophora␣japonica,specie=Soj
species,Sorbus␣aria,specie=Sophora ␣ japonica
species,Sorbus␣aucuparia,specie=Sorbus ␣ aria
species,Sorbus␣domestica,specie=Sorbus ␣ aucuparia
species,Sorbus␣intermedia,specie=Sorbus ␣ domestica
species,sylvatica,specie=Sorbus ␣ intermedia
species,Syringa␣reticulata,specie=sylvatica
species,Taxus␣baccata,specie=Syringa ␣ reticulata
species,Tg1,specie=Taxus ␣ baccata
species,Tgc,specie=Tg1
species,Thuja␣occidentalis,specie=Tgc
species,THUJA␣ORIENTALIS,specie=Thuja ␣ occidentalis
species,Tilia,specie=THUJA ␣ ORIENTALIS
species,Tilia cordata,specie=Tilia
species,Tilia platyphyllos,specie=Tilia cordata
species,Tilia tomentosa,specie=Tilia platyphyllos
species,Tilia x europaea,specie=Tilia tomentosa
species,Tilia␣americana,specie=Tilia x europaea
species,Tilia␣cordata,specie=Tilia ␣ americana
species,Tilia␣euchlora␣x,specie=Tilia ␣ cordata
species,Tilia␣Europaea,specie=Tilia ␣ euchlora ␣ x
species,"Tilia␣europaea␣""Pallida""",specie=Tilia ␣ Europaea
species,Tilia␣platyphyllos,"specie=Tilia ␣ europaea ␣ ""Pallida"""
species,Tilia␣sp,specie=Tilia ␣ platyphyllos
species,Tilia␣sp.,specie=Tilia ␣ sp
species,Tilia␣tomentosa,specie=Tilia ␣ sp.
species,TILIA␣TOMENTOSA␣(SIN.␣T.␣ARGENTEA),specie=Tilia ␣ tomentosa
species,Tilia␣x␣euchlora,specie=TILIA ␣ TOMENTOSA ␣ (SIN. ␣ T. ␣ ARGENTEA)
species,Tilia␣x␣europaea,specie=Tilia ␣ x ␣ euchlora
species,Tilia␣x␣europea,specie=Tilia ␣ x ␣ europaea
species,Tilp,specie=Tilia ␣ x ␣ europea
species,tomentosa,specie=Tilp
species,Trachycarpus␣fortunei,specie=tomentosa
species,Ulmus␣americana,specie=Trachycarpus ␣ fortunei
species,Ulmus␣carpinifolia,specie=Ulmus ␣ americana
species,Ulmus␣glabra,specie=Ulmus ␣ carpinifolia
species,Ulmus␣minor,specie=Ulmus ␣ glabra
species,Ulmus␣parvifolia,specie=Ulmus ␣ minor
species,Ulmus␣pumila,specie=Ulmus ␣ parvifolia
species,Washingtonia␣filifera,specie=Ulmus ␣ pumila
species,Washingtonia␣robusta,specie=Washingtonia ␣ filifera
species,x␣carnea,specie=Washingtonia ␣ robusta
species,x␣europaea,specie=x ␣ carnea
species,x␣hispanica,specie=x ␣ europaea
species,Zelkova␣serrata,specie=x ␣ hispanica
species:de,Ahornblättrige Platane,specie=Zelkova ␣ serrata
species:de,Gemeine Esche,specie:de=Ahornblättrige Platane
species:de,Holländische-Linde,specie:de=Gemeine Esche
species:de,Rosskastanie,specie:de=Holländische-Linde
species:de,Spitz-Ahorn,specie:de=Rosskastanie
species:de,Spitzahorn,specie:de=Spitz-Ahorn
species:de,Stiel-Eiche,specie:de=Spitzahorn
species:de,Winter-Linde,specie:de=Stiel-Eiche
species:en,Honey Locust,specie:de=Winter-Linde
species:en,Norway Maple,specie:it=Gioco di robinia
species:en,Norway␣Maple,specie:en=Acero norvegese
species:en,Red Maple,specie:it=Norvegia ␣ Acero
species:en,Sugar Maple,specie:it=Acero rosso
species:en,Sugar␣Maple,specie:it=Acero da zucchero
species:it,Olivo,specie:it= Acero da zucchero ␣
species:wikidata,Q156907,specie:it=Olivo
species:wikidata,Q156944,specie:wikidata=Q156907
species:wikidata,Q161374,specie:wikidata=Q156944
species:wikidata,Q163760,specie:wikidata=Q161374
species:wikidata,Q26745,specie:wikidata=Q163760
species:wikidata,Q26899,specie:wikidata=Q26745
speisebezirk,*,specie:wikidata=Q26899
sport,10pin,speisebezirk=*
sport,8pin,sport=10pin
sport,9pin,sport=8 pin
sport,aerobics,sport=9pin
sport,aikido,sport=aerobica
sport,american_football,sport=aikido
sport,american_handball,sport=football_americano
sport,archery,sport=pallamano_americana
sport,association_football,sport=tiro con l'arco
sport,athletics,sport=associazione_calcio
sport,australian_football,sport=atletica
sport,badminton,sport=calcio_australiano
sport,balle_pelote,sport=badminton
sport,bandy,sport=balle_pelote
sport,BASE,sport=bandy
sport,baseball,sport=BASE
sport,basketball,sport=baseball
sport,basketball;soccer,sport=pallacanestro
sport,batting_cage,sport=pallacanestro;calcio
sport,beachvolleyball,sport=gabbia_da_battaglia
sport,biathlon,sport=beach volley
sport,billards,sport=biathlon
sport,billiards,sport=biliardo
sport,bmx,sport=biliardo
sport,bobsleigh,sport=bmx
sport,boules,sport=bob
sport,bowling,sport=bocce
sport,bowls,sport=bowling
sport,boxing,sport=bocce
sport,bullfighting,sport=boxe
sport,calisthenics,sport=corrida
sport,canadian_football,sport=calisthenics
sport,candlepin,sport=calcio_canadese
sport,canoe,sport=candeliere
sport,canoe_polo,sport=canoa
sport,chess,sport=canoa_polo
sport,chinlone,sport=scacchi
sport,cliff_diving,sport=chinlone
sport,climbing,sport=tuffi dalla scogliera
sport,climbing_adventure,sport=arrampicata
sport,cockfighting,sport=arrampicata_avventura
sport,cricket,sport=combattimenti di galli
sport,cricket_nets,sport=cricket
sport,croquet,sport=reti_da_cricket
sport,crossfit,sport=croquet
sport,curling,sport=crossfit
sport,cycle_ball,sport=curling
sport,cycle_polo,sport=cycle_ball
sport,cycling,sport=ciclo_polo
sport,dancing,sport=ciclismo
sport,darts,sport=ballo
sport,disc_golf,sport=freccette
sport,diving,sport=disc_golf
sport,dog_agility,sport=immersioni
sport,dog_racing,sport=agility dog
sport,dragon_boat,sport=corse_di_cani
sport,equestrian,sport=barca_drago
sport,exercise,sport=equitazione
sport,fencing,sport=esercizio
sport,field_hockey,sport=scherma
sport,fitness,sport=hockey su prato
sport,five-a-side,sport=fitness
sport,fives,sport=calcio a cinque
sport,floorball,sport=cinque
sport,football,sport=floorball
sport,footballgolf,sport=calcio
sport,four_square,sport=calciogolf
sport,free_flying,sport=quattro_quadrati
sport,funnel_ball,sport=volo_libero
sport,futsal,sport=imbuto_palla
sport,gaelic_football,sport=futsal
sport,gaelic_games,sport=calcio_gaelico
sport,gaga,sport=giochi_gaelici
sport,golf,sport=gaga
sport,gymnastics,sport=golf
sport,handball,sport=ginnastica
sport,hapkido,sport=pallamano
sport,high_rope_course,sport=hapkido
sport,hockey,sport=percorso_di_funivia
sport,horse_racing,sport=hockey
sport,horseshoes,sport=corse_di_cavalli
sport,ice_hockey,sport=ferri di cavallo
sport,ice_skating,sport=hockey su ghiaccio
sport,ice_stock,sport=pattinaggio sul ghiaccio
sport,judo,sport=ice_stock
sport,karate,sport=judo
sport,karting,sport=karate
sport,kickboxing,sport=karting
sport,kitesurfing,sport=kickboxing
sport,korfball,sport=kitesurf
sport,krachtbal,sport=korfball
sport,lacrosse,sport=krachtbal
sport,laser_tag,sport=lacrosse
sport,long_jump,sport=laser_tag
sport,martial_arts,sport=salto_in_lungo
sport,miniature_golf,sport=arti_marziali
sport,model_aerodrome,sport=minigolf
sport,motocross,sport=aerodromo modello
sport,motor,sport=motocross
sport,multi,sport=motore
sport,netball,sport=multi
sport,nine_mens_morris,sport=pallacanestro
sport,obstacle_course,sport=nove_uomini_morris
sport,orienteering,sport=percorso_a_ostacoli
sport,paddle_tennis,sport=orienteering
sport,padel,sport=paddle_tennis
sport,paintball,sport=padel
sport,parachuting,sport=paintball
sport,paragliding,sport=paracadutismo
sport,parkour,sport=parapendio
sport,pedal_car_racing,sport=parkour
sport,pelota,sport=corsa_di_auto_a_pedali
sport,pesäpallo,sport=pelota
sport,petanque,sport=pesäpallo
sport,pickeball,sport=bocce
sport,pickleball,sport=pickeball
sport,pilates,sport=pickleball
sport,pole_dance,sport=pilates
sport,polo,sport=pole_dance
sport,racquet,sport=polo
sport,rc_car,sport=racchetta
sport,roller_hockey,sport=rc_car
sport,roller_skating,sport=hockey su pista
sport,rowing,sport=pattinaggio a rotelle
sport,rugby,sport=canottaggio
sport,rugby_league,sport=rugby
sport,rugby_union,sport=rugby_league
sport,running,sport=rugby_union
sport,safety_training,sport=corsa
sport,sailing,sport=addestramento_alla_sicurezza
sport,scuba_diving,sport=vela
sport,shooting,sport=immersioni subacquee
sport,shooting_range,sport=tiro
sport,shooting/Archived_proposal,sport=poligono di tiro
sport,shot-put,sport=tiro/Archiviato_proposta
sport,shuffleboard,sport=lancio del peso
sport,skateboard,sport=shuffleboard
sport,skating,sport=skateboard
sport,ski_jumping,sport=pattinaggio
sport,skiing,sport=salto_con_gli_sci
sport,snooker,sport=sci
sport,soccer,sport=snooker
sport,soccer;basketball,sport=calcio
sport,softball,sport=calcio;pallacanestro
sport,speedway,sport=softball
sport,squash,sport=speedway
sport,sumo,sport=squash
sport,surfing,sport=sumo
sport,swimming,sport=surf
sport,table_soccer,sport=nuoto
sport,table_tennis,sport=calcio_da_tavolo
sport,taekwondo,sport=tennis_da_tavolo
sport,team_handball,sport=taekwondo
sport,tennis,sport=squadra_pallamano
sport,tetherball,sport=tennis
sport,toboggan,sport=tetherball
sport,touch_football,sport=slittino
sport,trampoline,sport=touch_football
sport,trugo,sport=trampolino
sport,ultimate,sport=trugo
sport,volleyball,sport=definitivo
sport,wakeboarding,sport=pallavolo
sport,water_polo,sport=wakeboard
sport,water_ski,sport=pallanuoto
sport,water_sports,sport=sci_nautico
sport,weightlifting,sport=sport_acquatici
sport,windsurfing,sport=sollevamento pesi
sport,wrestling,sport=windsurf
sport,yoga,sport=wrestling
sport,zurkhaneh_sport,sport=yoga
sports,aikido,sport=zurkhaneh_sport
sports,athletics,sport=aikido
spring:type,hot,sport=atletica
ssr:type,bruk,primavera:tipo=calda
standing,low,ssr:type=bruk
standing,very_low,in piedi=basso
stars,3,in piedi=molto_basso
stars,4,stelle=3
start_date,1800,stelle=4
start_date,2023,data_inizio=1800
start_date,2024,data_inizio=2023
start_date,2025,data_inizio=2024
start_date,1976..1991,data_inizio=2025
start_date,xxxx,data_inizio=1976..1991
state,alternate,data_inizio=xxxx
state,proposed,stato=alternativo
station,funicular,stato=proposto
station,light_rail,stazione=funicolare
station,monorail,stazione=metropolitana leggera
station,subway,stazione=monorotaia
statue,animal,stazione=metropolitana
statue,equestrian,statua=animale
statue,virgin,statua=equestre
status,abandoned,statua=vergine
status,река,stato=abbandonato
step_count,1,status=река
step_count,2,conteggio_passi=1
step_count,3,conteggio_passi=2
step_count,4,conteggio_passi=3
step_count,5,conteggio_passi=4
step_count,6,conteggio_passi=5
step_count,7,conteggio_passi=6
step_count,8,conteggio_passi=7
step_count,9,conteggio_passi=8
step_count,10,conteggio_passi=9
step_count,11,conteggio_passi=10
step_count,12,conteggio_passi=11
step_count,13,conteggio_passi=12
step_count,15,conteggio_passi=13
STIF:zone,5,conteggio_passi=15
stile,stepover,STIF:zona=5
stone_type,khachkar,stile=passo oltre
stop,all,tipo_pietra=khachkar
stop,minor,stop=tutto
stream,intermittent,stop=minore
stream,perennial,flusso=intermittente
street_cabinet,postal_service,flusso=perenne
street_cabinet,power,street_cabinet=servizio_postale
street_cabinet,telecom,street_cabinet=potenza
structure,lattice,street_cabinet=telecom
structure,solid,struttura=reticolo
structure,tubular,struttura=solida
structure_gauge,GC,struttura=tubolare
studio,audio,structure_gauge=GC
studio,radio,studio=audio
studio,television,studio=radio
studio,video,studio=televisione
sub_sea,reef,studio=video
subject,pipeline,sottomarino=barriera corallina
subject,United States,soggetto=pipeline
subject:wikidata,Q30,soggetto=Stati Uniti
substance,CNG,soggetto:wikidata=Q30
substance,fuel,sostanza=CNG
substance,gas,sostanza=carburante
substance,hot_water,sostanza=gas
substance,LNG,sostanza=acqua_calda
substance,oil,sostanza=GNL
substance,rainwater,sostanza=olio
substance,sewage,sostanza=acqua piovana
substance,wastewater,sostanza=liquame
substance,water,sostanza=acque reflue
substance,waterwaste,sostanza=acqua
substation,compensation,sostanza=rifiuti idrici
substation,compression,sottostazione=compensazione
substation,converter,sottostazione=compressione
substation,distribution,sottostazione=convertitore
substation,generation,sottostazione=distribuzione
substation,industrial,sottostazione=generazione
substation,measurement,sottostazione=industriale
substation,minor_distribution,sottostazione=misurazione
substation,traction,sottostazione=distribuzione_minore
substation,transition,sottostazione=trazione
substation,transmission,sottostazione=transizione
supervised,no,sottostazione=trasmissione
support,ground,supervisionato=no
support,ornamental,supporto=terra
support,pedestal,supporto=ornamentale
support,pole,supporto=piedistallo
support,poles,supporto=palo
support,post,supporto=pali
support,power_pole,supporto=post
support,street_furniture:transit_shelter,supporto=polo_di_potenza
support,tree,supporto=arredo_stradale:rifugio_di_transito
support,trunk,supporto=albero
support,wall,supporto=tronco
support,wall_mounted,supporto=muro
support,wire,supporto=montato a parete
surface,acrylic,supporto=filo
surface,artificial_grass,superficie=acrilico
surface,artificial_turf,superficie=erba_artificiale
surface,asphalt,superficie=erba_artificiale
surface,bitmac,superficie=asfalto
surface,brick,superficie=bitmac
surface,bricks,superficie=mattone
surface,carpet,superficie=mattoni
surface,cement,superficie=tappeto
surface,chipseal,superficie=cemento
surface,clay,superficie=chipseal
surface,cobblestone,superficie=argilla
surface,cobblestone:flattened,superficie=ciottolo
surface,compacted,superficie=ciottolo:appiattito
surface,concrete,superficie=compattata
surface,concrete:lanes,superficie=calcestruzzo
surface,concrete:plates,superficie=cemento:corsie
surface,dirt,superficie=calcestruzzo:piastre
surface,dirt/sand,superficie=sporcizia
surface,earth,superficie=sporcizia/sabbia
surface,fine_gravel,superficie=terra
surface,granite,superficie=ghiaia fine
surface,grass,superficie=granito
surface,grass_paver,superficie=erba
surface,gravel,superficie=pavimentazione in erba
surface,ground,superficie=ghiaia
surface,hard,superficie=terreno
surface,ice,superficie=dura
surface,ice_road,superficie=ghiaccio
surface,interlock,superficie=ghiaccio_strada
surface,metal,superficie=interblocco
surface,metal_grid,superficie=metallo
surface,mud,superficie=griglia_metallica
surface,paved,superficie=fango
surface,paving_stones,superficie=pavimentata
surface,paving_stones:20,superficie=pietre_per_pavimentazione
surface,paving_stones:30,superficie=pavimentazione:20
surface,pebblestone,superficie=pavimentazione:30
surface,plastic,superficie=ciottolo
surface,rock,superficie=plastica
surface,rocks,superficie=roccia
surface,rocky,superficie=rocce
surface,roman_paving,superficie=rocciosa
surface,rubber,superficie=pavimentazione_romana
surface,sand,superficie=gomma
surface,sett,superficie=sabbia
surface,snow,superficie=set
surface,soil,superficie=neve
surface,stepping_stones,superficie=suolo
surface,stone,superficie=pietre_miliari
surface,tarmac,superficie=pietra
surface,tarmacadam,superficie=asfalto
surface,tartan,superficie=tarmacadam
surface,trail,superficie=tartan
surface,unhewn_cobblestone,superficie=pista
surface,unpaved,superficie=ciottoli non lavorati
surface,unpaved_minor,superficie=non asfaltata
surface,wood,superficie=non asfaltata_minore
surface,woodchips,superficie=legno
surface:colour,red,superficie=trucioli di legno
surface:grade,3,superficie:colore=rosso
surrey:date,19850801,superficie:grado=3
surveillance,indoor,surrey:data=19850801
surveillance,outdoor,sorveglianza=interna
surveillance,public,sorveglianza=esterno
surveillance,traffic,sorveglianza=pubblico
surveillance:type,ALPR,sorveglianza=traffico
surveillance:type,camera,sorveglianza:tipo=ALPR
surveillance:zone,building,sorveglianza:tipo=telecamera
surveillance:zone,parking,sorveglianza:zona=edificio
surveillance:zone,town,sorveglianza:zona=parcheggio
surveillance:zone,traffic,sorveglianza:zona=città
survey_point:datum_aligned,no,sorveglianza:zona=traffico
survey_point:purpose,both,survey_point:datum_aligned=no
survey_point:purpose,horizontal,survey_point:purpose=entrambi
survey_point:purpose,vertical,survey_point:purpose=horizontal
survey_point:structure,beacon,survey_point:purpose=vertical
survey_point:structure,block,survey_point:structure=beacon
survey_point:structure,bracket,survey_point:structure=block
survey_point:structure,cut,survey_point:structure=bracket
survey_point:structure,indented_pin,survey_point:structure=cut
survey_point:structure,magnet,survey_point:structure=indented_pin
survey_point:structure,medallion,survey_point:structure=magnete
survey_point:structure,pillar,survey_point:structure=medaglione
survey_point:structure,pin,survey_point:structure=pilastro
survey_point:structure,plaque,survey_point:structure=pin
survey_point:structure,pole,survey_point:structure=plaque
survey:date,2013,survey_point:structure=pole
survey:date,2020,sondaggio:data=2013
survey:date,2022,sondaggio:data=2020
survey:date,2023,sondaggio:data=2022
survey:name,PDC PhilAWARE,sondaggio:data=2023
survey:name,PDC␣PhilAWARE,sondaggio:nome=PDC PhilAWARE
swimming_pool,inground,sondaggio:nome=PDC ␣ PhilAWARE
swimming_pool,outdoor,piscina=interrata
swimming_pool,personal,piscina=all'aperto
swing_gate:type,single,piscina=personale
switch,circuit_breaker,swing_gate:type=single
switch,disconnector,interruttore=interruttore_di_circuito
switch,earthing,interruttore=sezionatore
switch,mechanical,interruttore=messa a terra
symbol,Liegende gelbe Raute auf weißem Grund,interruttore=meccanico
tactile_paving,contrasted,simbolo=Liegende gelbe Raute auf weißem Grund
tactile_paving,incorrect,pavimentazione tattile=contrasto
tactile_paving,no,tactile_paving=sbagliato
tactile_paving,partial,pavimentazione tattile=no
takeaway,no,pavimentazione tattile=parziale
takeaway,only,da asporto=no
tank_trap,czech_hedgehog,solo da asporto
taxi_type,motorcycle,tank_trap=riccio_ceco
taxi_vehicle,motorcycle,taxi_type=motocicletta
taxon,Acer platanoides,taxi_vehicle=motocicletta
taxon,Acer␣platanoides,taxon=Acer platanoides
taxon,Aesculus hippocastanum,taxon=Acer ␣ platanoides
taxon,Aesculus␣hippocastanum,taxon=Aesculus hippocastanum
taxon:family,Arecaceae,taxon=Aesculus ␣ hippocastanum
telecom,antenna,taxon:famiglia=Arecaceae
telecom,central_office,telecom=antenna
telecom,connection_point,telecom=ufficio_centrale
telecom,cross-connect,telecom=punto_di_connessione
telecom,data_center,telecom=collegamento incrociato
telecom,data_centre,telecom=data_center
telecom,datacenter,telecom=centro_dati
telecom,distribution_point,telecom=centro dati
telecom,exchange,telecom=punto_di_distribuzione
telecom,outdoor_dslam,telecom=scambio
telecom,pole,telecom=outdoor_dslam
telecom,remote_digital_terminal,telecom=polo
telecom,remote_terminal,telecom=terminale_digitale_remoto
telecom,service_device,telecom=terminale_remoto
telecom,street_cabinet,telecom=dispositivo_di_servizio
telecom:medium,coaxial,telecom=street_cabinet
telecom:medium,copper,telecom:medium=coassiale
telecom:medium,fibre,telecom:medium=rame
telescope:type,optical,telecom:medio=fibra
telescope:type,radio,telescopio:tipo=ottico
teryt:rm,1,telescopio:tipo=radio
teryt:stan_na,2009-01-01,teryt:rm=1
teryt:updated_by,teryt2osm combine.py v. 43,teryt:stan_na=2009-01-01
teryt:updated_by,teryt2osm␣combine.py␣v.␣43,teryt:updated_by=teryt2osm combine.py v. 43
thc:designation,Historical Marker,teryt:updated_by=teryt2osm ␣ combine.py ␣ v. ␣ 43
theatre:genre,philharmonic,thc:designation=Segnale storico
theatre:type,amphi,teatro:genere=filarmonica
theatre:type,concert_hall,teatro:tipo=anfiteatro
theatre:type,open_air,teatro:tipo=sala_concerti
theatre:type,opera_house,teatro:tipo=all'aperto
tidal,mud,teatro:tipo=teatro_dell'opera
tidal,no,marea=fango
tidal,pebbles,marea=no
tiger:cfcc,A11,marea=ciottoli
tiger:CLASSFP,C1,tigre:cfcc=A11
tiger:county,*,tigre:CLASSFP=C1
tiger:county,"Alameda, CA",tigre:contea=*
tiger:CPI,N,"tigre:contea=Alameda, CA"
tiger:FUNCSTAT,A,tigre:CPI=N
tiger:MTFCC,G4110,tigre:FUNCSTAT=A
tiger:mtfcc,S1400,tigre:MTFCC=G4110
tiger:name_base,10th,tigre:mtfcc=S1400
tiger:name_type_2,Rd,tiger:name_base=10th
tiger:PCICBSA,N,tiger:name_type_2=Rd
tiger:PCINECTA,N,tigre:PCICBSA=N
tiger:reviewed,aerial,tigre:PCINECTA=N
tiger:reviewed,no,tigre:recensione=aerea
tiger:reviewed,position,tigre:recensione=no
tiger:separated,no,tiger:reviewed=position
tiger:source,tiger_import_dch_v0.6_20070808,tigre:separato=no
tiger:source,tiger_import_dch_v0.6_20070809,tigre:source=tiger_import_dch_v0.6_20070808
tiger:source,tiger_import_dch_v0.6_20070810,tigre:source=tiger_import_dch_v0.6_20070809
tiger:source,tiger_import_dch_v0.6_20070812,tigre:source=tiger_import_dch_v0.6_20070810
tiger:source,tiger_import_dch_v0.6_20070813,tigre:source=tiger_import_dch_v0.6_20070812
tiger:source,tiger_import_dch_v0.6_20070828,tigre:source=tiger_import_dch_v0.6_20070813
tiger:source,tiger_import_dch_v0.6_20070829,tigre:source=tiger_import_dch_v0.6_20070828
tiger:source,tiger_import_dch_v0.6_20070830,tigre:source=tiger_import_dch_v0.6_20070829
tiger:upload_uuid,bulk_upload.pl-106854db-ba6b-4a06-906c-108de5574a89,tigre:source=tiger_import_dch_v0.6_20070830
tiger:upload_uuid,bulk_upload.pl-a63d01ec-aa34-45c6-95e2-2eb9014697f7,tiger:upload_uuid=bulk_upload.pl-106854db-ba6b-4a06-906c-108de5574a89
tiger:upload_uuid,bulk_upload.pl-b2892a76-a19b-4e01-b00b-ec3685f89fb9,tiger:upload_uuid=bulk_upload.pl-a63d01ec-aa34-45c6-95e2-2eb9014697f7
TMC:cid_58:tabcd_1:Class,Point,tiger:upload_uuid=bulk_upload.pl-b2892a76-a19b-4e01-b00b-ec3685f89fb9
TMC:cid_58:tabcd_1:Direction,both,TMC:cid_58:tabcd_1:Classe=Punto
TMC:cid_58:tabcd_1:LCLversion,9.00,TMC:cid_58:tabcd_1:Direzione=entrambi
TMC:Direction,negative,TMC:cid_58:tabcd_1:LCLversion=9.00
TMC:Direction,positive,TMC:Direzione=negativa
todo,continue,TMC:Direzione=positiva
toilets,no,todo=continua
toilets:access,customers,servizi igienici=no
toilets:access,permissive,servizi igienici:accesso=clienti
toilets:disposal,flush,servizi igienici:accesso=permissivo
toilets:disposal,pitlatrine,servizi igienici: smaltimento = scarico
toilets:handwashing,no,servizi igienici: smaltimento = latrina a fossa
toilets:num_chambers,1,servizi igienici: lavaggio delle mani=no
toilets:position,outside,bagni:num_camere=1
toilets:position,squat,toilette:posizione=esterno
toilets:wheelchair,no,toilette:posizione=accovacciata
toll,no,servizi igienici: sedia a rotelle=no
tomb,cenotaph,pedaggio=no
tomb,columbarium,tomba=cenotafio
tomb,crypt,tomba=colombario
tomb,dolmen,tomba=cripta
tomb,hypogeum,tomba=dolmen
tomb,mausoleum,tomba=ipogeo
tomb,obelisk,tomba=mausoleo
tomb,pillar,tomba=obelisco
tomb,pyramid,tomba=pilastro
tomb,rock-cut,tomba=piramide
tomb,sarcophagus,tomba=scavata nella roccia
tomb,table,tomba=sarcofago
tomb,tumulus,tomba=tavola
tomb,vault,tomba=tumulo
tomb,war_grave,tomba=volta
tourism,accommodation,tomba=tomba_di_guerra
tourism,alpine_hut,turismo=alloggio
tourism,apartment,turismo=rifugio_alpino
tourism,aquarium,turismo=appartamento
tourism,artwork,turismo=acquario
tourism,attraction,turismo=opera d'arte
tourism,bed_and_breakfast,turismo=attrazione
tourism,camp_pitch,turismo=bed_and_breakfast
tourism,camp_site,turismo=piazzola
tourism,caravan_site,turismo=campeggio
tourism,chalet,turismo=area_roulotte
tourism,gallery,turismo=chalet
tourism,guest_house,turismo=galleria
tourism,hostel,turismo=pensione
tourism,hotel,turismo=ostello
tourism,hotel,turismo=hotel
tourism,information,turismo=hotel
tourism,lean_to,turismo=informazione
tourism,motel,turismo=appoggiarsi
tourism,museum,turismo=motel
tourism,picnic_site,turismo=museo
tourism,resort,turismo=area_picnic
tourism,spa_resort,turismo=località turistica
tourism,theme_park,turismo=spa_resort
tourism,tourism-attraction,turismo=parco_a_tema
tourism,trail_riding_rest,turismo=attrazione turistica
tourism,trail_riding_station,turismo=riposo_a_cavallo
tourism,viewpoint,turismo=stazione_di_maneggio
tourism,wilderness_hut,turismo=punto di vista
tourism,wine_cellar,turismo=rifugio_selvaggio
tourism,zoo,turismo=cantina
tourist_bus,no,turismo=zoo
tower:construction,dish,bus_turistico=no
tower:construction,dome,torre:costruzione=piatto
tower:construction,freestanding,torre:costruzione=cupola
tower:construction,guyed_lattice,torre:costruzione=autoportante
tower:construction,guyed_tube,torre:costruzione=traliccio tirantato
tower:construction,lattice,torre:costruzione=tubo_strappato
tower:construction,monopole,torre:costruzione=reticolo
tower:type,*,torre:costruzione=monopolo
tower:type,anchor,torre:tipo=*
tower:type,bell_tower,torre:tipo=ancora
tower:type,branch,torre:tipo=campanile
tower:type,bridge,torre:tipo=ramo
tower:type,communication,torre:tipo=ponte
tower:type,cooling,torre:tipo=comunicazione
tower:type,crossing,torre:tipo=raffreddamento
tower:type,defensive,torre:tipo=incrocio
tower:type,diving,torre:tipo=difensiva
tower:type,donjon,torre:tipo=immersione
tower:type,hose,torre:tipo=donjon
tower:type,intake,torre:tipo=tubo
tower:type,lattice,torre:tipo=presa
tower:type,lighting,torre:tipo=reticolo
tower:type,lightning_protection,torre:tipo=illuminazione
tower:type,minaret,torre:tipo=protezione_da_fulmini
tower:type,monitoring,torre:tipo=minareto
tower:type,monument,torre:tipo=monitoraggio
tower:type,observation,torre:tipo=monumento
tower:type,popinjay,torre:tipo=osservazione
tower:type,radar,torre:tipo=popinjay
tower:type,siren,torre:tipo=radar
tower:type,suspension,torre:tipo=sirena
tower:type,termination,torre:tipo=sospensione
tower:type,transition,torre:tipo=terminazione
tower:type,transposing,torre:tipo=transizione
tower:type,watchtower,torre:tipo=trasposizione
townhall:type,city,torre:tipo=torre di guardia
traces,1,municipio:tipo=città
tracks,1,tracce=1
tracks,2,tracce=1
tracktype,grade1,tracce=2
tracktype,grade2,tipo di traccia=grado1
tracktype,grade3,tipo di traccia=grado2
tracktype,grade4,tipo di traccia=grado3
tracktype,grade5,tipo di traccia=grado4
tracktype,gradex,tipo di traccia=grado 5
trade,agricultural_supplies,tipo di traccia=gradex
trade,building_supplies,commercio=forniture_agricole
trade,timber,commercio=materiali_da_costruzione
trade,wood,commercio=legname
traffic,local,commercio=legno
traffic,national,traffico=locale
traffic,regional,traffico=nazionale
traffic,suburban,traffico=regionale
traffic,urban,traffico=suburbano
traffic_calming,bump,traffico=urbano
traffic_calming,chicane,moderazione del traffico=danno
traffic_calming,choked_island,moderazione del traffico=chicane
traffic_calming,choked_table,moderazione del traffico=isola soffocata
traffic_calming,choker,moderazione del traffico=tavolo soffocato
traffic_calming,cushion,moderazione del traffico=strozzamento
traffic_calming,dip,moderazione del traffico=cuscino
traffic_calming,double_dip,moderazione del traffico=calo
traffic_calming,dynamic_bump,moderazione del traffico=doppio tuffo
traffic_calming,hump,moderazione del traffico=danno dinamico
traffic_calming,island,moderazione del traffico=gobba
traffic_calming,median,isola di calma del traffico
traffic_calming,mini_bumps,moderazione del traffico=mediana
traffic_calming,no,moderazione del traffico=mini_dossi
traffic_calming,painted_island,moderazione del traffico=no
traffic_calming,painted_table,moderazione del traffico=isola dipinta
traffic_calming,rumble_strip,moderazione del traffico=tavolo dipinto
traffic_calming,table,traffico_calmante=banda_rumorosa
traffic_sign,AT:52.1,tabella_di_calma_del_traffico
traffic_sign,city_limit,segnale_traffico=AT:52.1
traffic_sign,speedometer_test,segnale stradale=limite_cittadino
traffic_sign,stop,segnale stradale=test del tachimetro
traffic_sign,US:MD:M1-5,segnale stradale=stop
traffic_sign,US:R1-1,segnale stradale=US:MD:M1-5
traffic_sign,variable_message,segnale stradale=US:R1-1
traffic_sign:backward,DE:325.1,segnale_traffico=messaggio_variabile
traffic_sign:backward,DE:325.2,segnale_traffico:indietro=DE:325.1
traffic_sign:direction,backward,segnale_traffico:indietro=DE:325.2
traffic_sign:direction,forward,segnale_traffico:direzione=indietro
traffic_sign:forward,DE:325.1,segnale_traffico:direzione=avanti
traffic_sign:forward,DE:325.2,segnale_traffico:avanti=DE:325.1
traffic_signals,continuous_green,segnale_traffico:avanti=DE:325.2
traffic_signals,pedestrian_crossing,segnali_traffico=verde_continuo
traffic_signals,signal,segnali_traffico=attraversamento_pedonale
traffic_signals,traffic_lights,traffic_signals=segnale
traffic_signals,tram_priority,segnali_trafficali=semafori
traffic_signals:direction,backward,segnali_traffico=priorità_tram
traffic_signals:direction,both,segnali_traffico:direzione=indietro
traffic_signals:direction,forward,segnali_traffico:direzione=entrambi
traffic_signals:sound,no,segnali_traffico:direzione=avanti
traffic_signals:vibration,no,segnali_traffico:suono=no
trail_visibility,bad,segnali_traffico:vibrazione=no
trail_visibility,excellent,visibilità_del_percorso=cattivo
trail_visibility,good,trail_visibility=eccellente
trail_visibility,horrible,visibilità_del_percorso=buona
trail_visibility,intermediate,trail_visibility=orribile
trail_visibility,no,trail_visibility=intermedio
trailblazed,cairns,visibilità_traccia=no
trailblazed,no,tracciato=ometti
trailblazed,poles,aperto al traffico=no
trailblazed,symbols,tracciati=pali
trailer:type,motorcycle,apripista=simboli
trailhead,*,rimorchio:tipo=motocicletta
train,no,inizio del sentiero=*
training,art,treno=no
training,aviation,formazione=arte
training,computer,addestramento=aviazione
training,driving,formazione=computer
training,language,formazione=guida
training,music,formazione=lingua
training,sport,formazione=musica
transformer,auto,allenamento=sport
transformer,auxiliary,trasformatore=auto
transformer,converter,trasformatore=ausiliario
transformer,distribution,trasformatore=convertitore
transformer,generator,trasformatore=distribuzione
transformer,main,trasformatore=generatore
transformer,phase_angle_regulator,trasformatore=principale
transformer,traction,trasformatore=regolatore_di_angolo_di_fase
tree_form,natural,trasformatore=trazione
trees,almond_trees,tree_form=natural
trees,apple_trees,alberi=mandorli
trees,avocado_trees,alberi=alberi_di_mele
trees,banana_plants,alberi=alberi_di_avocado
trees,blueberry_plants,alberi=piante_di_banano
trees,cacao_trees,alberi=piante_di_mirtillo
trees,cashew_trees,alberi=alberi_di_cacao
trees,cherry_trees,alberi=alberi_anacardi
trees,coconut_palms,alberi=ciliegi
trees,coffea_plants,alberi=palme_da_cocco
trees,date_palms,alberi=piante_di_coffea
trees,durian_trees,alberi=palme da datteri
trees,hazel_plants,alberi=alberi_durian
trees,hop_plants,alberi=piante_di_nocciolo
trees,macadamia_trees,alberi=piante_di_luppolo
trees,mango_trees,alberi=alberi_macadamia
trees,nopal_plants,alberi=alberi_di_mango
trees,oil_palms,alberi=piante_nopal
trees,olive_trees,alberi=palme_da_olio
trees,orange_trees,alberi=ulivi
trees,papaya_trees,alberi=alberi_arancioni
trees,pineapple_plants,alberi=alberi_di_papaya
trees,pitaya_plants,alberi=piante_di_ananas
trees,rubber_trees,alberi=piante_pitaya
trees,tea_plants,alberi=alberi_di_gomma
trees,tequila_agave,alberi=piante_da_tè
trolley_wire,no,alberi=tequila_agave
tumulus,round_tomb,trolley_wire=no
tunnel,avalanche_protector,tumulo=tomba rotonda
tunnel,building_passage,tunnel=protettore_valanghe
tunnel,canal,tunnel=passaggio_edificio
tunnel,covered,tunnel=canal
tunnel,culvert,tunnel=coperto
tunnel,flooded,tunnel=canale sotterraneo
tunnel,no,tunnel=allagato
tunnel,passage,tunnel=no
turn,right,tunnel=passaggio
turn_to_close,anti_clockwise,girare=a destra
turn_to_close,clockwise,turn_to_close=in senso antiorario
turn:lanes,||merge_to_left,turn_to_close=in senso orario
turn:lanes,||right,svolta:corsie=||unione_a_sinistra
turn:lanes,left,svolta:corsie=||destra
turn:lanes,left;through|right,svolta:corsie=sinistra
turn:lanes,left;through|through,svolta:corsie=sinistra;attraverso|destra
turn:lanes,left;through|through;right,svolta:corsie=sinistra;attraverso|attraverso
turn:lanes,left|,svolta:corsie=sinistra;attraverso|attraverso;destra
turn:lanes,left||,svolta:corsie=sinistra|
turn:lanes,left|||,svolta:corsie=sinistra||
turn:lanes,left|||right,svolta:corsie=sinistra|||
turn:lanes,left|left,svolta:corsie=sinistra|||destra
turn:lanes,left|none|none,svolta:corsie=sinistra|sinistra
turn:lanes,left|none|none|none,svolta:corsie=sinistra|nessuna|nessuna
turn:lanes,left|right,svolta:corsie=sinistra|nessuna|nessuna|nessuna
turn:lanes,left|through,svolta:corsie=sinistra|destra
turn:lanes,left|through;right,svolta:corsie=sinistra|attraverso
turn:lanes,left|through|right,svolta:corsie=sinistra|attraverso;destra
turn:lanes,left|through|through,svolta:corsie=sinistra|attraverso|destra
turn:lanes,left|through|through;right,svolta:corsie=sinistra|attraverso|attraverso
turn:lanes,left|through|through|right,svolta:corsie=sinistra|attraverso|attraverso;destra
turn:lanes,none|none|merge_to_left,svolta:corsie=sinistra|attraverso|attraverso|destra
turn:lanes,none|none|right,svolta:corsie=nessuna|nessuna|unione_a_sinistra
turn:lanes,none|none|slight_right,svolta:corsie=nessuna|nessuna|destra
turn:lanes,right,svolta:corsie=nessuna|nessuna|leggermente a destra
turn:lanes,slide_left,svolta:corsie=destra
turn:lanes,slide_right,svolta:corsie=scorri_sinistra
turn:lanes,through,svolta:corsie=scorri_a_destra
turn:lanes,through|right,svolta:corsie=attraverso
turn:lanes,through|through,svolta:corsie=attraverso|destra
turn:lanes,through|through;right,svolta:corsie=attraverso|attraverso
turn:lanes,through|through|right,svolta:corsie=attraverso|attraverso;destra
turn:lanes,through|through|slight_right,svolta:corsie=attraverso|attraverso|destra
turn:lanes:backward,left;through|right,svolta:corsie=attraverso|attraverso|leggermente_a_destra
turn:lanes:backward,left|,svolta:corsie:indietro=sinistra;attraverso|destra
turn:lanes:backward,left||,svolta:corsie:indietro=sinistra|
turn:lanes:backward,left|none,svolta:corsie:indietro=sinistra||
turn:lanes:backward,left|none|none,svolta:corsie:indietro=sinistra|nessuno
turn:lanes:backward,left|right,svolta:corsie:indietro=sinistra|nessuno|nessuno
turn:lanes:backward,left|through,svolta:corsie:indietro=sinistra|destra
turn:lanes:backward,left|through;right,svolta:corsie:indietro=sinistra|attraverso
turn:lanes:backward,through,svolta:corsie:indietro=sinistra|attraverso;destra
turn:lanes:backward,through|right,svolta:corsie:indietro=attraverso
turn:lanes:both_ways,left,svolta:corsie:indietro=attraverso|destra
turn:lanes:forward,left;through|right,svolta:corsie:entrambe_le_direzioni=sinistra
turn:lanes:forward,left|,svolta:corsie:avanti=sinistra;attraverso|destra
turn:lanes:forward,left||,svolta:corsie:avanti=sinistra|
turn:lanes:forward,left|none,svolta:corsie:avanti=sinistra||
turn:lanes:forward,left|none|none,svolta:corsie:avanti=sinistra|nessuno
turn:lanes:forward,left|right,svolta:corsie:avanti=sinistra|nessuno|nessuno
turn:lanes:forward,left|through,svolta:corsie:avanti=sinistra|destra
turn:lanes:forward,left|through;right,svolta:corsie:avanti=sinistra|attraverso
turn:lanes:forward,left|through|right,svolta:corsie:avanti=sinistra|attraverso;destra
turn:lanes:forward,through,svolta:corsie:avanti=sinistra|attraverso|destra
turn:lanes:forward,through;right,svolta:corsie:avanti=attraverso
turn:lanes:forward,through|right,svolta:corsie:avanti=attraverso;destra
turning_circle,circle,svolta:corsie:avanti=attraverso|destra
turning_circle,knuckle,turning_circle=cerchio
type,*,turning_circle=nocca
type,area,tipo=*
type,associated_address,tipo=area
type,associatedStreet,tipo=indirizzo_associato
type,benchmark,tipo=via associata
type,boundary,tipo=benchmark
type,bridge,tipo=confine
type,building,tipo=ponte
type,chronology,tipo=edificio
type,collection,tipo=cronologia
type,commercial,tipo=raccolta
type,connectivity,tipo=commerciale
type,container,tipo=connettività
type,defaults,tipo=contenitore
type,destination_sign,tipo=predefiniti
type,destinationsign,tipo=segnale_di_destinazione
type,dual_carriageway,tipo=segnale di destinazione
type,dugwell,tipo=strada a doppia carreggiata
type,enforcement,tipo=pozzo di trivellazione
type,fixed_point,tipo=applicazione
type,gas,tipo=punto_fisso
type,group,tipo=gas
type,health,tipo=gruppo
type,heat,tipo=salute
type,junction,tipo=calore
type,land_area,tipo=giunzione
type,lane_restriction,tipo=area_terrestre
type,leading_light,tipo=restrizione_corsia
type,leading_line,tipo=leader_light
type,maneuver,tipo=linea_principale
type,maneuvre,tipo=manovra
type,manoeuvre,tipo=manovra
type,multilinestring,tipo=manovra
type,multipolygon,tipo=stringa multipla
type,network,tipo=multipoligono
type,node,tipo=rete
type,normal,tipo=nodo
type,observation_spot,tipo=normale
type,oil,tipo=punto_di_osservazione
type,palm,tipo=olio
type,person,tipo=palma
type,physical,tipo=persona
type,power,tipo=fisico
type,provides_feature,tipo=potenza
type,Public,tipo=fornisce_caratteristiche
type,public_transport,tipo=Pubblico
type,residential,tipo=trasporto_pubblico
type,restriction,tipo=residenziale
type,route,tipo=restrizione
type,route_master,tipo=percorso
type,site,tipo=route_master
type,stop,tipo=sito
type,street,tipo=stop
type,superroute,tipo=strada
type,telecom,tipo=superitinerario
type,TMC,tipo=telecom
type,tmc:point,tipo=TMC
type,traffic_signals_set,tipo=tmc:punto
type,transit,tipo=set_segnali_traffico
type,triangulation,tipo=transito
type,tunnel,tipo=triangolazione
type,turnlanes:lengths,tipo=tunnel
type,turnlanes:turns,tipo=corsie di svolta:lunghezze
type,Village,tipo=curve:curve
type,water,tipo=Villaggio
type,watershed,tipo=acqua
type,waterway,tipo=bacino idrografico
url,https://wiki.openstreetmap.org/Import_Borno_eHealth_Africa_Smaller_Settlements,tipo=via d'acqua
usage,branch,url=https://wiki.openstreetmap.org/Import_Borno_eHealth_Africa_Smaller_Settlements
usage,distribution,utilizzo=ramo
usage,facility,utilizzo=distribuzione
usage,flare_header,utilizzo=struttura
usage,flowline,utilizzo=flare_header
usage,freight,utilizzo=linea di flusso
usage,gathering,utilizzo=trasporto merci
usage,headrace,utilizzo=raccolta
usage,industrial,utilizzo=headrace
usage,injection,utilizzo=industriale
usage,irrigation,utilizzo=iniezione
usage,main,utilizzo=irrigazione
usage,military,utilizzo=principale
usage,penstock,utilizzo=militare
usage,spillway,utilizzo=condotta forzata
usage,tailrace,utilizzo=sfioratore
usage,test,utilizzo=coda di coda
usage,tourism,utilizzo=test
usage,transmission,utilizzo=turismo
usage,transportation,utilizzo=trasmissione
usar_addr:edit_date,090511_BC,utilizzo=trasporto
usar_addr:edit_date,100208_BC,usar_addr:edit_date=090511_BC
usar_addr:edit_date,100806_BC,usar_addr:edit_date=100208_BC
utility,chemical,usar_addr:edit_date=100806_BC
utility,gas,utilità=chimica
utility,heating,utilità=gas
utility,hydrant,utilità=riscaldamento
utility,loudspeaker,utilità=idrante
utility,oil,utilità=altoparlante
utility,power,utilità=petrolio
utility,sewerage,utilità=potenza
utility,street_lighting,utilità=fognatura
utility,telecom,utilità=illuminazione_stradale
utility,telecom;power,utilità=telecomunicazioni
utility,television,utilità=telecom;energia
utility,waste,utilità=televisione
utility,water,utilità=spreco
vaccination,covid19,utilità=acqua
valley,balka,vaccinazione=covid19
valve,ball,valle=balka
valve,butterfly,valvola=palla
valve,check,valvola=farfalla
valve,gate,valvola=controllo
valve,globe,valvola=saracinesca
valve,hollow_jet,valvola=globo
valve,needle,valvola=getto cavo
valve,plug,valvola=ago
valve,spool,valvola=tappo
vehicle,agricultural,valvola=spola
vehicle,customers,veicolo=agricolo
vehicle,destination,veicolo=clienti
vehicle,forestry,veicolo=destinazione
vehicle,no,veicolo=forestale
vehicle,permit,veicolo=no
vehicle,private,veicolo=permesso
vending,*,veicolo=privato
vending,admission_tickets,vendita=*
vending,animal_feed,vendita=biglietti_d'ingresso
vending,art,vending=mangime_per_animali
vending,bicycle_tube,vendita=arte
vending,books,vending=bicycle_tube
vending,bottle_return,vendita=libri
vending,bread,vendita=restituzione_bottiglia
vending,bycicle_tube,vendita = pane
vending,candles,vending=bycicle_tube
vending,chemist,vendita = candele
vending,chewing_gums,distributore automatico = farmacista
vending,cigarettes,vending=gomme_da_masticare
vending,coffee,vending=sigarette
vending,coin_change_machine,vending=caffè
vending,coin_rolls,vending=cambiamonete
vending,condoms,vending=coin_rolls
vending,contact_lenses,vendita = preservativi
vending,drinks,vending=lenti_a_contatto
vending,e-cigarettes,vending=bevande
vending,eggs,vending=sigarette elettroniche
vending,electronics,vendita = uova
vending,elongated_coin,vending=elettronica
vending,excrement_bags,vending=elongated_coin
vending,feminine_hygiene,vending=sacchetti_per_escrementi
vending,first_aid,vending=igiene_femminile
vending,fishing_bait,vending=primo_soccorso
vending,fishing_tackle,vendita=esca_da_pesca
vending,flower_seeds,vendita=attrezzatura da pesca
vending,flowers,vendita=semi_di_fiori
vending,food,vendita=fiori
vending,fuel,vendita = cibo
vending,gas_bottles,vendita = carburante
vending,ice_cream,vending=bombole_di_gas
vending,ice_cubes,vending=gelato
vending,ink_cartridges,vending=cubetti_di_ghiaccio
vending,laundry_detergent,vending=cartucce_d'inchiostro
vending,milk,vending=detersivo_per_bucato
vending,movies,vending=latte
vending,news_papers,vendita=film
vending,newspapers,vending=giornali
vending,parcel_mail_in,vending=giornali
vending,parcel_pickup,vendita=pacchi_postali
vending,parcel_pickup;parcel_mail_in,vendita=ritiro pacchi
vending,parking_tickets,vendita=ritiro_pacchi;spedizione_pacchi
vending,pet_food,vendita=biglietti_di_parcheggio
vending,photo,vending=cibo_per_animali
vending,photos,vendita=foto
vending,pizza,vendita=foto
vending,public_transport_plans,vendita = pizza
vending,public_transport_tickets,vending=piani_di_trasporto_pubblico
vending,raw_milk,vendita=biglietti_per_i_trasporti_pubblici
vending,sex_toys,vending=latte_crudo
vending,SIM_cards,vendita=sex_toys
vending,SIM-cards,vending=SIM_cards
vending,stamps,vending=carte SIM
vending,sweets,vendita=francobolli
vending,syringes,vendita = dolciumi
vending,telephone_vouchers,vendita = siringhe
vending,toll,vending=buoni_telefonici
vending,toys,vendita = pedaggio
vending,umbrellas,vendita = giocattoli
vending,water,vending=ombrelli
vending_machine,*,vendita = acqua
vending_machine,fuel,distributore automatico=*
visibility,area,vending_machine=carburante
visibility,street,visibilità=area
voltage,230,visibilità=strada
voltage,*,tensione=230
voltage,10000;400,tensione=*
voltage,15000;400,tensione=10000;400
voltage,20000;400,tensione=15000;400
voltage:primary,11000,tensione=20000;400
voltage:primary,15000,tensione:primaria=11000
voltage:primary,20000,tensione:primaria=15000
voltage:primary,22000,tensione:primaria=20000
voltage:secondary,400,tensione:primaria=22000
wall,brick,tensione:secondaria=400
wall,castle_wall,muro=mattoni
wall,concrete,muro=muro_del_castello
wall,concrete_block,muro=cemento
wall,dry_stone,muro=blocco_di_cemento
wall,flint,muro=pietra_secca
wall,flood_wall,muro=selce
wall,gabion:value,muro=muro_di_allagamento
wall,jersey_barrier,muro=gabbione:valore
wall,no,muro=barriera_jersey
wall,noise_barrier,muro=no
wall,pise,muro=barriera_antirumore
wall,pise:value,muro=pisa
wall,seawall,muro=pise:valore
wall,stone,muro=diga
wall,stone_wall,muro=pietra
wall,tire_barrier,muro=muro_di_pietra
wall,training_wall,muro=barriera_pneumatica
wall:material,concrete,muro=muro_di_allenamento
waste,ash,muro:materiale=cemento
waste,cigarettes,rifiuti=cenere
waste,dog_excrement,rifiuti=sigarette
waste,drugs,rifiuti=escrementi di cane
waste,mixed,rifiuti=farmaci
waste,oil,rifiuti=misti
waste,organic,rifiuti=olio
waste,pizza_box,rifiuti=organici
waste,rubble,spreco=scatola_di_pizza
waste,sharps,rifiuti = macerie
waste,trash,spreco=oggetti taglienti
water,basin,rifiuti=spazzatura
water,canal,acqua=bacino
water,ditch,acqua=canale
water,dock,acqua=fosso
water,drain,acqua=molo
water,fish_pass,acqua=scarico
water,fishpond,acqua=passaggio_pesce
water,harbour,acqua=stagno dei pesci
water,intermittent,acqua=porto
water,kolk,acqua=intermittente
water,lagoon,acqua=kolk
water,lake,acqua=laguna
water,lock,acqua=lago
water,mere,acqua=serratura
water,moat,acqua=semplice
water,oxbow,acqua=fossato
water,pond,acqua=ansa
water,rapids,acqua=stagno
water,reflecting_pool,acqua=rapide
water,reservoir,acqua=piscina_riflettente
water,river,acqua=serbatoio
water,salt_pool,acqua=fiume
water,shallow,acqua=piscina_salata
water,stream,acqua=poco profonda
water,stream_pool,acqua=ruscello
water,swale,acqua=ruscello_piscina
water,tidal,acqua=swale
water,wastewater,acqua=marea
water_source,irrigated,acqua=acque reflue
water_source,main,fonte d'acqua=irrigata
water_source,river,fonte_d'acqua=principale
water_source,seasonal,fonte d'acqua=fiume
waterway,*,fonte_d'acqua=stagionale
waterway,artificial,corso d'acqua=*
waterway,boat_lift,corso d'acqua=artificiale
waterway,boatyard,via d'acqua=ascensore per barche
waterway,brook,corso d'acqua=cantiere navale
waterway,canal,corso d'acqua=ruscello
waterway,check_dam,via d'acqua=canale
waterway,construction,corso d'acqua=diga di controllo
waterway,dam,corso d'acqua=costruzione
waterway,deep_well,corso d'acqua=diga
waterway,derelict_canal,corso d'acqua=pozzo_profondo
waterway,ditch,corso d'acqua=canale abbandonato
waterway,dock,corso d'acqua=fosso
waterway,drain,via d'acqua=molo
waterway,dredged_area,corso d'acqua=scarico
waterway,drystream,corso d'acqua=area_dragata
waterway,estuary,corso d'acqua=corso d'acqua asciutto
waterway,fairway,corso d'acqua=estuario
waterway,fish_pass,via d'acqua=fairway
waterway,floating_barrier,corso d'acqua=passaggio per pesci
waterway,flowline,via d'acqua=barriera_galleggiante
waterway,fuel,corso d'acqua=linea di flusso
waterway,lock_gate,via d'acqua=carburante
waterway,milestone,corso d'acqua=chiusa
waterway,mooring,corso d'acqua=pietra miliare
waterway,offshore_field,via d'acqua=ormeggio
waterway,portage,corso d'acqua=campo_offshore
waterway,pressurised,via d'acqua=trasporto
waterway,rapids,via d'acqua=pressurizzata
waterway,river,corso d'acqua=rapide
waterway,riverbank,corso d'acqua=fiume
waterway,riverbed,corso d'acqua=riva del fiume
waterway,sanitary_dump_station,corso d'acqua=alveo del fiume
waterway,seaway,corso d'acqua=stazione_di_scarico_sanitario
waterway,security_lock,via d'acqua = via di mare
waterway,sluice_gate,via d'acqua=chiusa_di_sicurezza
waterway,soakhole,canale navigabile=chiusa
waterway,spillway,corso d'acqua=pozzanghera
waterway,stream,canale d'acqua=sfioratore
waterway,stream_end,corso d'acqua=ruscello
waterway,stream/Archive,corso d'acqua=fine_del_flusso
waterway,swept_area,corso d'acqua=ruscello/Archivio
waterway,tidal_channel,corso d'acqua=area_spazzata
waterway,turning_point,corso d'acqua=canale_di_marea
waterway,wadi,via d'acqua=punto di svolta
waterway,water_point,corso d'acqua=wadi
waterway,waterfall,corso d'acqua=punto_d'acqua
waterway,weir,corso d'acqua=cascata
waterway:type,KANAL_SEKUNDER,corso d'acqua=diga
waterway:type,KANAL_TERSIER,via d'acqua:tipo=KANAL_SEKUNDER
waterway:type,observed,via d'acqua:tipo=KANAL_TERSIER
wetland,bog,corso d'acqua:tipo=osservato
wetland,dambo,zona umida=palude
wetland,fen,zona umida=dambo
wetland,mangrove,zona umida = palude
wetland,marsh,zona umida=mangrovia
wetland,mud,zona umida=palude
wetland,reedbed,zona umida=fango
wetland,saltern,zona umida=canneto
wetland,saltmarsh,zona umida=salina
wetland,string_bog,zona umida=palude salata
wetland,swamp,zona umida=stringa_palude
wetland,tidalflat,zona umida=palude
wetland,wet_meadow,zona umida=pianura tidale
wheelchair,designated,zona umida=prato_umido
wheelchair,limited,sedia a rotelle=designata
wheelchair,no,sedia a rotelle=limitata
wheelchair,unknown,sedia a rotelle=no
wheelchair,yes/no,sedia a rotelle=sconosciuto
whitewater,egress,sedia a rotelle=sì/no
whitewater,hazard,acque bianche=uscita
whitewater,put_in,acque bianche=pericolo
whitewater,put_in;egress,acque bianche=mettere_in
wholesale,alcohol,acque bianche=entrata;uscita
wholesale,beverages,all'ingrosso=alcol
wholesale,building_services,all'ingrosso=bevande
wholesale,butcher,servizi all'ingrosso=edilizia
wholesale,car_parts,all'ingrosso=macellaio
wholesale,clothes,wholesale=car_parts
wholesale,cosmetics,all'ingrosso=vestiti
wholesale,drinks,all'ingrosso=cosmetici
wholesale,electrical,all'ingrosso=bevande
wholesale,electro,all'ingrosso=elettrico
wholesale,electronics,all'ingrosso=elettro
wholesale,florist,all'ingrosso=elettronica
wholesale,food,all'ingrosso=fiorista
wholesale,foods,all'ingrosso=cibo
wholesale,fruits,all'ingrosso=cibi
wholesale,general,all'ingrosso=frutta
wholesale,greengrocer,all'ingrosso=generale
wholesale,hairdresser,all'ingrosso=fruttivendolo
wholesale,hardware,all'ingrosso=parrucchiere
wholesale,hvac,all'ingrosso=hardware
wholesale,jewelry,all'ingrosso=hvac
wholesale,meat,all'ingrosso=gioielli
wholesale,no,all'ingrosso=carne
wholesale,only,all'ingrosso=no
wholesale,packaging,all'ingrosso=solo
wholesale,paint,all'ingrosso=imballaggio
wholesale,paper,all'ingrosso=vernice
wholesale,pharmacy,all'ingrosso=carta
wholesale,sanitary,all'ingrosso=farmacia
wholesale,Seafood,all'ingrosso=sanitario
wholesale,seafood,all'ingrosso=frutti di mare
wholesale,stationery,all'ingrosso=frutti di mare
wholesale,steel,ingrosso=cancelleria
wholesale,supermarket,all'ingrosso=acciaio
wholesale,tools,all'ingrosso=supermercato
wholesale,vegetables,all'ingrosso=strumenti
wholesale,wood,all'ingrosso=verdure
width,1,all'ingrosso=legno
width,*,larghezza=1
width,0.2,larghezza=*
wiki:symbol,Symbol_SWV_Örtlicher_Weg.svg,"larghezza=0,2"
wikidata,*,wiki:symbol=Symbol_SWV_Örtlicher_Weg.svg
winter_service,no,dati wiki=*
wires,double,servizio invernale=no
wires,eightfold,fili=doppio
wires,fivefold,fili=ottuplice
wires,quad,fili=quintuplo
wires,single,fili=quad
wires,sixfold,fili=singoli
wires,triple,fili=sestuplicati
wood,*,fili=tripli
wood,casuarina,legno=*
wood,coniferous,legno=casuarina
wood,deciduous,legno=conifero
wood,eucalypt,legno=deciduo
wood,evergreen,legno=eucalipto
wood,filao,legno=sempreverde
wood,mixed,legno=filao
wood,nipa_palm,legno=misto
wood,palm,legno=palma_nipa
wood:age,young,legno=palma
wood:density,sparse,legno:età=giovane
woodland,virgin,legno:densità=rada
workrules,DE:EBO,bosco=vergine
workrules,PL:Ir-1,regole di lavoro=DE:EBO
worship,stations_of_the_cross,regole di lavoro=PL:Ir-1
yh:STRUCTURE,地上,culto=stazioni_della_crucis
yh:STRUCTURE,橋,yh:STRUTTURA=地上
yh:STRUCTURE,通常水涯線,yh:STRUCTURE=橋
yh:TOTYUMONO,供用中,yh:STRUTTURA=通常水涯線
yh:TYPE,その他一般道,yh:TOTYUMONO=供用中
yh:TYPE,一般都道府県道,yh:TYPE=その他一般道
yh:TYPE,構内道路,yh:TYPE=一般都道府県道
yh:TYPE,海岸線,yh:TYPE=構内道路
yh:WIDTH,1.5m〜3.0m,yh:TIPO=海岸線
yh:WIDTH,1.5m未満,"yh:LARGHEZZA=1,5m〜3,0m"
yh:WIDTH,3.0m〜5.5m,"yh:LARGHEZZA=1,5 m未満"
yh:WIDTH,5.5m〜13.0m,"yh:LARGHEZZA=3,0 m〜5,5 m"
yh:WIDTH_RANK,2,"yh:LARGHEZZA=5,5m〜13,0m"
yh:WIDTH_RANK,3,yh:LARGHEZZA_RANK=2
yh:WIDTH_RANK,4,yh:LARGHEZZA_RANK=3
yh:WIDTH_RANK,5,yh:LARGHEZZA_RANK=4
zone:maxspeed,DE:30,yh:LARGHEZZA_RANK=5
zone:maxspeed,FR:30,zona:velocità massima=DE:30
zone:maxspeed,NL:30,zona:velocità massima=FR:30
zone:maxspeed,NL:60,zona:velocità massima=NL:30
zone:traffic,BE-BRU:urban,zona:velocità massima=NL:60
zone:traffic,BE-VLG:rural,zona:traffico=BE-BRU:urbano
zone:traffic,BE-VLG:urban,zona:traffico=BE-VLG:rurale
zone:traffic,BE-WAL:rural,zona:traffico=BE-VLG:urbano
zone:traffic,BE-WAL:urban,zona:traffico=BE-WAL:rurale
zone:traffic,DE:motorway,zona:traffico=BE-WAL:urbano
zone:traffic,DE:rural,zona:traffico=DE:autostrada
zone:traffic,DE:urban,zona:traffico=DE:rurale
zone:traffic,DE:zone30,zona:traffico=DE:urbano
zone:traffic,NL:rural,zona:traffico=DE:zona30
zone:traffic,NL:urban,zona:traffico=NL:rurale
zoning,grass,zona:traffico=NL:urbano
zoo,aviary,zonizzazione=erba
zoo,birds,zoo=voliera
zoo,butterfly,zoo=uccelli
zoo,enclosure,zoo=farfalla
zoo,falconry,zoo=recinto
zoo,petting_zoo,zoo=falconeria
zoo,reptile,zoo=zoo di animali domestici
zoo,safari_park,zoo=rettile
zoo,wildlife_park,zoo=parco_safari
,,zoo=parco_faunistico
