key,value,definition
lamp:tilt,-90,key:ca	=	*
light:tilt,-90,llum: inclinació	=	*
elevation,-3,llum: inclinació	=	*
layer,-3,
level,-3,
layer,-2,
level,-2,
class:bicycle,-1,
cycleway:left:oneway,-1,
layer,-1,capa	=	*
level,-1,
oneway,-1,d'una sola mà	=	*
osmarender:nameDirection,-1,osmarender:nomDirecció	=	*
addr:floor,0,
addr:housenumber,0,
building:flats,0,elevació	=	*
building:levels,0,
building:levels:underground,0,edifici:pisos	=	*
building:min_level,0,edifici:nivells:subterrani	=	*
capacity:disabled,0,edifici:min_level	=	*
depth,0,capacitat: deshabilitat	=	*
direction,0,profunditat	=	*
ele,0,
frequency,0,direcció	=	*
gtfs_location_type,0,freqüència	=	*
height,0,
isced:level,0,gtfs_ubicació_tipus	=	*
it:fvg:ctrn:revision,0,
layer,0,capa	=	*
level,0,
level:ref,0,
massgis:DCAM_ID,0,
massgis:EOEAINVOLV,0,
massgis:FY_FUNDING,0,
massgis:OS_DEED_BO,0,
massgis:OS_DEED_PA,0,
massgis:PALIS_ID,0,
metcouncil:sun_trips,0,isced:nivell	=	*
mtb:scale,0,
mtb:scale:imba,0,
mtb:scale:uphill,0,
order,0,metcouncil:sun_trips	=	*
population,0,ordenar	=	*
rednap:grupo,0,població	=	*
roof:levels,0,rednap:grup	=	*
KSJ2:DFC,1,
KSJ2:PRC,1,
addr:block_number,1,sostre:nivells	=	*
addr:conscriptionnumber,1,
addr:neighbourhood,1,
addr:streetnumber,1,
addr:unit,1,
admin_level,1,nivell d'administrador	=	*
building:foundation_height,1,edifici:pisos	=	*
building:levels,1,
building:levels:underground,1,edifici:base_alçada	=	*
building:min_level,1,edifici:nivells:subterrani	=	*
building:ruian:type,1,edifici:min_level	=	*
building:units,1,edifici:ruian:tipus	=	*
cables,1,edifici:unitats	=	*
capacity,1,caps	=	*
capacity:disabled,1,capacitat	=	*
circuits,1,capacitat: deshabilitat	=	*
class:bicycle,1,
class:bicycle:mtb,1,circuits	=	*
couplings,1,classe:bicicleta:mtb	=	*
devices,1,
diameter_crown,1,
door:wings,1,
heritage,1,patrimoni	=	*
highway:category:pl,1,acoblaments	=	*
hoops,1,
isced:level,1,carretera:categoria:pl	=	*
lamp:count,1,flames_de_lampada	=	*
lamp_flames,1,isced:nivell	=	*
lanes,1,llum: compte	=	*
lanes:backward,1,carrils	=	*
lanes:both_ways,1,carrils: al revés	=	*
lanes:bus,1,
lanes:forward,1,carrils:tots dos_senders	=	*
lanes:psv,1,carrils: endavant	=	*
layer,1,capa	=	*
level,1,
level:ref,1,carrils: psv	=	*
levels,1,nivell: referència	=	*
light:count,1,llum: compte	=	*
local_ref,1,
maxspeed,1,màxima velocitat	=	*
mtb:scale,1,
mtb:scale:imba,1,
mtb:scale:uphill,1,
name,1,
oneway,1,d'una sola mà	=	*
osmarender:nameDirection,1,osmarender:nomDirecció	=	*
passenger_lines,1,llum: compte	=	*
phases,1,
public_transport:version,1,línies_de_passatgers	=	*
railway:etcs,1,transport_públic:versió	=	*
railway:track_ref,1,ferrocarril:etc.	=	*
ref,1,
ref:drain_zone,1,ferrocarril: track_ref	=	*
roof:height,1,ref:drenatge_zona	=	*
roof:levels,1,sostre: alçada	=	*
seats,1,
sides,1,sostre:nivells	=	*
socket:chademo,1,
socket:type2,1,
socket:type2_combo,1,
step_count,1,
teryt:rm,1,costats	=	*
toilets:num_chambers,1,teryt:rm	=	*
traces,1,lavabos:num_chambers	=	*
tracks,1,empremtes	=	*
width,1,
NHD:RESOLUTION,2,local_ref	=	*
addr:block_number,2,
admin_level,2,
building:levels:underground,2,edifici:pisos	=	*
building:min_level,2,edifici:nivells:subterrani	=	*
cables,2,
capacity:disabled,2,edifici:ruian:tipus	=	*
circuits,2,capacitat: deshabilitat	=	*
class:bicycle,2,
construction:railway:etcs,2,circuits	=	*
couplings,2,construcció:ferrocarril:etc.	=	*
diameter_crown,2,
heritage,2,acoblaments	=	*
highway:category:pl,2,herència	=	*
hoops,2,carretera:categoria:pl	=	*
isced:level,2,cèrcols	=	*
lanes,2,isced:nivell	=	*
lanes:backward,2,carrils	=	*
lanes:forward,2,carrils: al revés	=	*
layer,2,
level,2,
level:ref,2,carrils: endavant	=	*
light:count,2,nivell: referència	=	*
local_ref,2,llum: compte	=	*
maxheight,2,
mtb:scale,2,
mtb:scale:imba,2,
mtb:scale:uphill,2,
passenger_lines,2,NHD:RESOLUCIÓ	=	*
protect_class,2,classe de protecció	=	*
public_transport:version,2,línies_de_passatgers	=	*
railway:ctcs,2,
railway:etcs,2,transport_públic:versió	=	*
railway:track_ref,2,ferrocarril:etc.	=	*
roof:height,2,ferrocarril: track_ref	=	*
roof:levels,2,sostre: alçada	=	*
seats,2,sostre:nivells	=	*
sides,2,seients	=	*
socket:type2,2,costats	=	*
step_count,2,endoll: tipus 2	=	*
tracks,2,
yh:WIDTH_RANK,2,
addr:block_number,3,
building:levels:underground,3,
cables,3,edifici:ruian:tipus	=	*
capacity:disabled,3,
couplings,3,caps	=	*
diameter_crown,3,
expected_lwn_route_relations,3,
expected_rcn_route_relations,3,
expected_rwn_route_relations,3,acoblaments	=	*
heritage,3,relacions_de_ruta_rwn_esperades	=	*
highway:category:pl,3,herència	=	*
isced:level,3,isced:nivell	=	*
lanes,3,carretera:categoria:pl	=	*
lanes:backward,3,carrils	=	*
lanes:forward,3,carrils: al revés	=	*
layer,3,
level,3,
massgis:POLY_CODE,3,
min_age,3,
min_height,3,
mtb:scale,3,
mtb:scale:imba,3,
mtb:scale:uphill,3,
par,3,carrils: endavant	=	*
passenger_lines,3,línies_de_passatgers	=	*
phases,3,línies_de_passatgers	=	*
protect_class,3,classe de protecció	=	*
railway:ctcs,3,
railway:track_class,3,
railway:track_ref,3,
roof:height,3,etapes	=	*
seats,3,sostre: alçada	=	*
stars,3,seients	=	*
step_count,3,estrelles	=	*
surface:grade,3,comptador_de_passos	=	*
yh:WIDTH_RANK,3,
cables,4,
capital,4,capital	=	*
diameter_crown,4,
fire_hydrant:pressure,4,edifici:pisos	=	*
generator:solar:modules,4,
heritage,4,hidrant_d'incendi:pressió	=	*
isced:level,4,isced:nivell	=	*
lamp_flames,4,herència	=	*
lanes,4,flames_de_lampada	=	*
lanes:backward,4,carrils	=	*
lanes:forward,4,carrils: al revés	=	*
level,4,
maxheight,4,
mtb:scale,4,
mtb:scale:uphill,4,carrils: endavant	=	*
par,4,mtb:escala:costa amunt	=	*
passenger_lines,4,línies_de_passatgers	=	*
protect_class,4,línies_de_passatgers	=	*
railway:track_class,4,
railway:track_ref,4,
roof:height,4,protegir_classe	=	*
seats,4,sostre: alçada	=	*
stars,4,seients	=	*
step_count,4,estrelles	=	*
yh:WIDTH_RANK,4,
STIF:zone,5,comptador_de_passos	=	*
capital,5,capital	=	*
diameter_crown,5,
fire_hydrant:pressure,5,edifici:ruian:tipus	=	*
heritage,5,patrimoni	=	*
isced:level,5,isced:nivell	=	*
lanes,5,hidrant_d'incendi:pressió	=	*
level,5,
maxheight,5,
maxweight,5,
mtb:scale:uphill,5,
par,5,carrils	=	*
protect_class,5,classe de protecció	=	*
railway:track_class,5,
roof:height,5,sostre: alçada	=	*
seats,5,sostre: alçada	=	*
step_count,5,seients	=	*
yh:WIDTH_RANK,5,
cables,6,edifici:ruian:tipus	=	*
capital,6,capital	=	*
diameter_crown,6,
generator:solar:modules,6,caps	=	*
heritage,6,patrimoni	=	*
isced:level,6,isced:nivell	=	*
lanes,6,generador:solar:modules	=	*
maxweight,6,
protect_class,6,classe de protecció	=	*
seats,6,carrils	=	*
source:geometry:version,6,seients	=	*
step_count,6,font:geometria:versió	=	*
diameter_crown,7,
heritage,7,patrimoni	=	*
lanes,7,edifici:ruian:tipus	=	*
step_count,7,carrils	=	*
capital,8,edifici:ruian:tipus	=	*
diameter_crown,8,
generator:solar:modules,8,capital	=	*
heritage,8,generador:solar:modules	=	*
metre_load,8,
step_count,8,herència	=	*
addr:conscriptionnumber,9,comptador_de_passos	=	*
addr:streetnumber,9,adreça: número de conscripció	=	*
diameter_crown,9,
heritage,9,patrimoni	=	*
step_count,9,
accuracy,10,nivell_administrador	=	*
accuracy:meters,10,precisió	=	*
addr:streetnumber,10,
diameter_crown,10,
generator:solar:modules,10,nivell_administrador	=	*
heritage,10,patrimoni	=	*
maxaxleload,10,generador:solar:modules	=	*
maxweight,10,
step_count,10,maxaxleload	=	*
diameter_crown,11,
max_age,11,
protect_class,11,classe de protecció	=	*
source:zoomlevel,11,nivell_administrador	=	*
step_count,11,
diameter_crown,12,
generator:solar:modules,12,edifici:ruian:tipus	=	*
maxweight,12,
source:zoomlevel,12,
step_count,12,
diameter_crown,13,
protect_class,13,classe de protecció	=	*
source:zoomlevel,13,
step_count,13,
diameter_crown,14,
generator:solar:modules,14,
massgis:WETCODE,14,edifici:ruian:tipus	=	*
source:zoomlevel,14,
diameter_crown,15,
source:zoomlevel,15,
step_count,15,
generator:solar:modules,16,edifici:ruian:tipus	=	*
source:zoomlevel,16,
source:zoomlevel,17,
protect_class,19,classe de protecció	=	*
maxweight,20,
accuracy:meters,21,edifici:ruian:tipus	=	*
protect_class,21,classe de protecció	=	*
accuracy:meters,22,precisió: metres	=	*
accuracy:meters,25,precisió: metres	=	*
accuracy:meters,26,precisió: metres	=	*
maxspeed:advisory,30,
maxspeed:backward,30,
maxspeed:forward,30,
ngbe:huso,30,precisió: metres	=	*
maxspeed:backward,40,
maxspeed:forward,40,
frequency,50,ngbe: fus	=	*
maxspeed,50,
maxspeed:backward,50,freqüència	=	*
maxspeed:forward,50,maxspeed:cap enrere	=	*
maxspeed:hgv,50,
minspeed,50,
proposed:frequency,50,
gnis:state_id,55,velocitat màxima: endavant	=	*
frequency,60,gnis:estat_id	=	*
maxspeed:backward,60,
maxspeed:forward,60,
minspeed,60,
maxweight,64,
maxspeed:backward,70,freqüència	=	*
maxspeed:bus,70,maxspeed:cap enrere	=	*
maxspeed:forward,70,velocitat màxima: autobús	=	*
maxspeed:hgv,70,
maxspeed:trailer,70,velocitat màxima: endavant	=	*
maxweight,74,
fire_hydrant:diameter,80,velocitat màxima: remolc	=	*
maxspeed:backward,80,
maxspeed:bus,80,hidrant_d'incendi:diàmetre	=	*
maxspeed:forward,80,
maxspeed:hgv,80,velocitat màxima: autobús	=	*
maxspeed:trailer,80,velocitat màxima: hgv	=	*
direction,90,velocitat màxima: remolc	=	*
maxspeed:backward,90,direcció	=	*
maxspeed:forward,90,maxspeed:cap enrere	=	*
addr:postcode,100,
direction,100,
fire_hydrant:diameter,100,velocitat màxima: endavant	=	*
maxspeed:backward,100,hidrant_d'incendi:diàmetre	=	*
maxspeed:bus,100,
maxspeed:forward,100,maxspeed:cap enrere	=	*
CLC:code,112,
emergency_telephone_code,112,CLC: codi	=	*
direction,120,
fire_hydrant:diameter,125,codi_telèfon_emergència	=	*
emergency:phone,144,
direction,145,
diameter,150,hidrant_d'incendi:diàmetre	=	*
direction,150,
fire_hydrant:diameter,150,diàmetre	=	*
direction,160,
direction,165,
direction,170,
direction,175,
direction,180,hidrant_d'incendi:diàmetre	=	*
direction,185,
direction,190,
direction,200,
fire_hydrant:diameter,200,direcció	=	*
it:pv:pavia:EDIFC_USO,201,
direction,210,
direction,215,
voltage,230,
direction,250,
MCC,268,
direction,270,hidrant_d'incendi:diàmetre	=	*
diameter,300,
fire_hydrant:diameter,300,
it:pv:pavia:UN_VOL_POR,301,direcció	=	*
clc:code,312,it:pv:pavia:UN_VOL_POR	=	*
clc:code,313,clc:codi	=	*
voltage:secondary,400,clc:codi	=	*
NHD:FType,460,voltatge: secundari	=	*
gauge,1000,NHD: Tipus F	=	*
gauge,1067,mesurar	=	*
raba:id,1100,rava: identificació	=	*
lbcs:function:code,1101,mesurar	=	*
raba:id,1160,rava: identificació	=	*
raba:id,1180,rava: identificació	=	*
raba:id,1190,rava: identificació	=	*
raba:id,1211,rava: identificació	=	*
raba:id,1212,rava: identificació	=	*
raba:id,1222,
raba:id,1300,rava: identificació	=	*
raba:id,1410,rava: identificació	=	*
gauge,1435,lbcs:funció:codi	=	*
raba:id,1500,rava: identificació	=	*
gauge,1520,mesurar	=	*
gauge,1524,mesurar	=	*
gauge,1600,mesurar	=	*
gauge,1668,mesurar	=	*
gauge,1676,mesurar	=	*
raba:id,1800,
start_date,1800,
GeoBaseNHN:VALDATE,1990,mesurar	=	*
dcgis:featurecode,2000,GeoBaseNHN:VALDAT	=	*
raba:id,2000,dcgis: codi de característica	=	*
CLC:year,2006,
clc:year,2006,CVX:any	=	*
population:date,2006,
population:date,2009,clc: any	=	*
population:date,2010,població: data	=	*
source:geometry:date,2010,
source:geometry:date,2013,
survey:date,2013,població: data	=	*
population:pupils:date,2015,
population:date,2017,enquesta: data	=	*
source:geometry:date,2018,
population:date,2019,població: data	=	*
population:date,2020,
survey:date,2020,
population:date,2021,
source_dat,2021,
survey:date,2022,
population:date,2023,
start_date,2023,data d'inici	=	*
survey:date,2023,
start_date,2024,
start_date,2025,
addr:street:sym_ul,10898,
voltage:primary,11000,
massgis:SOURCE_SCA,12000,
proposed:voltage,15000,
voltage:primary,15000,
voltage:primary,20000,població: data	=	*
addr:street:sym_ul,21970,
voltage:primary,22000,adreça:carrer:sym_ul	=	*
construction:voltage,25000,
proposed:voltage,25000,
mml:class,32611,
NHD:FCode,33600,
gnis:fcode,33600,
mml:class,34100,
source:addr:date,1995-01-01,voltatge: primari	=	*
mml:class,35300,
mml:class,35412,
mml:class,36200,
mml:class,36311,
mml:class,36312,
nhd-shp:fdate,2002-01-10,font:direcció:data	=	*
population:date,2004-12-17,nhd-shp:fdate	=	*
source:geometry:date,2005-11-15,
nhd:fcode,39001,població: data	=	*
nhd:fcode,39004,nhd: codi f	=	*
nhd:fdate,2008-02-28,nhd: codi f	=	*
teryt:stan_na,2009-01-01,nhd:data	=	*
population:date,2010-10-14,teryt:stan_na	=	*
LINZ:source_version,2012-06-06,població: data	=	*
source:geometry:date,2014-01-23,
source:geometry:date,2014-12-01,
source:geometry:date,2015-01-05,
source:geometry:date,2015-01-18,
LINZ2OSM:source_version,2015-02-02,LINZ:versió_font	=	*
source:geometry:date,2015-02-07,
source:geometry:date,2015-03-07,
source:geometry:date,2015-04-08,
LINZ2OSM:source_version,2015-04-13,LINZ2OSM:versió_font	=	*
mml:class,42131,
mml:class,42161,
source:geometry:date,2015-07-09,
source:geometry:date,2015-07-14,
mml:class,42211,
mml:class,42231,
mml:class,42261,LINZ2OSM:versió_font	=	*
source:geometry:date,2015-09-23,
source:geometry:date,2015-10-01,
source:geometry:date,2015-12-23,
source:geometry:date,2015-12-25,
source:geometry:date,2016-01-02,
source:geometry:date,2016-01-26,
source:geometry:date,2016-02-01,
source:geometry:date,2016-03-05,
source:addr:version,2016-04-01,mml:classe	=	*
source:geometry:date,2016-06-09,
source:geometry:date,2016-06-14,
source:geometry:date,2016-06-15,
source:geometry:date,2016-06-21,
source:geometry:date,2016-06-30,
source:geometry:date,2016-07-02,
source:geometry:date,2016-07-15,
source:geometry:date,2016-07-18,
source:geometry:date,2016-07-19,
source:geometry:date,2016-08-04,
source:geometry:date,2016-08-16,
source:geometry:date,2016-09-14,
source:geometry:date,2016-09-16,
at_bev:addr_date,2016-10-02,
source:geometry:date,2016-12-12,
source:geometry:date,2017-01-07,
source:geometry:date,2017-01-12,
source:geometry:date,2017-01-13,
source:geometry:date,2017-01-18,
source:geometry:date,2017-01-26,
source:geometry:date,2017-02-03,
source:geometry:date,2017-03-05,
source:geometry:date,2017-03-28,
source:geometry:date,2017-04-04,
source:geometry:date,2017-05-25,
source:geometry:date,2017-06-12,
source:geometry:date,2017-08-02,
source:geometry:date,2017-08-03,
source:geometry:date,2017-12-20,
source:geometry:date,2017-12-29,
source:geometry:date,2018-01-08,
source:geometry:date,2018-01-31,
source:geometry:date,2018-02-16,
source:geometry:date,2018-02-17,
source:geometry:date,2018-02-25,
source:geometry:date,2018-03-16,
source:geometry:date,2018-05-30,
source:geometry:date,2018-06-15,
source:geometry:date,2018-06-27,
source:geometry:date,2018-06-28,
source:geometry:date,2018-06-29,
source:geometry:date,2018-07-01,
source:geometry:date,2018-07-18,
source:geometry:date,2018-07-20,
source:geometry:date,2018-08-11,
source:geometry:date,2018-08-13,
source:geometry:date,2018-09-24,
source:geometry:date,2018-10-09,
source:geometry:date,2018-10-20,
source:geometry:date,2018-10-29,
source:geometry:date,2018-11-19,
source:geometry:date,2018-11-25,
source:geometry:date,2018-12-06,
source:geometry:date,2018-12-12,
source:geometry:date,2019-01-19,
source:geometry:date,2019-01-27,
source:geometry:date,2019-01-30,
source:geometry:date,2019-02-04,
source:geometry:date,2019-02-25,
source:geometry:date,2019-03-23,
source:geometry:date,2019-04-18,
source:geometry:date,2019-05-02,
source:geometry:date,2019-05-17,
source:geometry:date,2019-06-12,
source:geometry:date,2019-06-20,
source:geometry:date,2019-06-24,
source:geometry:date,2019-07-01,
source:geometry:date,2019-07-03,
source:geometry:date,2019-07-17,
source:geometry:date,2019-08-07,
source:geometry:date,2019-08-13,
source:geometry:date,2019-08-15,
source:geometry:date,2019-08-24,
source:geometry:date,2019-09-04,
source:geometry:date,2019-09-16,
source:geometry:date,2020-02-05,
population:date,2020-05-01,
heritage:since,2020-09-26,
source:addr:date,2021-01-01,font:direcció:versió	=	*
check_date,2021-07-01,font:direcció:data	=	*
check_date,2023-04-26,
population:date,2023-08-31,
check_date,2025-04-24,
fcode,45800,codi f	=	*
source:date,2025-08-20,
nhd-shp:fcode,46003,il·luminat	=	*
nhd:fcode,46003,nhd-shp:fcode	=	*
nhd:fcode,46006,nhd: codi f	=	*
nhd:fcode,46007,nhd: codi f	=	*
nhd:fcode,55800,nhd: codi f	=	*
ngbe:codigo,80214,nhd: codi f	=	*
addr:TW:dataset,120044,
addr:TW:dataset,137998,ngbe: codi	=	*
addr:city:simc,918123,
canvec:CODE,1760011,canvec:CODI	=	*
nycdoitt:bin,3000000,canvec:CODI	=	*
nycdoitt:bin,4000000,nycdoitt:bin	=	*
surrey:date,19850801,nycdoitt:bin	=	*
dcgis:captureyear,19990331,surrei: data	=	*
source:geometry:date,20160608161352,
source:geometry:date,20160609170515,
source:geometry:date,20160615124858,
source:geometry:date,20160715122926,
source:geometry:date,20160718164119,
source:geometry:date,20160816121905,
operator:ref:FR:SIRET,21130055300016,dcgis: any de captura	=	*
level,-1;0,
addr:city,'s-Gravenhage,
attribution,«Ces données géographiques proviennent du Référentiel Géographique Commun (www.rgc.cd).»,
addr:block,*,
addr:city,*,direcció: bloc	=	*
addr:country,*,direcció:ciutat	=	*
addr:district,*,direcció: país	=	*
addr:hamlet,*,adreça:pis	=	*
addr:neighbourhood,*,adreça: número de casa	=	*
addr:place,*,direcció: barri	=	*
addr:postcode,*,adreça:lloc	=	*
addr:postcode:source,*,adreça: codi postal	=	*
addr:province,*,adreça: codi postal: font	=	*
addr:province:en,*,direcció: província	=	*
addr:region,*,adreça:província:ca	=	*
addr:state,*,direcció: regió	=	*
addr:street,*,direcció: estat	=	*
addr:subdistrict,*,direcció: carrer	=	*
addr:subdistrict:en,*,direcció:subdistricte	=	*
addr:suburb,*,dir:subdistricte:ca	=	*
addr:town,*,direcció:suburbi	=	*
addr:unit,*,adreça: ciutat	=	*
at_bev:addr_date,*,direcció: unitat	=	*
attribution,*,at_bev:dir_data	=	*
bakehouse,*,fleca	=	*
baking_oven,*,forn de cocció	=	*
brand,*,atribució	=	*
brand:ja,*,marca	=	*
brand:wikidata,*,marca:ja	=	*
building,*,edifici	=	*
building:levels,*,marca: wikidata	=	*
cadet,*,cadet	=	*
capacity,*,edifici:nivells	=	*
comment,*,comentari	=	*
construction,*,capacitat	=	*
created_by,*,construcció	=	*
cyclability,*,ciclabilitat	=	*
description,*,creat per	=	*
diameter_crown,*,descripció	=	*
dog_washing,*,rentat de gossos	=	*
drink:beer,*,prendre cervesa	=	*
drink:coffee,*,beure cafè	=	*
drink:wine,*,beure vi	=	*
estuary,*,estuari	=	*
ferry,*,transportar	=	*
fire_hydrant:description,*,hidrant d'incendi:descripció	=	*
fire_hydrant:diameter,*,hidrant_d'incendi:diàmetre	=	*
fire_hydrant:type:zh,*,hidrant_d'incendi:tipus:zh	=	*
fixme,*,arreglar-me	=	*
foldable_pie_slice,*,llesca de pastís plegable	=	*
geocodigo,*,geocodi	=	*
grit_bin,*,contenidor de sorra	=	*
historic,*,històric	=	*
is_in,*,és a	=	*
is_in:country_code,*,es_en:codi_país	=	*
landuse:secondary,*,ús del sòl: secundari	=	*
layer,*,capa	=	*
level,*,nivell	=	*
maxheight,*,Alçada màxima	=	*
maxweight,*,pes màxim	=	*
maxwidth,*,amplada màxima	=	*
military_service,*,servei militar	=	*
minspeed,*,velocitat mínima	=	*
motorcycle:clothes,*,motocicleta:roba	=	*
motorcycle:type,*,motocicleta: tipus	=	*
mountain_pass,*,Port de muntanya	=	*
name,*,nom	=	*
name:etymology:wikidata,*,nom:etimologia:wikidata	=	*
name:ja,*,nom:ja	=	*
name:prefix,*,prefix del nom	=	*
name:prefix:be,*,nom: prefix: ser	=	*
name:prefix:ru,*,nom:prefix:ru	=	*
naptan:Status,*,naftan:Estat	=	*
ncat,*,ncat	=	*
network,*,la xarxa	=	*
note,*,Nota	=	*
note:ja,*,nota: sí	=	*
nuclear_explosion:country,*,explosió nuclear: país	=	*
office:realtor,*,oficina: agent immobiliari	=	*
oneway,*,d'una sola mà	=	*
opening_hours,*,horari d'obertura	=	*
operator,*,operador	=	*
operator:ja,*,operador: ja	=	*
operator:wikipedia,*,operador: wikipedia	=	*
organ,*,Òrgan	=	*
pole:role,*,pol: paper	=	*
railway,*,ferrocarril	=	*
recycling_type,*,tipus de reciclatge	=	*
ref,*,àrbitre	=	*
ref:gsi,*,referència:gsi	=	*
sanitary_dump_station,*,abocador sanitari	=	*
seamark:navigation_line:category,*,seamark:línia de navegació:categoria	=	*
seamark:rock:water_level,*,marca:roca:nivell d'aigua	=	*
shop,*,botiga	=	*
smoking,*,de fumar	=	*
source,*,font	=	*
source:addr,*,font: direcció	=	*
source:date,*,font:data	=	*
source:geometry,*,font: geometria	=	*
source:population,*,font:població	=	*
source:position,*,font:posició	=	*
source:user,*,font:usuari	=	*
speisebezirk,*,speisebezirk	=	*
tiger:county,*,tigre: comtat	=	*
tower:type,*,torre:tipus	=	*
trailhead,*,començament del sender	=	*
type,*,tipus	=	*
vending,*,venda	=	*
vending_machine,*,màquina expenedora	=	*
voltage,*,Voltatge	=	*
waterway,*,camí aquàtic	=	*
width,*,ample	=	*
wikidata,*,wikidata	=	*
wood,*,fusta	=	*
colour,#000000,color	=	*
roof:colour,#808080,
roof:colour,#938870,sostre: color	=	*
building:colour,#cccccc,
building:colour,#eecfaf,
colour,#ff0000,color	=	*
building:colour,#FFFFFF,edifici:color	=	*
building:colour,#ffffff,
source,#opendri-comoros,
source:ref,#ŻółtaNaklejkaPLK,font: referència	=	*
contact:phone,+7 495 2321000,
contact:phone,+7 800 5555505,
contact:phone,+7 800 5555550,
contact:phone,+7␣800␣2347000,telèfon de contacte	=	*
capacity:persons,<50,
turn:lanes,||merge_to_left,gir:carrils	=	*
turn:lanes,||right,gir:carrils	=	*
isced:level,0-1,isced:nivell	=	*
incline,"0,00%",inclinació	=	*
level,0;-1,
isced:level,0;1,
level,0;1,
massgis:DEED_ACRES,0.00000000,
NHD:Elevation,0.00000000000,
circumference,0.15,circumferència	=	*
circumference,0.16,circumferència	=	*
width,0.2,
openGeoDB:version,0.2.6.11␣/␣2007-12-04␣/␣http://fa-technik.adfc.de/code/opengeodb/dump/,openGeoDB: versió	=	*
circumference,0.25,circumferència	=	*
circumference,0.3,circumferència	=	*
paving_stones:length,0.3,
paving_stones:width,0.3,
circumference,0.45,circumferència	=	*
roof:height,0.5,sostre: alçada	=	*
roof:levels,0.5,sostre:nivells	=	*
circumference,0.6,
circumference,0.75,
roof:levels,0.8,sostre:nivells	=	*
incline,0%,
mtb:scale,0+,
hcpaogis:dorcode,01 - SINGLE FAMILY,
hcpaogis:dorcode,01␣-␣SINGLE␣FAMILY,hcpaogis:dorcode	=	*
GeoBaseNHN:DatasetName,02LG000,GeoBaseNHN:Nom del conjunt de dades	=	*
GeoBaseNHN:DatasetName,02LH000,GeoBaseNHN:Nom del conjunt de dades	=	*
addr:postcode,05-092,
heritage:ref,05111000_A_01676,
opening_hours,08:00-22:00,
usar_addr:edit_date,090511_BC,usar_addr:editar_data	=	*
garmin_type,0x6,tipus_garmin	=	*
addr:street,1 Maja,
building:foundation_height,1 to 1.5,
building:foundation_height,1_to_1.5,edifici:base_alçada	=	*
addr:flats,1-2,adreça: pisos	=	*
addr:flats,1-20,
addr:flats,1-3,
addr:flats,1-4,
isced:level,1;2,
ele:accuracy,1.0,ele: precisió	=	*
location:accuracy,1.5,ubicació: precisió	=	*
roof:height,1.5,sostre: alçada	=	*
roof:levels,1.5,sostre:nivells	=	*
generator:output:electricity,1.5 MW,
generator:output:electricity,1.5␣MW,generador:sortida:electricitat	=	*
yh:WIDTH,1.5m〜3.0m,
yh:WIDTH,1.5m未満,
railway:tbl,1+,
building:foundation_height,1␣to␣1.5,edifici:base_alçada	=	*
building:age,10_to_30,edifici:edat	=	*
incline,"10,00%",inclinació	=	*
incline,10%,
light:power,100 W,
capacity:persons,100-250,capacitat:persones	=	*
voltage,10000;400,
usar_addr:edit_date,100208_BC,usar_addr:editar_data	=	*
usar_addr:edit_date,100806_BC,usar_addr:editar_data	=	*
sport,10pin,esport	=	10 pins
tiger:name_base,10th,tigre:nom_base	=	*
addr:city:en,10th of Rammadan City,
maxaxleload,11.5,maxaxleload	=	*
voltage,15000;400,
frequency,16.67,freqüència	=	*
frequency,16.7,freqüència	=	*
proposed:frequency,16.7,
start_date,1976..1991,
protect_class,1a,classe de protecció	=	1a
it:fvg:ctrn:revision,1A0,
it:fvg:ctrn:revision,1AM,
it:fvg:ctrn:revision,1AN,
protect_class,1b,classe de protecció	=	1b
name,1st Street,
maxstay,2 hours,
generator:output:electricity,2 MW,
seamark:topmark:shape,2_cones_base_together,marca de mar:marca de topall:forma	=
seamark:topmark:shape,2_cones_down,marca de mar:marca de topall:forma	=
seamark:topmark:shape,2_cones_point_together,marca de mar:marca de topall:forma	=
seamark:topmark:shape,2_cones_up,marca de mar:marca de topall:forma	=
seamark:topmark:shape,2_spheres,marca de mar:marca de topall:forma	=
maxheight,2.1,
generator:output:electricity,2.3 MW,
generator:output:electricity,2.3␣MW,generador:sortida:electricitat	=	*
location:accuracy,2.5,ubicació: precisió	=	*
roof:height,2.5,sostre: alçada	=	*
roof:shape,2␣face␣(pitched),sostre: forma	=	*
roof:shape,2␣faces␣(pitched),sostre: forma	=	*
generator:output:electricity,2␣MW,generador:sortida:electricitat	=	*
maxspeed:advisory,20 mph,
voltage,20000;400,
attribution,"2001 Her Majesty the Queen in Right of Manitoba, as represented by the Minister of Conservation. All rights reserved.",
attribution,"2001␣Her␣Majesty␣the␣Queen␣in␣Right␣of␣Manitoba,␣as␣represented␣by␣the␣Minister␣of␣Conservation.␣All␣rights␣reserved.",atribució	=	*
NHD:FDate,2007/08/08,NHD: DATA	=	*
source:geometry:date,2015-01-01..2019-11-05,
damage:event,2016KageraEarthquake,dany:esdeveniment	=	*
source:geometry:date,2019/07/02,
check_date,2024-11-6,
check_date,2024-11-7,
socket:type2:output,22 kW,
axle_load,22.5,eix de càrrega	=	*
lit,24/07/23,il·luminat	=	*
opening_hours,24/07/23,horari d'obertura	=	*
lit,24/7,comprovar Data	=	24/07/25
opening_hours,24/7,
addr:district,26 de Octubre,
source:date,28/09/2015,
est_width,3.0m〜5.5m,ample_est	=	*
yh:WIDTH,3.0m〜5.5m,
maxweight,3.5,
shop,3d_printing,botiga	=	Impressió 3d
roof:shape,3dr,sostre: forma	=	*
maxheight,4.1,
maxheight,4.5,
diameter,"4.5""",
minspeed,40 mph,
maxweight,44000 lbs,
it:fvg:ctrn:code,4AAF,ca:fvg:ctrn:codi	=	*
it:fvg:ctrn:code,4ABA,
it:fvg:ctrn:code,4AED,
it:fvg:ctrn:code,4AIN,
electrified,4th_rail,electrificat	=	4to carril
yh:WIDTH,5.5m〜13.0m,
capacity:persons,50-100,capacitat:persones	=	*
building:floor_area,500 - 750,
building:floor_area,500␣-␣750,edifici:àrea_pis	=	*
maxspeed:hgv,55 mph,
maxspeed:trailer,55 mph,
maxspeed:hgv,55␣mph,velocitat màxima: hgv	=	*
maxspeed:trailer,55␣mph,velocitat màxima: remolc	=	*
border_zone,5km_zone,zona fronterera	=	zona de 5km
diameter,"6.63""",
brand,7-Eleven,
brand:en,7-Eleven,marca:ca	=	*
name:en,7-Eleven,
maxweight,7.5,
maxweightrating:hgv,7.5,
diameter,70 cm,
diameter,"8.63""",
source:geometry:date,8/27/2010-4/4/2011,font:geometria:data	=	*
sport,8pin,esport	=	8 pines
TMC:cid_58:tabcd_1:LCLversion,9.00,TMC:cid_58:tabcd_1:LCLversió	=	*
maxspeed:hgv:conditional,90 @ (weight>=3.86),
maxspeed:psv:conditional,90 @ (weight>=3.86),
maxspeed:hgv:conditional,90␣@␣(weight<,maxspeed:hgv:condicional	=	*
maxspeed:hgv:conditional,90␣@␣(weight>,maxspeed:hgv:condicional	=	*
maxspeed:psv:conditional,90␣@␣(weight>,maxspeed:psv:condicional	=	*
sport,9pin,esport	=	*
addr:unit,A,
local_ref,A,
ref,A,
tiger:FUNCSTAT,A,tigre:FUNCSTAT	=	*
fixme,à préciser dès que visible sur le cadastre,
dinner,a_la_carte,sopar	=	a la carta
addr:flats,A;B,
ref,A1,
tiger:cfcc,A11,tigre:cfcc	=	*
KSJ2:filename,A13-06_01.xml,KSJ2: nom de fitxer	=	*
note,A13-06_03.xml,
ref,A2,
ref,A3,
ref,A4,
ref,A6,
addr:municipality,Aabenraa,
addr:province,AB,
bridge,abandoned,pont	=	abandonat
building,abandoned,edifici	=	abandonat
highway,abandoned,autopista	=	abandonat
historic,abandoned,històric	=	abandonat
railway,abandoned,ferrocarril	=	abandonat
status,abandoned,estat	=	abandonat
power,abandoned:tower,poder	=	abandonat: torre
genus,Abies,gènere	=	Abies
admin_level,aboriginal_land,nivell d'administrador	=	terra aborigen
boundary,aboriginal_lands,Perímetre	=	terres_aborígens
healthcare:speciality,abortion,sanitat:especialitat	=	avortament
bridge:support,abutment,pont: suport	=	contrafort
network,AC Transit,
LINZ2OSM:layer,ac_buildings,LINZ2OSM: capa	=	ac_edificis
genus,Acacia,gènere	=	Acàcia
species,Acacia␣implexa,espècies	=	Acacia␣simplexa
species,Acacia␣melanoxylon,espècies	=	Acacia␣melanoxylon
military,academy,militar	=	acadèmia
police,academy,policia	=	acadèmia
highway,access,autopista	=	accés
footway,access_aisle,senda	=	accés_passadís
emergency,access_point,emergència	=	punt d'accés
shop,accessories,botiga	=	accessoris
sby:bldgtype,Accessory␣Structure,sby: tipus d'edifici	=	Accessori␣Estructura
tourism,accommodation,turisme	=	allotjament
office,accountant,oficina	=	comptador
genus,Acer,gènere	=	acer
species,Acer campestre,
species,Acer negundo,
species,Acer platanoides,
taxon,Acer platanoides,
species,Acer pseudoplatanus,
species,Acer rubrum,
species,Acer saccharinum,
species,Acer saccharum,
species,Acer␣campestre,espècies	=	Acer␣campestre
species,Acer␣ginnala,espècies	=	Acer␣ginnala
species,Acer␣negundo,espècies	=	Acer␣negun
species,Acer␣platanoides,espècies	=	Acer␣platanoides
taxon,Acer␣platanoides,tàxon	=	Acer␣platanoides
species,Acer␣platanoïdes,espècies	=	Acer␣platanoïdes
species,Acer␣pseudoplatanus,espècies	=	Acer␣pseudoplatanus
species,Acer␣rubrum,espècies	=	Acer rubrum
species,Acer␣saccharinum,espècies	=	Acer␣saccharinum
species,Acer␣saccharum,espècies	=	Acer␣saccharum
old_railway_operator,ACL,antic operador ferroviari	=	LCA
roof:orientation,across,sostre: orientació	=	a través de
surface,acrylic,superfície	=	acrílic
naptan:Status,ACT,naftan:Estat	=	ACTUAR
source:geometry,ACT2016,font: geometria	=	llei2016
source:geometry,ACTMapiRoads,font: geometria	=	ACTMapiCarreteres
source:geometry,ACTMapiTP,font: geometria	=	ACTMapiTP
addr:inclusion,actual,direcció: inclusió	=	actual
healthcare:speciality,acupuncture,especialitat:de_salut	=	acupuntura
genus,Adansonia,gènere	=	Adansonia
operator,Adif,
man_made,adit,artificial	=	entrada
naptan:Indicator,adj,naptà: Indicador	=	adj.
source:footprint,Adjusted MS Footprints,
source:footprint,Adjusted␣MS␣Footprints,font:petjada	=	Petjades␣MS␣Ajustades
amenity,administration,amenitat/servei	=	administració
boundary,administrative,Perímetre	=	administratiu
building,administrative,edifici	=	administratiu
government,administrative,govern	=	administratiu
land_area,administrative,àrea terrestre	=	administratiu
office,administrative,oficina	=	administratiu
boundary,administrative_cooperation,Perímetre	=	cooperació administrativa
vending,admission_tickets,venda	=	butlletes d'admissió
material,adobe,material	=	tova
office,adoption_agency,oficina	=	Agència d'adopció
shop,adult,botiga	=	adult
leisure,adult_gaming_centre,temps lliure	=	centre de jocs per a adults
piste:difficulty,advanced,pista: dificultat	=	avançat
amenity,advertising,amenitat/servei	=	publicitat
flag:type,advertising,bandera: tipus	=	publicitat
man_made,advertising,artificial	=	publicitat
office,advertising_agency,oficina	=	l'agència de publicitat
cycleway:both:lane,advisory,ciclovia:tots dos:carril	=	consultiu
cycleway:left:lane,advisory,
cycleway:right:lane,advisory,ciclovia:dreta:carril	=	consultiu
addr:country,AE,
emergency,aed,emergència	=	aed
medical,aed,metge	=	aed
basin,aeration,conca	=	ventilació
marker,aerial,marcador	=	aeri
tiger:reviewed,aerial,tigre: revisat	=	aeri
source:building,aerial imagery; Ortofotomozaika SR,
source:geometry,Aerial photogrammetry,
source:position,Aerial photogrammetry,
source:position,Aerial␣photogrammetry,font:posició	=	Fotogrametria aèria␣
seamark:light:category,aero,seamark:llum:categoria	=	aerodinàmic
sport,aerobics,esport	=	aeròbics
aeroway,aerodrome,via aèria	=	aeròdrom
radio_transponder:category,aeronautical,transponedor de ràdio:categoria	=	aeronàutic
company,aerospace,empresa	=	aeroespacial
faculty,aerospace,facultat	=	aeroespacial
government,aerospace,govern	=	aeroespacial
logistics,aerospace,logística	=	aeroespacial
museum,aerospace,museu	=	aeroespacial
research,aerospace,investigar	=	aeroespacial
genus,Aesculus,gènere	=	escul
species,Aesculus hippocastanum,
taxon,Aesculus hippocastanum,
species,AESCULUS␣HIPOCASTANUM,espècies	=	ESCOL␣HIPOCASTAN
species,Aesculus␣hippocastanum,espècies	=	Aesculus␣hippocastanum
taxon,Aesculus␣hippocastanum,tàxon	=	Aesculus␣hippocastanum
species,Aesculus␣x␣carnea,espècies	=	Aesculus␣x␣carnia
cuisine,african,cuina	=	africà
species,Agave␣tequilana␣F.A.C.Weber,espècies	=	Agave␣tequilana␣F.A.C.Weber
source:ro,"Agenţia Europeană de Mediu, CORINE Land Cover, 2006",
source:ro,"Agenţia␣Europeană␣de␣Mediu,␣CORINE␣Land␣Cover,␣2006","font:ro	=	Agenţia␣Europeană␣de␣Mediu,␣CORINE␣Land␣Cover,␣2006"
resource,aggregate,recurs	=	afegir
shop,agrarian,botiga	=	agrari
access,agricultural,accés	=	agrícola
building,agricultural,edifici	=	agrícola
denotation,agricultural,denotació	=	agrícola
meadow,agricultural,prat	=	agrícola
motor_vehicle,agricultural,Vehicle de motor	=	agrícola
motorcar,agricultural,automòbil	=	agrícola
motorcycle,agricultural,motocicleta	=	agrícola
vehicle,agricultural,vehicle	=	agrícola
craft,agricultural_engines,artesania	=	motors_agrícoles
trade,agricultural_supplies,comerç	=	subministraments agrícoles
motor_vehicle,agricultural;forestry,Vehicle de motor	=	agrícola;silvicultura
government,agriculture,govern	=	agricultura (consell regulador)
landuse,agriculture,ús del sòl	=	agricultura
meadow,agriculture,prat	=	agricultura
museum,agriculture,museu	=	agricultura
int_ref,AH1,int_ref	=	AH1
int_ref,AH2,
genus:de,Ahorn,
species:de,Ahornblättrige Platane,
sport,aikido,esport	=	aikido
sports,aikido,Esports	=	aikido
building,ail,edifici	=	afligir
genus,Ailanthus,gènere	=	Ailanto
species,Ailanthus␣altissima,espècies	=	Ailanto␣altissima
cooling:method,air_cooling,mètode de refredament	=	aire condicionat
amenity,air_filling,amenitat/servei	=	omplert d'aire
military_service,air_force,servei militar	=	força Aèria
seamark:light:category,air_obstruction,seamark:llum:categoria	=	obstrucció d'aire
historic,aircraft,històric	=	aeronau
service,aircraft_control,Servei	=	control d'aeronaus
aeroway,aircraft_crossing,via aèria	=	encreuament d'avions
aerodrome:type,airfield,aeròdrom: tipus	=	aeròdrom
military,airfield,militar	=	aeròdrom
aeroway,airport,via aèria	=	aeroport
aeroway,airstrip,via aèria	=	pista d'aterratge
aeroway,airtanker_base,via aèria	=	base d'avió cisterna
seamark:radio_station:category,ais,seamark:emissora de ràdio:categoria	=	ais
addr:state,AK,
seamark:light:character,Al,marca:llum:personatge	=	Alabama
addr:subdistrict:en,Al Agamy,
addr:district:en,Al Agouza,
addr:province:en,Al Beheira,
seamark:light:character,Al.Fl,marca:llum:personatge	=	Al.Fl
seamark:light:character,Al.Iso,marca:llum:personatge	=	al.iso
seamark:light:character,Al.LFl,marca:llum:personatge	=	Al.LFl
seamark:light:character,Al.Oc,marca:llum:personatge	=	Al.Oc
tiger:county,"Alameda, CA",
shop,alcohol,botiga	=	alcohol
wholesale,alcohol,majorista	=	alcohol
ref:opendataparis:domanialit,Alignement,ref:opendataparis:domanialit	=	alineació
megalith_type,alignment,tipus de megàlit	=	alineació
source:outline,ALK NRW,
source:outline,ALKIS NRW,
shop,Alko,botiga	=	Alko
addr:interpolation,all,direcció:interpolació	=	tots
stop,all,
healthcare:speciality,allergology,sanitat:especialitat	=	al·lergologia
footway,alley,senda	=	carreró
service,alley,Servei	=	carreró
mtb:type,allmountain,mtb: tipus	=	Tota muntanya
species,Allocasuarina␣verticillata,espècies	=	Boigsuarina␣verticillata
building,allotment_house,edifici	=	casa_d'assignació
landuse,allotments,ús del sòl	=	assignacions
place,allotments,lloc	=	assignacions
amenity,alm,amenitat/servei	=	almoina
created_by,almien_coastlines,
trees,almond_trees,arbres	=	ametllers
genus,Alnus,gènere	=	Alnus
species,Alnus␣cordata,espècies	=	Alnus␣cordata
species,Alnus␣glutinosa,espècies	=	Alnus␣glutinosa
roof:orientation,along,sostre: orientació	=	al llarg de
attraction,alpine_coaster,atracció	=	muntanya russa alpina
sac_scale,alpine_hiking,sac_escala	=	senderisme_alpí
tourism,alpine_hut,turisme	=	refugi de montanya atés
surveillance:type,ALPR,
navigationaid,als,Ajuda a la navegació	=	també
state,alternate,Expressar	=	alterna
oneway,alternating,d'una sola mà	=	alterna
healthcare,alternative,cura de la salut	=	alternativa
material,aluminium,material	=	alumini
industrial,aluminium_smelting,industrial	=	fosa d'alumini
club,amateur_radio,club	=	radioaficionats
diplomatic,ambassadors_residence,diplomàtic	=	residència d'ambaixadors
seamark:light:colour,amber,marca:llum:color	=	ambre
cadet,ambulance,cadet	=	ambulància
amenity,ambulance_station,amenitat/servei	=	estació d'ambulància
emergency,ambulance_station,emergència	=	estació_ambulància
social_facility,ambulatory_care,instal·lacions_socials	=	cura ambulatòria
genus,Amelanchier,gènere	=	Amelanchier
grass,amenity_grassland,herba	=	pastures
cuisine,american,cuina	=	americà
sport,american_football,esport	=	futbol americà
sport,american_handball,esport	=	handbol americà
military,ammunition,militar	=	munició
theatre:type,amphi,teatre: tipus	=	amphi
leisure,amusement_arcade,temps lliure	=	sala de jocs
attraction,amusement_ride,atracció	=	atracció de fira
generator:method,anaerobic_digestion,generador: mètode	=	digestió anaeròbica
healthcare:speciality,anaesthetics,sanitat:especialitat	=	anestèsics
display,analog,monitor	=	cosa anàloga
railway:radio,analogue,ferrocarril:ràdio	=	terme anàleg
railway:radio,analoque,ferrocarril:ràdio	=	analògic
genus,Ananas,gènere	=	Ananes
species,Ananas␣comosus␣(L.)␣Merr.,espècies	=	Ananes␣comosus␣(L.)␣Merr.
historic,anchor,històric	=	àncora
line_attachment,anchor,línia_adjunt	=	àncora
tower:type,anchor,torre:tipus	=	àncora
seamark:type,anchor_berth,marca de mar: tipus	=	amarratge d'àncora
seamark,anchorage,marca	=	ancoratge
seamark:type,anchorage,marca de mar:tipus	=	ancoratge
material,andesite,material	=	andeseta
lamp_mount,angled_mast,muntatge_de_lampada	=	mastil_angulat
denomination,anglican,denominació	=	anglicà
attraction,animal,atracció	=	animal
statue,animal,estàtua	=	animal
amenity,animal_boarding,amenitat/servei	=	allotjament_d'animals
amenity,animal_breeding,amenitat/servei	=	cria_d'animals
hazard,animal_crossing,perill	=	encreuament d'animals
amenity,animal_effluent_disposal,amenitat/servei	=	eliminació d'efluents animals
vending,animal_feed,venda	=	l'alimentació animal
amenity,animal_hitch,amenitat/servei	=	enganxi d'animals
landuse,animal_keeping,ús del sòl	=	tinença_d'animals
amenity,animal_shelter,amenitat/servei	=	refugi d'animals
amenity,animal_training,amenitat/servei	=	entrenament d'animals
man_made,animal_trap,fet per l'home	=	trampa per a animals
shop,anime,botiga	=	animat
religion,animist,religió	=	animista
building,annexe,edifici	=	annex
description,Annexe,
man_made,antenna,artificial	=	antena
telecom,antenna,telecomunicacions	=	antena
power,antenna_line,poder	=	línia d'antena
natural,anthill,natural	=	formiguer
turn_to_close,anti_clockwise,girar per tancar	=	en sentit contrari a les agulles del rellotge
direction,anticlockwise,direcció	=	sinistrors
shop,antique,botiga	=	antic
shop,antiques,botiga	=	antiguitats
religion,antoinist,religió	=	antoinista
building,apartment,edifici	=	Departament
tourism,apartment,turisme	=	Departament
building,apartments,Un edifici d'apartaments és una estructura residencial que conté múltiples unitats d'habitatge per a diferents famílies | edifici	=	apartaments
building:part,apartments,edifici:part	=	apartaments
construction,apartments,construcció	=	apartaments
residential,apartments,Residencial	=	apartaments
landuse,apiary,ús del sòl	=	emplenar
trees,apple_trees,arbres	=	Arbres de poma
rental,appliance,lloguer	=
shop,appliance,botiga	=	aparell
junction,approach,unió	=	Apropar-se
aeroway,apron,via aèria	=	davantal
landuse,aquaculture,ús del sòl	=	aqüicultura
tourism,aquarium,turisme	=	aquari
bridge,aqueduct,pont	=	aqüeducte
historic,aqueduct,històric	=	aqüeducte
route,aqueduct,ruta	=	aqüeducte
cuisine,arab,cuina	=	àrab
farmland,arable,terres de cultiu	=	cultivable
leaf_type,Arbre,tipus_full	=	arbre
genus,Arbre␣Sandaré,gènere	=	Arbre␣Sandaré
ref:type,arbrei,referència: tipus	=	arbrei
covered,arcade,cobert	=	arcada
created_by,ArcGIS Exporter,
created_by,ArcGIS␣Exporter,creat per	=	ArcGIS␣Exportador
bridge:structure,arch,pont:estructura	=	arc
natural,arch,natural	=	arc
museum,archaeological,museu	=	arqueològic
historic,archaeological_site,històric	=	lloc arqueològic
sport,archery,esport	=	tir a l'arc
hazard,archery_range,perill	=	rang d'arqueria
man_made,archimedes_screw,fet per l'home	=	cargol d'Arquimedes
place,archipelago,lloc	=	arxipèlag
office,architect,oficina	=	arquitecte
artwork_type,architecture,tipus d'obra d'art	=	arquitectura
man_made,architecture_line,fet per l'home	=	línia d'arquitectura
amenity,archive,amenitat/servei	=	arxiu
government,archive,govern	=	arxiu
office,archive,oficina	=	arxiu
source:width,ARCore,font: ample	=	ARCore
indoor,area,interior	=	àrea
place,area,lloc	=	àrea
type,area,tipus	=	àrea
visibility,area,visibilitat	=	àrea
addr:place:en,Area A,
genus,Areca,gènere	=	Areca
genus,Arecaceae,gènere	=	arecàcies
species,Arecaceae,espècies	=	arecàcies
taxon:family,Arecaceae,taxó: família	=	arecàcies
leisure,arena,temps lliure	=	sorra
natural,arete,natural	=	areté
military_service,army,servei militar	=	exèrcit
aeroway,arresting_gear,via aèria	=	equip d'arrest
club,art,club	=	Art
museum,art,museu	=	Art
shop,art,botiga	=	Art
training,art,capacitació	=	Art
vending,art,venda	=	Art
historic,artifact,històric	=	artefacte
waterway,artificial,camí aquàtic	=	artificial
surface,artificial_grass,superfície	=	gespa artificial
surface,artificial_turf,superfície	=	gespa artificial
NHD:FType,ArtificialPath,NHD: Tipus F	=	camí artificial
gnis:ftype,ArtificialPath,
nhd:ftype,ArtificialPath,
amenity,arts_centre,amenitat/servei	=	centre_de_les_arts
amenity,artwork,amenitat/servei	=	obra d'art
tourism,artwork,turisme	=	obra d'art
roof:material,asbestos,sostre: material	=	amiant
genus:en,Ash,gènere: ca	=	Cendre
waste,ash,desaprofitar	=	cendra
cuisine,asian,cuina	=	asiàtic
cycleway,asl,carril bici	=	asl
crop,asparagus,cultiu	=	espàrrecs
crop,aspargus,cultiu	=	espàrrecs
cycleway:surface,asphalt,ciclovia:superfície	=	asfalt
footway:surface,asphalt,vorera:superfície	=	asfalt
roof:material,asphalt,sostre: material	=	asfalt
sidewalk:both:surface,asphalt,vorera:tots dos:superfície	=	asfalt
sidewalk:left:surface,asphalt,
sidewalk:right:surface,asphalt,vorera:dreta:superfície	=	asfalt
surface,asphalt,L'asfalt és un material viscós negre enganxós basat en petroli comunament utilitzat per a superfícies de carreteres | superfície	=	asfalt
industrial,asphalt_plant,industrial	=	planta d'asfalt
emergency,assembly_point,emergència	=	punt de reunió
social_facility,assisted_living,instal·lacions_socials	=	vida assistida
repair,assisted_self_service,reparar	=	autoservei assistit
type,associated_address,tipus	=	adreça_associada
type,associatedStreet,tipus	=	carrer associat
office,association,oficina	=	associació | oficina	=	associació consumidors
sport,association_football,esport	=	Associació de Futbol
observatory:type,astronomical,observatori:tipus	=	astronòmic
design,asymmetric,disseny	=	asimètric
traffic_sign,AT:52.1,senyal de trànsit	=	EN: 52.1
maxspeed,AT:rural,màxima velocitat	=	EN:rural
source:maxspeed,AT:rural,
maxspeed,AT:urban,màxima velocitat	=	EN:urbà
maxspeed:type,AT:urban,
source:maxspeed,AT:urban,
source:maxspeed,AT:zone:30,
maxspeed:type,AT:zone30,
source:maxspeed,AT:zone30,
craft,atelier,artesania	=	taller
flag:type,athletic,bandera: tipus	=	atlètic
sport,athletics,esport	=	atletisme
sports,athletics,Esports	=	atletisme
amenity,atm,amenitat/servei	=	Caixer automàtic
natural,atoll,natural	=	atol
place,atoll,lloc	=	atol
tourism,attraction,turisme	=	atracció
route,atv,ruta	=	Canal de televisió britànic
shop,atv,botiga	=	Canal de televisió britànic
maxspeed:type,AU:urban,
source:maxspeed,AU:urban,
studio,audio,estudi	=	àudio
information,audioguide,informació	=	Guia dàudio
amenity,audiologist,amenitat/servei	=	audiòleg
healthcare,audiologist,cura de la salut	=	audiòleg
shop,audiologist,botiga	=	audiòleg
government,audit,govern	=	auditoria
sport,australian_football,esport	=	futbol_australià
species,australis,espècies	=	australià
transformer,auto,transformador	=	auto
shop,auto_parts,botiga	=	autoparts
industrial,auto_wrecker,industrial	=	camió d'auxili
crossing:activation,automatic,encreuament: activació	=	automàtic
lit,automatic,il·luminat	=	automàtic
seamark:mooring:category,automatic,marca:amarre:categoria	=	automàtic
level_crossing,automatic_barrier,pas a nivell	=	barrera automàtica
club,automobile,club	=	automòbil
transformer,auxiliary,transformador	=	auxiliar
hazard,avalanche,perill	=	allau
hazard_type,avalanche,tipus de perill	=	allau
natural,avalanche_dam,natural	=	presa d'allau
barrier,avalanche_protection,barrera	=	protecció_allau
man_made,avalanche_protection,artificial	=	protecció_allau
tunnel,avalanche_protector,túnel	=	protector_d'avalanxes
amenity,avalanche_transceiver,amenitat/servei	=	transceptor d'allau
addr:street:type,Avenue,adreça:carrer:tipus	=	Avinguda
denotation,avenue,denotació	=	avinguda
building:condition,average,edifici: condició	=	mitjana
zoo,aviary,zoo	=	ocellaires
light_source,aviation,
museum,aviation,museu	=	aviació
training,aviation,capacitació	=	aviació
trees,avocado_trees,arbres	=	arbres_d'alvocat
leisure,axe_throwing,temps lliure	=	llançament de destral
pump_mechanism,axial_flow,mecanisme de bomba	=	Flux axial
railway:vacancy_detection,axle_counter,ferrocarril: detecció de vacants	=	comptador d'eixos
healthcare:speciality,ayurveda,especialitat:de_salut	=	ayurveda
species,Azardiraecta␣indica,espècies	=	Azardiraecta␣indica
local_ref,B,
ref,B,
shop,baby_care,botiga	=	cura del nadó
shop,baby_goods,botiga	=	baby_goods
amenity,baby_hatch,amenitat/servei	=	escotilla de beu
piste:grooming,backcountry,pista: preparació	=	travessia
direction,backward,direcció	=	cap enrere
railway:preferred_direction,backward,ferrocarril: adreça_preferida	=	cap enrere
railway:signal:direction,backward,
traffic_sign:direction,backward,senyal_de_tràfic:direcció	=	cap enrere
traffic_signals:direction,backward,senyals_de_tràfic:direcció	=	cap enrere
smoothness,bad,suavitat	=	dolent
trail_visibility,bad,rastre_visibilitat	=	dolent
object:city,Badalona,
sport,badminton,esport	=	bàdminton
shop,bag,botiga	=	bossa
craft,bag_repair,artesania	=	reparació de bosses
shop,bag/proposal,botiga	=	borsa/proposta
cuisine,bagel,cuina	=	rosquilla
religion,bahai,religió	=	bahai
office,bail_bond_agent,oficina	=	agent de fiances
government,bailiff,govern	=	alguacil
building,bakehouse,edifici	=	fleca
craft,bakery,artesania	=	fleca
industrial,bakery,industrial	=	fleca
shop,bakery,botiga	=	fleca
amenity,baking_oven,amenitat/servei	=	forn de cocció
playground,balancebeam,parc infantil	=	barra d'equilibri
building:part,balcony,edifici: part	=	balcó
valley,balka,Vall	=	balca
valve,ball,vàlvula	=	bola
sport,balle_pelote,esport	=	Pilota de ball
trees,banana_plants,arbres	=	plantes_de_banano
crop,bananas,cultiu	=	plàtans
leisure,bandstand,temps lliure	=	quiosc de música
sport,bandy,esport	=	hoquei amb pilota
amenity,bank,"Un banc és una institució financera que proporciona serveis com dipòsits, préstecs, inversions i assessorament financer | amenitat/servei	=	banc"
building,bank,edifici	=	banc
denomination,baptist,
amenity,bar,amenitat/servei	=	bar
barrier,bar,barrera	=	bar
admin_type:PH,barangay,
designation,barangay,designació	=	barangay
cuisine,barbecue,cuina	=	graella
fence_type,barbed_wire,cerca_tipus	=	filferro_de_pues
landcover,bare_ground,coberta terrestre	=	terra_nu
natural,bare_rock,natural	=	Roca nua
leisure,barefoot,temps lliure	=	descalç
crop,barley,cultiu	=	ordi
building,barn,edifici	=	graner
source:ele,barometric,font:el	=	baromètric
building,barrack,edifici	=	barraca
building,barracks,edifici	=	caserna
military,barracks,militar	=	caserna
police,barracks,policia	=	caserna
generator:method,barrage,generador: mètode	=	bombardeig
design,barrel,disseny	=	barril
seamark:buoy_special_purpose:shape,barrel,seamark:boia propòsit especial:forma	=	barril
barrier,barricade,barrera	=	barricada
barrier,barrier_board,barrera	=	tauler de barrera
fence_type,bars,cerca_tipus	=	barres
bridge:movable,bascule,pont: mòbil	=	bàscula
lifeguard,base,Salvavides	=	base
military,base,militar	=	base
sport,BASE,esport	=	BASE
sport,baseball,esport	=	beisbol
border_type,baseline,tipus de vora	=	base
camp_site,basic,càmping	=	bàsic
shelter_type,basic_hut,refugi_tipus	=	refugi no atés sense foc
network:type,basic_network,tipus de xarxa	=	xarxa_bàsica
landuse,basin,ús del sòl	=	conca
man_made,basin,artificial	=	conca
water,basin,aigua	=	conca
disc_golf,basket,disc de golf	=	cistella
craft,basket_maker,artesania	=	cistella de mercat
sport,basketball,esport	=	bàsquet
sport,basketball;soccer,esport	=	bàsquet; futbol
playground,basketswing,parc infantil	=	gronxador de cistella
defensive_works,bastion,obres defensives	=	bastió
leisure,bathing_place,temps lliure	=	lloc de bany
shop,bathroom_furnishing,botiga	=	mobles_de_bany
archaeological_site,baths,lloc arqueològic	=	balneari
site_type,baths,tipus de lloc	=	balneari
defensive_works,battery,obres defensives	=	bateria
generator:source,battery,generador:font	=	bateria
plant:source,battery,planta:font	=	bateria
sport,batting_cage,esport	=	gàbia de batuda
historic,battlefield,històric	=	camp de batalla
line,bay,línia	=	badia
natural,bay,natural	=	badia
source:en,Bayamon Municipality,
source:en,Bayamón Municipality,
source:en,Bayamon␣Municipality,font:es	=	Bayamón␣Municipi
source:en,Bayamón␣Municipality,font:es	=	Bayamón␣Municipi
highway,bazaar,autopista	=	basar
import_uuid,bb7269ee-502a-5391-8056-e3ce0e66489c,import_uuid	=	bb7269ee-502a-5391-8056-e3ce0e66489c
amenity,bbq,amenitat/servei	=	barbacoa
leisure,bbq,temps lliure	=	barbacoa
shop,bbq,botiga	=	barbacoa
naptan:StopType,BCT,naftan:StopType	=	BCT
heritage:operator,bda,
source:geometry,BDOrtho IGN,
source:ele,BDOrtho IGN Hydroghaphie,
source:ele,BDOrtho IGN Hydrographie,
source:ele,BDOrtho␣IGN␣Hydroghaphie,font:el	=	BDOrtho␣IGN␣Hydroghaphie
source:ele,BDOrtho␣IGN␣Hydrographie,font:el	=	BDOrtho␣IGN␣Hydrographie
source:building,BDOT,
access,bdouble,accés	=	bdoble
source:maxspeed,BE-BRU:urban,font:maxspeed	=	BE-BRU:urbà
zone:traffic,BE-BRU:urban,zona:tràfic	=	BE-BRU:urbà
cycle_network,BE-VLG:cycle_highway,xarxa de bicicletes	=	BE-VLG:carretera ciclista
source:maxspeed,BE-VLG:rural,font:maxspeed	=	BE-VLG:rural
zone:traffic,BE-VLG:rural,zona:tràfic	=	BE-VLG:rural
source:maxspeed,BE-VLG:urban,font:maxspeed	=	BE-VLG:urbà
zone:traffic,BE-VLG:urban,zona:tràfic	=	BE-VLG:urbà
source:maxspeed,BE-WAL:rural,font:maxspeed	=	BE-WAL:rural
zone:traffic,BE-WAL:rural,zona:tràfic	=	BE-WAL:rural
source:maxspeed,BE-WAL:urban,font:maxspeed	=	BE-WAL:urbà
zone:traffic,BE-WAL:urban,zona:tràfic	=	BE-WAL:urbà
source:maxspeed,BE:zone30,
leisure,beach,temps lliure	=	platja
natural,beach,natural	=	platja
building,beach_hut,edifici	=	cabana de platja
leisure,beach_resort,lleure	=	balneari
sport,beachvolleyball,esport	=	voleibol de platja
airmark,beacon,marca aèria	=	Far
indoormark,beacon,marca d'interior	=	Far
landmark,beacon,punt de referència	=	Far
man_made,beacon,artificial	=	Far
seamark,beacon,marca	=	Far
survey_point:structure,beacon,punt d'enquesta: estructura	=	Far
seamark:type,beacon_cardinal,marca de mar:tipus	=	beacon_cardenal
seamark:type,beacon_isolated_danger,marca de mar: tipus	=	balisa_aïllat_perill
seamark:type,beacon_lateral,marca de mar: tipus	=	balisa_lateral
seamark:type,beacon_safe_water,marca de mar: tipus	=	balisa d'aigua segura
seamark:type,beacon_special_purpose,marca de mar: tipus	=	beacon_special_purpose
bridge:structure,beam,pont:estructura	=	fes
man_made,beam,artificial	=	fes
amenity,bear_box,amenitat/servei	=	caixa d'ós
shop,beauty,botiga	=	bellesa
shop,bed,botiga	=	llit
guest_house,bed_and_breakfast,Casa de convidats	=	llit i esmorzar
tourism,bed_and_breakfast,turisme	=	llit i esmorzar
natural,bedrock,natural	=	base
cuisine,beef_bowl,cuina	=	bol de carn
man_made,beehive,fet per l'home	=	Rusc
craft,beekeeper,artesania	=	apicultor
content,beer,contingut	=	cervesa
product,beer,producte	=	cervesa
healthcare:speciality,behavior,sanitat:especialitat	=	conducta
building:colour,beige,
seamark:fog_signal:category,bell,seamark: senyal de boira: categoria	=	campana
inlet,bell_mouth,entrada	=	boca de campana
outlet,bell_mouth,presa de corrent	=	boca de campana
tower:type,bell_tower,torre:tipus	=	campanar
maxheight,below_default,
amenity,bench,amenitat/servei = banc per seure’s
memorial,bench,monument	=	taula de treball
type,benchmark,tipus	=	punt de referència
lamp_mount,bent_mast,muntatge_de_lampada	=	mastil_doblat
lamp_mount,bent␣mast,muntatge_de_lampada	=	màstil doblegat
defensive,bergfried,defensiu	=	bergfried
category,berkad,
barrier,berm,barrera	=	Berma
seamark:type,berth,marca de mar:tipus	=	atracar
seamark:restricted_area:restriction,berthing_prohibited,seamark:àrea restringida:restricció	=	prohibit atracar
seamark:restricted_area:restriction,berthing_restricted,seamark:àrea restringida:restricció	=	atracament restringit
shop,betting,botiga	=	aposta
genus,Betula,gènere	=	Bètula
species,Betula pendula,
species,Betula␣alba,espècies	=	Betula␣alba
species,Betula␣papyrifera,espècies	=	Betula␣papyrifera
species,Betula␣pendula,espècies	=	Betula␣pèndula
species,Betula␣sp,espècies	=	Betula␣sp
species,Betula␣verrucosa,espècies	=	Betula␣verrucosa
species,betulus,espècies	=	betulus
shop,beverages,botiga	=	begudes
wholesale,beverages,majorista	=	begudes
maxspeed,BG:urban,màxima velocitat	=	BG:urbà
naptan:PlusbusZoneRef,BHAMNWS,naptà:PlusbusZoneRef	=	BHAMNWS
sport,biathlon,esport	=	biatló
club,bicycle,club	=	bicicleta
parking_space,bicycle,plaça d'aparcament	=	bicicleta
route,bicycle,ruta	=	bicicleta
shop,bicycle,botiga	=	bicicleta
amenity,bicycle_library,amenitat/servei	=	biblioteca de bicicletes
amenity,bicycle_parking,amenitat/servei	=	Pàrquing de bicicletes
amenity,bicycle_rental,amenitat/servei	=	lloguer de bicicletes
shop,bicycle_repair,botiga	=	reparació de bicicletes
amenity,bicycle_repair_station,amenitat/servei	=	estació_de_reparació_de_bicicletes
amenity,bicycle_trailer_sharing,amenitat/servei	=	compartir remolc de bicicleta
vending,bicycle_tube,venda	=	bicicleta_tub
amenity,biergarten,amenitat/servei	=	biergarten
attraction,big_wheel,atracció	=	roda gran
site_type,bigstone,tipus de lloc	=	Pedra gran
cycleway,bike_box,carril bici	=	caixa de bicicleta
amenity,bike_parking,amenitat/servei	=	estacionament de bicicletes
amenity,bikeshed,amenitat/servei	=	cobert per a bicicletes
sport,billards,esport	=	billar
advertising,billboard,publicitat	=	cartellera
sport,billiards,esport	=	billar
source:area,Bing,font:àrea	=	Bing
source:building,Bing,font:edifici	=	Bing
source:building,bing,
source:geometry,Bing,font: geometria	=	Bing
source:geometry,bing,
source:outline,Bing,
source:position,Bing,
source:position,bing,
source:surface,Bing,font:superfície	=	Bing
source:position,"bing (0,0)",
source:geometry,Bing 2012,
source:geometry,Bing aerial imagery,
source:position,"bing HR(0,0)",
source:position,bing HR(0;0),
source:position,Bing Imagery,
source:position,"bing(0,0)","font:posició	=	bing(0,0)"
source:geometry,Bing+Mapbox,
source:geometry,Bing+Mapbox Sat.,
source:position,bing␣HR(0;0),font:posició	=	bing␣HR(0;0)
leisure,bingo_hall,temps lliure	=	sala de bingo
source:imagery,"BingSat, ESRI, and other open satellite imagery available to OSM as of 2023",
source:imagery,"BingSat, ESRI, and other open satellite imagery available to OSM as of 2024",
source:imagery,"BingSat, ESRI, and other open satellite imagery available to OSM as of 2025",
amenity,binoculars,amenitat/servei	=	prismàtics
healthcare:speciality,biochemistry,sanitat:especialitat	=	bioquímica
generator:source,biofuel,generador:font	=	biocombustible
power_source,biofuel,font d'alimentació	=	biocombustible
generator:source,biogas,generador:font	=	biogàs
hazard,biohazard,perill	=	risc biològic
healthcare:speciality,biological_haematology,sanitat:especialitat	=	hematologia biològica
healthcare:speciality,biology,sanitat:especialitat	=	biologia
generator:source,biomass,generador:font	=	biomassa
plant:source,biomass,planta:font	=	biomassa
man_made,bioreactor,fet per l'home	=	bioreactor
man_made,bioswale,artificial	=	canal biològic
amenity,bird_bath,amenitat/servei	=	bany d'ocells
man_made,bird_feeder,fet per l'home	=	menjadora per a ocells
leisure,bird_hide,temps lliure	=	pell d'ocell
zoo,birds,zoo	=	aus
natural,birds_nest,natural	=	niu de Ocell
genus:de,Birke,
healthcare,birthing_center,cura de la salut	=	centre de maternitat
healthcare,birthing_centre,cura de la salut	=	centre de maternitat
surface,bitmac,superfície	=	bitmac
building:colour,black,edifici:color	=	negre
colour,black,color	=	negre
colour:arrow,black,color:fletxa	=	negre
colour:text,black,color:text	=	negre
ref:colour_tx,black,ref:color_tx	=	negre
seamark:beacon_special_purpose:colour,black,seamark:beaamb propòsit especial:color	=	negre
seamark:buoy_special_purpose:colour,black,seamark:boia propòsit especial:color	=	negre
seamark:topmark:colour,black,marca de mar:marca de topall:color	=	negre
seamark:beacon_isolated_danger:colour,black;red;black,"seamark:far aïllat perill:color	=	negre, vermell, negre"
seamark:buoy_isolated_danger:colour,black;red;black,"marca:boia aïllat perill:color	=	negre, vermell, negre"
seamark:beacon_cardinal:colour,black;yellow,seamark:balisa cardenal:color	=	groc negre
seamark:buoy_cardinal:colour,black;yellow,marca:boia cardenal:color	=	groc negre
seamark:beacon_cardinal:colour,black;yellow;black,seamark:balisa cardenal:color	=	negre;groc;negre
seamark:buoy_cardinal:colour,black;yellow;black,marca:boia cardenal:color	=	negre;groc;negre
craft,blacksmith,artesania	=	ferrer
leisure,bleachers,lleure	=	grades
heritage:operator,BLfD,patrimoni:operador	=	BLfD
school,blind,escola	=	cec
barrier,block,barrera	=	bloquejar
building:material,block,material de construcció	=	bloquejar
place,block,lloc	=	bloquejar
railway:signal:main:function,block,
survey_point:structure,block,punt d'enquesta: estructura	=	bloquejar
addr:block:en,Block 1,
addr:block:en,Block␣1,adreça: bloc:	=	Bloc␣1
railway,blockpost,ferrocarril	=	pal de bloqueig
amenity,blood_bank,amenitat/servei	=	Banc de Sang
healthcare,blood_bank,cura de la salut	=	Banc de Sang
healthcare:speciality,blood_check,sanitat:especialitat	=	anàlisi de sang
healthcare,blood_donation,cura de la salut	=	donació de sang
natural,blowhole,natural	=	bufada
colour,blue,color	=	blau
colour:back,blue,color:esquena	=	blau
light:colour,blue,
seamark:beacon_special_purpose:colour,blue,seamark:beaamb propòsit especial:color	=	blau
seamark:buoy_special_purpose:colour,blue,seamark:boia propòsit especial:color	=	blau
seamark:light:colour,blue,marca:llum:color	=	blau
memorial,blue_plaque,monument	=	placa_blau
trees,blueberry_plants,arbres	=	blueberry_plants
sinkhole,bluehole,embornal	=	forat blau
sport,bmx,esport	=	bmx
advertising,board,publicitat	=	junta
board_type,board,tipus de placa	=	junta
information,board,informació	=	junta
seamark:distance_mark:category,board,marca de mar: marca de distància: categoria	=	junta
seamark:topmark:shape,board,marca de mar:marca de topall:forma	=	junta
pilotage,boarding_point,pilotatge	=	punt d'embarcament
bridge,boardwalk,pont	=	passeig marítim
ford,boat,gual	=	pot
rental,boat,lloguer	=
route,boat,ruta	=	pot
shop,boat,botiga	=	pot
seamark:small_craft_facility:category,boat_hoist,seamark:instal·lació per a embarcacions petites:categoria	=	polipast de vaixell
waterway,boat_lift,camí aquàtic	=	elevador de vaixells
shop,boat_parts,botiga	=	parts del vaixell
amenity,boat_rental,amenitat/servei	=	lloguer_de_vaixells
shop,boat_repair,botiga	=	reparació de vaixells
attraction,boat_ride,atracció	=	passeig en pot
amenity,boat_sharing,amenitat/servei	=	vaixell compartit
amenity,boat_storage,amenitat/servei	=	vaixell_emmagatzematge
craft,boatbuilder,artesania	=	constructor de pots
building,boathouse,edifici	=	cobert
seamark:small_craft_facility:category,boatyard,seamark:instal·lació per a embarcacions petites:categoria	=	drassana
waterway,boatyard,camí aquàtic	=	drassana
sport,bobsleigh,esport	=	bobsleigh
boules,bocce,petanca	=	petanca
healthcare:speciality,body,sanitat:especialitat	=	cos
amenity,body_scale,amenitat/servei	=	bàscula corporal
wetland,bog,aiguamoll	=	pantà
coastline,bogus,línia costanera	=	FALS
drinking_water,boil,aigua potable	=	bullir
generator:type,boiler,generador: tipus	=	caldera
barrier,bollard,barrera	=	noray
bicycle_parking,bollard,Pàrquing de bicicletes	=	noray
seamark:mooring:category,bollard,marca:amarre:categoria	=	noray
addr:city:it,Bolzano,direcció:ciutat:it	=	Bolzano
historic,bomb_crater,històric	=	cràter_bomba
military,bombcrater,militar	=	cràter de bombes
craft,bookbinder,artesania	=	enquadernador
shop,bookmaker,botiga	=	corredor d'apostes
shop,books,botiga	=	llibres
vending,books,venda	=	llibres
barrier,boom,barrera	=	auge
seamark:obstruction:category,boom,marca:obstrucció:categoria	=	auge
covered,booth,cobert	=	lloc
railway,border,ferrocarril	=	frontera
seamark:topmark:colour_pattern,border,marca de mar: marca de topall: patró de color	=	frontera
barrier,border_control,barrera	=	control fronterer
government,border_control,govern	=	control fronterer
boundary,border_zone,Perímetre	=	zona fronterera
man_made,borehole,artificial	=	pou
place,borough,lloc	=	ciutat
garden:type,botanical,jardí: tipus	=	botànic
TMC:cid_58:tabcd_1:Direction,both,TMC:cid_58:tabcd_1:Direcció	=	ambdues coses
cycleway,both,carril bici	=	ambdues coses
direction,both,direcció	=	ambdues coses
flow_direction,both,direcció del flux	=	ambdues coses
footway,both,senda	=	ambdues coses
railway:preferred_direction,both,ferrocarril: adreça_preferida	=	ambdues coses
shoulder,both,espatlla	=	ambdues coses
sidewalk,both,vorera	=	ambdues coses
survey_point:purpose,both,punt d'enquesta: propòsit	=	ambdues coses
traffic_signals:direction,both,senyals_de_tràfic:direcció	=	ambdues coses
fountain,bottle_refill,font	=	recàrrega d'ampolla
vending,bottle_return,venda	=	devolució d'ampolla
drink:viez,bottled,beguda: vez	=	embotellat
boules,boule_de_fort,petanca	=	bola de forta
sport,boules,esport	=	petanca
type,boundary,tipus	=	Perímetre
historic,boundary_stone,històric	=	límit_pedra
shop,boutique,botiga	=	boutique
sport,bowling,esport	=	bitlles
leisure,bowling_alley,temps lliure	=	bolera
sport,bowls,esport	=	botxes
sport,boxing,esport	=	boxa
addr:city:de,Bozen,
survey_point:structure,bracket,punt d'enquesta: estructura	=	suport
line_management,branch,maneig de línia	=	branca
power,branch,poder	=	sucursal
tower:type,branch,torre:tipus	=	sucursal
usage,branch,ús	=	branca
embassy,branch_embassy,ambaixada	=	sucursal de l'ambaixada
material,brass,material	=	llautó
cuisine,brazilian,cuina	=	brasiler
vending,bread,venda	=	pa de motlle
cuisine,breakfast,cuina	=	esmorzar
cuisine,breakfast;pancake,cuina	=	esmorzar; pancakes
man_made,breakwater,artificial	=	escullera
seamark:shoreline_construction:category,breakwater,seamark:litoral construcció:categoria	=	esculleres
landuse,breeding,ús del sòl	=	cria
boules,breton,petanca	=	bretó
building,brewery,edifici	=	cerveseria
craft,brewery,artesania	=	cerveseria
industrial,brewery,industrial	=	cerveseria
shop,brewing_supplies,botiga	=	subministraments d'elaboració de cervesa
building:cladding,brick,edifici: revestiment	=	maó
building:material,brick,material de construcció	=	maó
building:walls,brick,edifici: parets	=	maó
material,brick,material	=	maó
surface,brick,superfície	=	maó
wall,brick,paret	=	maó
product,bricks,producte	=	maons
surface,bricks,superfície	=	maons
industrial,brickworks,industrial	=	fàbrica de maons
industrial,brickyard,industrial	=	fàbrica de maons
building,bridge,edifici	=	pont
historic,bridge,històric	=	pont
location,bridge,localització	=	pont
man_made,bridge,artificial	=	pont
playground,bridge,parc infantil	=	pont
seamark:type,bridge,marca de mar: tipus	=	pont
signal_station,bridge,estació de senyals	=	pont
tower:type,bridge,torre:tipus	=	pont
type,bridge,tipus	=	pont
seamark:buoy_lateral:category,bridge_pier,marca:boia lateral:categoria	=	moll del pont
construction,bridleway,construcció	=	camí de ferradura
highway,bridleway,carretera	=	camí de ferradura
leaf_type,broadleaved,tipus_full	=	de fulla ampla
material,bronze,material	=	bronze
waterway,brook,camí aquàtic	=	rierol
amenity,brothel,amenitat/servei	=	bordell
building:colour,brown,edifici:color	=	marró
colour,brown,color	=	marró
landuse,brownfield,ús del sòl	=	zona industrial abandonada
ssr:type,bruk,ssr: tipus	=	Bruk
cuisine,brunch,cuina	=	desesmorzar
amenity,bts,amenitat/servei	=	BTS
cuisine,bubble_tea,cuina	=	Te de bombolles
fountain,bubbler,font	=	bombollejador
religion,buddhist,religió	=	budista
seamark:landmark:function,buddhist_temple,marca:punt de referència:funció	=	temple budista
import,budovy201004,importar	=	budovy201004
import,budovy201004drev,importar	=	budovy201004drev
railway,buffer_stop,ferrocarril	=	parada_bufer
lane,buffered,carril	=	esmorteït
amenity,buggy_parking,amenitat/servei	=	estacionament de buggy
craft,builder,artesania	=	constructor
construction,building,
historic,building,històric	=	edifici
ruins,building,
seamark:type,building,marca de mar:tipus	=	edifici
shelter_type,building,refugi_tipus	=	edifici
surveillance:zone,building,vigilància: zona	=	edifici
type,building,tipus	=	edifici
shop,building_materials,botiga	=	materials de construcció
tunnel,building_passage,túnel	=	edifici_passatge
wholesale,building_services,majorista	=	serveis_edificis
landuse,building_site,ús del sòl	=	lloc de construcció
trade,building_supplies,comerç	=	materials de construcció
amenity,building_yard,amenitat/servei	=	pati de construcció
dataset,buildings,conjunt de dades	=	edificis
dcgis:dataset,buildings,dcgis: conjunt de dades	=	edificis
source:filename,buildings.gml,font: nom de fitxer	=	edificis.gml
harbour:category,bulk,port:categoria	=	bony
tiger:upload_uuid,bulk_upload.pl-106854db-ba6b-4a06-906c-108de5574a89,
tiger:upload_uuid,bulk_upload.pl-a63d01ec-aa34-45c6-95e2-2eb9014697f7,
tiger:upload_uuid,bulk_upload.pl-b2892a76-a19b-4e01-b00b-ec3685f89fb9,tigre:upload_uuid	=	carga_bulk.pl-b2892a76-a19b-4e01-b00b-ec3685f89fb9
sport,bullfighting,esport	=	toreig
hazard,bump,perill	=	bony
traffic_calming,bump,calmar el trànsit	=	bony
barrier,bump_gate,barrera	=	cop_porta
building,bungalow,edifici	=	bungalow
house,bungalow,casa	=	bungalow
building,bunker,edifici	=	búnquer
golf,bunker,golf	=	búnquer
historic,bunker,històric	=	búnquer
military,bunker,militar	=	búnquer
man_made,bunker_silo,artificial	=	búnquer_silo
seamark:type,bunker_station,marca de mar: tipus	=	estació de búnquer
man_made,buoy,fet per l'home	=	boia
seamark,buoy,marca	=	boia
seamark:mooring:category,buoy,marca:amarre:categoria	=	boia
seamark:type,buoy_cardinal,marca de mar: tipus	=	boya_cardinal
seamark:type,buoy_installation,marca de mar: tipus	=	instal·lació de boies
seamark:type,buoy_isolated_danger,marca de mar: tipus	=	boia perill aïllat
seamark:type,buoy_lateral,marca de mar: tipus	=	boya_lateral
seamark:type,buoy_safe_water,marca de mar:tipus	=
seamark:type,buoy_special_purpose,marca de mar: tipus	=	boia_propòsit_especial
amenity,bureau_de_change,amenitat/servei	=	canvi de moneda
cuisine,burger,cuina	=	hamburguesa
cemetery,burial_forest,cementiri	=	bosc funerari
parking_space,bus,plaça d'aparcament	=	autobús
route,bus,ruta	=	autobús
route_master,bus,ruta_mestra	=	autobús
service,bus,Servei	=	autobús
highway,bus_guideway,autopista	=	bus_guideway
amenity,bus_station,amenitat/servei	=	estació d'autobusos
amenity,bus_stop,amenitat/servei	=	parada d'autobús
highway,bus_stop,carretera	=	parada d'autobús
road_marking,bus_stop,=
barrier,bus_trap,barrera	=	parany d'autobús
line,busbar,línia	=	barra col·lectora
power,busbar,poder	=	barra col·lectora
operator:type,business,
shop,business_machines,botiga	=	màquines comercials
artwork_type,bust,tipus d'obra d'art	=	bust
memorial,bust,monument	=	bust
highway,busway,autopista	=	via d'autobús
service,busway,Servei	=	via d'autobús
shop,butcher,botiga	=	carnisser
wholesale,butcher,majorista	=	carnisser
natural,butte,natural	=	mota
valve,butterfly,vàlvula	=	papallona
zoo,butterfly,zoo	=	papallona
maxspeed,BY:urban,màxima velocitat	=	PER:urbà
vending,bycicle_tube,venda	=	tub de bicicleta
construction,byway,construcció	=	camí apartat
designation,byway_open_to_all_traffic,designació	=	camí obert a tot el trànsit
ewmapa:kod_znakowy,BZO,
ref,C,
KSJ2:curve_id,c00001,
tiger:CLASSFP,C1,tigre: CLASEFP	=	C1
railway:track_class,C3,
building,cabin,edifici	=	cabina
craft,cabinet_maker,artesania	=	ebenista
power,cable,energia	=	cable
seamark:beacon_special_purpose:category,cable,seamark:beaamb propòsit especial:categoria	=	cable
seamark:type,cable_area,marca de mar: tipus	=	àrea de cables
barrier,cable_barrier,barrera	=	cable_barrera
aerialway,cable_car,via aèria	=	Telefèric
power,cable_distribution,poder	=	distribució_de_cable
power,cable_distribution_cabinet,poder	=	armari_de_distribució_de_cables
seamark:type,cable_overhead,marca de mar:tipus	=	cable_superior
seamark:type,cable_submarine,marca de mar:tipus	=	cable_submarí
bridge:structure,cable-stayed,pont:estructura	=	enretirat
trees,cacao_trees,arbres	=	arbres de cacau
government,cadaster,govern	=	cadastre
source,cadastre-dgi-fr_source_:_Direction_Générale_des_Finances_Publiques_-_Cadastre_;_mise_à_jour_:_2008,font	=	cadastre-dgi-fr font : Direction Générale des Finances Publiques - Cadastre ; posada al dia: 2008
club,cadet,club	=	cadet
amenity,cafe,"Un cafè és un petit restaurant o cafeteria que serveix àpats lleugers, aperitius, cafè i altres begudes | amenitat/servei	=	cafeteria"
shop,cafe,botiga	=	cafeteria
fast_food,cafeteria,menjar ràpid	=	cafeteria
landmark,cairn,punt de referència	=	fita
man_made,cairn,artificial	=	fita
seamark:beacon_special_purpose:shape,cairn,seamark:beaamb propòsit especial:forma	=	fita
seamark:landmark:category,cairn,marca:punt de referència:categoria	=	fita
trailblazed,cairns,pioner	=	fites
cuisine,cake,cuina	=	pastís
natural,caldera,natural	=	caldera
sport,calisthenics,esport	=	calistènia
office,call_center,oficina	=	centre de trucades
office,call_centre,oficina	=	centre de trucades
shop,call_shop,botiga	=	locutori
species,calleryana,espècies	=	calleryana
seamark:type,calling-in_point,marca de mar: tipus	=	punt de trucada
species,Callistemon␣salignus,espècies	=	Callistemon␣salignus
species,Callistemon␣viminalis,espècies	=	Callistemon␣viminalis
source:hgv:national_network,Caltrans http://www.dot.ca.gov/hq/traffops/trucks/truckmap/,
source:hgv:national_network,Caltrans␣http://www.dot.ca.gov/hq/traffops/trucks/truckmap/,font:hgv:red_nacional	=	Caltrans␣http://www.dot.ca.gov/hq/traffops/trucks/truckmap/
genus,Camellia,gènere	=	Camèlia
species,Camellia␣sinensis␣(L.),espècies	=	Camèlia␣sinensis␣(L.)
species,Camellia␣sinensis␣(L.)␣Kuntze,espècies	=	Camellia␣sinensis␣(L.)␣Kuntze
shop,camera,botiga	=	càmera
surveillance:type,camera,vigilància: tipus	=	càmera
camp_site,camp_pitch,càmping	=	camp de campament
tourism,camp_pitch,turisme	=	camp_pitch
tourism,camp_site,turisme	=	càmping
man_made,campanile,fet per l'home	=	campanar
office,camping,oficina	=	càmping
seamark:buoy_cardinal:shape,can,marca de mar: boia cardinal: forma	=	pot
seamark:buoy_isolated_danger:shape,can,marca:boia aïllat perill:forma	=	pot
seamark:buoy_lateral:shape,can,marca:boia lateral:forma	=	pot
seamark:buoy_safe_water:shape,can,marca:boia aigua segura:forma	=	pot
seamark:buoy_special_purpose:shape,can,seamark:boia propòsit especial:forma	=	pot
crop,cana-de-açúcar,cultiu	=	cana-de-sucre
sport,canadian_football,esport	=	futbol canadenc
landuse,canal,ús del sòl	=	canal
route,canal,ruta	=	canal
tunnel,canal,túnel	=	canal
water,canal,aigua	=	canal
waterway,canal,camí aquàtic	=	canal
NHD:FType,CanalDitch,NHD: Tipus F	=	canalzanja
gnis:ftype,CanalDitch,
sport,candlepin,esport	=	canelobre
shop,candles,botiga	=	espelmes
vending,candles,venda	=	espelmes
shop,cannabis,botiga	=	canabis
historic,cannon,històric	=	canó
boat:type,canoe,vaixell:tipus	=
route,canoe,ruta	=	canoa
sport,canoe,esport	=	canoa
amenity,canoe_hire,amenitat/servei	=	lloguer de canoes
shop,canoe_hire,botiga	=	lloguer de canoes
sport,canoe_polo,esport	=	pol de canoa
aerialway,canopy,via aèria	=	pavelló
building,canopy,edifici	=	pavelló
man_made,canopy,artificial	=	pavelló
amenity,canteen,amenitat/servei	=	cantina
bridge,cantilever,pont	=	biga voladissa
political_division,canton,divisió política	=	cantó
religion,caodaism,religió	=	caodaisme
natural,cape,natural	=	capa
shop,car,botiga	=	cotxe
craft,car_painter,artesania	=	pintor de cotxes
shop,car_parts,botiga	=	peces d'automòbil
wholesale,car_parts,majorista	=	peces_de_cotxes
amenity,car_pooling,amenitat/servei	=	cotxe_compartit
police,car_pound,policia	=	lliura de cotxe
amenity,car_rental,amenitat/servei	=	lloguer de cotxes
amenity,car_repair,amenitat/servei	=	reparació de cotxes
craft,car_repair,artesania	=	reparació de cotxes
police,car_repair,policia	=	reparació de cotxes
shop,car_repair,botiga	=	reparació de cotxes
shop,car_service,botiga	=	Servei d'auto
amenity,car_sharing,amenitat/servei	=	auto compartit
amenity,car_wash,amenitat/servei	=	rentat de cotxes
parking_space,caravan,plaça d'aparcament	=	caravana
shop,caravan,botiga	=	caravana
tourism,caravan_site,turisme	=	lloc de caravanes
club,card_games,club	=	jocs de cartes
healthcare:speciality,cardiac_surgery,sanitat:especialitat	=	cirurgia cardíaca
healthcare:speciality,cardiology,sanitat:especialitat	=	cardiologia
healthcare:speciality,cardiothoracic_surgery,sanitat:especialitat	=	cirurgia cardiotoràcica
port,cargo,Port	=	càrrega
seaway,cargo_port,via marítima	=	port de càrrega
cuisine,caribbean,cuina	=	carib
genus,Carica,gènere	=	carica
species,Carica␣papaya,espècies	=	Carica␣papaia
attraction,carousel,atracció	=	carrusel
craft,carpenter,artesania	=	fuster
shop,carpet,botiga	=	catifa
surface,carpet,superfície	=	catifa
craft,carpet_cleaner,artesania	=	netejador de catifa
man_made,carpet_hanger,fet per l'home	=	penjador de catifes
craft,carpet_layer,artesania	=	capa de catifa
amenity,carpet_washing,amenitat/servei	=	rentat de catifes
genus,Carpinus,gènere	=	Fuster
species,Carpinus betulus,
species,Carpinus␣betulus,espècies	=	Carpinus␣betulus
species,Carpinus␣betulus␣fastigiata,espècies	=	Carpinus␣betulus␣fastigiata
building,carport,edifici	=	cotxera
parking,carports,estacionament	=	cotxeres
room,carrel,habitació	=	racó en una biblioteca
golf,cartpath,golf	=	camí de carros
amenity,carwash,amenitat/servei	=	rentat de cotxes
trees,cashew_trees,arbres	=	anacards
amenity,casino,amenitat/servei	=	casino
leisure,casino,temps lliure	=	casino
crop,cassava,cultiu	=	mandioca
lamp_mount,cast␣steel␣mast,muntatge_de_lampada	=	Màstil␣d'acer␣fós
description,Castaña,
genus,Castanea,gènere	=	Castanea
species,Castanea sativa,
species,Castanea␣sativa,espècies	=	Castanea␣sativa
building,castle,edifici	=	castell
historic,castle,històric	=	castell
historic,castle_wall,històric	=	la paret del castell
wall,castle_wall,paret	=	la paret del castell
castle_type,castrum,tipus castell	=	castre
wood,casuarina,fusta	=	casuarina
species,Casuarina␣cunninghamiana,espècies	=	Casuarina␣cunninghamiana
cuisine,catalan,cuina	=	català
genus,Catalpa,gènere	=	Catalpa
species,Catalpa␣bignonioides,espècies	=	Catalpa␣bignonioides
power,catenary_mast,energia	=	catenària_pal
craft,caterer,artesania	=	proveïdor
building,cathedral,edifici	=	catedral
denomination,catholic,
barrier,cattle_grid,barrera	=	reixeta de retenció
highway,cattle_grid,autopista	=	reixeta de retenció
seamark:type,causeway,marca de mar: tipus	=	calçada elevada
location,cave,localització	=	cova
natural,cave,natural	=	cova
natural,cave_entrance,natural	=	cova_entrada
source:hgv:national_network,"CDOT ""Highway Data Explorer""",
source:hgv:national_network,"CDOT␣""Highway␣Data␣Explorer""","font:hgv:red_nacional	=	CDOT␣""Highway␣Data␣Explorer"""
genus,Cedrus,gènere	=	cedre
species,Cedrus␣atlantica,espècies	=	Cedrus␣atlàntica
species,Cedrus␣deodara,espècies	=	cedre␣deodara
camera:mount,ceiling,
shop,cell_phones,Buscar shop=mobile_phone	=	Buscar shop=mobile_phone
man_made,cellar_entrance,artificial	=	entrada_celler
genus,Celtis,gènere	=	celtís
species,Celtis australis,
species,Celtis␣australis,espècies	=	Celtis␣australis
species,Celtis␣occidentalis,espècies	=	Celtis␣occidentalis
floor:material,cement,pis: material	=	ciment
surface,cement,superfície	=	ciment
building:material,cement_block,material de construcció	=	bloc de ciment
historic,cemetery,històric	=	cementiri
landmark,cemetery,punt de referència	=	cementiri
landuse,cemetery,ús del sòl	=	cementiri
seamark:landmark:category,cemetery,marca:punt de referència:categoria	=	cementiri
memorial,cenotaph,monument	=	cenotafi
tomb,cenotaph,tomba	=	cenotafi
boundary,census,Perímetre	=	cens
operator:en,Central Japan Railway Company,
building,central_office,edifici	=	oficina central
telecom,central_office,telecomunicacions	=	oficina central
operator:en,Central␣Japan␣Railway␣Company,operador:ca	=	Central␣Japó␣Ferrocarril␣Empresa
education,centre,educació	=	centre
healthcare,centre,cura de la salut	=	centre
recycling_type,centre,tipus_de_reciclatge	=	centre
pump_mechanism,centrifugal,mecanisme de bomba	=	centrífug
addr:suburb,Centro,
building:floor,ceramics,edifici:pis	=	ceràmica
shop,ceramics,botiga	=	ceràmica
genus,Cerasus,gènere	=	Ceraso
species,Cerasus␣×␣yedoensis,operador:ref:FR:SIRET	=	Cerasus␣×␣yedoensis
genus,Cercis,gènere	=	cercis
species,Cercis␣siliquastrum,espècies	=	Cercis␣siliquastrum
crop,cereal,cultiu	=	cereal
man_made,ceremonial_gate,
boundary_name:cs,Česko-německá státní hranice,
seamark:notice:system,cevni,seamark:avís:sistema	=	cevni
roof:material,cgi,sostre: material	=	cgi
barrier,chain,barrera	=	cadena
seamark:mooring:category,chain,marca:amarre:categoria	=	cadena
fence_type,chain_link,cerca_tipus	=	baula de la cadena
amenity,chair,amenitat/servei	=	cadira
aerialway,chair_lift,via aèria	=	telecadira
building,chalet,edifici	=	xalet
tourism,chalet,turisme	=	xalet
genus,Chamaecyparis,gènere	=	Chamaecyparis
species,Chamaecyparis␣lawsoniana,espècies	=	Chamaecyparis␣lawsoniana
government,chamber,govern	=	càmera
megalith_type,chamber,tipus de megàlit	=	càmera
office,chamber,oficina	=	càmera
seamark:small_craft_facility:category,chandler,seamark:instal·lació per a embarcacions petites:categoria	=	veler
shop,chandler,botiga	=	veler
amenity,changing_room,amenitat/servei	=	vestuari
building,changing_rooms,edifici	=	vestidors
shelter_type,changing_rooms,tipus de refugi	=	vestidors
seamark:beacon_lateral:category,channel_left,marca:balisa lateral:categoria	=	canal esquerre
seamark:buoy_lateral:category,channel_left,marca:boia lateral:categoria	=	canal esquerre
seamark:beacon_lateral:category,channel_left_bank,marca:balisa lateral:categoria	=	marge esquerre del canal
seamark:beacon_lateral:category,channel_right,marca:balisa lateral:categoria	=	canal dret
seamark:buoy_lateral:category,channel_right,marca:boia lateral:categoria	=	canal dret
seamark:beacon_lateral:category,channel_right_bank,marca:balisa lateral:categoria	=	marge dret del canal
seamark:buoy_lateral:category,channel_separation,marca:boia lateral:categoria	=	separació de canals
building,chapel,edifici	=	capella
seamark:landmark:function,chapel,marca:punt de referència:funció	=	capella
source:addr,Chapel Hill Open Data,
product,charcoal,producte	=	carbó
historic,charcoal_pile,històric	=	pila_de_carbon_
man_made,charge_point,
parking_space,charging,plaça d'aparcament	=	carregant
amenity,charging_station,amenitat/servei	=	Estació de càrrega
amenity,charging_station/Tesla_Motors,amenitat/servei	=	estació de càrrega/Tesla Motors
office,charity,oficina	=	caritat
shop,charity,botiga	=	caritat
source:addr,Chatham County GIS,
barrier,chech_hedgehog,barrera	=	eriçó txetx
valve,check,vàlvula	=	controlar
waterway,check_dam,camí aquàtic	=	presa de control
amenity,checkpoint,amenitat/servei	=	control
military,checkpoint,militar	=	control
police,checkpoint,policia	=	control
seamark:type,checkpoint,marca de mar: tipus	=	control
craft,cheese,artesania	=	formatge
shop,cheese,botiga	=	formatge
utility,chemical,utilitat	=	químic
shop,chemist,botiga	=	químic
vending,chemist,venda	=	químic
trees,cherry_trees,arbres	=	cirerers
club,chess,club	=	escacs
sport,chess,esport	=	escacs
vending,chewing_gums,venda	=	xiclets
seamark:radio_station:category,chiaka,seamark:emissora de ràdio:categoria	=	Chiaka
barrier,chicane,barrera	=	crítica
traffic_calming,chicane,calmar el trànsit	=	crítica
cuisine,chicken,cuina	=	pollastre
building,chicken_coop,edifici	=	galliner
social_facility:for,child,social_facility:per	=	nen
healthcare:speciality,child_psychiatry,sanitat:especialitat	=	psiquiatria infantil
amenity,childcare,amenitat/servei	=	cura de nens
hazard,children,perill	=	nens
museum,children,museu	=	nens
man_made,chiller,artificial	=	refredador
landmark,chimney,punt de referència	=	Xemeneia
man_made,chimney,artificial	=	Xemeneia
seamark:landmark:category,chimney,marca:punt de referència:categoria	=	Xemeneia
craft,chimney_sweeper,artesania	=	escura-xemeneies
cuisine,chinese,cuina	=	xinès
religion,chinese_folk,religió	=	folklore xinès
sport,chinlone,esport	=	barbeta
surface,chipseal,superfície	=	segell de xip
healthcare:speciality,chiropractic,sanitat:especialitat	=	quiropràctica
shop,chocolate,botiga	=	xocolata
traffic_calming,choked_island,calmar el trànsit	=	illa ofegada
traffic_calming,choked_table,calmar el trànsit	=	taula ofegada
traffic_calming,choker,calmar el trànsit	=	collaret
health_facility:MG,CHRD,centre de salut:MG	=	CRD
religion,christian,religió	=	cristià
type,chronology,tipus	=	cronologia
health_facility:MG,CHRR,centre de salut:MG	=	CHRR
health_facility:MG,CHU,centre de salut:MG	=	CHU
building,church,edifici	=	església
historic,church,històric	=	església
seamark:landmark:function,church,marca:punt de referència:funció	=	església
landuse,churchyard,ús del sòl	=	cementiri
cuisine,churro,cuina=xurros ( xurreria )
man_made,chute_block,fet per l'home	=	bloc de rampa
building:material,CI␣sheet,material de construcció	=	full CI␣
vending,cigarettes,venda	=	cigarretes
waste,cigarettes,desaprofitar	=	cigarretes
cemetery,cillín,cementiri	=	cilín
building:material,ciment_block,material de construcció	=	ciment_block
ref:opendataparis:domanialit,CIMETIERE,ref:opendataparis:domanialit	=	CIMETER
amenity,cinema,amenitat/servei	=	cinema
turning_circle,circle,
political_division,circonscription_législative,divisió política	=	circumscripció legislativa
power,circuit,poder	=	circuit
switch,circuit_breaker,canviar	=	tallacircuits
power,circuit_segment,poder	=	segment de circuit
junction,circular,unió	=	circular
radio_transponder:category,circular,transponedor de ràdio:categoria	=	circular
shape,circular,
megalith_type,cist,tipus de megàlit	=	tomba
castle_type,citadel,tipus castell	=	ciutadella
genus,Citrus,gènere	=	Agris
species,Citrus␣×␣aurantium,espècies	=	Cítrics␣×␣aurantium
species,Citrus␣×sinensis,espècies	=	Cítrics␣×sinensis
species,Citrus␣aurantium,espècies	=	Citrus␣aurantium
archaeological_site,city,lloc arqueològic	=	ciutat
border_type,city,border_type	=	ciutat
map_size,city,
place,city,lloc	=	ciutat
site_type,city,tipus de lloc	=	ciutat
townhall:type,city,ajuntament:tipus	=	ciutat
place,city_block,lloc	=	Poma de la ciutat
historic,city_gate,històric	=	porta de la ciutat
traffic_sign,city_limit,senyal de trànsit	=	límit de la ciutat
barrier,city_wall,barrera	=	Muralla
historic,city_wall,històric	=	Muralla
amenity,citymap_post,amenitat/servei	=	publicació del mapa de la ciutat
historic,citywalls,històric	=	parets de la ciutat
building,civic,edifici	=	cívic
landuse,civic_admin,ús del sòl	=	administrador cívic
boundary,civil,Perímetre	=	civil
boundary,civil_parish,Perímetre	=	parròquia civil
designation,civil_parish,designació	=	parròquia civil
place,civil_parish,lloc	=	parròquia civil
man_made,clarifier,fet per l'home	=	clarificador
room,class,habitació	=	classe
piste:grooming,classic,pista: preparació	=	clàssic
piste:grooming,classic;skating,pista: preparació	=	clàssic; patinatge
piste:grooming,classic+skating,pista: preparació	=	patinatge+classic
building:material,clay,material de construcció	=	argila
surface,clay,superfície	=	argila
odbl,clean,odbl	=	net
craft,cleaning,artesania	=	neteja
man_made,clearcut,artificial	=	és clar
landuse,clearing,ús del sòl	=	és clar
natural,cliff,natural	=	penya-segat
sport,cliff_diving,esport	=	salt de penya-segat
LINZ:layer,cliff_edge,LINZ: capa	=	vora del penya-segat
natural,cliff/Archive/Proposal,natural	=	penya-segat/Arxiu/Proposta
sport,climbing,esport	=	escalada
sport,climbing_adventure,esport	=	escalada_aventura
playground,climbingframe,parc infantil	=	gronxador
playground,climbingwall,parc infantil	=	mur d'escalada
amenity,clinic,amenitat/servei	=	clínica
building,clinic,edifici	=	clínica
healthcare,clinic,cura de la salut	=	clínica
healthcare:speciality,clinic,especialitat:de_salut	=	clínica
healthcare:speciality,clinical_pathology,sanitat:especialitat	=	patologia clínica
amenity,cloakroom,amenitat/servei	=	guarda-roba
amenity,clock,amenitat/servei	=	rellotge
craft,clockmaker,artesania	=	rellotger
direction,clockwise,direcció	=	agulles del rellotge
turn_to_close,clockwise,girar per tancar	=	agulles del rellotge
operational_status,closed,estat operatiu	=	tancat
operational_status_quality,closed,estat_operatiu_qualitat	=	tancat
rental,clothes,lloguer	=
shop,clothes,botiga	=	roba
wholesale,clothes,majorista	=	roba
amenity,clothes_dryer,amenitat/servei	=	assecadora de roba
social_facility,clothing_bank,instal·lació social	=	banc de roba
natural,cloud,natural	=	núvol
amenity,club,amenitat/servei	=	club
leisure,club,temps lliure	=	club
community_centre,club_home,centre Comunitari	=	casa club
leisure,club_house,temps lliure	=	casa club
amenity,clubhouse,amenitat/servei	=	casa club
golf,clubhouse,golf	=	casa club
denotation,cluster,denotació	=	grup
source:postal_code,CNEFE,font: codi_postal	=	CNEFE
source:damage:Chido,CNES / Airbus,
substance,CNG,substància	=	GNC
route,coach,ruta	=	entrenador
generator:source,coal,generador:font	=	carbó
plant:source,coal,planta:font	=	carbó
power_source,coal,font d'alimentació	=	carbó
resource,coal,recurs	=	carbó
amenity,coast_guard,amenitat/servei	=	guardacostes
emergency,coast_guard,emergència	=	guardacostes
military_service,coast_guard,servei militar	=	guardacostes
amenity,coast_radar_station,amenitat/servei	=	estació de radar costanera
radio_transponder:category,coast_radio,transponedor de ràdio:categoria	=	ràdio de la costa
seamark:type,coastguard_station,marca de mar: tipus	=	estació de guardacostes
natural,coastline,natural	=	línia costanera
telecom:medium,coaxial,telecomunicacions: mitjà	=	coaxial
surface,cobblestone,superfície	=	còdols
surface,cobblestone:flattened,superfície	=	llamborda: aplanat
sport,cockfighting,esport	=	baralla de galls
trees,coconut_palms,arbres	=	palmeres_de_coco
genus,Cocos,gènere	=	Cocos
species,Cocos nucifera,
species,Cocos␣nucifera,espècies	=	Cocosnunucifera
species,Cocos␣nucifera␣L.,espècies	=	Cocos␣nucifera␣L.
source:addr:postcode,code-point_open,font:direcció:codi postal	=	codi-punt_obert
genus,Coffea,gènere	=	Cafè
trees,coffea_plants,arbres	=	cafe_plantes
crop,coffee,cultiu	=	cafè
shop,coffee,botiga	=	cafè
vending,coffee,venda	=	cafè
cuisine,coffee_shop,cuina	=	cafeteria
vending,coin_change_machine,venda	=	màquina de canvi de moneda
vending,coin_rolls,venda	=	rotllos de monedes
natural,col,natural	=	columna
building,collapsed,edifici	=	col·lapsat
type,collection,tipus	=	recopilació
shop,collector,botiga	=	col·leccionista
amenity,college,amenitat/servei	=	col·lega
building,college,edifici	=	col·lega
school:MG,collège,escola:MG	=	facultat
covered,colonnade,cobert	=	columnata
lit:perceived,colorless,encès: percebut	=	incolor
tomb,columbarium,tomba	=	palomera
advertising,column,publicitat	=	columna
building:part,column,edifici: part	=	columna
indoor,column,interior	=	columna
man_made,column,artificial	=	columna
seamark:landmark:category,column,marca:punt de referència:categoria	=	columna
species,colurna,espècies	=	columna
generator:type,combined_cycle,generador: tipus	=	cicle combinat
plant:type,combined_cycle,planta: tipus	=	cicle combinat
generator:method,combustion,generador: mètode	=	combustió
plant:method,combustion,planta:mètode	=	combustió
mechanical_driver,combustion_engine,conductor mecànic	=	motor de combustió
books,comic,llibres	=	còmic
building,commercial,"Un edifici comercial és una estructura utilitzada per a activitats empresarials, oficines i operacions comercials | edifici	=	comercial"
building:part,commercial,
building:use,commercial,edifici:ús	=	comercial
landuse,commercial,"L'ús comercial del sòl designa zones per a activitats empresarials, comerç, oficines i desenvolupament comercial | ús del sòl	=	comercial"
message,commercial,missatge	=	comercial
mooring,commercial,amarrador	=	comercial
type,commercial,tipus	=	comercial
seamark:radio_station:category,commercial_broadcast,seamark:emissora de ràdio:categoria	=	transmissió comercial
building,commercial;residential,edifici	=	residencial comercial
designation,common,designació	=	comú
leisure,common,lleure	=	comú
industrial,communication,industrial	=	comunicació
shop,communication,Buscar shop=telecommunication	=	Buscar shop=telecommunication
tower:type,communication,torre:tipus	=	comunicació
seamark:type,communication_area,marca de mar: tipus	=	àrea de comunicació
man_made,communications_tower,artificial	=	torre_de_comunicacions
garden:type,community,
healthcare:speciality,community,sanitat:especialitat	=	comunitat
operator:type,community,operador: tipus	=	comunitat
amenity,community_centre,amenitat/servei	=	centre Comunitari
building,community_group_office,edifici	=	oficina_del_grup_comunitari
healthcare,community_health_worker,cura de la salut	=	treballador comunitari de la salut
service,commuter,Servei	=	viatger diari a la feina
surface,compacted,superfície	=	comprimit
office,company,oficina	=	empresa
man_made,compass_rose,fet per l'home	=	Rosa dels vents
substation,compensation,subestació	=	compensació
power,compensator,poder	=	compensador
coastline:survey_quality,complete,litoral: qualitat d'aixecament	=	complet
material,composite,material	=	compost
amenity,compressed_air,amenitat/servei	=	aire comprimit
substation,compression,subestació	=	compressió
club,computer,club	=	ordinador
shop,computer,botiga	=	ordinador
training,computer,capacitació	=	ordinador
prison_camp,concentration_camp,camp de presoners	=	camp de concentració
amenity,concert_hall,amenitat/servei	=	sala de concerts
theatre:type,concert_hall,teatre: tipus	=	sala de concerts
amenity,concession_stand,amenitat/servei	=	lloc de menjar
building:material,concrete,material de construcció	=	concret
building:roof,concrete,edifici: sostre	=	concret
fence_type,concrete,cerca_tipus	=	concret
material,concrete,material	=	concret
product,concrete,producte	=	formigó
roof:material,concrete,sostre: material	=	concret
sidewalk:both:surface,concrete,
surface,concrete,"El formigó és un material compost dur i durador fet de ciment, àrids i aigua, utilitzat per a diverses superfícies | superfície	=	concret"
wall,concrete,paret	=	formigó
wall:material,concrete,paret: material	=	concret
building:material,concrete masonry unit,
wall,concrete_block,paret	=	bloc de concret
industrial,concrete_plant,industrial	=	planta concreta
building:material,concrete_reinforced,material de construcció	=	concret_reforçat
building:material,concrete;brick,material de construcció	=	formigó; maó
surface,concrete:lanes,superfície	=	concret:carrils
surface,concrete:plates,superfície	=	formigó: plaques
building:material,concrete␣masonry␣unit,material de construcció	=	unitat␣de␣mamposteria␣de␣concret
building,condominium,edifici	=	condomini
residential,condominium,Residencial	=	condomini
vending,condoms,venda	=	condons
seamark:topmark:shape,cone,marca de mar:marca de topall:forma	=	con
seamark:topmark:shape,"cone, point up",
seamark:topmark:shape,"cone,_point_down","marca de mar:marca de topall:forma	=	con, apuntar cap avall"
seamark:topmark:shape,"cone,_point_up","marca de mar:marca de topall:forma	=	con, apuntar cap amunt"
seamark:topmark:shape,"cone,␣point␣up","marca de mar:marca de topall:forma	=	con,␣punta␣cap amunt"
craft,confectionery,artesania	=	confiteria
shop,confectionery,botiga	=	confiteria
amenity,conference_centre,amenitat/servei	=	centre de conferències
building:structure,confined_masonary,Estructura de construcció	=	confinat_masonari
building:structure,confined_masonry,Estructura de construcció	=	maçoneria confinada
operational_status_quality,confirmed,estat_operacional_qualitat	=	confirmat
religion,confucian,religió	=	confucià
political_division,congressional_district,divisió política	=	districte congressual
seamark:buoy_cardinal:shape,conical,marca de mar: boia cardinal: forma	=	cònic
seamark:buoy_isolated_danger:shape,conical,marca:boia aïllat perill:forma	=	cònic
seamark:buoy_lateral:shape,conical,marca:boia lateral:forma	=	cònic
seamark:buoy_safe_water:shape,conical,marca:boia aigua segura:forma	=	cònic
seamark:buoy_special_purpose:shape,conical,seamark:boia propòsit especial:forma	=	cònic
wood,coniferous,fusta	=	conífer
piste:type,connection,pista: tipus	=	connexió
power,connection,poder	=	connexió
telecom,connection_point,telecomunicacions	=	punt de connexió
type,connectivity,tipus	=	connectivitat
landuse,conservation,ús del sòl	=	conservació
denomination,conservative,denominació	=	conservador
building,conservatory,edifici	=	conservatori
radio_transponder:category,consol,transponedor de ràdio:categoria	=	consolar
seamark:conspicuity,conspicious,marca: visibilitat	=	conspicu
seamark:conspicuity,conspicuous,marca: visibilitat	=	conspicu
seamark:landmark:conspicuity,conspicuous,marca:punt de referència:conficitat	=	conspicu
building,constructie,edifici	=	constructiu
building,construction,edifici	=	construcció
company,construction,empresa	=	construcció
highway,construction,carretera / carrer / camí / pont / autovia / autopista = en construcció o en obres impossibilitant el seu ús o rutatge
landuse,construction,ús del sòl	=	construcció
railway,construction,ferrocarril	=	construcció
waterway,construction,camí aquàtic	=	construcció
industrial,construction_company,industrial	=	companyia de construcció
office,construction_company,oficina	=	companyia de construcció
consulate,consular_agency,consolat	=	agència consular
consulate,consular_office,consolat	=	oficina consular
amenity,consulate,amenitat/servei	=	consolat
diplomatic,consulate,diplomàtic	=	consolat
consulate,consulate_general,consolat	=	consolat general
diplomatic,consulate_general,diplomàtic	=	consolat general
office,consulting,oficina	=	consultant
vending,contact_lenses,venda	=	lents de contacte
construction:electrified,contact_line,construcció: electrificat	=	línia_de_contacte
electrified,contact_line,electrificat	=	línia_de_contacte
proposed:electrified,contact_line,proposat: electrificat	=	línia_de_contacte
building,container,edifici	=	envàs
cargo,container,càrrega	=	envàs
harbour:category,container,port:categoria	=	envàs
recycling_type,container,tipus_de_reciclatge	=	envàs
type,container,tipus	=	envàs
railway,container_terminal,ferrocarril	=	contenidor terminal
hazard,contamination,perill	=	contaminació
border_type,contiguous,tipus de vora	=	contigu
place,continent,lloc	=	continent
todo,continue,de fer	=	Seguir
border_type,continuous,tipus de vora	=	continu
railway:rail,continuous,ferrocarril:carril	=	continu
traffic_signals,continuous_green,Senyals de trànsit	=	verd continu
tactile_paving,contrasted,
emergency,control_centre,emergència	=	centre de control
seamark:type,control_point,marca de mar: tipus	=	punt de control
shop,convenience,botiga	=	conveniència
shop,convenience;gas,botiga	=	conveniència; gas
building,convent,edifici	=	convent
amenity,convention_centre,amenitat/servei	=	Centre de convenció
power,converter,poder	=	convertidor
substation,converter,subestació	=	convertidor
transformer,converter,transformador	=	convertidor
comment,convertido a OSM usando http://GaleNUx.com,
comment,convertido␣a␣OSM␣usando␣http://GaleNUx.com,comentari	=	convertit␣a␣OSM␣usant␣http://GaleNUx.com
highway,conveyor,autopista	=	transportador
seamark:type,conveyor,marca de mar: tipus	=	transportador
basin,cooling,conca	=	refredament
man_made,cooling,artificial	=	refredament
tower:type,cooling,torre:tipus	=	refredament
man_made,cooling_tower,artificial	=	Torre de refredament
craft,cooper,artesania	=	coure
office,cooperative,oficina	=	cooperativa
building:material,copper,material de construcció	=	coure
roof:material,copper,sostre: material	=	coure
telecom:medium,copper,telecomunicacions: mitjà	=	coure
shop,copyshop,botiga	=	copisteria
reef,coral_reef,
species,cordata,espècies	=	cordata
designation,core_path,designació	=	ruta principal
crop,corn,cultiu	=	blat de moro
highway,corridor,carretera	=	corredor
indoor,corridor,interior	=	corredor
room,corridor,habitació	=	corredor
genus,Corylus,gènere	=	coril
species,Corylus colurna,
species,Corylus␣colurna,espècies	=	Corylus␣columna
species,Corymbia␣maculata,espècies	=	Corymbia␣maculata
beauty,cosmetics,bellesa	=	cosmètics
shop,cosmetics,botiga	=	productes cosmètics
wholesale,cosmetics,majorista	=	cosmètics
natural,couloir,natural	=	abisme
healthcare,counselling,cura de la salut	=	assessorament
place,country,lloc	=	país
shop,country_store,botiga	=	país_botiga
border_type,county,border_type	=	comtat
place,county,lloc	=	comtat
barrier,coupure,barrera	=	cupure
amenity,courier,amenitat/servei	=	missatger
office,courier,oficina	=	missatger
amenity,courthouse,amenitat/servei	=	palau de justícia
man_made,courtyard,artificial = pati | claustre
cuisine,couscous,cuina	=	cuscús
bridge,covered,pont	=	cobert
tunnel,covered,túnel	=	cobert
seamark:rock:water_level,covers,
healthcare:speciality,covid19,especialitat:de_salut	=	COVID-19 [feminine
vaccination,covid19,vacunació	=	COVID-19
office,coworking,oficina	=	treball col·laboratiu
amenity,coworking_space,amenitat/servei	=	espai de treball conjunt
building,cowshed,edifici	=	estable
shop,craft,botiga	=	artesania
source:geometry,CRAIG 2019 imagery,
crop,cranberries,cultiu	=	nabius
man_made,crane,artificial	=	grua
seamark:type,crane,marca de mar:tipus	=	grua
handle,crank,manejar	=	maneta
archaeological_site,crannog,lloc arqueològic	=	crannog
site_type,crannog,tipus de lloc	=	crannog
genus,Crataegus,gènere	=	Crataegus
species,Crataegus␣monogyna,espècies	=	Crataegus␣monogyna
natural,crater,natural	=	cràter
historic,creamery,històric	=	lleteria
amenity,crematorium,amenitat/servei	=	crematori
amenity,crematory,amenitat/servei	=	crematori
cuisine,crepe,cuina	=	crepe
natural,crevasse,natural	=	esquerda
sport,cricket,esport	=	Grill
man_made,cricket_nets,fet per l'home	=	xarxes de cricket
sport,cricket_nets,esport	=	xarxes_cricket
content,crop,contingut	=	cultiu
sport,croquet,esport	=	joc de croquet
landmark,cross,punt de referència	=	creuar
line_management,cross,maneig de línia	=	creuar
man_made,cross,artificial	=	creu
memorial,cross,monument	=	creuar
seamark:landmark:category,cross,marca:punt de referència:categoria	=	creuar
seamark:topmark:shape,cross,marca de mar:marca de topall:forma	=	creuar
athletics,cross_country,atletisme	=	a camp entremaliada
telecom,cross-connect,telecomunicacions	=	connexió creuada
mtb:type,crosscountry,mtb: tipus	=	a camp entremaliada
sport,crossfit,esport	=	crossfit
cycleway,crossing,carril bici	=	encreuament
footway,crossing,senda	=	encreuament
highway,crossing,carretera	=	encreuament
junction,crossing,unió	=	encreuament
path,crossing,sender	=	encreuament
railway,crossing,ferrocarril	=	encreuament
tower:type,crossing,torre:tipus	=	encreuament
railway,crossing_box,ferrocarril	=	caixa d'encreuament
railway,crossing_controller,ferrocarril	=	controlador d'encreuament
railway,crossover,ferrocarril	=	Transversal
service,crossover,Servei	=	Transversal
seamark:beacon_lateral:category,crossover_left,marca:balisa lateral:categoria	=	creuat a l'esquerra
seamark:beacon_lateral:category,crossover_right,marca:balisa lateral:categoria	=	encreuament dret
amenity,crucifix,amenitat/servei	=	crucifix
mooring,cruise,amarrador	=	creuer
seaway,cruise_port,via marítima	=	port de creuers
amenity,crypt,amenitat/servei	=	cripta
tomb,crypt,tomba	=	cripta
species,Cryptomeria␣japonica,espècies	=	Cryptomeria␣japonica
health_facility:MG,CSB1,centre de salut:MG	=	CSB1
health_facility:MG,CSB2,centre de salut:MG	=	CSB2
source:data,cugir.library.cornell.edu & gis.ny.gov/gisdata,
source:data,cugir.library.cornell.edu␣&␣gis.ny.gov/gisdata,dades font	=	cugir.library.cornell.edu␣&␣gis.ny.gov/gisdata
government,culture,govern	=	cultura
amenity,culture_center,amenitat/servei	=	Centre cultural
tunnel,culvert,túnel	=	claveguera
genus,Cupressus,gènere	=	cuprès
species,Cupressus sempervirens,
species,Cupressus␣sempervirens,espècies	=	Cupressus␣sempervirens
barrier,curb,barrera	=	frenar
sport,curling,esport	=	curling
cuisine,curry,cuina	=	curri
shop,curtain,botiga	=	cortina
hazard,curve,perill	=	corba
hazard,curves,perill	=	corbes
naptan:BusStopType,CUS,naptan:BusStopType	=	EE.UU.
traffic_calming,cushion,calmar el trànsit	=	coixí
car:parts,custom,peces d'automòbil	=	disfressa
motorcycle_friendly,customary,apte per a motocicletes	=	acostumat
access,customers,accés	=	clients
bicycle,customers,bicicleta	=	clients
foot,customers,peu	=	clients
internet_access:fee,customers,internet_access:tarifa	=	clients
motor_vehicle,customers,Vehicle de motor	=	clients
parking_space,customers,plaça d'aparcament	=	clients
toilets:access,customers,lavabos:accés	=
vehicle,customers,vehicle	=	clients
amenity,customs,amenitat/servei	=	duanes
government,customs,govern	=	duanes
survey_point:structure,cut,punt d'enquesta: estructura	=	Tall
man_made,cut_line,fet per l'home	=	línia de tall
man_made,cutline,artificial	=	línia de tall
source:addr,cuzk:ruian,font: direcció	=	cuzk:ruian
sport,cycle_ball,esport	=	bola de cicle
barrier,cycle_barrier,barrera	=	cicle_barrera
cycle_network,cycle_highway,xarxa de bicicletes	=	ciclovia
sport,cycle_polo,esport	=	pol ciclista
area:highway,cycleway,zona:carretera	=	carril bici
construction,cycleway,construcció	=	carril bici
highway,cycleway,"Un carril bici és una carretera o camí específicament designat per al trànsit de bicicletes, separat dels carrils de vehicles motoritzats | carretera	=	carril bici"
highway,cycleway_link,autopista	=	enllaç de carril bici
sport,cycling,esport	=	ciclisme
hazard,cyclists,perill	=	ciclistes
seamark:topmark:shape,cylinder,marca de mar:marca de topall:forma	=	cilindre
light:shape,cylindrical,llum:forma	=	cilíndric
maxspeed,CZ:urban,màxima velocitat	=	CZ:urbà
maxspeed:type,CZ:urban,
source:maxspeed,CZ:urban,
barrier,czech_hedgehog,barrera	=	eriçó txec
tank_trap,czech_hedgehog,trampa de tanc	=	eriçó txec
bmo:type,D,bmo: tipus	=	D
ref,D,
railway:track_class,D3,
railway:track_class,D4,ferrocarril: track_class	=	D4
species,dactylifera,espècies	=	dactilolifera
source:description,dadosabertos.cm-lisboa.pt,
shop,dairy,botiga	=	lactis
building,dam,edifici	=	represa
seamark:type,dam,marca de mar: tipus	=	represa
waterway,dam,camí aquàtic	=	presa
building,damaged,edifici	=	danyat
hazard,damaged_road,perill	=	camí danyat
wetland,dambo,aiguamoll	=	dambo
leisure,dance,temps lliure	=	ballar
leisure,dancing,temps lliure	=	ball
sport,dancing,esport	=	ball
amenity,dancing_school,amenitat/servei	=	escola de ball
military,danger_area,militar	=	perill_àrea
seamark:beacon_lateral:category,danger_left,marca:balisa lateral:categoria	=	perill deixat
seamark:buoy_lateral:category,danger_left,marca:boia lateral:categoria	=	perill deixat
seamark:beacon_lateral:category,danger_right,marca:balisa lateral:categoria	=	perill dret
seamark:buoy_lateral:category,danger_right,marca:boia lateral:categoria	=	perill dret
seamark:wreck:category,dangerous,marca:naufragi:categoria	=	perillós
hazard,dangerous_junction,perill	=	encreuament perillós
sport,darts,esport	=	dards
road_marking,dash,=
road_marking,dashed_crossing_edge,=
road_marking,dashed_give_way_line,=
crossing:markings,dashes,
building,data_center,edifici	=	centre de dades
telecom,data_center,telecomunicacions	=	centre de dades
building,data_centre,edifici	=	centre de dades
industrial,data_centre,industrial	=	centre de dades
telecom,data_centre,telecomunicacions	=	centre de dades
government,data_protection,govern	=	protecció de Dades
source:heritage,"data.gouv.fr, Ministère de la Culture - 2016",
source:heritage,"data.gouv.fr,␣Ministère␣de␣la␣Culture␣-␣2016","font: herència	=	data.gouv.fr,␣Ministère␣de␣la␣Culture␣-␣2016"
source:name,data.gov.au,
source:name,data.sa.gov.au,
telecom,datacenter,telecomunicacions	=	centre de dades
addr:postcode:source,"Date de la Poșta Română, publicate sub Licența pentru Guvernare Deschisă v1.0 la http://date.gov.ro/organization/posta-romana",
trees,date_palms,arbres	=	palmeres datileres
seamark:light:exhibition,day,marca:llum:exposició	=	dia
social_facility,day_care,instal·lacions_socials	=	guarderia
lit:perceived,daylike,encès: percebut	=	diürn
seamark:type,daymark,marca de mar: tipus	=	marca de dia
object:country,DE,objecte:país	=	Delaware
network:guid,DE-BW-VRN,
network:guid,DE-BY-MVV,
railway:signal:main:substitute_signal,DE-ESO:db:zs1,
railway:signal:main,DE-ESO:hp,ferrocarril:senyal:principal	=	D'ESO:hp
railway:signal:minor:states,DE-ESO:hp0;DE-ESO:sh1,ferrocarril:senyal:menor:estats	=	DE-ESO:hp0;DE-ESO:sh1
railway:signal:combined,DE-ESO:ks,
railway:signal:distant,DE-ESO:ks,
railway:signal:main,DE-ESO:ks,
railway:signal:distant:states,DE-ESO:ks1;DE-ESO:ks2,
railway:signal:speed_limit,DE-ESO:lf7,ferrocarril:senyal:speed_limit	=	D'ESO:lf7
railway:signal:traversable,DE-ESO:mastschild_rot-weiss,
railway:signal:minor,DE-ESO:sh,ferrocarril:senyal:menor	=	D'ESO:sh
railway:signal:minor,DE-ESO:sh1,
railway:signal:distant,DE-ESO:vr,ferrocarril:senyal:distant	=	D'ESO:vr
railway:signal:speed_limit,DE-ESO:zs3,ferrocarril:senyal:speed_limit	=	D'ESO:zs3
railway:signal:speed_limit_distant,DE-ESO:zs3v,
zone:maxspeed,DE:30,
traffic_sign:backward,DE:325.1,senyal de trànsit: al revés	=	DE:325.1
traffic_sign:forward,DE:325.1,senyal de trànsit: endavant	=	DE:325.1
traffic_sign:backward,DE:325.2,senyal de trànsit: al revés	=	DE:325.2
traffic_sign:forward,DE:325.2,senyal de trànsit: endavant	=	DE:325.2
operator:wikipedia,de:DB InfraGO,
operator:wikipedia,de:Deutsche Post AG,
workrules,DE:EBO,regles de treball	=	DE:EBO
source:maxspeed,DE:motorway,
zone:traffic,DE:motorway,zona:tràfic	=	DE:autopista
network:wikipedia,de:Rhein-Main-Verkehrsverbund,
maxspeed,DE:rural,màxima velocitat	=	DE:rural
maxspeed:type,DE:rural,velocitat màxima: tipus	=	DE:rural
source:maxspeed,DE:rural,
zone:traffic,DE:rural,zona:tràfic	=	DE:rural
maxspeed,DE:urban,màxima velocitat	=	ÉS:urbà
maxspeed:type,DE:urban,velocitat màxima: tipus	=	ÉS:urbà
source:maxspeed,DE:urban,
zone:traffic,DE:urban,zona:tràfic	=	ÉS:urbà
source:maxspeed,DE:zone,
source:maxspeed,DE:zone:30,
maxspeed:type,DE:zone30,velocitat màxima: tipus	=	DE:zone30
source:maxspeed,DE:zone30,
zone:traffic,DE:zone30,
amenity,dead_pub,amenitat/servei	=	taverna morta
service,dealer,Servei	=	distribuïdor
service,dealer;repair,Servei	=	distribuïdor;reparació
barrier,debris,barrera	=	runes
seamark:radio_station:category,decca,seamark:emissora de ràdio:categoria	=	deca
leaf_cycle,deciduous,cicle_full	=	caduc
wood,deciduous,fusta	=	caduc
mooring,declaration,amarrador	=	declaració
denotation,decoration,
waterway,deep_well,camí aquàtic	=	pou profund
seamark:type,deepwater_route,marca de mar: tipus	=	ruta d'aigües profundes
maxheight,default,Alçada màxima	=	per defecte
railway:switch,default,ferrocarril: interruptor	=	defecte
maxspeed:source,default residential speed limit in Australia,
type,defaults,tipus	=	predeterminats
railway,defect_detector,ferrocarril	=	detector de defectes
castle_type,defensive,tipus castell	=	defensiu
tower:type,defensive,torre:tipus	=	defensiu
emergency,defibrilator,emergència	=	desfibril·lador
emergency,defibrillator,emergència	=	desfibril·lador
condition,deficient,condició	=	deficient
source:prow_ref,definitive_statement,font: proa_ref	=	declaració_definitiva
diplomatic,delegation,diplomàtic	=	delegació
embassy,delegation,ambaixada	=	delegació
shop,deli,botiga	=	embotits
shop,delicatessen,botiga	=	Botigues Delicatessen
crossing_ref,delineated,referència d'encreuament	=	delineat
access,delivery,accés	=	entrega
hgv,delivery,vhg	=	entrega
motor_vehicle,delivery,Vehicle de motor	=	entrega
parking_space,delivery,plaça d'aparcament	=	entrega
design,delta,disseny	=	delta
camp_site,deluxe,càmping	=	de luxe
sac_scale,demanding_alpine_hiking,sac_escala	=	exigent_senderisme_alpí
sac_scale,demanding_mountain_hiking,sac_escala	=	exigent_muntanya_senderisme
building,demountable,edifici	=	desmuntable
heritage:operator:short,Denkmalamt Düsseldorf,
shrubbery:density,dense,
healthcare:speciality,dental_oral_maxillo_facial_surgery,sanitat:especialitat	=	cirurgia dental maxil·lofacial oral
craft,dental_technician,artesania	=	tècnic dental
amenity,dentist,amenitat/servei	=	dentista
healthcare,dentist,cura de la salut	=	dentista
healthcare:speciality,dentist,sanitat:especialitat	=	dentista
healthcare:speciality,dentist;orthodontics,especialitat:de_salut	=	dentista;ortodòncia
healthcare:speciality,dentistry,especialitat:de_salut	=	odontologia
shop,dentures,botiga	=	dentadura postissa
massgis:SOURCE,DEP-WCP,
shop,department_store,botiga	=	grans magatzems
industrial,depot,industrial	=	dipòsit
landuse,depot,ús del sòl	=	dipòsit
military,depot,militar	=	dipòsit
healthcare:speciality,depth,sanitat:especialitat	=	profunditat
seamark:type,depth_contour,marca de mar: tipus	=	contorn de profunditat
note:name,"Der reg_name, sowie ggf. der loc_name sind dem zugehörigen Wikipediaartikel entnommen.",
note:name,"Der␣reg_name,␣sowie␣ggf.␣der␣loc_name␣sind␣dem␣zugehörigen␣Wikipediaartikel␣entnommen.","nota: nom	=	Der␣reg_name,␣sowie␣ggf.␣der␣loc_name␣sind␣dem␣zugehörigen␣Wikipediaartikel␣entnommen."
railway,derail,ferrocarril	=	fer descarrilar
waterway,derelict_canal,camí aquàtic	=	canal_abandonat
healthcare:speciality,dermatology,sanitat:especialitat	=	dermatologia
healthcare:speciality,dermatovenereology,sanitat:especialitat	=	dermatovenereologia
man_made,desalination_plant,fet per l'home	=	planta dessalinitzadora
natural,desert,natural	=	Desert
archaeological_site,desert_kite,lloc arqueològic	=	estel del desert
access,designated,accés	=	designat
bicycle,designated,bicicleta	=	designat
bus,designated,autobús	=	designat
cycleway:foot,designated,carril bici: peu	=	designat
dog,designated,gos	=	designat
emergency,designated,emergència	=	designat
foot,designated,peu	=	designat
forklift,designated,màquina elevadora	=	designat
golf_cart,designated,carro de golf	=	designat
hazmat,designated,materials perillosos	=	designat
hgv,designated,vhg	=	designat
horse,designated,cavall	=	designat
mofa,designated,mofa	=	designat
moped,designated,ciclomotor	=	designat
motor_vehicle,designated,Vehicle de motor	=	designat
motorcar,designated,automòbil	=	designat
motorcycle,designated,motocicleta	=	designat
mtb,designated,bicicleta de muntanya	=	designat
priority_road,designated,carretera_prioritària	=	designat
psv,designated,psv	=	designat
snowmobile,designated,motoneu	=	designat
wheelchair,designated,cadira de rodes	=	designat
path,desire,camí	=	desig
cuisine,dessert,cuina	=	postres
access,destination,accés	=	destinació
bicycle,destination,bicicleta	=	destinació
emergency,destination,emergència	=	destinació
foot,destination,peu	=	destinació
hgv,destination,vhg	=	destinació
motor_vehicle,destination,Vehicle de motor	=	destinació
motorcar,destination,automòbil	=	destinació
motorcycle,destination,motocicleta	=	destinació
vehicle,destination,vehicle	=	destinació
type,destination_sign,tipus	=	signe_destí
type,destinationsign,tipus	=	senyal de destinació
building,detached,edifici	=	separat
house,detached,casa	=	separat
basin,detention,conca	=	detenció
police,detention,policia	=	detenció
route,detour,ruta	=	desviament
seamark:mooring:category,deviation_dolphin,marca:amarre:categoria	=	desviació dofí
amenity,device_charging_station,amenitat/servei	=	estació de càrrega de dispositius
seamark:radio_station:category,dgps,seamark:emissora de ràdio:categoria	=	dgps
source:addr,DGU,
healthcare:speciality,diagnostic_radiology,sanitat:especialitat	=	radiologia diagnòstica
orientation,diagonal,
parking:lane:both,diagonal,estacionament:carril:tots dos	=	diagonal
parking:orientation,diagonal,estacionament: orientació	=	diagonal
seamark:buoy_special_purpose:colour_pattern,diagonal,marca de mar: boia propòsit especial: patró de color	=	diagonal
healthcare,dialysis,cura de la salut	=	diàlisi
healthcare:speciality,dialysis,especialitat:de_salut	=	diàlisi
railway,diamond,ferrocarril	=	diamant
seamark:topmark:shape,diamond,marca de mar:marca de topall:forma	=	diamant
seamark:fog_signal:category,diaphone,seamark: senyal de boira: categoria	=	diàfon
pump_mechanism,diaphragm,mecanisme de bomba	=	diafragma
generator:source,diesel,generador:font	=	dièsel
healthcare:speciality,dietitian,especialitat:de_salut	=	dietista
sac_scale,difficult_alpine_hiking,sac_escala	=	senderisme_alpí_difícil
building,digester,edifici	=	digeridor
source:position,DigitalGlobe Standard,
man_made,dike,fet per l'home	=	dic
borracha,dinamitera,cuélebre	=	trasgu
boat:type,dinghy,vaixell:tipus	=
hazard,dip,perill	=	salsa
traffic_calming,dip,calmar el trànsit	=	salsa
office,diplomatic,oficina	=	diplomàtic
inlet,direct,entrada	=	directe
outlet,direct,presa de corrent	=	directe
lamp:shape,directed,llum: forma	=	dirigit
light:shape,directed,llum:forma	=	dirigit
radio_transponder:category,direction_finding,transponedor de ràdio:categoria	=	cerca de direcció
radio_transponder:category,directional,transponedor de ràdio:categoria	=	direccional
seamark:light:1:category,directional,seamark:llum:1:categoria	=	direccional
seamark:light:category,directional,seamark:llum:categoria	=	direccional
surface,dirt,superfície	=	brutícia
road_marking,dirt_road,=
surface,dirt/sand,superfície	=	terra/sorra
parking_space,disabled,plaça d'aparcament	=	desactivat
social_facility:for,disabled,social_facility:per	=	desactivat
emergency,disaster_help_point,emergència	=	punt dajuda en cas de desastre
emergency,disaster_response,emergència	=	resposta al desastre
sport,disc_golf,esport	=	disc de golf
leisure,disc_golf_course,temps lliure	=	camp de golf de disc
light:method,discharge,llum:mètode	=	descàrrega
switch,disconnector,canviar	=	desconnectador
shop,discount,botiga	=	descompte
access,discouraged,accés	=	desanimat
foot,discouraged,peu	=	desanimat
hgv,discouraged,vhg	=	desanimat
athletics,discus_throw,atletisme	=	llançament de disc
tower:construction,dish,torre:construcció	=	plat
landmark,dish_aerial,punt de referència	=	antena parabòlica
seamark:landmark:category,dish_aerial,marca:punt de referència:categoria	=	antena parabòlica
railway,dismantled,ferrocarril	=	desmantellat
access,dismount,accés	=	desmuntar
bicycle,dismount,bicicleta	=	desmuntar
horse,dismount,cavall	=	desmuntar
emergency:social_facility:for,displaced_people,emergència: facilitat social: per	=	persones desplaçades
boundary,disputed,Perímetre	=	qüestionat
seamark:type,distance_mark,marca de mar: tipus	=	distància_marca
craft,distillery,artesania	=	destil·leria
company,distribution,empresa	=	distribució
substation,distribution,subestació	=	distribució
transformer,distribution,transformador	=	distribució
usage,distribution,ús	=	distribució
telecom,distribution_point,telecomunicacions	=	punt de distribució
industrial,distributor,industrial	=	distribuïdor
historic,district,històric	=	districte
place,district,lloc	=	districte
amenity,disused,amenitat/servei	=	en desús
building,disused,edifici	=	en desús
highway,disused,autopista	=	en desús
lit,disused,il·luminat	=	en desús
railway,disused,ferrocarril	=	en desús
barrier,ditch,barrera	=	abandoneu
water,ditch,aigua	=	abandoneu
waterway,ditch,camí aquàtic	=	abandoneu
shop,dive,botiga	=	bussejar
amenity,dive_centre,amenitat/servei	=	centre_de_busseig
sport,diving,esport	=	busseig
tower:type,diving,torre:tipus	=	busseig
shop,diy,botiga	=	bricolatge
source:maxspeed,DK:rural,
source:maxspeed,DK:urban,
created_by,dmgroom_coastlines,
water,dock,aigua	=	moll
waterway,dock,camí aquàtic	=	moll
bicycle_rental,docking_station,lloguer de bicicletes	=	estació d'acoblament
amenity,doctor,amenitat/servei	=	metge
healthcare,doctor,cura de la salut	=	metge
amenity,doctors,amenitat/servei	=	metges
sport,dog_agility,esport	=	agilitat del gos
amenity,dog_bin,amenitat/servei	=	paperera per a gossos
waste,dog_excrement,desaprofitament	=	excrement_de_gos
leisure,dog_park,lleure	=	parc_gos
amenity,dog_parking,amenitat/servei	=	estacionament per a gossos
sport,dog_racing,esport	=	carreres de gossos
amenity,dog_toilet,amenitat/servei	=	vàter per a gossos
amenity,dog_waste_bin,amenitat/servei	=	cub d'escombraries per a gossos
shop,doityourself,botiga	=	fes-ho tu mateix
amenity,dojo,amenitat/servei	=	dojo
sinkhole,doline,embornal	=	dolina
megalith_type,dolmen,tipus de megàlit	=	dolmen
tomb,dolmen,tomba	=	dolmen
man_made,dolphin,artificial	=	dofí
seamark:mooring:category,dolphin,marca:amarre:categoria	=	dofí
camera:type,dome,càmera: tipus	=	Fes-me
landmark,dome,punt de referència	=	Fes-me
roof:shape,dome,sostre:forma	=	Fes-me
seamark:landmark:category,dome,marca:punt de referència:categoria	=	Fes-me
tower:construction,dome,torre:construcció	=	Fes-me
amenity,donation,amenitat/servei	=	donació
design,donau,disseny	=	donau
defensive,donjon,defensiu	=	torre principal
tower:type,donjon,torre:tipus	=	torre principal
cuisine,donut,cuina	=	rosquilla
cuisine,donut;coffee_shop,cuina	=	donut;cafeteria
barrier,door,barrera	=	porta
indoor,door,interior	=	porta
craft,door_construction,artesania	=	construcció de portes
shop,doors,botiga	=	portes
amenity,dormitory,amenitat/servei	=	dormitori
building,dormitory,edifici	=	dormitori
crossing:markings,dots,
cycle_barrier,double,
gate:type,double,
wires,double,filferros	=	doble
traffic_calming,double_dip,calmar el trànsit	=	doble càrrega
crossing:barrier,double_half,
roof:shape,double_saltbox,sostre: forma	=	doble_saltbox
railway:switch,double_slip,
building,dovecote,edifici	=	colomar
man_made,dovecote,artificial	=	colomar
direction,down,direcció	=	a baix
incline,down,inclinació	=	a baix
mtb:type,downhill,mtb: tipus	=	costa avall
piste:type,downhill,pista: tipus	=	costa avall
aerialway,drag_lift,via aèria	=	ascensor d'arrossegament
sport,dragon_boat,esport	=	vaixell de Drac
manhole,drain,forat dhome	=	fuga
water,drain,aigua	=	fuga
waterway,drain,camí aquàtic	=	fuga
LINZ:layer,drain_cl,LINZ: capa	=	drenatge_cl
drink:viez,draught,beguda: vez	=	Barril
bridge,drawbridge,pont	=	pont llevadís
bridge:movable,drawbridge,pont: mòbil	=	pont llevadís
seamark:type,dredged_area,marca de mar: tipus	=	àrea dragada
waterway,dredged_area,camí aquàtic	=	àrea dragada
seamark:type,dregded_area,marca de mar: tipus	=	àrea dragada
amenity,dressing_room,amenitat/servei	=	Vestidor
craft,dressmaker,artesania	=	modista
fountain,drinking,font	=	Bevent
man_made,drinking_fountain,fet per l'home	=	abeurador
amenity,drinking_water,amenitat/servei	=	aigua potable
content,drinking_water,contingut	=	aigua potable
emergency,drinking_water,emergència	=	aigua potable
vending,drinks,venda	=	begudes
wholesale,drinks,majorista	=	begudes
service,drive_through,Servei	=	servei al carro
service,drive-through,Servei	=	servei al carro
amenity,driver_training,amenitat/servei	=	entrenament_del_conductor
amenity,driver_training_area,amenitat/servei	=	zona de formació de conductors
service,driveway,Servei	=	entrada de cotxes
service,driveway2,Servei	=	calçada2
training,driving,capacitació	=	conduint
golf,driving_range,golf	=	àrea de maneig
amenity,driving_school,amenitat/servei	=	autoescola
waste,drugs,desaprofitar	=	drogues
pillar:type,dry_barrel,pilar: tipus	=	barril_sec
shop,dry_cleaning,botiga	=	Neteja en sec
cooling:method,dry_cooling,mètode de refredament	=	refrigeració en sec
seamark:type,dry_dock,marca de mar: tipus	=	dic sec
emergency,dry_riser,emergència	=	elevador sec
emergency,dry_riser_inlet,emergència	=	entrada de tub vertical sec
seasonal,dry_season,estacional	=	estació seca
material,dry_stone,material	=	pedra seca
wall,dry_stone,paret	=	pedra seca
building:material,dry_stone,pedra seca com a material de l’edifici
dock,drydock,moll	=	dic sec
amenity,dryer,amenitat/servei	=	assecadora
waterway,drystream,camí aquàtic	=	corrent sec
type,dual_carriageway,tipus	=	autovia
type,dugwell,tipus	=	pou excavat
seamark:type,dumping_ground,marca de mar: tipus	=	abocador
cuisine,dumpling,cuina	=	bola de massa bullida
cuisine,dumplings,cuina	=	mandonguilles
landform,dune,forma de relleu	=	duna
natural,dune,natural	=	duna
landform,dune_system,forma de relleu	=	sistema_de_dunes
landcover,dunes,coberta terrestre	=	dunes
building,duplex,edifici	=	dúplex
residential,duplex,Residencial	=	dúplex
source:addr,Durham Open Data,
trees,durian_trees,arbres	=	arbres de durià
light:lit,dusk-dawn,Llum encesa	=	clarejar
lit,dusk-dawn,il·luminat	=	clarejar
object:city,Düsseldorf,objecte:ciutat	=	Düsseldorf
communication:television,dvb-t,comunicació:televisió	=	dvb-t
communication:television,dvb-t2,comunicació:televisió	=	dvb-t2
beacon:type,DVOR,balisa: tipus	=	DVOR
railway:signal:minor:height,dwarf,ferrocarril:senyal:menor:alçada	=	nan
railway:signal:shunting:height,dwarf,
building,dwelling_house,edifici	=	casa d'habitatge
embankment,dyke,terraplè	=	dic
man_made,dyke,artificial	=	dic
traffic_calming,dynamic_bump,calmar el trànsit	=	cop dinàmic
source:maxaxleload,Dz.U. 2011 nr 222 poz. 1321 Art. 2 pkt. 11,
cai_scale,E,escala_cai	=	el meu
direction,E,
naptan:Bearing,E,
ref,E,
int_ref,E 22,
int_ref,E 30,
int_ref,E 40,
int_ref,E 45,
int_ref,E 70,
int_ref,E 75,
shop,e-cigarette,botiga	=	cigarret electrònic
vending,e-cigarettes,venda	=	cigarretes electròniques
source:addr,e-mapa.net,
source:addr,e.czestochowa.pl,
int_ref,E␣22,int_ref	=	E␣22
int_ref,E␣40,int_ref	=	E␣40
int_ref,E␣45,int_ref	=	E␣45
int_ref,E␣75,int_ref	=	E␣75
cai_scale,EAI,escala cai	=	IAE
building:material,earth,material de construcció	=	terra
material,earth,material	=	terra
surface,earth,superfície	=	terra
natural,earth_bank,natural	=	banc_terra
switch,earthing,canviar	=	presa de terra
damage:type,earthquake,tipus de dany	=	terratrèmol
addr:street:prefix,East,
name:prefix,East,
seamark:buoy_cardinal:category,east,marca:boia cardenal:categoria	=	aquest
operator:en,East Japan Railway Company,
operator:en,East␣Japan␣Railway␣Company,operador:ca	=	Aquest␣Japó␣Ferrocarril␣Empresa
piste:difficulty,easy,pista: dificultat	=	fàcil
seamark:restricted_area:category,ecological_reserve,seamark:àrea restringida:categoria	=	reserva ecològica
boundary,economic,Perímetre	=	econòmic
source:geometry,Ecopia Tech MaxarMaxar_private;Ecopia.AI,
shop,edible_seeds,botiga	=	llavors comestibles
amenity,education,amenitat/servei	=	educació
building,education,edifici	=	educació
government,education,govern	=	educació
landuse,education,ús del sòl	=	educació
office,educational_institution,oficina	=	institució educativa
pump_mechanism,eductor_jet,mecanisme de bomba	=	raig eductor
cai_scale,EE,escala cai	=	EE.UU.
cai_scale,EEA,escala cai	=	EEE
cai_scale,EEA:D,escala cai	=	EEE:D
cai_scale,EEA:E,escala cai	=	EEE: ÉS
cai_scale,EEA:F,escala cai	=	EEE:F
cai_scale,EEA:MD,escala cai	=	EEE: MD
cai_scale,EEA:PD,escala cai	=	EEA:PD
border_type,eez,tipus de vora	=	eez
vending,eggs,venda	=	ous
source:building,EGiB,
source:geometry,EGiB,
whitewater,egress,aigua Blanca	=	sortida
genus:de,Eiche,
wires,eightfold,filferros	=
royal_cypher,EIIR,royal_cypher	=	EIIR
genus,Elaeis,gènere	=	Elaeis
species,Elaeis␣guineensis,espècies	=	Elaeis␣guineensis
lamp_type,electric,tipus_lampada	=	elèctric
light:method,electric,llum:mètode	=	elèctric
motorcycle:type,electric,motocicleta: tipus	=	elèctric
actuator,electric_motor,solenoide	=	motor elèctric
mechanical_driver,electric_motor,conductor mecànic	=	motor elèctric
lamp_type,electrical,tipus_lampada	=	elèctric
shop,electrical,botiga	=	elèctric
wholesale,electrical,majorista	=	elèctrica
craft,electrican,artesania	=	electricista
craft,electrician,artesania	=	electricista
building,electricity,edifici	=	electricitat
generator:source,electricity,generador:font	=	electricitat
hazard,electricity,perill	=	electricitat
seamark:small_craft_facility:category,electricity,seamark:instal·lació per a embarcacions petites:categoria	=	electricitat
wholesale,electro,majorista	=	electro
product,electronics,producte	=	electrònica
shop,electronics,botiga	=	electrònica
vending,electronics,venda	=	electrònica
wholesale,electronics,majorista	=	electrònica
craft,electronics_repair,artesania	=	reparació_electrònica
highway,elevator,carretera	=	ascensor
room,elevator,habitació	=	ascensor
vending,elongated_coin,venda	=	moneda allargada
barrier,embankment,barrera	=	terraplè
man_made,embankment,artificial	=	terraplè
amenity,embassy,amenitat/servei	=	ambaixada
diplomatic,embassy,diplomàtic	=	ambaixada
craft,embroiderer,artesania	=	brodadora
area:highway,emergency,
entrance,emergency,entrada	=	emergència
exit,emergency,sortida	=	emergència
healthcare:speciality,emergency,sanitat:especialitat	=	emergència
route,emergency_access,ruta	=	accés_d'emergència
service,emergency_access,Servei	=	accés_d'emergència
highway,emergency_access_point,carretera	=	punt_d'accés_d'emergència
highway,emergency_bay,autopista	=	emergència_badia
amenity,emergency_phone,amenitat/servei	=	Telèfon d'emergència
amenity,emergency_service,amenitat/servei	=	servei d'emergència
cadet,emergency_services,cadet	=	serveis d'emergència
hazard,emergency_vehicles,perill	=	vehicles d'emergència
emergency,emergency_ward_entrance,emergència	=	entrada d'urgències
cuisine,empanada,cuina	=	empanada
access,employees,accés	=	empleats
private,employees,privat	=	empleats
office,employment_agency,oficina	=	agència d'ocupació
source:addr,EMUiA,
source:addr,EMUiA (emuia.geoportal.gov.pl),
source:addr,"EMUiA (emuia.gugik,gov.pl)",
source:addr,EMUiA (emuia.gugik.gov.pl),
source:addr,EMUiA (geoportal.gov.pl),
source:addr,EMUiA (kornik.e-mapa.net),
source:addr,emuia.gugik.gov.pl,
source:addr,emuia1.gugik.gov.pl,
brand:wikipedia,en:7-Eleven,marca: wikipedia	=	és:7-Eleven
brand:wikipedia,en:Burger␣King,marca: wikipedia	=	ca:Burger␣King
network:wikipedia,en:Chicago Transit Authority,
network:wikipedia,en:Chicago␣Transit␣Authority,xarxa: wikipedia	=	ca:Chicago␣Transit␣Autoritat
brand:wikipedia,en:McDonald's,marca: wikipedia	=	ca:McDonald's
brand:wikipedia,en:Royal Mail,
brand:wikipedia,en:Royal␣Dutch␣Shell,marca: wikipedia	=	ca:Royal␣Dutch␣Shell
brand:wikipedia,en:Royal␣Mail,marca: wikipedia	=	ca:Royal␣Mail
brand:wikipedia,en:Starbucks,marca: wikipedia	=	ca:Starbucks
brand:wikipedia,en:Subway␣(restaurant),marca: wikipedia	=	és:Metro␣(restaurant)
operator:wikipedia,en:United States Postal Service,
network:wikipedia,en:Valley Metro,
boundary,enclave,Perímetre	=	enclavament
archaeological_site,enclosure,lloc arqueològic	=	recinte
site_type,enclosure,tipus de lloc	=	recinte
zoo,enclosure,zoo	=	recinte
healthcare:speciality,endocrinology,sanitat:especialitat	=	endocrinologia
source:power,Enedis,font: poder	=	Enedis
manufacturer,Enercon,
shop,energy,botiga	=	energia
office,energy_supplier,oficina	=	proveïdor_energia
type,enforcement,tipus	=	aplicació
office,engineer,oficina	=	enginyer
faculty,engineering,facultat	=	Enginyeria
craft,engraver,artesania	=	gravador
barrier,entrance,barrera	=	entrada
building,entrance,edifici	=	entrada
entrance,entrance,entrada	=	entrada
public_transport,entrance,transport públic	=	entrada
school,entrance,escola	=	entrada
public_transport,entrance_pass,transport públic	=	passi_d'entrada
railway:signal:main:function,entry,
seamark:restricted_area:restriction,entry_prohibited,seamark:àrea restringida:restricció	=	entrada prohibida
historic,epigraph,històric	=	epígraf
material,epoxy,material	=	epoxy
shop,equestrian,botiga	=	eqüestre
sport,equestrian,esport	=	eqüestre
statue,equestrian,estàtua	=	eqüestre
shop,erotic,botiga	=	eròtic
maxspeed,ES:rural,màxima velocitat	=	ÉS: rural
maxspeed,ES:urban,màxima velocitat	=	ÉS:urbà
highway,escape,autopista	=	Escapar
leisure,escape_game,temps lliure	=	joc d'escapament
genus:de,Esche,
landform,esker,forma de relleu	=	esquer
natural,esker,natural	=	esquer
shop,esoteric,botiga	=	esotèric
esperanto,esperanto,esperanto	=	esperanto
source:imagery,ESRI & NYS Sat Imagery,
source:imagery,ESRI Sat & NYS Sat Imagery,
source:geometry,Esri World Imagery,
source:lanes,Esri World Imagery,
source:oneway,Esri World Imagery,
source:geometry,Esri World Imagery (Clarity) Beta,
source:imagery,ESRI␣&␣NYS␣Sat␣Imagery,font: imatges	=	ESRI␣&␣NYS␣Sat␣Imatges
source:oneway,Esri␣World␣Imagery,font: unidireccional	=	Esri␣Món␣Imatges
source:position,ESRIWorld,
IBGE:CD_ADMINIS,estadual,IBGE:CD_ADMINIS	=	estadual
office,estate_agent,oficina	=	agent immobiliari
shop,estate_agent,botiga	=	agent immobiliari
sinkhole,estavelle,embornal	=	estavelle
addr:inclusion,estimate,direcció: inclusió	=	estimar
source:width,estimated,
waterway,estuary,camí aquàtic	=	estuari
is_in:country_code,ET,
roof:material,eternit,sostre: material	=	etern
is_in:country,Ethiopia,
wood,eucalypt,fusta	=	eucaliptus
genus,Eucalyptus,gènere	=	Eucaliptus
species,Eucalyptus␣camaldulensis,espècies	=	Eucaliptus␣camaldulensis
species,Eucalyptus␣cladocalyx,espècies	=	Eucalyptus␣cladocalyx
species,Eucalyptus␣leucoxylon,espècies	=	Eucaliptus␣leucoxylon
species,Eucalyptus␣sideroxylon,espècies	=	Eucaliptus␣sideroxylon
political_division,euro_const,divisió política	=	euro constant
centralkey,eurokey,clau central	=	clau europea
cycle_network,EuroVelo,xarxa de bicicletes	=	EuroVelo
amenity,ev_charging,amenitat/servei	=	càrrega ev
route,evacuation,ruta	=	evacuació
denomination,evangelical,denominació	=	evangèlic
denomination,evangelical_lutheran,denominació	=	luterà evangèlic
basin,evaporation,conca	=	evaporació
addr:interpolation,even,direcció:interpolació	=	fins i tot
historic,event,històric	=	esdeveniment
rental,event,lloguer	=
leisure,events,temps lliure	=	esdeveniments
amenity,events_centre,amenitat/servei	=	centre d'esdeveniments
amenity,events_venue,amenitat/servei	=	esdeveniments_lloc
leaf_cycle,evergreen,cicle_full	=	fulles perennes
wood,evergreen,fusta	=	fulles perennes
man_made,excavation,artificial	=	excavació
smoothness,excellent,suavitat	=	excel·lent
trail_visibility,excellent,rastre_visibilitat	=	excel·lent
seamark:type,exceptional_structure,marca de mar: tipus	=	estructura excepcional
telecom,exchange,telecomunicacions	=	intercanvi
boundary,exclave,Perímetre	=	enclavament
autonomy,excluded,autonomia	=	exclòs
access,exclusion_zone,accés	=	Zona d'exclusió
military,exclusion_zone,militar	=	Zona d'exclusió
autonomy,exclusive,autonomia	=	exclusiu
cycleway:both:lane,exclusive,ciclovia:tots dos:carril	=	exclusiu
cycleway:left:lane,exclusive,
cycleway:right:lane,exclusive,ciclovia:dreta:carril	=	exclusiu
seamark:type,exclusive_economic_zone,marca de mar: tipus	=	zona econòmica exclusiva
vending,excrement_bags,venda	=	excrement_bosses
sport,exercise,esport	=	exercici
education,exercise_area,educació	=	àrea d'exercici
amenity,exercise_point,amenitat/servei	=	punt d'exercici
amenity,exhibition_centre,amenitat/servei	=	centre d'exposicions
nysgissam:review,existing element's addr:housenumber has different addr:housenumber,
nysgissam:review,existing␣element's␣addr:housenumber␣has␣different␣addr:housenumber,nysgissam: revisió	=	la␣direcció:número␣d'element␣existent␣té␣diferent␣direcció:número␣de␣casa
building,exit,edifici	=	sortida
entrance,exit,entrada	=	sortida
railway:signal:main:function,exit,ferrocarril:senyal:principal:funció	=	sortida
LINZ:layer,exotic_poly,LINZ: capa	=	exotic_poly
damage:type,explosion,tipus de dany	=	explosió
seamark:fog_signal:category,explosive,seamark: senyal de boira: categoria	=	explosiu
curves,extended,corbes	=	estès
KSJ2:curve_type,exterior,KSJ2:corba_tipus	=	exterior
prison_camp,extermination_camp,camp de presoners	=	camp d'extermini
seamark:light:status,extinguished,seamark:llum:estat	=	extingit
beauty,eyelash,bellesa	=	pestanyes
seamark:light:character,F,marca:llum:personatge	=	F
design:ref,F44,
amenity,fab_lab,amenitat/servei	=	laboratori fabulós
shop,fabric,botiga	=	tela
shop,fabrics,botiga	=	teles
railway,facility,ferrocarril	=	instal·lacions
usage,facility,ús	=	instal·lacions
seamark:radio_station:category,facsimile,seamark:emissora de ràdio:categoria	=	facsímil
building,factory,edifici	=	fàbrica
industrial,factory,industrial	=	fàbrica
genus,Fagus,gènere	=	Fagus
species,Fagus sylvatica,
species,Fagus␣sylvatica,espècies	=	Fagus␣sylvatica
condition,fair,condició	=	justa
golf,fairway,golf	=	carrer
seamark:type,fairway,marca de mar:tipus	=	carrer
waterway,fairway,camí aquàtic	=	carrer
zoo,falconry,zoo	=	falconeria
hazard,falling_rocks,perill	=	roques que cauen
oneway,FALSE,d'una sola mà	=	FALS
healthcare:speciality,family_medicine,especialitat:de_salut	=	medicina_familiar
brand:en,FamilyMart,marca:ca	=	Família Mart
name:en,FamilyMart,
club,fan,club	=	ventilador
addr:region,Farg'ona Viloyati,
building,farm,edifici	=	granja
historic,farm,històric	=	granja
landuse,farm,ús del sòl	=	granja
place,farm,lloc	=	granja
shop,farm,botiga	=	granja
building,farm_auxiliary,edifici	=	granja_auxiliar
landuse,farmland,ús del sòl	=	terres de cultiu
landuse,farmyard,ús del sòl	=	pati
clothes,fashion,roba	=	Moda
shop,fashion,botiga	=	Moda
shop,fashion_accesories,botiga	=	accessoris de moda
shop,fashion_accessories,botiga	=	Moda_accessoris
amenity,fast_food,amenitat/servei	=	menjar ràpid
shop,fast_food,botiga	=	menjar ràpid
crop,fast_growing_wood,cultiu	=	fusta_de_creixement_ràpid
piste:type,fatbike,pista:tipus	=	fatbike
geological,fault,geològic	=	culpa
source:maxspeed,"FDOT ""Maximum Speed Limits"" GIS data, updated August 27, 2011: http://www.dot.state.fl.us/planning/statistics/gis/roaddata.shtm",
GeoBaseNHN:PROVIDER,federal,GeoBaseNHN:PROVIDER	=	federal
IBGE:CD_ADMINIS,federal,IBGE:CD_ADMINIS	=	federal
amenity,feeding_place,amenitat/servei	=	lloc_d'alimentació
natural,fell,natural	=	va caure
school:gender,female,escola:gènere	=	femení
vending,feminine_hygiene,venda	=	higiene femenina
wetland,fen,aiguamoll	=	pantà
barrier,fence,barrera	=	tanca
boundary,fence,Perímetre	=	tanca
sport,fencing,esport	=	Esgrima
seamark:shoreline_construction:category,fender,seamark:litoral construcció:categoria	=	defensa
route,ferrata,ruta	=	via ferrada
harbour:category,ferry,port:categoria	=	transportar
mooring,ferry,amarrador	=	transportar
route,ferry,ruta	=	transportar
man_made,ferry_cable,fet per l'home	=	transbordador
seamark:notice:category,ferry_independent,marca:avís:categoria	=	transbordador independent
seamark:notice:category,ferry_non_independent,marca:avís:categoria	=	transbordador no independent
seaway,ferry_port,via marítima	=	moll del ferri
seamark:type,ferry_route,marca de mar: tipus	=	ruta del transbordador
amenity,ferry_terminal,amenitat/servei	=	terminal del ferri
healthcare:speciality,fertility,sanitat:especialitat	=	Fertilitat
amenity,festival_grounds,amenitat/servei	=	terrenys del festival
leisure,festival_grounds,temps lliure	=	terrenys del festival
seamark:light:character,FFl,marca:llum:personatge	=	FFl
source:addr,FHRS Open Data,
telecom:medium,fibre,telecomunicacions: mitjà	=	fibra
genus,Ficus,gènere	=	ficus
farmland,field,terres de cultiu	=	camp
landuse,field,ús del sòl	=	camp
barrier,field_boundary,barrera	=	límit_del_camp
crop,field_cropland,cultiu	=	camp_terra_de_cultiu
sport,field_hockey,esport	=	hoquei sobre herba
shelter_type,field_shelter,refugi_tipus	=	camp_refugi
archaeological_site,field_system,lloc arqueològic	=	sistema de camp
wood,filao,fusta	=	filao
church:type,filial,església:tipus	=	filial
cuisine,filipino,cuina	=	filipí
compensator,filter,compensador	=	filtrar
junction,filter,unió	=	filtrar
office,financial,oficina	=	financer
amenity,financial_advice,amenitat/servei	=	assessoria financera
office,financial_advisor,oficina	=	assessor financer
surface,fine_gravel,superfície	=	grava_fina
information,finger_post,informació	=	lloc de dit
information,finger-post,informació	=	pal de dit
information,fingerpost,informació	=	pal del dit
cadet,fire,cadet	=	foc
damage:type,fire,
emergency,fire_alarm,emergència	=	alarma d'incendis
emergency,fire_alarm_box,emergència	=	caixa d'alarma contra incendis
emergency,fire_detection_system,emergència	=	sistema de detecció de foc
emergency,fire_equipment,emergència	=	equip contra incendis
entrance,fire_exit,entrada	=	sortida d'incendis
emergency,fire_extinguisher,emergència	=	extintor d'incendis
emergency,fire_flapper,emergència	=	aleta de foc
emergency,fire_hose,emergència	=	mànega contra incendis
amenity,fire_hydrant,amenitat/servei	=	boca d'incendi
emergency,fire_hydrant,emergència	=	boca d'incendis
building,fire_lookout,edifici	=	lloc de vigilància d'incendis
emergency,fire_lookout,emergència	=	lloc de vigilància d'incendis
emergency,fire_point_stand,emergència	=	suport de punt de foc
emergency,fire_sand_bin,emergència	=	galleda de sorra de foc
amenity,fire_station,amenitat/servei	=	estació de bombers
building,fire_station,edifici	=	estació de bombers
emergency,fire_station,emergència	=	estació de bombers
emergency,fire_water_pond,emergència	=	estany d'aigua contra incendis
shop,firearms,botiga	=	armes de foc
cutline,firebreak,
leisure,firepit,lleure	=	foguera
shop,fireplace,botiga	=	xemeneia
shop,fireworks,botiga	=	focs artificials
signal_station,firing,estació de senyals	=	tret
amenity,first_aid,amenitat/servei	=	primers auxilis
emergency,first_aid,emergència	=	primers auxilis
vending,first_aid,venda	=	primers auxilis
emergency,first_aid_kit,emergència	=	Kit de primers auxilis
amenity,firstaid,amenitat/servei	=	primers auxilis
cuisine,fish,cuina	=	peix
shop,fish,botiga	=	peix
cuisine,fish_and_chips,cuina	=	peix i papes fregides
industrial,fish_farm,industrial	=	granja de peixos
water,fish_pass,aigua	=	passi de peix
waterway,fish_pass,camí aquàtic	=	passi_de_peix
landuse,fish_pond,ús del sòl	=	estany de peixos
amenity,fish_spa,amenitat/servei	=	balneari de peix
chamber,fisherfolk,càmera	=	confraria de pescadors
landuse,fishfarm,ús del sòl	=	granja de peixos
club,fishing,club	=	pescar
harbour:category,fishing,port:categoria	=	pescar
leisure,fishing,lleure	=	pescar
port,fishing,Port	=	pescar
seamark:harbour:category,fishing,marca:port:categoria	=	pescar
shop,fishing,botiga	=	pescar
vending,fishing_bait,venda	=	esquer de pesca
seamark:type,fishing_facility,marca de mar: tipus	=	instal·lació de pesca
seaway,fishing_port,via marítima	=	Port pesquer
vending,fishing_tackle,venda	=	aparell de pescar
shop,fishmonger,botiga	=	peixater
water,fishpond,aigua	=	estany de peixos
generator:method,fission,generador: mètode	=	fissió
sport,fitness,esport	=	aptitud física
leisure,fitness_centre,lleure	=	gimnàs
amenity,fitness_station,amenitat/servei	=	estació de fitness
leisure,fitness_station,lleure	=	estació_de_fitness
route,fitness_trail,ruta	=	pista de fitness
sport,five-a-side,esport	=	cinc per costat
wires,fivefold,filferros	=
sport,fives,esport	=	cincs
bollard,fixed,noray	=	fixat
camera:type,fixed,càmera: tipus	=	fixat
cycle_barrier:installation,fixed,
type,fixed_point,tipus	=	punt fix
bay,fjord,badia	=	fiord
natural,fjord,natural	=	fiord
seamark:light:character,Fl,marca:llum:personatge	=	Florida
advertising,flag,publicitat	=	bandera
design,flag,disseny	=	bandera
seamark:topmark:shape,flag,marca de mar:marca de topall:forma	=	bandera
landmark,flagpole,punt de referència	=	banya de bandera
man_made,flagpole,artificial	=	banya de bandera
seamark:landmark:category,flagstaff,marca:punt de referència:categoria	=	banya de bandera
man_made,flare,artificial	=	flamarada
usage,flare_header,ús	=	encapçalat de bengala
landmark,flare_stack,punt de referència	=	Torxa
seamark:landmark:category,flare_stack,marca:punt de referència:categoria	=	Torxa
building:roof,flat,edifici: sostre	=	plànol
roof:shape,flat,sostre: forma	=	plànol
building,flats,edifici	=	pisos
busbar,flexible,barra col·lectora	=	flexible
amenity,flight_school,amenitat/servei	=	escola de vol
wall,flint,paret	=	pedernal
bridge:structure,floating,pont:estructura	=	flotant
dock,floating,moll	=	flotant
waterway,floating_barrier,camí aquàtic	=	barrera flotant
seamark:type,floating_dock,marca de mar: tipus	=	dic flotant
man_made,floating_storage,fet per l'home	=	emmagatzematge flotant
manufacturer,Flock Safety,
hazard_type,flood,tipus de perill	=	inundació
historic,flood_mark,històric	=	marca d'inundació
memorial,flood_mark,monument	=	marca d'inundació
retaining_wall,flood_wall,mur de contenció	=	mur d'inundació
wall,flood_wall,paret	=	inundació_paret
tunnel,flooded,túnel	=	inundat
lamp_type,floodlight,tipus_lampada	=	Llum d'inundació
seamark:light:category,floodlight,seamark:llum:categoria	=	Llum d'inundació
crane:type,floor-mounted_crane,grua:tipus	=	grua muntada al pis
addr:floor,Floor␣1,adreça:pis	=	Pis␣1
addr:floor,Floor␣2,adreça:pis	=	Pis␣2
sport,floorball,esport	=	pilota de pis
craft,floorer,artesania	=	netejador de pis
shop,flooring,botiga	=	pis
description,Floresta Estacional Semidecidual Montano,
note:post_town,Florissant,nota:post_town	=	florissant
shop,florist,botiga	=	florista
wholesale,florist,majorista	=	floristeria
shop,flower,botiga	=	flor
vending,flower_seeds,venda	=	llavors de flors
landuse,flowerbed,ús del sòl	=	llit de flors
crop,flowers,cultiu	=	flors
landcover,flowers,coberta terrestre	=	flors
shop,flowers,botiga	=	flors
vending,flowers,venda	=	flors
usage,flowline,ús	=	línia de flux
waterway,flowline,
lamp_type,fluorescent,tipus_lampada	=	fluorescent
light:method,fluorescent,llum:mètode	=	fluorescent
lamp_type,fluorescent_bulb,tipus_lampada	=	Bombeta fluorescent
kerb,flush,frenar	=	esbandir
toilets:disposal,flush,vàters: eliminació	=	esbandir
communication:radio,fm,comunicació:ràdio	=	FM
hazard,fog,perill	=	boira
seamark:light:exhibition,fog,marca:llum:exposició	=	boira
seamark:light:category,fog_detector,seamark:llum:categoria	=	detector de boira
seamark:type,fog_signal,marca de mar: tipus	=	senyal de boira
source:highway_authority_ref,foi_request,
bollard,foldable,
barrier,foldable_pie_slice,barrera	=	llesca de pastís plegable
historic,folly,històric	=	bogeria
building,font,edifici	=	font
product,food,producte	=	aliment
shop,food,botiga	=	aliment
vending,food,venda	=	aliment
wholesale,food,majorista	=	menjar
social_facility,food_bank,instal·lacions_socials	=	Banc de menjar
amenity,food_court,amenitat/servei	=	zona de menjars
industrial,food_industry,industrial	=	indústria d'aliments
industrial,food_processing,industrial	=	processament d'aliments
amenity,food_sharing,amenitat/servei	=	compartir menjar
wholesale,foods,majorista	=	aliments
route,foot,ruta	=	peu
leisure,foot_bath,temps lliure	=	Bany de peus
amenity,foot_shower,amenitat/servei	=	dutxa de peus
sport,football,esport	=	futbol americà
sport,footballgolf,esport	=	futbolgolf
basin,footbath,conca	=	Bany de peus
area:highway,footway,zona:carretera	=	senda
construction,footway,construcció	=	senda
highway,footway,"Un camí per a vianants és un camí o passeig designat exclusivament per a l'ús de vianants, on els vehicles no estan permesos | carretera	=	senda"
man_made,footwear_decontamination,fet per l'home	=	descontaminació de calçat
crop,forage,cultiu	=	farratge
highway,ford,autopista	=	gual
boundary,forest,Perímetre	=	bosc
landuse,forest,"L'ús forestal del sòl designa zones cobertes d'arbres i gestionades per a silvicultura, fusta i conservació | ús del sòl	=	bosc"
boundary,forest_compartment,Perímetre	=	bosc_compartiment
access,forestry,accés	=	silvicultura
boundary,forestry,Perímetre	=	silvicultura
landuse,forestry,ús del sòl	=	silvicultura
motor_vehicle,forestry,Vehicle de motor	=	silvicultura
office,forestry,oficina	=	silvicultura
vehicle,forestry,vehicle	=	silvicultura
boundary,forestry_compartment,Perímetre	=	compartiment_forestal
signpost,forestry_compartment,senyalitzar	=	compartiment forestal
building,fort,edifici	=	fort
historic,fort,històric	=	fort
archaeological_site,fortification,lloc arqueològic	=	fortificació
site_type,fortification,tipus_lloc	=	fortificació
seamark:type,fortified_structure,marca de mar: tipus	=	estructura fortificada
castle_type,fortress,tipus castell	=	fortalesa
HU:ed_direction,forward,
conveying,forward,
designated_direction,forward,
direction,forward,direcció	=	davanter
railway:preferred_direction,forward,ferrocarril: adreça_preferida	=	davanter
railway:signal:direction,forward,ferrocarril:senyal:direcció	=	davanter
traffic_sign:direction,forward,senyal_de_tràfic:direcció	=	davanter
traffic_signals:direction,forward,senyals_de_tràfic:direcció	=	davanter
seamark:restricted_area:category,foul_ground,seamark:àrea restringida:categoria	=	terreny brut
nysgissam:review,found > 1 existing matching address,
nysgissam:review,found␣>␣1␣existing␣matching␣address,nysgissam: revisió	=	trobat␣>␣1␣existent␣coincident␣direcció
building,foundation,edifici	=	Fundació
office,foundation,oficina	=	Fundació
amenity,fountain,amenitat/servei	=	font
disused:amenity,fountain,en desús: amenitat/servei	=	font
sport,four_square,esport	=	ferm
zone:maxspeed,FR:30,zona:velocitat_màxima	=	FR:30
operator:wikipedia,fr:Enedis,
operator:wikipedia,fr:La Poste (entreprise française),
operator:wikipedia,fr:RTE (entreprise),
maxspeed:type,FR:rural,
source:maxspeed,FR:rural,
maxspeed:type,FR:urban,velocitat màxima: tipus	=	FR:urbà
source:maxspeed,FR:urban,
maxspeed:type,FR:zone30,velocitat màxima: tipus	=	FR:zone30
source:maxspeed,FR:zone30,
species,Fra,espècies	=	fra
hazard,frail_pedestrians,perill	=	vianants fràgils
shop,frame,botiga	=	marc
generator:type,francis_turbine,generador: tipus	=	turbina francis
genus,Fraxinus,gènere	=	Fraxí
species,Fraxinus americana,
species,Fraxinus excelsior,
species,Fraxinus pennsylvanica,
species,Fraxinus␣americana,espècies	=	Fraxinus␣americana
species,Fraxinus␣angustifolia,espècies	=	Fraxinus␣angustifolia
species,Fraxinus␣excelsior,espècies	=	Fraxinus␣excelsior
species,Fraxinus␣excelsior␣'Westhofs␣Glorie',espècies	=	Fraxinus␣excelsior␣'Westhofs␣Glorie'
species,Fraxinus␣ornus,espècies	=	Fraxinus␣ornus
species,Fraxinus␣pennsylvanica,espècies	=	Fraxinus␣pennsylvanica
species,Fraxinus␣sp.,espècies	=	Fraxinus␣sp.
species,Fre,espècies	=	lliure
parking:condition:both,free,estacionament:estat:tots dos	=	lliure
parking:condition:left,free,estacionament:condició:esquerra	=	lliure
parking:condition:right,free,estacionament:estat:correcte	=	lliure
shop,free_flying,botiga	=	vol lliure
sport,free_flying,esport	=	vol_lliure
import,freemapkapor,importar	=	freemapkapor
club,freemasonry,club	=	maçoneria
amenity,freeshop,amenitat/servei	=	compra gratis
tower:construction,freestanding,torre:construcció	=	de peu
border_type,freguesia,border_type	=	freguesia
railway:traffic_mode,freight,ferrocarril:traffic_mode	=	transport
usage,freight,ús	=	transport
cuisine,french,cuina	=	francès
nhd:fdate,Fri Dec 28 00:00:00 PST 2007,
nhd:fdate,Fri Feb 22 00:00:00 PST 2008,
nhd:fdate,Fri Mar 08 00:00:00 PST 2002,
nhd:fdate,Fri May 09 00:00:00 PDT 2008,
nhd:fdate,Fri␣Dec␣28␣00:00:00␣PST␣2007,nhd:data	=	Dè␣Dic␣28␣00:00:00␣PST␣2007
amenity,fridge,amenitat/servei	=	nevera
cuisine,friture,cuina	=	fregit
species,Fro,espècies	=	Per
seamark:light:category,front,seamark:llum:categoria	=	part davantera
man_made,frost_fan,fet per l'home	=	ventilador de gebre
hazard,frost_heave,perill	=	estirada de gebre
shop,frozen_food,botiga	=	aliments congelats
wholesale,fruits,majorista	=	fruites
species,Frx,espècies	=	Frx
aeroway,fuel,via aèria	=	combustible
amenity,fuel,amenitat/servei	=	combustible
content,fuel,contingut	=	combustible
railway,fuel,ferrocarril	=	combustible
service,fuel,Servei	=	combustible
shop,fuel,botiga	=	combustible
substance,fuel,substància	=	combustible
vending,fuel,venda	=	combustible
vending_machine,fuel,màquina expenedora	=	combustible
waterway,fuel,camí aquàtic	=	combustible
man_made,fuel_column,fet per l'home	=	columna de combustible
seamark:small_craft_facility:category,fuel_station,seamark:instal·lació per a embarcacions petites:categoria	=	benzinera
access_control,full,
crossing:barrier,full,encreuament:barrera	=	complet
barrier,full-height_turnstile,barrera	=	torniquete_de_altura_completa
natural,fumarole,natural	=	fumarola
operational_status_quality,functional,estat_operatiu_qualitat	=	funcional
message,funding,missatge	=	fons
advertising,funding_sign,publicitat	=	senyal de finançament
man_made,funding_sign,fet per l'home	=	senyal de finançament
shop,funeral_directors,botiga	=	directors_funeraris
amenity,funeral_hall,amenitat/servei	=	saló_funerari
building,funeral_hall,edifici	=	saló funerari
railway,funicular,ferrocarril	=	funicular
route,funicular,ruta	=	funicular
station,funicular,estació	=	funicular
playground,funnel_ball,parc infantil	=	bola d'embut
sport,funnel_ball,esport	=	bola d'embut
shop,furnace,botiga	=	forn
industrial,furniture,industrial	=	moble
product,furniture,producte	=	moble
shop,furniture,botiga	=	mobles
generator:method,fusion,generador: mètode	=	fusió
sport,futsal,esport	=	futbol sala
network:en,G-BUS,
tiger:MTFCC,G4110,tigre:MTFCC	=	G4110
source:geometry,GA Surface Hydro,
source:name,GA Surface Hydro,
wall,gabion:value,paret	=	avió: valor
roof:shape,gabled,sostre: forma	=	a dues aigües
roof:shape,gabled_row,sostre: forma	=	gabled_row
sport,gaelic_football,esport	=	futbol gaèlic
sport,gaelic_games,esport	=	jocs_gaèlics
sport,gaga,esport	=	gagà
shop,gallery,botiga	=	galeria
tourism,gallery,turisme	=	galeria
megalith_type,gallery_grave,tipus de megàlit	=	galeria tomba
historic,gallows,històric	=	forca
amenity,gambling,amenitat/servei	=	joc
leisure,gambling,temps lliure	=	joc
shop,gambling,botiga	=	joc
roof:shape,gambrel,sostre: forma	=	esbroncada
amenity,game_feeding,amenitat/servei	=	joc_alimentacio
animal_breeding,gamecock,cria d'animals	=	gall de baralla
shop,games,botiga	=	jocs
man_made,gantry,artificial	=	portal
crane:type,gantry_crane,grua:tipus	=	grua pòrtic
building,garage,edifici	=	garatge
driveway,garage,entrada de cotxes	=	garatge
entrance,garage,entrada	=	garatge
parking,garage,estacionament	=	garatge
parking,garage_boxes,estacionament	=	garatge_caixes
amenity,garages,amenitat/servei	=	garatges
building,garages,edifici	=	garatges
landuse,garages,ús del sòl	=	garatges
denotation,garden,
leisure,garden,lleure	=	jardí
shop,garden_centre,botiga	=	centre_jardineria
shop,garden_furniture,botiga	=	Moble de jardí
craft,gardener,artesania	=	jardiner
church:type,garrison,església:tipus	=	guarnició
content,gas,contingut	=	gas
generator:source,gas,generador:font	=	gas
industrial,gas,industrial	=	gas
plant:source,gas,planta:font	=	gas
power_source,gas,font d'alimentació	=	gas
shop,gas,botiga	=	gas
substance,gas,substància	=	gas
type,gas,tipus	=	gas
utility,gas,utilitat	=	gas
vending,gas_bottles,venda	=	ampolles de gas
generator:type,gas_turbine,generador: tipus	=	turbina de gas
plant:type,gas_turbine,planta: tipus	=	turbina de gas
man_made,gas_well,artificial	=	pou_de_gas
generator:method,gasification,generador: mètode	=	gasificació
plant:method,gasification,planta:mètode	=	gasificació
lamp_type,gaslight,tipus_lampada	=	llum de gas
generator:source,gasoline,generador:font	=	benzina
building,gasometer,edifici	=	gasòmetre
man_made,gasometer,artificial	=	gasòmetre
healthcare:speciality,gastroenterological_surgery,sanitat:especialitat	=	cirurgia gastroenterològica
healthcare:speciality,gastroenterology,sanitat:especialitat	=	gastroenterologia
aeroway,gate,via aèria	=	porta
barrier,gate,barrera	=	porta
entrance,gate,entrada	=	porta
highway,gate,autopista	=	porta
seamark:type,gate,marca de mar: tipus	=	porta
valve,gate,vàlvula	=	porta
aeroway,gate/Archived_proposal,via aèria	=	porta/proposta arxivada
building,gatehouse,edifici	=	porta d'entrada
usage,gathering,ús	=	reunió
addr:source,Gatineau.ca/donneesouvertes 08Aug2015,
railway,gauge_conversion,ferrocarril	=	conversió de calibre
building,gazebo,edifici	=	Kiosko
shelter_type,gazebo,refugi_tipus	=	Kiosko
loading_gauge,GB,indicador_de_càrrega	=	ÉS
road_marking,GB:1001,=
road_marking,GB:1003A,=
road_marking,GB:1062,=
maxspeed:type,GB:motorway,
maxspeed:type,GB:nsl_dual,velocitat màxima: tipus	=	GB: nsl_dual
maxspeed:type,GB:nsl_restricted,velocitat màxima: tipus	=	GB: nsl_restricted
maxspeed:type,GB:nsl_single,velocitat màxima: tipus	=	GB: nsl_single
maxspeed:type,GB:zone20,
loading_gauge,GC,indicador_de_càrrega	=	CG
structure_gauge,GC,calibre_estructura	=	CG
manufacturer,GE,fabricant	=	GE
pump_mechanism,gear,mecanisme de bomba	=	engranatge
source:addr,Gebäudeadressen des Kantons Bern © Amt für Geoinformation des Kantons Bern,
protection_title,Gebietsverbot,títol de protecció	=	Gebietsverbot
species:de,Gemeine Esche,
harbour:category,general,port:categoria	=	general
healthcare:speciality,general,sanitat:especialitat	=	general
shop,general,botiga	=	general
wholesale,general,majorista	=	general
shop,general_store,botiga	=	magatzem general
shop,general_stores,botiga	=	botigues generals
substation,generation,subestació	=	generació
power,generator,energia	=	generador
transformer,generator,transformador	=	generador
created_by,geobaseNHN2osm,
site,geodesic,lloc	=	geodèsic
office,geodesist,oficina	=	geodèsic
man_made,geoglyph,artificial	=	geoglif
source:geometry,geoportal.gov.pl,
source:geometry,"geoportal.gov.pl, GPS",
source:geometry,"geoportal.gov.pl,GPS",
source:geometry,geoportal.gov.pl:BDOT,
source:geometry,geoportal.gov.pl:ortofoto,
source:geometry,geoportal.gov.pl. GPS,
cuisine,georgian,cuina	=	georgià
generator:source,geothermal,generador:font	=	geotèrmia
natural,geothermal,natural	=	geotèrmia
plant:source,geothermal,planta:font	=	geotèrmia
natural,geothermal_area,natural	=	àrea geotèrmica
natural,geothermal_field,natural	=	camp geotèrmic
building,ger,edifici	=	ger
healthcare:speciality,geriatrics,sanitat:especialitat	=	geriatria
cuisine,german,cuina	=	alemany
natural,geyser,natural	=	guèiser
memorial,ghost_bike,monument	=	bicicleta fantasma
shop,gift,botiga	=	regal
genus,Ginkgo,gènere	=	Gingko
species,Ginkgo biloba,
species,Ginkgo␣biloba,espècies	=	Ginkgo␣biloba
source:name,GIS Directorate of Central Informatics Organization Bahrain (www.bahrainlocator.gov.bh),
amenity,give_box,amenitat/servei	=	donar caixa
highway,give_way,carretera	=	Cedir el pas
road_marking,give_way,=
natural,glacier,natural	=	glacera
building:material,glass,material de construcció	=	vidre
material,glass,material	=	vidre
roof:material,glass,sostre: material	=	vidre
shop,glass,botiga	=	vidre
craft,glassblower,artesania	=	bufador de vidre
building,glasshouse,edifici	=	hivernacle
craft,glaziery,artesania	=	vidre
shop,glaziery,botiga	=	vidrieria
genus,Gleditsia,gènere	=	gleditsia
species,Gleditsia triacanthos,
species,Gleditsia␣triacanthos,espècies	=	Gleditsia␣triacanthos
aerodrome:type,gliding,aeròdrom: tipus	=	lliscant
valve,globe,vàlvula	=	globus
source:name,GNS,nom de la font	=	GNS
shop,gold_buyer,botiga	=	comprador d'or
craft,goldsmith,artesania	=	orfebre
club,golf,club	=	golf
shop,golf,botiga	=	golf
sport,golf,esport	=	golf
shop,golf_cart,botiga	=	carro de golf
leisure,golf_course,lleure	=	camp_de_golf
aerialway,gondola,via aèria	=	góndola
seamark:fog_signal:category,gong,seamark: senyal de boira: categoria	=	gong
building:condition,good,edifici: condició	=	bé
condition,good,condició	=	bé
lit:perceived,good,encès: percebut	=	bé
smoothness,good,suavitat	=	bé
trail_visibility,good,rastre_visibilitat	=	bé
aerialway,goods,via aèria	=	béns
man_made,goods_conveyor,artificial	=	transportador de mercaderies
road_marking,gore_chevron,=
natural,gorge,natural	=	gola
building,government,edifici	=	govern
office,government,oficina	=	govern
operator:type,government,operador: tipus	=	govern
building,government_office,edifici	=	oficina governamental
flag:type,governmental,bandera: tipus	=	governamental
landuse,governmental,ús del sòl	=	governamental
highway:class:pl,GP,
naptan:StopAreaType,GPBS,naftan:StopAreaType	=	GPBS
geobase:acquisitionTechnique,GPS,geobase: tècnica d'adquisició	=	GPS
created_by,GPSBabel-1.3.6,
source:ele,gpx,font:el	=	gpx
maxspeed,GR:urban,màxima velocitat	=	GR:urbà
import,grabremote,importar	=	agafar control remot
listed_status,Grade II,
listed_status,Grade_I,estat llistat	=	Grau I
listed_status,Grade␣II,llistat_estat	=	Grau␣II
tracktype,grade1,tipus de pista	=	grau 1
tracktype,grade2,tipus de pista	=	grau 2
tracktype,grade3,tipus de pista	=	grau 3
tracktype,grade4,tipus de pista	=	grau 4
tracktype,grade5,tipus de pista	=	grau 5
tracktype,gradex,tipus de pista	=	graux
man_made,graduation_tower,fet per l'home	=	torre de graduació
content,grain,contingut	=	gra
local_authority:IN,gram_panchayat,autoritat_local:IN	=	gram_panchayat
building,granary,edifici	=	graner
building,grandstand,edifici	=	tribuna
material,granite,material	=	granit
surface,granite,superfície	=	granit
material,granite_stone,material	=	Pedra de granit
crop,grape,cultiu	=	raïm
office,graphic_design,oficina	=	disseny gràfic
crop,grass,cultiu	=	gespa
landcover,grass,coberta terrestre	=	gespa
landuse,grass,ús del sòl	=	gespa
natural,grass,natural	=	herba
roof:material,grass,sostre: material	=	herba
surface,grass,"Una superfície d'herba està coberta d'herba viva i vegetació, comunament trobada en parcs i zones recreatives | superfície	=	gespa"
zoning,grass,zonificació	=	gespa
surface,grass_paver,superfície	=	pavimentadora_herba
natural,grassland,"Una prada és una zona coberta predominantment d'herbes i plantes herbàcies, amb pocs o cap arbre | natural	=	prada"
inlet,grate,entrada	=	ratllar
cemetery,grave,cementiri	=	tomba
archaeological_site,grave_field,lloc arqueològic	=	camp de tombes
amenity,grave_yard,amenitat/servei	=	cementiri
landuse,grave_yard,ús del sòl	=	cementiri
landcover,gravel,coberta terrestre	=	grava
resource,gravel,recurs	=	grava
roof:material,gravel,sostre: material	=	grava
surface,gravel,superfície	=	grava
observatory:type,gravitational,observatori:tipus	=	gravitacional
building:colour,gray,edifici:color	=	gris
colour,gray,color	=	gris
source:geometry,GRB,
cuisine,greek,cuina	=	grec
denomination,greek_orthodox,
building:colour,green,edifici:color	=	verd
colour,green,color	=	verd
colour:arrow,green,color:fletxa	=	verd
colour:back,green,color:esquena	=	verd
colour:text,green,color:text	=	verd
fire_hydrant:position,green,hidrant_d'incendi:posició	=	verd
golf,green,golf	=	verd
light:colour,green,
seamark:beacon_lateral:colour,green,marca:balisa lateral:color	=	verd
seamark:beacon_special_purpose:colour,green,seamark:beaamb propòsit especial:color	=	verd
seamark:buoy_lateral:colour,green,seamark:boia_lateral:color	=	verd
seamark:buoy_special_purpose:colour,green,seamark:boia propòsit especial:color	=	verd
seamark:light:colour,green,marca:llum:color	=	verd
seamark:topmark:colour,green,marca de mar:marca de topall:color	=	verd
highway,green_lane,autopista	=	carril verd
seamark:beacon_lateral:colour,green;red;green,marca:balisa lateral:color	=	verd;vermell;verd
seamark:buoy_lateral:colour,green;red;green,marca:boia lateral:color	=	verd;vermell;verd
seamark:beacon_lateral:colour,green;white;green;white,marca:balisa lateral:color	=	verd;blanc;verd;blanc
seamark:buoy_lateral:colour,green;white;green;white,marca:boia lateral:color	=	verd;blanc;verd;blanc
osmc:symbol,green:green:yellow_pointer,osmc:símbol	=	verd:verd:punter_groc
landcover,greenery,coberta terrestre	=	verdor
landuse,greenery,ús del sòl	=	verdor
landuse,greenfield,ús del sòl	=	greenfield
shop,greengrocer,botiga	=	verduler
wholesale,greengrocer,majorista	=	verdulero
building,greenhouse,edifici	=	hivernacle
landuse,greenhouse_horticulture,ús del sòl	=	hivernacle_horticultura
building:colour,grey,edifici:color	=	gris
colour,grey,color	=	gris
seamark:beacon_special_purpose:colour,grey,seamark:beaamb propòsit especial:color	=	gris
seamark:topmark:colour,grey,marca de mar:marca de topall:color	=	gris
electricity,grid,
seamark:type,gridiron,marca de mar: tipus	=	graella
cuisine,grill,cuina	=	graella
shop,grill,botiga	=	graella
craft,grinding_mill,artesania	=	molí_de_mòlta
industrial,grinding_mill,industrial	=	molí_de_mòlta
amenity,grit_bin,amenitat/servei	=	grit_bin
maintenance,gritting,manteniment	=	sorra
shop,grocery,botiga	=	botiga de queviures
source:addr,grodziskmazowiecki.e-mapa.net,
cave,grotto,cova	=	gruta
location,ground,localització	=	terrestre
marker,ground,marcador	=	terrestre
natural,ground,natural	=	terrestre
support,ground,suport	=	terrestre
surface,ground,superfície	=	terrestre
hazard,ground_clearance,perill	=	claredat del pis
building,ground_station,edifici	=	estació terrestre
man_made,ground_station,fet per l'home	=	estació terrestre
power,grounding,poder	=	presa de terra
shop,groundskeeping,botiga	=	manteniment de jardins
type,group,tipus	=	grup
social_facility,group_home,instal·lacions_socials	=	inici_del_grup
man_made,groyne,artificial	=	escullera
seamark:shoreline_construction:category,groyne,seamark:litoral construcció:categoria	=	esculleres
source:geometry,GSImaps/std,
railway:radio,gsm-r,ferrocarril:ràdio	=	gsm-r
*-tip/pista,guagua,ALERTA:Si vols buscar guagua usa bus
building,guard_post,edifici	=	lloc de guàrdia
barrier,guard_rail,barrera	=	Barana
man_made,guard_stone,fet per l'home	=	pedra de guàrdia
building,guardhouse,edifici	=	presó militar
source:en,Guaynabo Municipality,
source:en,Guaynabo␣Municipality,font:es	=	Guaynabo␣Municipi
mooring,guest,amarrador	=	hoste
tourism,guest_house,turisme	=	Casa de convidats
source:addr,gugik.gov.pl,
office,guide,oficina	=	guia
information,guidepost,informació	=	pal indicador
natural,gully,natural	=	fallta
addr:village,Gumare,adreça:poble	=	Gumaré
shop,gun,botiga	=	pistola
bunker_type,gun_emplacement,tipus búnquer	=	emplaçament d'armes
shop,guns,botiga	=	pistoles
building,gurdwara,edifici	=	Gurdwara
source:addr,GURS,font: direcció	=	GURS
source:construction_date,GURS,
source:geometry,GURS,font: geometria	=	GURS
man_made,guy,fet per l'home	=	noi
man_made,guy_insulator,fet per l'home	=	tipus aïllant
man_made,guy_wire,fet per l'home	=	filferro tipus
design,guyed_h-frame,disseny	=	guyed_h-marc
tower:construction,guyed_lattice,torre:construcció	=	gelosia arriostrada
tower:construction,guyed_tube,torre:construcció	=	tub tensat
design,guyed_v-frame,disseny	=	guyed_v-marco
amenity,gym,amenitat/servei	=	gimnàstica
amenity,gym_(Don't_use),amenitat/servei	=	gimnàs (no fer servir)
sport,gymnastics,esport	=	gimnàstica
healthcare:speciality,gynaecology,sanitat:especialitat	=	ginecologia
cuisine,gyros,cuina	=	giroscopis
design,h-frame,disseny	=	marc en h
barrier,ha-ha,barrera	=	ja ja
shop,haberdashery,botiga	=	merceria
leisure,hackerspace,temps lliure	=	espai hacker
healthcare:speciality,haematology,sanitat:especialitat	=	hematologia
category,haffir,
barrier,haha,barrera	=	ja ja
genus:de,Hainbuche,
beauty,hair,bellesa	=	cabell
beauty,hair_removal,bellesa	=	depilació
shop,hairdresser,botiga	=	perruquer
wholesale,hairdresser,majorista	=	perruqueria
shop,hairdresser_supply,botiga	=	perruqueria_subministraments
curve,hairpin,corba	=	forquilla
source:name,Haiti_DMA_Topo,nom de la font	=	Haití DMA Topo
crossing:barrier,half,encreuament:barrera	=	meitat
roof:shape,half_hipped,sostre:forma	=	mig maluc
roof:shape,half-hipped,sostre: forma	=	a mig maluc
owner,Halifax Regional Municipality,
owner,Halifax␣Regional␣Municipality,propietari	=	Halifax␣Regional␣Municipi
building,hall,edifici	=	saló
building,hall_of_residence,edifici	=	Sala de residència
disused:railway,halt,en desús: ferrocarril	=	aturar
public_transport,halt,transport públic	=	aturar
railway,halt,ferrocarril	=	aturar
residential,halting_site,Residencial	=	lloc_de_aturada
shop,ham,botiga	=	pernil
abandoned:place,hamlet,
place,hamlet,lloc	=	llogaret
bath:type,hammam,bany:tipus	=	bany turc
athletics,hammer_throw,atletisme	=	llançament de martell
barrier,hampshire_gate,barrera	=	hampshire_gate
sport,handball,esport	=	handbol
craft,handicraft,artesania	=	artesania
man_made,handpump,artificial	=	bomba de mà
barrier,handrail,barrera	=	mural
aeroway,hangar,via aèria	=	hangar
building,hangar,edifici	=	hangar
lamp_operator,Hansestadt Rostock,
lamp_operator,Hansestadt␣Rostock,operador_de_lampares	=	Hansestadt␣Rostock
sport,hapkido,esport	=	hapkido
landuse,harbour,ús del sòl	=	port
seamark:type,harbour,marca de mar: tipus	=	port
water,harbour,aigua	=	port
seamark:type,harbour_area,marca de mar: tipus	=	zona del port
seamark:type,harbour_basin,marca de mar: tipus	=	conca del port
seamark:beacon_lateral:category,harbour_left,marca:balisa lateral:categoria	=	port a l'esquerra
border_type,harbour_limits,tipus de vora	=	límits del port
office,harbour_master,oficina	=	capitania marítima
seamark:building:function,harbour_master,marca:edifici:funció	=	capità de Port
seamark:beacon_lateral:category,harbour_right,marca:balisa lateral:categoria	=	dret del port
building:material,hard,material de construcció	=	difícil
surface,hard,superfície	=	dur
bunker_type,hardened_aircraft_shelter,tipus búnquer	=	refugi reforçat per a avions
shop,hardware,botiga	=	ferreteria
wholesale,hardware,majorista	=	maquinari
crop,hay,cultiu	=	fenc
boundary,hazard,Perímetre	=	perill
whitewater,hazard,aigua Blanca	=	perill
trees,hazel_plants,arbres	=	avellana_plantes
usage,headrace,ús	=	carrera
boundary,health,Perímetre	=	salut
insurance,health,assegurança	=	salut
shop,health,botiga	=	salut
type,health,tipus	=	salut
shop,health_food,botiga	=	Menjar saludable
amenity,health_post,amenitat/servei	=	lloc_de_salut
healthcare,health_post,cura de la salut	=	lloc de salut
government,healthcare,govern	=	cura de la salut
landuse,healthcare,ús del sòl	=	cura de la salut
office,healthcare,oficina	=	cura de la salut
man_made,heap,artificial	=	munt
shop,hearing_aid_dispenser,botiga	=	dispensador d'audiòfons
shop,hearing_aids,botiga	=	audiòfons
type,heat,tipus	=	calor
generator:type,heat_pump,generador: tipus	=	bomba de calor
natural,heath,natural	=	bruc
utility,heating,utilitat	=	calefacció
industrial,heating_station,industrial	=	estació de calefacció
seamark:distance_mark:units,hectometres,marca de mar:marca de distància:unitats	=	hectòmetres
barrier,hedge,barrera	=	cobertura
landcover,hedge,coberta terrestre	=	cobertura
barrier,hedge_bank,barrera	=	banc de cobertura
hedge,hedge_bank,cobertura	=	hedge_bank
historic:period,heian,històric: període	=	Heian
barrier,height_restrictor,barrera	=	restrictor_d'alçada
power,heliostat,poder	=	heliòstat
aeroway,helipad,via aèria	=	heliport
aeroway,heliport,via aèria	=	heliport
gbfs:system_id,hellocycling,
source:address,Helsingborgs kommun,
source:address,Helsingborgs␣kommun,Adreça de la font	=	Helsingborgs␣kommun
healthcare:speciality,hepatology,sanitat:especialitat	=
shop,herbalist,botiga	=	herbolari
government,heritage,govern	=	patrimoni
historic,heritage,històric	=	herència
genus,Hevea,gènere	=	hevea
car:type,hgv,tipus de carro	=	vhg
logistics,hgv,logística	=	vhg
parking_space,hgv,plaça d'aparcament	=	vhg
shop,hgv,botiga	=	vhg
shop,hifi,botiga	=	d'alta fidelitat
NHD:RESOLUTION,High,
NHD:Resolution,High,NHD:Resolució	=	Alt
diplomatic,high_commission,diplomàtic	=	alta Comissió
embassy,high_commission,ambaixada	=	alta Comissió
athletics,high_jump,atletisme	=	salt alt
lamp_mount,high_mast,muntatge_de_lampada	=	pal alt
lamp_type,high_pressure_sodium,tipus_lampada	=	sodi d'alta pressió
light:method,high_pressure_sodium,llum:mètode	=	sodi d'alta pressió
sport,high_rope_course,esport	=	curs de corda alta
historic,highwater_mark,històric	=	alta marca d'aigua
landuse,highway,ús del sòl	=	carretera
office,highway,oficina	=	autopista
aeroway,highway_strip,via aèria	=	franja de carretera
piste:type,hike,pista:tipus	=	caminada
checkpoint,hiking,control	=	senderisme
guidepost,hiking,pal indicador	=	senderisme
route,hiking,ruta	=	senderisme
sac_scale,hiking,sac_escala	=	senderisme
natural,hill,natural	=	Turó
fortification_type,hill_fort,tipus de fortificació	=	fort al turó
religion,hindu,religió	=	hindú
door,hinged,porta	=	amb frontisses
roof:shape,hipped,sostre: forma	=	a quatre aigües
species,hippocastanum,espècies	=	hippocastanum
railway,hirail_access,ferrocarril	=	accés hirail
source:geometry,HiRes aerial imagery,
source:position,HiRes aerial imagery,
boundary,historic,Perímetre	=	històric
railway,historic,ferrocarril	=	històric
route,historic,ruta	=	històric
boundary,historic_parish,Perímetre	=	parròquia_històrica
railway,historical,ferrocarril	=	històric
thc:designation,Historical Marker,
board_type,history,tipus_tauler	=	història
museum,history,museu	=	història
amenity,hitching_post,amenitat/servei	=	pal d'enganxament
road_marking,HK:604[right],=
shop,hobby,botiga	=	passatemps
sport,hockey,esport	=	hoquei
aeroway,holding_position,via aèria	=	holding_position
aeroway,holding_position_line,via aèria	=	línia de posició d'espera
disc_golf,hole,disc de golf	=	forat
golf,hole,golf	=	forat
hazard,hole,perill	=	forat
species:de,Holländische-Linde,
valve,hollow_jet,vàlvula	=	jet buit
historic,hollow_way,històric	=	camí_buit
place_of_worship,holy_well,lloc d'adoració	=	pou sant
entrance,home,entrada	=	llar
social_facility:for,homeless,social_facility:per	=	Vagabund
healthcare:speciality,homeopathy,especialitat:de_salut	=	homeopatia
shop,honey,botiga	=	mel
species:en,Honey Locust,
man_made,hongsalmun,fet per l'home	=	hongsalmun
consulate,honorary_consul,consolat	=	cònsol honorari
diplomatic,honorary_consulate,diplomàtic	=	consolat honorari
shop,hookah,botiga	=	narguile
amenity,hookah_lounge,amenitat/servei	=	saló_de_la_cachimba
crop,hop,cultiu	=	saltar
landuse,hop_garden,ús del sòl	=	jardí de llúpol
trees,hop_plants,arbres	=	llúpol_plantes
playground,hopscotch,parc infantil	=	xarranca
line_arrangement,horizontal,
seamark:beacon_cardinal:colour_pattern,horizontal,seamark: beacon cardinal: patró de color	=	horitzontal
seamark:beacon_isolated_danger:colour_pattern,horizontal,seamark:far perill aïllat:patró de color	=	horitzontal
seamark:beacon_lateral:colour_pattern,horizontal,marca de mar: balisa lateral: patró de color	=	horitzontal
seamark:buoy_cardinal:colour_pattern,horizontal,seamark:buoy_cardinal:color_patró	=	horitzontal
seamark:buoy_isolated_danger:colour_pattern,horizontal,seamark:boia perill aïllat:patró de color	=	horitzontal
seamark:buoy_lateral:colour_pattern,horizontal,marca de mar: boia lateral: patró de color	=	horitzontal
seamark:buoy_special_purpose:colour_pattern,horizontal,marca de mar: boia propòsit especial: patró de color	=	horitzontal
seamark:topmark:colour_pattern,horizontal,marca de mar: marca de topall: patró de color	=	horitzontal
survey_point:purpose,horizontal,punt d'enquesta: propòsit	=	horitzontal
generator:type,horizontal_axis,generador: tipus	=	eix horitzontal
playground,horizontal_bar,parc infantil	=	barra horitzontal
seamark:fog_signal:category,horn,seamark: senyal de boira: categoria	=	botzina
barn,horreo,El hórreo és un típic magatzem elevat d’Astúries i Galícia
barn,hórreo,El hórreo és un típic magatzem elevat d’Astúries i Galícia
smoothness,horrible,suavitat	=	horrible
trail_visibility,horrible,rastre_visibilitat	=	horrible
route,horse,ruta	=	cavall
barrier,horse_jump,barrera	=	salt de cavall
amenity,horse_parking,amenitat/servei	=	estacionament de cavalls
sport,horse_racing,esport	=	les curses de cavalls
hazard,horse_riders,perill	=	genets
leisure,horse_riding,lleure	=	equitació (hípica)
barrier,horse_stile,barrera	=	muntant de cavall
animal,horse_walker,animal	=	passejador de cavalls
sport,horseshoes,esport	=	ferradures
tower:type,hose,torre:tipus	=	mànega
amenity,hospice,amenitat/servei	=	hospici
healthcare,hospice,cura de la salut	=	hospici
social_facility,hospice,instal·lació social	=	hospici
amenity,hospital,"Un hospital és una instal·lació mèdica que proporciona atenció sanitària integral, tractament d'emergències i serveis mèdics especialitzats | amenitat/servei	=	hospital"
building,hospital,"Un edifici d'hospital és una instal·lació mèdica que proporciona atenció sanitària, tractament i serveis mèdics | edifici	=	hospital"
church:type,hospital,església:tipus	=	hospital
healthcare,hospital,cura de la salut	=	hospital
tourism,hostel,turisme	=	Hostal
spring:type,hot,primavera: tipus	=	calenta
cuisine,hot_dog,cuina	=	Panxo
cuisine,hot_pot,cuina	=	olla calenta
bath:type,hot_spring,bany:tipus	=	primavera calorosa
leisure,hot_spring,temps lliure	=	primavera calorosa
natural,hot_spring,natural	=	primavera calorosa
leisure,hot_tub,temps lliure	=	Banyera d´hidromassatge
content,hot_water,contingut	=	aigua calenta
substance,hot_water,substància	=	aigua calenta
man_made,hot_water_tank,fet per l'home	=	tanc d'aigua calenta
amenity,hotel,amenitat/servei	=	hotel
building,hotel,Un edifici d'hotel proporciona allotjament temporal i serveis d'hostaleria per a viatgers i visitants | edifici	=	hotel
tourism,hotel,turisme	=	hotel
cuisine,hotpot,cuina	=	estofat
building,house,Una casa és un edifici residencial dissenyat per a l'habitatge i vida humana | edifici	=	casa
building:part,house,
construction,house,construcció	=	casa
destroyed:building,house,
historic,house,històric	=	casa
landuse,house,ús del sòl	=	casa
building,houseboat,edifici	=	casa flotant
shop,household_linen,botiga	=	roba de casa
shop,houseware,botiga	=	articles per a la llar
park_ride,hov,passeig del Parc	=	hov
source:url,http://cea.vitoria-gasteiz.org,font:url	=	http://cea.vitoria-gasteiz.org
source:file,http://centrodedescargas.cnig.es/CentroDescargas/equipamiento/BD_Municipios-Entidades.zip,arxiu font	=	http://centrodedescargas.cnig.es/CentroDescargas/equipament/BD_Municipis-Entitats.zip
source:file,http://centrodedescargas.cnig.es/CentroDescargas/equipamiento/NGBE_de_caracter_Provisional.zip,arxiu font	=	http://centrodedescargas.cnig.es/CentroDescargas/equipament/NGBE_de_caracter_Provisional.zip
source_ref:name,http://data.gov.au/dataset/36f1ca48-ed2d-4a58-a15b-6fb4b97fdbd7,
source:geometry,http://gis.gabrovo.bg:6080/arcgis/rest/services/BaseMap/MapServer/7,
source:url,http://gis.naga.gov.ph/pmwiki/pmwiki.php/Main/Data,font:url	=	http://gis.naga.gov.ph/pmwiki/pmwiki.php/Main/Data
source:maxspeed,http://monolitos.montevideo.gub.uy/resoluci.nsf/WEB/Numero/954-13,
source_ref,http://nlftp.mlit.go.jp/ksj/jpgis/datalist/KsjTmplt-A13.html,
source_ref,http://nlftp.mlit.go.jp/ksj/jpgis/datalist/KsjTmplt-N02-v1_1.html,
source_ref,http://nlftp.mlit.go.jp/ksj/jpgis/datalist/KsjTmplt-P02-v2_0.html,
source_ref,http://nlftp.mlit.go.jp/ksj/jpgis/datalist/KsjTmplt-W05.html,
source_ref,http://nlftp.mlit.go.jp/ksj/jpgis/datalist/KsjTmplt-W09.html,
source:ref,http://wiki.openstreetmap.org/wiki/Import/Catalogue/Strassen_NRW,
source_ref,http://wiki.openstreetmap.org/wiki/JA:GSI_KIBAN/Using_GSI_KIBAN_WMS,
source_ref,http://wiki.osm.org/wiki/GSI_KIBAN,
source:lit,http://www.autobahn-bilder.de,
source:url,http://www.bilbao.eus/opendata,font:url	=	http://www.bilbao.eus/opendata
source:wfs,http://www.idee.es/IGN-WFS-Geodesia/ogcwebservice,font:wfs	=	http://www.idee.es/IGN-WFS-Geodesia/ogcwebservice
source_ref,http://www.linz.govt.nz/topography/topo-maps/,
contact:website,https://5ka.ru,
source:url,https://data.kinmen.gov.tw/Cus_OpenData_DealData.aspx?s=EE8E4A0BF2004468,
source:highway:class:pl,https://edziennik.gddkia.gov.pl/DU_GDDKIA/2025/7/akt.pdf,
source:hgv,https://gamccd.net/Documents/OSP_GaOversizeTrkRouteMap.pdf,
source:hgv,https://gis-idot.opendata.arcgis.com/datasets/IDOT::designated-truck-routes-state-jurisdiction-truck-route/explore?location=40.542466%2C-88.991188%2C14.60;https://www.gettingaroundillinois.com/MapViewer/?config=DTRconfig.json,
source:data,https://gis.ny.gov/gisdata,dades font	=	https://gis.ny.gov/gisdata
source:addr,https://gis.sccmo.opendata.arcgis.com/ (2018),
source:hgv:national_network,https://hepgis-usdot.hub.arcgis.com/apps/usdot::national-network-conventional-combination-trucks-map/explore,
source:maxweight,https://hub.arcgis.com/datasets/KYTC::kytc-truck-weight-classification/explore,
source:url,https://maps.lib.utexas.edu/maps/topo/nicaragua/,font:url	=	https://maps.lib.utexas.edu/maps/topo/nicaragua/
source:url,https://trouver.datasud.fr/dataset/marseille-eclairage,font:url	=	https://trouver.datasud.fr/dataset/marseille-eclairage
contact:twitter,https://twitter.com/Ozon_ru,
contact:vk,https://vk.com/ozon,
url,https://wiki.openstreetmap.org/Import_Borno_eHealth_Africa_Smaller_Settlements,URL	=	https://wiki.openstreetmap.org/Import Borno eHealth Africa Assentaments més petits
source:hgv,https://www.dot.state.pa.us/public/pubsforms/Publications/TruckersMap.pdf,
heritage:website,https://www.duesseldorf.de/denkmalschutz/gasleuchten,
source:hgv:national_network,https://www.ecfr.gov/current/title-23/chapter-I/subchapter-G/part-658;https://hepgis-usdot.hub.arcgis.com/apps/usdot::national-network-conventional-combination-trucks-map,
source:addr,https://www.elliscad.com/gis-data/ (2024),
contact:facebook,https://www.facebook.com/ozon.ru,
source_ref:url,https://www.flickr.com/photos/openstreetmap-albania,
source_ref:url,https://www.flickr.com/photos/openstreetmap-albania/,font_ref:url	=	https://www.flickr.com/photos/openstreetmap-albania/
contact:website,https://www.hellocycling.jp,
source:url,https://www.hsinchu.gov.tw/OpenDataDetail.aspx?n=902&s=2663,
contact:instagram,https://www.instagram.com/ozonru,
source:url,https://www.klcg.gov.tw/tw/civil/2209-292163.html,
source:hgv,https://www.michigan.gov/mdot/-/media/Project/Websites/MDOT/Travel/Map/Truck-Operators-Map/Truck-Operators-Map.pdf,
source_ref,https://www.openstreetmap.org/user/aHaSaN/diary,
contact:website,https://www.ozon.ru,
contact:website,https://www.ozon.ru/,contacte:lloc web	=	https://www.ozon.ru/
operator:website,https://www.usps.com,
source:maxspeed,HU:urban,
seamark:type,hulk,marca de mar: tipus	=	casc
seamark:wreck:category,hull_showing,marca:naufragi:categoria	=	mostrant el casc
natural,human,natural	=	humà
healthcare:speciality,humanistic,sanitat:especialitat	=
natural,hummock,natural	=	monticle
traffic_calming,hump,calmar el trànsit	=	gepa
railway,hump_yard,ferrocarril	=	gepa
bridge:structure,humpback,pont:estructura	=	geperut
genus,Humulus,gènere	=	húmul
club,hunting,club	=	caça
shop,hunting,botiga	=	caça
amenity,hunting_stand,amenitat/servei	=	lloc_de_caça
man_made,hunting_stand,fet per l'home	=	lloc de caça
building,hut,edifici=mulassa de pedra seca | edifici	=	cabana
archaeological_site,hut_circle,lloc arqueològic	=	barraca cercle
site_type,hut_circle,tipus de lloc	=	barraca cercle
craft,hvac,artesania	=	climatització
shop,hvac,botiga	=	climatització
wholesale,hvac,majorista	=	climatització
amenity,hydrant,amenitat/servei	=	boca d'aigües
utility,hydrant,utilitat	=	boca d'aigües
actuator,hydraulic_cylinder,solenoide	=	Cilindre hidràulic
generator:source,hydro,generador:font	=	hidre
plant:source,hydro,planta:font	=	hidre
power_source,hydro,font d'alimentació	=	hidre
generator:type,hydrodynamic_screw,generador: tipus	=	cargol hidrodinàmic
shop,hydroponics,botiga	=	hidroponia
genus,Hylocereus,gènere	=	Hylocereus
tomb,hypogeum,tomba	=	hipogeu
crown_type,i,
seamark:beacon_lateral:system,iala-a,
seamark:buoy_lateral:system,iala-a,seamark:boia_lateral:sistema	=	iala-a
source:highway_classification,IBGE,
source:name,IBGE,
source:population,"IBGE, DOU de 31/08/2023",
hazard,ice,perill	=	gel
surface,ice,superfície	=	gel
amenity,ice_cream,amenitat/servei	=	gelat
cuisine,ice_cream,cuina	=	gelat
shop,ice_cream,botiga	=	gelat
vending,ice_cream,venda	=	gelat
cuisine,ice_cream;burger,cuina	=	gelat;hamburguesa
vending,ice_cubes,venda	=	cubs de gel
industrial,ice_factory,industrial	=	fàbrica de gel
sport,ice_hockey,esport	=	hoquei sobre gel
man_made,ice_house,fet per l'home	=	casa de gel
leisure,ice_rink,temps lliure	=	Pista de gel
surface,ice_road,superfície	=	camí de gel
sport,ice_skating,esport	=	patinatge sobre gel
sport,ice_stock,esport	=	brou de gel
is_in:country_code,ID,
source:name:oc,ieo-bdtopoc,font:nom:oc	=	ieo-bdtopoc
denomination,iglesia_filipina_independiente,denominació	=	església filipina independent
species,Ilex␣aquifolium,espècies	=	Ilex␣aquifolium
hazard,illegal_crossing,perill	=	encreuament il·legal
beacon:type,ILS,balisa: tipus	=	ILS
holding_position,ILS,posició d'espera	=	ILS
holding_position:type,ILS,posició d'espera: tipus	=	ILS
source:geometry,Imagen Catastro de España,
source:geometry,Imagen de Catastro de España,
healthcare:speciality,immunology,sanitat:especialitat	=
smoothness,impassable,suavitat	=	infranquejable
historic:civilization,imperial_chinese,històric: civilització	=	xinès_imperial
healthcare:speciality,implantology,especialitat:de_salut	=	implantologia
maxspeed,implicit,màxima velocitat	=	implícit
source:maxspeed,implicit,font:maxspeed	=	implícit
source:name,ImproveOSM,
description,in the depot/yard,
railway:signal:position,in_track,
coastline:survey_quality,inadequate,litoral: qualitat d'aixecament	=	inadequat
tactile_paving,incorrect,paviment tàctil	=	incorrecte
survey_point:structure,indented_pin,punt d'enquesta: estructura	=	passador amb sagnia
cuisine,indian,cuina	=	indi
is_in:country,Indonesia,
cuisine,indonesian,cuina	=	indonesi
location,indoor,ubicació	=	interior
surveillance,indoor,
leisure,indoor_play,temps lliure	=	joc d'interior
abutters,industrial,confina amb	=	industrial
building,industrial,"Un edifici industrial és una instal·lació dissenyada per a la fabricació, producció i operacions industrials | edifici	=	industrial"
harbour:category,industrial,port:categoria	=	industrial
historic,industrial,històric	=	industrial
landuse,industrial,"L'ús industrial del sòl designa zones per a la fabricació, producció, emmagatzematge i activitats industrials | ús del sòl	=	industrial"
substation,industrial,subestació	=	industrial
usage,industrial,ús	=	industrial
source:population,INE,font:població	=	INE
source:population,ine.gob.bo;2016,font:població	=	ine.gob.bo;2016
healthcare:speciality,infectious_diseases,sanitat:especialitat	=
baseball,infield,beisbol	=	dins del camp
basin,infiltration,conca	=	infiltració
crossing,informal,
seamark:notice:function,information,seamark:avís:funció	=	informació
tourism,information,turisme	=	informació
craft,information_electronics,artesania	=	electrònica d'informació
swimming_pool,inground,piscina	=	soterrada
damage:assessment,initial,avaluació de danys	=	inicial
usage,injection,ús	=	injecció
vending,ink_cartridges,venda	=	cartutxos de tinta
route,inline_skates,ruta	=	patins en línia
building:usage:pl,Inny niemieszkalny,
building:usage:pl,inny niemieszkalny,
building:use:pl,Inny niemieszkalny,
building:usage:pl,Inny niemieszkalny lub podziemny,
building:use:pl,Inny␣niemieszkalny,edifici:ús:pl	=	Inny␣niemieszkalny
man_made,insect_hotel,artificial	=	insecte_hotel
source:population,INSEE 2024,
source:population,INSEE␣2022,font:població	=	INSEE␣2022
seamark:type,inshore_traffic_zone,marca de mar: tipus	=	zona de trànsit costaner
postal_code:source,INSSE - SIRUTA,
postal_code:source,INSSE␣-␣SIRUTA,codi_postal:font	=	INSSE␣-␣SIRUTA
artwork_type,installation,
heritage:operator,Institut für Denkmalschutz und Denkmalpflege Düsseldorf,
landuse,institutional,ús del sòl	=	institucional
railway:vacancy_detection,insulated_rail_joint,ferrocarril: detecció de vacants	=	junta de riel aïllada
craft,insulation,artesania	=	aïllament
power,insulator,energia	=	aïllant
office,insurance,oficina	=	assegurança
shop,insurance,botiga	=	assegurança
tower:type,intake,torre:tipus	=	consum
industrial,integrated_circuit,industrial	=	circuit integrat
seamark:light:visibility,intensified,marca:llum:visibilitat	=	intensificat
healthcare:speciality,intensive,sanitat:especialitat	=
embassy,interests_section,ambaixada	=	secció d'interessos
shop,interior_decoration,botiga	=	decoració d'interiors
craft,interior_decorator,artesania	=	decorador d'interiors
craft,interior_work,artesania	=	treball interior
surface,interlock,superfície	=	entrellaçar
generator:plant,intermediate,generador: planta	=	intermedi
holding_position,intermediate,posició d'espera	=	intermedi
holding_position:type,intermediate,posició d'espera: tipus	=	intermedi
piste:difficulty,intermediate,pista: dificultat	=	intermedi
railway:signal:main:function,intermediate,ferrocarril:senyal:principal:funció	=	intermedi
smoothness,intermediate,suavitat	=	enterrar
trail_visibility,intermediate,rastre_visibilitat	=	intermedi
stream,intermittent,corrent	=	intermitent
water,intermittent,aigua	=	intermitent
healthcare:speciality,internal,sanitat:especialitat	=	intern
aerodrome:type,international,aeròdrom: tipus	=	internacional
cuisine,international,cuina	=	internacional
passenger,international,passatger	=	internacional
office,international_organization,oficina	=	organització Internacional
signal_station,international_port_traffic,estació de senyals	=	trànsit portuari internacional
amenity,internet_cafe,amenitat/servei	=	Cafè internet
company,internet_shop,empresa	=	botiga virtual
source:addr,interpolation,
source:addr:housenumber,interpolation,
junction,intersection,unió	=	intersecció
NHS,Interstate,Servei Nacional de Salut	=	Interestatal
lit,interval,il·luminat	=	interval
culvert,inverted_siphon,claveguera	=	sifó invertit
power,inverter,poder	=	inversor
seamark:light:character,IQ,marca:llum:personatge	=	CI
is_in:country,Iran,
is_in,"Iraq , جمهورية العراق",
material,iron,material	=	planxar
building:material,iron_sheet,construir	=	full de ferro
building:roof,iron_sheet,edifici: sostre	=	full de ferro
service,irregular,Servei	=	irregular
water_source,irrigated,font d'aigua	=	irrigat
service,irrigation,Servei	=	irrigació
usage,irrigation,ús	=	irrigació
crossing,island,encreuament	=	illa
place,island,lloc	=	illa
traffic_calming,island,calmar el trànsit	=	illa
natural,islet,natural	=	illot
place,islet,lloc	=	illot
denomination,ismaili,denominació	=	ismaili
seamark:light:character,Iso,marca:llum:personatge	=	Jo així
source:geometry,ISOK hillshade,
place,isolated_dwelling,lloc	=	habitatge_aïllat
railway,isolated_track_section,ferrocarril	=	secció de via aïllada
natural,isthmus,natural	=	istme
company,it,empresa	=	això
government,it,govern	=	això
office,it,oficina	=	informàtica
maxspeed,IT:rural,màxima velocitat	=	TI:rural
maxspeed,IT:urban,màxima velocitat	=	TI:urbà
maxspeed:type,IT:urban,
source:maxspeed,IT:urban,font:maxspeed	=	TI:urbà
cuisine,italian,cuina	=	italià
cuisine,italian_pizza,cuina	=	pizza_italiana
cuisine,italian;pizza,cuina	=	italià;pizza
seamark:light:character,IUQ,marca:llum:personatge	=	CIU
seamark:light:character,IVQ,marca:llum:personatge	=	IVQ
aerialway,j-bar,via aèria	=	j-barra
aerialway:drag_lift,j-bar,via aèria: elevador d'arrossegament	=	j-barra
religion,jain,religió	=	jainista
operator:en,Japan Post,
cuisine,japanese,cuina	=	japonès
species,japonica,espècies	=	roser japonès
ref:opendataparis:domanialit,JARDIN,ref:opendataparis:domanialit	=	JARDÍ
cuisine,jause,cuina	=	jause
athletics,javelin_throw,atletisme	=	llançament de javelina
denomination,jehovahs_witness,
barrier,jersey_barrier,barrera	=	jersey_barrera
wall,jersey_barrier,paret	=	jersey_barrera
aeroway,jet_bridge,via aèria	=	pont de raig
shop,jetski,botiga	=	moto aquàtica
man_made,jetty,fet per l'home	=	embarcador
craft,jeweller,artesania	=	joier
shop,jewellery,botiga	=	joieria
shop,jewelry,botiga	=	joies
wholesale,jewelry,majorista	=	joieria
religion,jewish,religió	=	jueu
amenity,jobcentre,amenitat/servei	=	centre de treball
denomination,jodo_shinshu,denominació	=	jódo shinshu
denomination,jodo_shu,denominació	=	jodo shu
carpenter,joiner,fuster	=	fuster
craft,joiner,artesania	=	fuster
railway:electricity,joint,ferrocarril:electricitat	=	articulació
created_by,JOSM,creat per	=	JOSM
operator:short:en,JP,
sport,judo,esport	=	judo
junction,jughandle,unió	=	malabarista
genus,Juglans,gènere	=	Juglans
species,Juglans regia,
species,Juglans␣regia,espècies	=	Juglans␣regia
cuisine,juice,cuina	=	suc
amenity,juice_bar,amenitat/servei	=	Bar de sucs
railway,junction,ferrocarril	=	unió
type,junction,tipus	=	unió
shop,junk_yard,botiga	=	dipòsit de ferralla
social_facility:for,juvenile,social_facility:per	=	juvenil
booth,K6,
denomination,kabbalah,denominació	=	kábala
waterway:type,KANAL_SEKUNDER,canal: tipus	=	KANAL_SEKUNDER
waterway:type,KANAL_TERSIER,canal: tipus	=	KANAL_TERSIER
generator:type,kaplan_turbine,generador: tipus	=	turbina kaplan
import_ref,kapor_names,import_ref	=	kapor_names
source:conscriptionnumber,kapor2,font: número de conscripció	=	kapor2
amenity,karaoke_box,amenitat/servei	=	caja_karaoke
sport,karate,esport	=	karate
sport,karting,esport	=	kàrting
addr:division,Kawempe,direcció:divisió	=	Kawempe
boat:type,kayak,vaixell:tipus	=
cuisine,kebab,cuina	=	broqueta
cuisine,kebab;pizza,cuina	=	kebab;pizza
defensive,keep,defensiu	=	mantenir
source:addr,Kendall County,
barrier,kent_carriage_gap,barrera	=	bretxa de carruatge de kent
alt_name,Kentucky Fried Chicken,
barrier,kerb,barrera	=	frenar
inlet,kerb_grate,entrada	=	reixeta de bord
inlet,kerb_opening,entrada	=	obertura de la vorera
craft,key_cutter,artesania	=	tallador_de_claus
emergency,key_depot,emergència	=	dipòsit de claus
memorial,khachkar,monument	=	jachkar
stone_type,khachkar,tipus de pedra	=	jachkar
amenity,kick-scooter_rental,amenitat/servei	=	lloguer de patinets
sport,kickboxing,esport	=	kickboxing
attraction,kiddie_ride,atracció	=	passeig per a nens
man_made,kiln,artificial	=	forn
seamark:distance_mark:units,kilometres,seamark:distance_mark:unitats	=	quilòmetres
amenity,kindergarten,amenitat/servei	=	escola bressol
building,kindergarten,edifici	=	escola bressol
healthcare:speciality,kinesitherapy,especialitat:de_salut	=	kinesiteràpia
building,kingdom_hall,edifici	=	saló del Regne
amenity,kiosk,amenitat/servei	=	quiosc
building,kiosk,edifici	=	quiosc
location,kiosk,localització	=	quiosc
shop,kiosk,botiga	=	quiosc
barrier,kissing_gate,barrera	=	besando_gate
amenity,kitchen,amenitat/servei	=	cuina
building,kitchen,edifici	=	cuina
garden:style,kitchen,
shop,kitchen,botiga	=	cuina
shop,kitchenware,botiga	=	bateria de cuina
sport,kitesurfing,esport	=	surf de vela
ice_skates,kluning,patins de gel	=	kluning
amenity,kneipp_water_cure,amenitat/servei	=	kneipp_water_cure
amenity,Kneippbecken,amenitat/servei	=	Kneippbecken
turning_circle,knuckle,
genus,Koelreuteria,gènere	=	Koelreuteria
species,Koelreuteria␣paniculata,espècies	=	Koelreuteria␣paniculata
water,kolk,aigua	=	kolk
heritage:operator,kons,patrimoni:operador	=	kons
cuisine,korean,cuina	=	coreà
sport,korfball,esport	=	pilota korf
sport,krachtbal,esport	=	krachtbal
castle_type,kremlin,tipus castell	=	kremlin
LINZ2OSM:dataset,kx_wellington_city_council,LINZ2OSM: conjunt de dades	=	kx_wellington_city_consejo
source:postal_code,La Poste - 12/2014,
denomination,la_luz_del_mundo,denominació	=	la llum del món
source:postal_code,La␣Poste␣-␣12/2014,font: codi_postal	=	La␣Poste␣-␣12/2014
healthcare,laboratory,cura de la salut	=	laboratori
room,laboratory,habitació	=	laboratori
craft,lacquerer,artesania	=	lacador
sport,lacrosse,esport	=	lacrosse
crossing:markings,ladder,
emergency,ladder_site,emergència	=	lloc d'escala
crossing:markings,ladder:skewed,
genus,Lagerstroemia,gènere	=	lagerstroèmia
species,Lagerstroemia␣indica,espècies	=	Lagerstroèmia␣indica
water,lagoon,aigua	=	llacuna
species,Lagunaria␣patersonia,espècies	=	Lagunaria␣patersonia
natural,lake,natural	=	llac
water,lake,aigua	=	llac
LINZ:layer,lake_poly,LINZ: capa	=	llac_poly
NHD:FTYPE,LakePond,
gnis:ftype,LakePond,
nhd:ftype,LakePond,nhd: tipus f	=	llacestany
man_made,lamp,artificial	=	llum
post_box:type,lamp,post_box: tipus	=	llum
shop,lamps,botiga	=	llums
natural,land,natural	=	terra
type,land_area,tipus	=	àrea terrestre
abandoned:landuse,landfill,abandonat: ús de la terra	=	abocador
disused:landuse,landfill,en desús: ús de la terra	=	abocador
landuse,landfill,ús del sòl	=	abocador
natural,landform,natural	=	forma de relleu
emergency,landing_site,emergència	=	lloc d'aterratge
aeroway,landingpad,via aèria	=	pista d'aterratge
denotation,landmark,denotació	=	punt de referència
seamark,landmark,marca	=	punt de referència
seamark:type,landmark,marca de mar:tipus	=	punt de referència
source:position,Landsat,
leisure,landscape_reserve,temps lliure	=	reserva paisatgística
garden:type,landscaping,
hazard,landslide,perill	=	lliscament de terra
hazard_type,landslide,tipus de perill	=	lliscament de terra
natural,landslide,natural	=	lliscament de terra
busway,lane,via d'autobús	=	carril
busway:left,lane,via d'autobús: esquerra	=	carril
busway:right,lane,via d'autobús: dreta	=	carril
cycleway,lane,carril bici	=	carril
cycleway:both,lane,carril bici:tots dos	=	carril
cycleway:left,lane,ciclovia:esquerra	=	carril
cycleway:right,lane,carril bici: dreta	=	carril
fire_hydrant:position,lane,hidrant_d'incendi:posició	=	carril
highway,lane,autopista	=	carril
parking,lane,estacionament	=	carril
parking:both,lane,estacionament:tots dos	=	carril
parking:left,lane,estacionament: esquerra	=	carril
parking:right,lane,estacionament: dret	=	carril
road_marking,lane_divider,=
type,lane_restriction,tipus	=	restricció de carril
training,language,capacitació	=	idioma
amenity,language_school,amenitat/servei	=	escola d'idiomes
light_source,lantern,font de llum	=	llanterna
craft,lapidary,artesania	=	lapidari
landmark,large_rock,punt de referència	=	Roca gran
genus,Larix,gènere	=	larix
sport,laser_tag,esport	=	etiqueta làser
golf,lateral_water_hazard,golf	=	lateral_water_hazard
seamark:beacon_special_purpose:shape,lattice,seamark:beaamb propòsit especial:forma	=	enreixat
structure,lattice,estructura	=	enreixat
tower:construction,lattice,torre:construcció	=	enreixat
tower:type,lattice,torre:tipus	=	enreixat
aeroway,launch_complex,via aèria	=	complex de llançament
man_made,launch_pad,fet per l'home	=	plataforma de llançament
aeroway,launchpad,via aèria	=	plataforma de llançament
military,launchpad,militar	=	plataforma de llançament
seamark:small_craft_facility:category,launderette,seamark:instal·lació per a embarcacions petites:categoria	=	bugaderia
seamark:small_craft_facility:category,laundrette,seamark:instal·lació per a embarcacions petites:categoria	=	bugaderia
shop,laundromat,botiga	=	bugaderia
shop,laundry,botiga	=	roba bruta
vending,laundry_detergent,venda	=	detergent de bugaderia
natural,lava,natural	=	lava
amenity,lavoir,amenitat/servei	=	rentar
office,lawyer,oficina	=	advocat
parking,layby,estacionament	=	apartat
network:type,lcn,tipus de xarxa	=	lcn
emergency,leader_site,emergència	=	lloc líder
seamark:beacon_special_purpose:category,leading,seamark:beaamb propòsit especial:categoria	=	principal
type,leading_light,tipus	=	Llum guia
type,leading_line,tipus	=	línia principal
leaf_type,leafless,tipus_full	=	sense fulles
roof:shape,lean_to,sostre: forma	=	inclinar-se
shelter_type,lean_to,refugi_tipus	=	inclinar-se
tourism,lean_to,turisme	=	recolzar-se en
dog,leashed,gos	=	lligat
craft,leather,artesania	=	cuir
shop,leather,botiga	=	cuir
cuisine,lebanese,cuina	=	libanès
lamp_type,LED,tipus_lampada	=	DIRIGIÓ
lamp_type,led,
light:method,LED,llum:mètode	=	DIRIGIÓ
hazard,leeches,perill	=	sangoneres
naptan:PlusbusZoneRef,LEEDS,naptà:PlusbusZoneRef	=	LEEDS
footway,left,senda	=	esquerra
railway:signal:position,left,ferrocarril:senyal:posició	=	esquerra
railway:turnout_side,left,ferrocarril:turnout_side	=	esquerra
side,left,costat	=	esquerra
sidewalk,left,vorera	=	esquerra
turn:lanes,left,gir:carrils	=	esquerra
turn:lanes:both_ways,left,girar:carrils:tots dos_senders	=	esquerra
placement:forward,left_of:1,col·locació: endavant	=	esquerra_de:1
placement,left_of:2,col·locació	=	esquerra_de:2
placement,left_of:3,
road_marking,left;through,=
turn:lanes,left;through|right,
turn:lanes:backward,left;through|right,
turn:lanes:forward,left;through|right,
turn:lanes,left;through|through,
turn:lanes,left;through|through;right,
turn:lanes,left|,
turn:lanes:backward,left|,girar:carrils:darrere	=	esquerra|
turn:lanes:forward,left|,girar:carrils: endavant	=	esquerra|
turn:lanes,left||,gir:carrils	=	esquerra||
turn:lanes:backward,left||,girar:carrils:darrere	=	esquerra||
turn:lanes:forward,left||,girar:carrils: endavant	=	esquerra||
turn:lanes,left|||,gir:carrils	=	esquerra|||
turn:lanes,left|||right,gir:carrils	=	esquerra|||dreta
turn:lanes,left|left,
turn:lanes:backward,left|none,girar:carrils:darrere	=	esquerra|cap
turn:lanes:forward,left|none,girar:carrils: endavant	=	esquerra|cap
turn:lanes,left|none|none,gir:carrils	=	esquerra|cap|cap|
turn:lanes:backward,left|none|none,
turn:lanes:forward,left|none|none,
turn:lanes,left|none|none|none,
turn:lanes,left|right,gir:carrils	=	esquerra|dreta
turn:lanes:backward,left|right,girar:carrils:darrere	=	esquerra|dreta
turn:lanes:forward,left|right,girar:carrils: endavant	=	esquerra|dreta
turn:lanes,left|through,gir:carrils	=	esquerra | a través
turn:lanes:backward,left|through,girar:carrils:darrere	=	esquerra | a través
turn:lanes:forward,left|through,girar:carrils: endavant	=	esquerra | a través
turn:lanes,left|through;right,gir:carrils	=	esquerra|a través;dreta
turn:lanes:backward,left|through;right,girar:carrils:darrere	=	esquerra|a través;dreta
turn:lanes:forward,left|through;right,girar:carrils: endavant	=	esquerra|a través;dreta
turn:lanes,left|through|right,
turn:lanes:forward,left|through|right,
turn:lanes,left|through|through,gir:carrils	=	esquerra|a través|a través
turn:lanes,left|through|through;right,gir:carrils	=	esquerra|a vaig travessar
turn:lanes,left|through|through|right,gir:carrils	=	esquerra|a través|a través|dreta
government,legislative,govern	=	legislatiu
building:foundation_height,less_than_1,=	menys que 1
building:age,less_than_10,edifici:edat	=	menys de 10
building:floor_area,less_than_500,edifici:àrea_pis	=	menys_de_500
amenity,letter_box,amenitat/servei	=	bústia
man_made,levee,fet per l'home	=	dic
indoor,level,interior	=	nivell
disused:railway,level_crossing,en desús: ferrocarril	=	pas a nivell
railway,level_crossing,ferrocarril	=	pas a nivell
handle,lever,manejar	=	palanca
heritage:operator,lfd,patrimoni:operador	=	lfd
seamark:light:character,LFl,marca:llum:personatge	=	LFl
source:addr,"LGL, www.lgl-bw.de",
source:geometry,"LGL, www.lgl-bw.de",
diplomatic,liaison,diplomàtic	=	enllaç
liaison,liaison_office,enllaç	=	oficina d'enllaç
natural,liana,natural	=	liana
amenity,library,amenitat/servei	=	biblioteca
amenity,library_dropoff,amenitat/servei	=	entrega de la biblioteca
access,licence,accés	=	llicència
fishing,licence,pescar	=	llicència
access,license,accés	=	llicència
symbol,Liegende gelbe Raute auf weißem Grund,
amenity,life_ring,amenitat/servei	=	anell de vida
emergency,life_ring,emergència	=	anell de vida
seamark:rescue_station:category,lifeboat,seamark:estació de salvament:categoria	=	pot salvavides
seamark:rescue_station:category,lifeboat_on_mooring,seamark:estació de salvament:categoria	=	pot salvavides en amarratge
amenity,lifeboat_station,amenitat/servei	=	estació de pots salvavides
emergency,lifeboat_station,emergència	=	estació de pots salvavides
cadet,lifeguard,cadet	=	Salvavides
emergency,lifeguard,emergència	=	Salvavides
office,lifeguard,oficina	=	Salvavides
emergency,lifeguard_base,emergència	=	base de salvavides
emergency,lifeguard_place,emergència	=	lloc de salvavides
emergency,lifeguard_platform,emergència	=	plataforma de salvavides
emergency,lifeguard_tower,emergència	=	torre de salvavides
bridge:movable,lift,pont: mòbil	=	elevar
barrier,lift_gate,barrera	=	ascensor_porta
bridge:support,lift_pier,pont: suport	=	ascensor moll
building:material,light,material de construcció	=	llum
material,light,material	=	lleuger
railway:signal:combined:form,light,
railway:signal:distant:form,light,ferrocarril:senyal:distant:forma	=	llum
railway:signal:main:form,light,ferrocarril:senyal:principal:formulari	=	llum
railway:signal:minor:form,light,ferrocarril:senyal:menor:formulari	=	llum
railway:signal:shunting:form,light,ferrocarril:senyal:maniobra:formulari	=	llum
railway:signal:speed_limit:form,light,ferrocarril:senyal:speed_limit:formulari	=	llum
railway:signal:speed_limit_distant:form,light,
seamark:type,light,marca de mar: tipus	=	lleuger
seamark:type,light_float,marca de mar: tipus	=	flotador lleuger
seamark:type,light_major,marca de mar:tipus	=	llum_major
seamark:type,light_minor,marca de mar: tipus	=	llum_menor
construction,light_rail,construcció	=	Tren Lleuger
railway,light_rail,ferrocarril	=	Tren Lleuger
route,light_rail,ruta	=	Tren Lleuger
station,light_rail,estació	=	Tren Lleuger
seamark:type,light_vessel,marca de mar: tipus	=	vaixell lleuger
building:colour,lightgrey,
building,lighthouse,edifici	=	far
man_made,lighthouse,artificial	=	far
seamark,lighthouse,marca	=	far
shop,lighting,botiga	=	Encenent
tower:type,lighting,torre:tipus	=	Encenent
tower:type,lightning_protection,torre:tipus	=	protecció contra raigs
genus,Ligustrum,gènere	=	tauleta
species,Ligustrum␣lucidum,espècies	=	Ligustrum␣lucidum
fortification_type,limes,tipus de fortificació	=	llimes
material,limestone,material	=	calcària
ale_supply,limited,subministrament de cervesa	=	limitat
changing_table,limited,taula per canviar bolquers	=	limitat
lit,limited,il·luminat	=	limitat
wheelchair,limited,cadira de rodes	=	limitat
seamark:notice:category,limited_headroom,marca:avís:categoria	=	marge limitat
boundary,limited_traffic_zone,Perímetre	=	zona de trànsit limitat
genus:de,Linde,gènere:de	=	Linde
genus:en,Linden,gènere: ca	=	Til·ler
barrier,line,barrera	=	línia
communication,line,comunicació	=	línia
power,line,energia	=	línia
removed:power,line,eliminat: poder	=	línia
crossing:markings,lines,
political_division,linguistic_community,divisió política	=	comunitat lingüística
footway,link,senda	=	Enllaç
house,link-detached,casa	=	enllaç separat
club,linux,club	=	linux
cargo,liquid_bulk,càrrega	=	líquid a granel
genus,Liquidambar,gènere	=	Liquidàmbar
species,Liquidambar styraciflua,
species,Liquidambar␣styraciflua,espècies	=	Liquidambar␣styraciflua
genus,Liriodendron,gènere	=	lliriodendre
species,Liriodendron␣tulipifera,espècies	=	Liriodendron␣tulipifera
landuse,livestock,ús del sòl	=	bestiar
museum,living_history,museu	=	història viva
construction,living_street,construcció	=	carrer viu
highway,living_street,carretera	=	viure_carrer
content,LNG,contingut	=	GNL
substance,LNG,substància	=	GNL
amenity,loading_dock,amenitat/servei	=	moll_de_càrrega
railway,loading_gauge,ferrocarril	=	indicador de càrrega
railway,loading_rack,ferrocarril	=	prestatge de càrrega
railway,loading_ramp,ferrocarril	=	rampa de càrrega
cuisine,local,cuina	=	local
hgv,local,
museum,local,museu	=	local
network:type,Local,tipus de xarxa	=	Local
passenger,local,passatger	=	local
priority,local,prioritat	=	local
traffic,local,trànsit	=	local
source:name,local knowledge,
boundary,local_authority,Perímetre	=	autoritat local
place,locality,lloc	=	localitat
seamark:signal_station_traffic:category,lock,seamark: trànsit de l'estació de senyals: categoria	=	tancar
signal_station,lock,estació de senyals	=	tancar
water,lock,aigua	=	tancar
seamark:type,lock_basin,marca de mar: tipus	=	conca de bloqueig
waterway,lock_gate,camí aquàtic	=	lock_gate
amenity,locker,amenitat/servei	=	armari
craft,locksmith,artesania	=	serraller
shop,locksmith,botiga	=	serraller
historic,locomotive,històric	=	locomotora
genus:en,Locust,gènere: ca	=	llagosta
barrier,log,barrera	=	Inicia sessió
landuse,logging,ús del sòl	=	Inici sessió
source:name,logic_undp,
bicycle:type,logistics,bicicleta: tipus	=	logística
company,logistics,empresa	=	logística
industrial,logistics,industrial	=	logística
office,logistics,oficina	=	logística
megalith_type,long_barrow,tipus de megàlit	=	carretó llarg
athletics,long_jump,atletisme	=	salt llarg
sport,long_jump,esport	=	salt llarg
curve,loop,corba	=	cercle
hazard,loose_gravel,perill	=	graveta solta
species,Lophostemon␣confertus,espècies	=	Lophostemon␣confertus
seamark:radio_station:category,loran,seamark:emissora de ràdio:categoria	=	lloren
office,lost_property,oficina	=	propietat perduda
amenity,lost_property_office,amenitat/servei	=	oficina d'objectes perduts
boundary,lot,Perímetre	=	lot
shop,lottery,botiga	=	loteria
utility,loudspeaker,utilitat	=	altparlant
amenity,lounger,amenitat/servei	=	faragan
place_of_worship,lourdes_grotto,lloc d'adoració	=	gruta de lourdes
amenity,love_hotel,amenitat/servei	=	Hotel de l'amor
standing,low,de peu	=	baix
boundary,low_emission_zone,Perímetre	=	zona de baixa emissió
hazard,low_flying_aircraft,perill	=	avions de baix vol
lamp_type,low_pressure_sodium,tipus_lampada	=	sodi_baixa_pressió
bridge,low_water_crossing,pont	=	cruce_de_aguas_bajas
seamark:light:1:category,lower,seamark:llum:1:categoria	=	més baix
seamark:light:category,lower,seamark:llum:categoria	=	més baix
kerb,lowered,frenar	=	baixat
content,LPG,contingut	=	GLP
source:name,LPI NSW Base Map,
source:geometry,LPI NSW Imagery,
source:name,LPI_NSW_Base_Map,nom de la font	=	Mapa base de LPI NSW
source:geometry,LPI_NSW_Imagery,font: geometria	=	Imatges LPI NSW
source:maxspeed,LT:urban,
railway,lubricator,ferrocarril	=	lubricador
amenity,luggage_locker,amenitat/servei	=	caseller d'equipatge
species,Luma␣apiculata,espècies	=	Luma␣apiculata
denomination,lutheran,
craft,luthier,artesania	=	luthier
clothes,luxury,roba	=	luxe
network:type,lwn,tipus de xarxa	=	lwn
school:MG,lycée,escola:MG	=	liceu
barrier,lych_gate,barrera	=	porta lych
boules,lyonnaise,petanca	=	Lleonesa
source:addr,Maa- ja Ruumiamet 2025,
source:addr,Maa-amet 2012,
source:addr,Maa-amet 2013,
source:addr,Maa-amet 2019,
genus,Macadamia,gènere	=	macadàmia
trees,macadamia_trees,arbres	=	macadamia_trees
industrial,machine_shop,industrial	=	botiga de màquina
product,machinery,producte	=	maquinària
aerialway,magic_carpet,via aèria	=	catifa màgica
survey_point:structure,magnet,punt d'enquesta: estructura	=	imant
genus,Magnolia,gènere	=	Magnòlia
species,Magnolia␣grandiflora,espècies	=	Magnòlia␣grandiflora
amenity,mailroom,amenitat/servei	=	sala de correu
entrance,main,entrada	=	principal
railway:track_type,main,ferrocarril:tipus_de_via	=	principal
transformer,main,transformador	=	principal
usage,main,ús	=	principal
water_source,main,font d'aigua	=	principal
entrance,main_entrance,entrada	=	entrada principal
LINZ:dataset,mainland,LINZ:conjunt de dades	=	continent
house,maisonette,casa	=	caseta
crop,maize,cultiu	=	blat de moro
description,Maize,
HFCS,Major Collector,
HFCS,Major␣Collector,JMAF	=	Major␣Col·leccionista
cuisine,malaysian,cuina	=	malasi
school:gender,male,escola:gènere	=	masculí
shop,mall,botiga	=	centre comercial
site,mall,lloc	=	centre comercial
genus,Malus,gènere	=	Malus
species,Malus␣domestica,espècies	=	Malus␣domèstica
type,maneuver,tipus	=	maniobra
type,maneuvre,tipus	=	maniobra
genus,Mangifera,gènere	=	Mangifera
trees,mango_trees,arbres	=	arbres_de_mango
wetland,mangrove,aiguamoll	=	mangle
man_made,manhole,artificial	=	forat dhome
type,manoeuvre,tipus	=	maniobra
castle_type,manor,tipus castell	=	senyoriu
historic,manor,històric	=	senyoriu
roof:shape,mansard,sostre: forma	=	golfes
actuator,manual,solenoide	=	manual
mechanical_driver,manual,conductor mecànic	=	manual
pump,manual,bomba	=	manual
building,manufacture,edifici	=	fabricar
shop,manufactured_home,botiga	=	casa prefabricada
content,manure,contingut	=	fems
roof:shape,many,sostre: forma	=	molts
information,map,informació	=	mapa
playground,map,parc infantil	=	mapa
source:addr,mapa.um.warszawa.pl,
source:position,"MapBox (0,0)",
source:destination,mapillary,origen Destinació	=	mapellar
genus:en,Maple,gènere: ca	=	Arce
shop,maps,botiga	=	mapes
source:outline,"Maps4BW (LGL-BW, www.lgl-bw.de)",
source:geometry,"maps4bw (LGL, www.lgl-be.de); Mapbox Satellite",
source:geometry,"maps4bw (LGL, www.lgl-bw.de)",
source:outline,"maps4bw (LGL, www.lgl-bw.de)",
source:geometry,"maps4bw (LGL, www.lgl-bw.de); Mapbox Satellite",
source:outline,"maps4bw (LGL, www.lgl-bw.de); Mapbox Satellite",
source:addr,"Maps4BW, LGL, www.lgl-bw.de",
source:geometry,"Maps4BW, LGL, www.lgl-bw.de",
source:outline,"maps4bw␣(LGL,␣www.lgl-bw.de);␣Mapbox␣Satellite","font: esquema	=	maps4bw␣(LGL,␣www.lgl-bw.de);␣Mapbox␣Satèl·lit"
seamark:landmark:function,marabout,marca:punt de referència:funció	=	morabit
amenity,marae,amenitat/servei	=	marae
building:material,marble,material de construcció	=	marbre
material,marble,material	=	marbre
harbour,marina,port	=	port petit
harbour:category,marina,port:categoria	=	port petit
leisure,marina,lleure	=	port petit
seamark:harbour:category,marina,marca:port:categoria	=	port petit
shop,marine,botiga	=	marina
seamark:type,marine_farm,marca de mar:tipus	=	granja_marina
emergency,marine_refuge,emergència	=	refugi marí
emergency,marine_rescue,emergència	=	rescat marí
military_service,marines,servei militar	=	infanteria de marina
boundary,maritime,Perímetre	=	marítim
historic,maritime,històric	=	marítim
crossing,marked,encreuament	=	marcat
parking:lane:both,marked,estacionament:carril:tots dos	=	marcat
boundary,marker,Perímetre	=	marcador
pipeline,marker,canonada	=	marcador
power,marker,poder	=	marcador
crop,market_gardening,cultiu	=	mercat_jardineria
amenity,marketplace,amenitat/servei	=	mercat
building,marketplace,edifici	=	mercat
aeroway,marking,via aèria	=	qualificació
building,marquee,edifici	=	marquesina
natural,marsh,natural	=	pantà
wetland,marsh,aiguamoll	=	pantà
man_made,marsh_terrace,
sport,martial_arts,esport	=	Arts marcials
building:material,masonry,material de construcció	=	paleta
material,masonry,material	=	paleta
place_of_worship,mass_rock,lloc d'adoració	=	roca massiva
beauty,massage,bellesa	=	massatges
shop,massage,botiga	=	massatge
healthcare:speciality,massage_therapy,especialitat:de_salut	=	massatge_teràpia
source:hgv,MassGIS,font:hgv	=	MassGIS
source:maxspeed,massgis,
lamp_mount,mast,muntatge_de_lampada	=	pal
landmark,mast,punt de referència	=	pal
man_made,mast,artificial	=	pal
seamark:landmark:category,mast,marca:punt de referència:categoria	=	pal
school:FR,maternelle,escola:FR	=	maternelle
healthcare:speciality,maternity,especialitat:de_salut	=	maternitat
age,mature,anys	=	madur
tomb,mausoleum,tomba	=	mausoleu
source:geometry,Maxar (2021),
source:geometry,Maxar Premium Imagery (Beta),
source:geometry,Maxar_private;Ecopia.AI,
source:surface,MaxarPremium,font:superfície	=	MaxarPremium
healthcare:speciality,maxillofacial_surgery,sanitat:especialitat	=
enforcement,maxspeed,aplicació	=	màxima velocitat
man_made,maypole,artificial	=	maig
attraction,maze,atracció	=	laberint
leisure,maze,temps lliure	=	laberint
addr:ward,Mbagala,adreça: sala	=	Mbagala
addr:ward,Mbagala kuu,
addr:ward,Mbagala␣kuu,adreça: sala	=	Mbagala␣kuu
source:addr,mbialapodlaska.e-mapa.net,
source:addr,mdabrowagornicza.e-mapa.net,
man_made,MDF,artificial	=	MDF
ref,MDR,
source:ele,MDT5,font:el	=	MDT5
landuse,meadow,ús del sòl	=	prat
natural,meadow,natural	=	prat
landuse,meadow_orchard,ús del sòl	=	hort del prat
meadow,meadow_orchard,prat	=	prat_hort
orchard,meadow_orchard,horta	=	hort del prat
substation,measurement,subestació	=	mesurament
man_made,measurement_station,fet per l'home	=	estació de mesura
wholesale,meat,majorista	=	carn
switch,mechanical,canviar	=	mecànic
cooling:method,mechanical_draft,mètode de refredament	=	tir mecànic
survey_point:structure,medallion,punt d'enquesta: estructura	=	medalló
traffic_calming,median,
barrier,median_strip,barrera	=	franja divisòria
office,medical,oficina	=	metge
shop,medical,botiga	=	metge
healthcare:speciality,medical_examination,sanitat:especialitat	=	revisió mèdica
healthcare,medical_imaging,cura de la salut	=	imatges mèdiques
shop,medical_supply,botiga	=	suplement mèdic
amenity,meditation_centre,amenitat/servei	=	centre de meditació
cuisine,mediterranean,cuina	=	Mediterrani
NHD:RESOLUTION,Medium,NHD:RESOLUCIÓ	=	Mitjà
archaeological_site,megalith,lloc arqueològic	=	megàlit
site_type,megalith,tipus_lloc	=	megàlit
species,Melaleuca␣armillaris,espècies	=	Melaleuca␣armillaris
species,Melaleuca␣linariifolia,espècies	=	Melaleuca␣linariifolia
species,Melaleuca␣styphelioides,espècies	=	Melaleuca␣styphelioides
species,Melia␣azedarach,espècies	=	Melia␣azedarach
private,members,privat	=	membres
historic,memorial,històric	=	monument
memorial,memorial,monument	=	monument
seamark:landmark:category,memorial,marca:punt de referència:categoria	=	monument
landmark,memorial_plaque,punt de referència	=	placa commemorativa
megalith_type,menhir,tipus de megàlit	=	menhir
social_facility:for,mental_health,social_facility:per	=	salut mental
dinner,menu,sopar	=	menú
lamp_type,mercury,tipus_lampada	=	mercuri
water,mere,aigua	=	simple
man_made,meridian_marker,fet per l'home	=	marcador de meridià
created_by,Merkaartor 0.11,
created_by,Merkaartor 0.12,
created_by,Merkaartor 0.13,
created_by,Merkaartor_0.11,creat per	=	Merkaartor 0.11
natural,mesa,natural	=	turó baix
building:material,metal,material de construcció	=	metall
building:roof,metal,edifici: sostre	=	metall
fence_type,metal,cerca_tipus	=	metall
material,metal,material	=	metall
roof:material,metal,sostre: material	=	metall
surface,metal,superfície	=	metall
roof:material,metal sheet,
craft,metal_construction,artesania	=	construcció de metall
surface,metal_grid,superfície	=	reixeta_metalica
building:material,metal_plates,material de construcció	=	Plats de metall
industrial,metal_processing,industrial	=	processant metall
roof:material,metal_sheet,sostre: material	=	làmina de metall
lamp_type,metal-halide,tipus_lampada	=	halogenurs metàl·lics
lamp_type,metal-halogenide,
building:material,metal;wood,material de construcció	=	metall;fusta
material,metal;wood,material	=	metall;fusta
roof:material,metal␣sheet,sostre: material	=	metall xapa
historic,meteor_crater,històric	=	cràter de meteorit
natural,meteor_crater,natural	=	cràter de meteorit
observatory:type,meteorological,observatori:tipus	=	meteorològic
denomination,methodist,
cuisine,mexican,cuina	=	mexicà
heritage:operator,mhs,patrimoni:operador	=	mhs
healthcare:speciality,microbiology,sanitat:especialitat	=
amenity,microwave,amenitat/servei	=	microona
placement,middle_of:1,col·locació	=	mitjà_de:1
placement,middle_of:2,col·locació	=	mitjà_de:2
placement,middle_of:3,
healthcare,midwife,cura de la salut	=	Partera
building:use:pl,mieszkalne,edifici:ús:pl	=	mieszkalne
building:usage:pl,Mieszkalny,
building:usage:pl,mieszkalny,
building:use:pl,Mieszkalny,edifici:ús:pl	=	Mieszkalny
highway,milestone,carretera	=	fita
historic,milestone,històric	=	fita
railway,milestone,ferrocarril	=	fita
waterway,milestone,camí aquàtic	=	fita
access,military,
aerodrome:type,military,aeròdrom: tipus	=	militar
building,military,edifici	=	militar
cadet,military,cadet	=	militar
flag:type,military,bandera: tipus	=	militar
foot,military,peu	=	militar
harbour:category,military,port:categoria	=	militar
landuse,military,ús del sòl	=	militar
museum,military,museu	=	militar
seamark:restricted_area:category,military,seamark:àrea restringida:categoria	=	militar
usage,military,ús	=	militar
seamark:type,military_area,marca de mar: tipus	=	zona militar
club,military_cadets,club	=	cadets militars
boundary,military_district,Perímetre	=	districte militar
shop,military_surplus,botiga	=	excedent militar
vending,milk,venda	=	Llet
amenity,milk_dispenser,amenitat/servei	=	dispensador de llet
seamark:landmark:category,minaret,marca:punt de referència:categoria	=	minar
tower:type,minaret,torre:tipus	=	minar
historic,mine,històric	=	meva
industrial,mine,industrial	=	meva
landuse,mine,ús del sòl	=	meva
man_made,mine,artificial	=	meva
historic,mine_shaft,històric	=	pou de mina
hazard,minefield,perill	=	camp de mines
site_type,mineral_extraction,tipus_lloc	=	extracció_de_minerals
man_made,mineshaft,artificial	=	pou de mina
traffic_calming,mini_bumps,calmar el trànsit	=	mini_cops
highway,mini_roundabout,carretera	=	mini_rotonda
railway,miniature,ferrocarril	=	miniatura
leisure,miniature_golf,temps lliure	=	minigolf
sport,miniature_golf,esport	=	minigolf
bus,minibus,autobús	=	microbús
route,minibus,ruta	=	microbús
archaeological_site,minilith,lloc arqueològic	=	minilit
site_type,minilith,tipus de lloc	=	minilit
lit:perceived,minimal,encès: percebut	=	mínim
source:ref,Ministerial Decision Γ25871/1963 (ΦΕΚ Β 319/23.07.1963),
source:ref,Ministerial Decision ΔΟΥ/οικ/5776/2015 (ΦΕΚ ΑΑΠ 253/21.12.2015),
government,ministry,govern	=	ministeri
construction,minor,construcció	=	menor
highway,minor,autopista	=	menor
railway:track_type,minor,
stop,minor,atureu-vos	=	menor
HFCS,Minor Arterial,
substation,minor_distribution,subestació	=	distribució_menor
power,minor_line,energia	=	línia_menor
HFCS,Minor␣Arterial,JMAF	=	Menor␣Arterial
craft,mint,artesania	=	menta
source:name,minvskaddress,
source:addr,minvskaddress 2025-01,
building:material,mirror,material de construcció	=	mirall
military,missile,militar	=	míssil
embassy,mission,ambaixada	=	missió
amenity,mist_spraying_cooler,amenitat/servei	=	refredador de polvorització de boira
abutters,mixed,confina amb	=	barrejat
autonomy,mixed,autonomia	=	barrejat
building:material,mixed,material de construcció	=	barrejat
leaf_cycle,mixed,cicle_full	=	barrejat
leaf_type,mixed,tipus_full	=	barrejat
railway:traffic_mode,mixed,ferrocarril:traffic_mode	=	barrejat
roof:shape,mixed,sostre: forma	=	barrejat
school:gender,mixed,escola:gènere	=	barrejat
waste,mixed,
wood,mixed,fusta	=	barrejat
aerialway,mixed_lift,via aèria	=	aixecament mixt
building,mixed_use,edifici	=	Ús mixt
naptan:BusStopType,MKD,naptan:BusStopType	=	MKD
naptan:PlusbusZoneRef,MNCRPIC,naptà:PlusbusZoneRef	=	MNCRPIC
seamark:light:character,Mo,marca:llum:personatge	=	Mes
collection_times,Mo-Fr 08:00,
opening_hours,Mo-Fr 08:00-16:00,
collection_times,Mo-Fr 09:00; Sa 07:00,
collection_times,Mo-Fr␣08:00,temps_de_col·lecció	=	dl-vie␣08:00
collection_times,Mo-Fr␣09:00;␣Sa␣07:00,temps_de_col·lecció	=	dl-vie␣09:00;␣dissab␣07:00
collection_times,Mo-Sa 09:00,
water,moat,aigua	=	fossat
industrial,mobile_equipment,industrial	=	equip mòbil
building,mobile_home,edifici	=	casa mòbil
shop,mobile_home,botiga	=	casa mòbil
amenity,mobile_library,amenitat/servei	=	biblioteca mòbil
amenity,mobile_money_agent,amenitat/servei	=	agent_diners_movil
communication,mobile_phone,comunicació	=	telèfon mòbil
shop,mobile_phone,botiga	=	telèfon mòbil
shop,mobility_scooter,botiga	=	scooter
shop,model,botiga	=	model
sport,model_aerodrome,esport	=	model_aeròdrom
source:shape,Modified MS Footprints https://cugir.library.cornell.edu,
source:shape,Modified␣MS␣Footprints␣https://cugir.library.cornell.edu,font:forma	=	Modificat␣MS␣Footprints␣https://cugir.library.cornell.edu
seamark:light:category,moire,seamark:llum:categoria	=	muaré
nhd:fdate,Mon Mar 04 00:00:00 PST 2002,
nhd:fdate,Mon Mar 10 00:00:00 CST 2003,
nhd:fdate,Mon Mar 24 00:00:00 PDT 2008,
amenity,monastery,amenitat/servei	=	monestir
building,monastery,edifici	=	monestir
garden:type,monastery,jardí: tipus	=	monestir
historic,monastery,històric	=	monestir
church:type,monastic,església:tipus	=	monàstic
shop,money_lender,botiga	=	prestador
amenity,money_transfer,amenitat/servei	=	transferència de diners
shop,moneylender,botiga	=	prestador
tower:type,monitoring,torre:tipus	=	supervisió
man_made,monitoring_station,artificial	=	estació_de_monitoreig
mooring,monobuoy,amarrador	=	monoboia
design,monopolar,disseny	=	monopolar
poles,monopole,
tower:construction,monopole,
construction,monorail,construcció	=	monocarril
railway,monorail,ferrocarril	=	monocarril
route,monorail,ruta	=	monocarril
station,monorail,estació	=	monocarril
historic,monument,històric	=	Monument
seamark:landmark:category,monument,marca:punt de referència:categoria	=	Monument
tower:type,monument,torre:tipus	=	Monument
natural,moor,natural	=	Param
seamark:buoy_special_purpose:category,mooring,seamark:boia propòsit especial:categoria	=	amarrador
seamark:type,mooring,marca de mar: tipus	=	amarrador
waterway,mooring,camí aquàtic	=	amarrador
geological,moraine,geològic	=	morena
glacier:part,moraine,glacera: part	=	morena
natural,moraine,natural	=	morena
denomination,mormon,denominació	=	mormó
amenity,mortuary,amenitat/servei	=	mortuori
genus,Morus,gènere	=	Morus
species,MORUS␣ALBA,espècies	=	MORUS␣ALBA
building,mosque,edifici	=	mesquita
seamark:landmark:function,mosque,marca:punt de referència:funció	=	mesquita
natural,moss,natural	=	molsa
landcover,mostly_rock,coberta terrestre	=	sobretot_rock
source:addr,mostrowwielkopolski.e-mapa.net,
tourism,motel,turisme	=	motel
sport,motocross,esport	=	motocròs
sport,motor,esport	=	motor
boat:type,motorboat,vaixell:tipus	=
route,motorboat,ruta	=	motora
clothes,motorcycle,roba	=	motocicleta
club,motorcycle,club	=	motocicleta
shop,motorcycle,botiga	=	motocicleta
taxi_type,motorcycle,tipus de taxi	=	motocicleta
taxi_vehicle,motorcycle,vehicle taxi	=	motocicleta
trailer:type,motorcycle,remolc: tipus	=	motocicleta
barrier,motorcycle_barrier,barrera	=	barrera de motos
amenity,motorcycle_parking,amenitat/servei	=	moto_estacionament
shop,motorcycle_parts,botiga	=	parts de motocicleta
amenity,motorcycle_rental,amenitat/servei	=	lloguer de motos
shop,motorcycle_repair,botiga	=	reparació_de_motos
amenity,motorcycle_taxi,amenitat/servei	=	mototaxi
shop,motorhome,botiga	=	casa rodant
caravan_site,motorhome_stopover,lloc de caravanes	=	escala d'autocaravanes
shop,motorsports,botiga	=	automobilisme
construction,motorway,construcció	=	autopista
highway,motorway,carretera	=	autopista
proposed,motorway,
highway,motorway_junction,carretera	=	cruce_autopista
construction,motorway_link,construcció	=	enllaç d'autopista
highway,motorway_link,carretera	=	autopista_enllaç
fortification_type,motte,tipus de fortificació	=	mota
man_made,mound,artificial	=	monticle
glacier:type,mountain,glacera: tipus	=	muntanya
sac_scale,mountain_hiking,sac_escala	=	Muntanyisme
natural,mountain_range,natural	=	serralada
emergency,mountain_rescue,emergència	=	rescat de muntanya
man_made,mountaineers_mailbox,fet per l'home	=	bústia de muntanyencs
man_made,mounting_block,fet per l'home	=	bloc de muntatge
bridge,movable,pont	=	mòbil
vending,movies,venda	=	pel·lícules
office,moving_company,oficina	=	empresa de mudances
highway,moving_walkway,autopista	=	passarel·la mòbil
source:name,MRWA-514,
mapper,mspray9,mapejador	=	mspray9
gns:dsg,MT,gns:dsg	=	MUNTANYA
bicycle,mtb,bicicleta	=	bicicleta de muntanya
route,mtb,ruta	=	bicicleta de muntanya
amenity,mtb_school,amenitat/servei	=	escola mtb
building:material,mud,material de construcció	=	fang
natural,mud,natural	=	fang
surface,mud,superfície	=	fang
tidal,mud,de marea	=	fang
wetland,mud,aiguamoll	=	fang
building:material,mud;wood,material de construcció	=	fang;fusta
route,mudflat_hiking,ruta	=	senderisme aiguamolls
sport,multi,esport	=	multi
parking,multi-storey,estacionament	=	de molts pisos
religion,multifaith,religió	=	multireligiós
type,multilinestring,tipus	=	multilínia
type,multipolygon,tipus	=	multipolígon
flag:type,municipal,bandera: tipus	=	municipal
ownership,municipal,propietat	=	municipal
place,municipality,lloc	=	municipi
source:street,municipality,font: carrer	=	municipi
source:streetnumber,municipality,font:número del carrer	=	municipi
source:en,Municipality of Caguas,
source:en,Municipality␣of␣Caguas,font:es	=	Municipi␣de␣Cagües
bunker_type,munitions,tipus búnquer	=	proveïments
artwork_type,mural,tipus_d'obra	=	mural
genus,Musa,gènere	=	musa
building,museum,edifici	=	museu
tourism,museum,turisme	=	museu
club,music,club	=	música
shop,music,botiga	=	música
training,music,capacitació	=	música
amenity,music_school,amenitat/servei	=	escola de Musica
amenity,music_venue,amenitat/servei	=	lloc de música
leisure,music_venue,temps lliure	=	lloc de música
craft,musical_instrument,artesania	=	instrument musical
shop,musical_instrument,botiga	=	instrument musical
shop,musical_instruments,botiga	=	instruments musicals
religion,muslim,religió	=	musulmà
man_made,mussel_raft,artificial	=	balsa_de_musclos
network:short,MVV,
metcouncil:dfz,N,metcouncil:dfz	=	nord
metcouncil:site_hfn,N,metcouncil:lloc_hfn	=	nord
naptan:Bearing,N,
tiger:CPI,N,tigre: IPC	=	nord
tiger:PCICBSA,N,tigre:PCICBSA	=	nord
tiger:PCINECTA,N,tigre: PCINECTA	=	nord
roof:orientation:compass,N-S,sostre:orientació:brúixola	=	N-S
species,n.␣sp.,espècies	=	n.␣sp.
KSJ2:filename,N03-090320_02_new.xml,KSJ2: nom de fitxer	=	N03-090320_02_nou.xml
KSJ2:filename,N03-090320_16_new.xml,KSJ2: nom de fitxer	=	N03-090320_16_nou.xml
beauty,nails,bellesa	=	ungles
natural,naled,natural	=	naled
construction,narrow_gauge,construcció	=	via estreta
railway,narrow_gauge,ferrocarril	=	trocha_angosta
seamark:sea_area:category,narrows,marca:àrea del mar:categoria	=	s'estreny
fountain,nasone,font	=	nasone
border_type,nation,border_type	=	nació
boundary,national,Perímetre	=	nacional
flag:type,national,bandera: tipus	=	nacional
importance,national,importància	=	nacional
ownership,national,
passenger,national,passatger	=	nacional
priority,national,prioritat	=	nacional
traffic,national,trànsit	=	nacional
boundary,national_park,Perímetre	=	parc Nacional
source:en,"National-Land Numerical Information (Forest) 2006, MLIT Japan",
source:en,"National-Land␣Numerical␣Information␣(Forest)␣2006,␣MLIT␣Japan","font:es	=	National-Land␣Numerical␣Information␣(Bosc)␣2006,␣MLIT␣Japó"
crop,native_pasture,cultiu	=	pastura_natiu
LINZ:layer,native_poly,LINZ: capa	=	natiu_poli
tree_form,natural,arbre_forma	=	natural
content,natural_gas,contingut	=	gas natural
denotation,natural_monument,denotació	=	monument natural
board_type,nature,tipus_tauler	=	naturalesa
museum,nature,museu	=	naturalesa
leisure,nature_reserve,lleure	=	reserva natural
protected_area,nature_reserve,àrea protegida	=	reserva natural
seamark:restricted_area:category,nature_reserve,seamark:àrea restringida:categoria	=	reserva natural
healthcare:speciality,naturopathy,especialitat:de_salut	=	naturopatia
seamark:small_craft_facility:category,nautical_club,seamark:instal·lació per a embarcacions petites:categoria	=	club nàutic
seamark:fog_signal:category,nautophone,seamark: senyal de boira: categoria	=	nautòfon
military,naval_base,militar	=	base naval
police,naval_base,policia	=	base naval
seamark:type,navigation_line,marca de mar:tipus	=	línia_navegació
aeroway,navigationaid,via aèria	=	Ajuda a la navegació
military_service,navy,servei militar	=	Armada
route,ncn,ruta	=	ncn
beacon:type,NDB,balisa: tipus	=	NBD
naptan:Bearing,NE,
archaeological_site,necropolis,lloc arqueològic	=	necròpolis
site_type,necropolis,tipus_lloc	=	necròpolis
species,NECUNOSCUTA,espècies	=	NECUNOSCUTA
valve,needle,vàlvula	=	agulla
leaf_type,needleleaved,tipus_full	=	amb fulles d'agulla
operational_status_quality,needs_maintenance,estat_operatiu_qualitat	=	necessita manteniment
TMC:Direction,negative,TMC:Direcció	=	negatiu
place,neighbourhood,lloc	=	veïnat
historic:civilization,neolithic,històric: civilització	=	neolític
healthcare:speciality,neonatology,sanitat:especialitat	=
damage:event,nepal_earthquake_2015,dany:esdeveniment	=	nepal_terremoto_2015
healthcare:speciality,nephrology,sanitat:especialitat	=
man_made,Nesting_site,fet per l'home	=	Lloc de nidificació
sport,netball,esport	=	bàsquet
type,network,tipus	=	xarxa
healthcare:speciality,neurology,sanitat:especialitat	=
healthcare:speciality,neurophysiology,sanitat:especialitat	=
healthcare:speciality,neuropsychiatry,sanitat:especialitat	=
healthcare:speciality,neurosurgery,sanitat:especialitat	=
shop,new_age,botiga	=	nova era
species,New␣Tree␣Pit,espècies	=	Nou␣Arbre␣Pou
vending,news_papers,venda	=	diaris
shop,newsagent,botiga	=	venedor de diaris
office,newspaper,oficina	=	diari
vending,newspapers,venda	=	diaris
operator:short,NGCP,
office,ngo,oficina	=	ong
denomination,nichiren,denominació	=	nichiren
heritage:operator,nid,patrimoni:operador	=	niu
is_in:country,Nigeria,
amenity,nightclub,amenitat/servei	=	Club nocturn discoteca
species,nigra,espècies	=	negra
addr:community,Nima,direcció:comunitat	=	nima
sport,nine_mens_morris,esport	=	nou mens morris
wood,nipa_palm,fusta	=	palmell nipa
source:hgv:state_network,NJDOT http://www.state.nj.us/transportation/about/rules/pdf/chapter32truckaccess.pdf,
source:hgv:state_network,NJDOT␣http://www.state.nj.us/transportation/about/rules/pdf/chapter32truckaccess.pdf,font: hgv: state_network	=	NJDOT␣http://www.state.nj.us/transportation/about/rules/pdf/chapter32truckaccess.pdf
zone:maxspeed,NL:30,zona:maxspeed	=	NL:30
zone:maxspeed,NL:60,zona:maxspeed	=	NL:60
political_division,NL:kamerkieskring,divisió política	=	NL:kamerkieskring
zone:traffic,NL:rural,zona:tràfic	=	ÉS:rural
political_division,NL:statenkieskring,divisió política	=	ES:statenkieskring
zone:traffic,NL:urban,zona:tràfic	=	ÉS:urbà
source:maxspeed,NL:zone30,
source:location,NLS.fi Topographic Database,
FMMP_modified,no,FMMP_modificat	=	no
FMMP_reviewed,no,FMMP_revisat	=	no
LINZ:reviewed,no,
LandPro08:reviewed,no,LandPro08: revisat	=	no
access,no,accés	=	no
access:delivery,no,accés:lliurament	=	no
access:roof,no,accés: sostre	=	no
agricultural,no,agrícola	=	no
air_conditioning,no,
animated,no,animat	=	no
area,no,àrea	=	no
armrest,no,
atm,no,Caixer automàtic	=	no
automated,no,
backrest,no,respatller	=	no
backup_generator,no,generador_de_respatller	=	no
barrier,no,barrera	=	no
bench,no,taula de treball	=	no
bicycle,no,bicicleta	=	no
bin,no,compartiment	=	no
boat,no,vaixell	=	no
bridge,no,pont	=	no
building,no,edifici	=	no
building:fireproof,no,edifici: incombustible	=	no
bus,no,autobús	=	no
button_operated,no,botó_operat	=	no
canoe,no,
capacity:disabled,no,capacitat: deshabilitat	=	no
capacity:parent,no,capacitat: pare	=	no
capacity:women,no,capacitat:dones	=	no
car,no,auto	=	no
caravans,no,
carriage,no,carro	=	no
cash_in,no,
change:backward,no,canvi: al revés	=	no
change:forward,no,canvi: endavant	=	no
change:lanes:backward,no,canviar:carrils:darrere	=	no
change:lanes:forward,no,canviar: carrils: endavant	=	no
changing_table,no,taula per canviar bolquers	=	no
collection_times:signed,no,horaris de recollida:signat	=	no
covered,no,cobert	=	no
crop,no,cultiu	=	no
crossing,no,encreuament	=	no
crossing:barrier,no,encreuament:barrera	=	no
crossing:bell,no,encreuament:campana	=	no
crossing:island,no,encreuament: illa	=	no
crossing:light,no,encreuament: llum	=	no
crossing:markings,no,
crossing:signals,no,
cycleway,no,carril bici	=	no
cycleway:both,no,carril bici:tots dos	=	no
cycleway:both:buffer,no,
cycleway:foot,no,carril bici: peu	=	no
cycleway:left,no,ciclovia:esquerra	=	no
cycleway:left:oneway,no,
cycleway:right,no,carril bici: dreta	=	no
cycleway:right:buffer,no,ciclovia:dreta:amortidor	=	no
cycleway:right:oneway,no,ciclovia:dreta:sentit únic	=	no
cycleway:right:segregated,no,
delivery,no,entrega	=	no
departures_board,no,sortides a bord	=	no
diet:halal,no,
diet:kosher,no,
diet:vegan,no,
dispensing,no,dispensant	=	no
dog,no,gos	=	no
door,no,
drinking_water,no,aigua potable	=	no
drive_through,no,servei al carro	=	no
dual_carriageway,no,autovia	=	no
electrified,no,electrificat	=	no
emergency,no,emergència	=	no
entrance,no,entrada	=	no
expressway,no,Autopista	=	no
fee,no,tarifa	=	no
female,no,
ferry,no,transportar	=	no
fire_hydrant:diameter:signed,no,
flashing_lights,no,
floating,no,
flood_prone,no,propens a inundar-se	=	no
flour_fortified,no,farina_fortificada	=	no
foot,no,peu	=	no
forklift,no,màquina elevadora	=	no
generator:solar:tracking,no,
geometry:reviewed,no,
goods,no,béns	=	no
gutter,no,canal	=	no
handrail,no,mural	=	no
hazmat,no,materials perillosos	=	no
hgv,no,vhg	=	no
hgv:national_network,no,
highspeed,no,alta velocitat	=	no
highway,no,autopista	=	no
historic,no,històric	=	no
horse,no,cavall	=	no
indoor,no,interior	=	no
indoor_seating,no,
informal,no,
intermittent,no,intermitent	=	no
internet_access,no,accés a Internet	=	no
internet_access:fee,no,internet_access:tarifa	=	no
irrigated,no,irrigat	=	no
kerb,no,frenar	=	no
lane_markings,no,marques_de_carril	=	no
lit,no,il·luminat	=	no
lockable,no,bloquejable	=	no
locked,no,bloquejat	=	no
luminous,no,lluminós	=	no
managed,no,administrat	=	no
maxheight:signed,no,
maxspeed,no,màxima velocitat	=	no
maxstay,no,
maxweight:signed,no,pes màxim: signat	=	no
median,no,mitjana	=	no
mofa,no,mofa	=	no
moped,no,ciclomotor	=	no
motor_vehicle,no,Vehicle de motor	=	no
motorboat,no,motora	=	no
motorcar,no,automòbil	=	no
motorcycle,no,motocicleta	=	no
motorroad,no,carretera	=	no
mtb,no,bicicleta de muntanya	=	no
name:signed,no,nom: signat	=	no
naptan:verified,no,naptan: verificat	=	no
noexit,no,Sense sortida	=	no
oneway,no,d'una sola mà	=	no
oneway:bicycle,no,anada: bicicleta	=	no
oneway:bus,no,anada: autobús	=	no
oneway:mofa,no,unidireccional: mofa	=	no
oneway:moped,no,unidireccional: ciclomotor	=	no
oneway:motorcycle,no,anada: motocicleta	=	no
oneway:psv,no,unidireccional: psv	=	no
opening_hours:signed,no,horari_d'obertura:signat	=	no
osmarender:render,no,osmarender:renderitzar	=	no
osmarender:renderName,no,osmarender:representarNom	=	no
osmarender:renderRef,no,osmarender:renderRef	=	no
outdoor_seating,no,seients a l'aire lliure	=	no
overtaking,no,avançament	=	no
overtaking:hgv,no,
park_ride,no,passeig del Parc	=	no
parking,no,estacionament	=	no
parking:both,no,estacionament:tots dos	=	no
parking:both:fee,no,
parking:fee,no,
parking:lane:both,no,estacionament:carril:tots dos	=	no
parking:left,no,estacionament: esquerra	=	no
parking:left:fee,no,
parking:right,no,estacionament: dret	=	no
parking:right:fee,no,
passenger,no,passatger	=	no
passenger_information_display,no,pantalla_d'informació_del_passatger	=	no
passing_places,no,llocs de pas	=	no
payment:cards,no,
payment:cash,no,Pagament en efectiu	=	no
payment:credit_cards,no,pagament:credit_cards	=	no
payment:cryptocurrencies,no,
payment:debit_cards,no,pagament:targetes_dèbit	=	no
payment:notes,no,
physically_present,no,físicament present	=	no
pole,no,pol	=	no
power_supply,no,
psv,no,psv	=	no
pump,no,bomba	=	no
railway:atb,no,ferrocarril:atb	=	no
railway:atc,no,
railway:ballastless,no,ferrocarril: sense balast	=	no
railway:ctc,no,
railway:etcs,no,ferrocarril:etc.	=	no
railway:evm,no,
railway:gnt,no,ferrocarril:gnt	=	no
railway:kvb,no,
railway:local_operated,no,ferrocarril:operat_localment	=	no
railway:ls,no,ferrocarril:ls	=	no
railway:lzb,no,ferrocarril: lzb	=	no
railway:milestone:catenary_mast,no,ferrocarril: fita: catenary_mast	=	no
railway:milestone:emergency_brake_override,no,ferrocarril: fita: emergency_brake_override	=	no
railway:ptc,no,
railway:pzb,no,ferrocarril:pzb	=	no
railway:switch:electric,no,ferrocarril:interruptor:elèctric	=	no
railway:tbl,no,ferrocarril:tbl	=	no
railway:tilting,no,
railway:tvm,no,
ramp,no,rampa	=	no
ramp:wheelchair,no,
recycling:glass,no,reciclatge:vidre	=	no
recycling:plastic,no,
rednap:nodo,no,rednap: node	=	no
ref:signed,no,
reservation,no,
review,no,revisió	=	no
road_marking,no,=
roof:downpipe,no,sostre: baixant	=	no
roundtrip,no,viatge anada i tornada	=	no
salt,no,sal	=	no
school:selective,no,escola: selectiva	=	no
seamark:radar_reflector,no,marca de mar: reflector de radar	=	no
seasonal,no,estacional	=	no
segregated,no,aïllat	=	no
self_service,no,autoservei	=	no
shelter,no,refugi	=	no
ship,no,Embarcació	=	no
shop,no,botiga	=	no
shoulder,no,espatlla	=	no
sidewalk,no,vorera	=	no
sidewalk:both,no,
sidewalk:left,no,vorera: esquerra	=	no
sidewalk:right,no,vorera: dreta	=	no
ski,no,esquí	=	no
smoking,no,de fumar	=	no
snowmobile,no,motoneu	=	no
supervised,no,supervisat	=	no
survey_point:datum_aligned,no,punt d'aixecament: datum alineat	=	no
tactile_paving,no,paviment_tactil	=	no
takeaway,no,
tidal,no,de marea	=	no
tiger:reviewed,no,tigre: revisat	=	no
tiger:separated,no,tigre: separat	=	no
toilets,no,banys	=	no
toilets:handwashing,no,banys: rentat de mans	=	no
toilets:wheelchair,no,lavabos: cadira de rodes	=	no
toll,no,peatge	=	no
tourist_bus,no,
traffic_calming,no,calmar el trànsit	=	no
traffic_signals:sound,no,senyals_de_trànsit:so	=	no
traffic_signals:vibration,no,senyals_de_tràfic: vibració	=	no
trail_visibility,no,rastre_visibilitat	=	no
trailblazed,no,
train,no,tren	=	no
trolley_wire,no,
tunnel,no,túnel	=	no
vehicle,no,vehicle	=	no
wall,no,paret	=	no
wheelchair,no,cadira de rodes	=	no
wholesale,no,majorista	=	no
winter_service,no,servei_d'hivern	=	no
nysgissam:review,no matching street nearby,
seamark:restricted_area:restriction,no_anchorage,seamark:àrea restringida:restricció	=	sense ancoratge
seamark:notice:category,no_anchoring,marca:avís:categoria	=	sense ancoratge
seamark:restricted_area:restriction,no_anchoring,seamark:àrea restringida:restricció	=	sense ancoratge
seamark:notice:category,no_berthing,marca:avís:categoria	=	sense atracament
seamark:restricted_area:restriction,no_boating,seamark:àrea restringida:restricció	=	sense passejades en pot
seamark:restricted_area:restriction,no_diving,seamark:àrea restringida:restricció	=	no bussejar
seamark:buoy_special_purpose:category,no_entry,seamark:boia propòsit especial:categoria	=	No hi ha entrada
seamark:notice:category,no_entry,marca:avís:categoria	=	No hi ha entrada
seamark:restricted_area:restriction,no_entry,seamark:àrea restringida:restricció	=	No hi ha entrada
seamark:restricted_area:restriction,no_fishing,seamark:àrea restringida:restricció	=	no pescar
restriction,no_left_turn,restricció	=	no_girar_a_l'esquerra
parking:both:restriction,no_parking,
parking:lane:both,no_parking,estacionament:carril:tots dos	=	No estacionar
parking:lane:left,no_parking,estacionament:carril:esquerra	=	No estacionar
parking:lane:right,no_parking,estacionament:carril:dreta	=	No estacionar
parking:left:restriction,no_parking,
parking:right:restriction,no_parking,
restriction,no_right_turn,restricció	=	sense gir a la dreta
restriction,no_right_turn_on_red,restricció	=	no girar a la dreta en vermell
parking:both:restriction,no_stopping,
parking:lane:both,no_stopping,estacionament:carril:tots dos	=	sense parar
parking:lane:left,no_stopping,estacionament:carril:esquerra	=	sense parar
parking:lane:right,no_stopping,estacionament:carril:dreta	=	sense parar
parking:left:restriction,no_stopping,
parking:right:restriction,no_stopping,
restriction,no_straight_on,restricció	=	no_straight_on
restriction,no_u_turn,restricció	=	No el teu torn
seamark:restricted_area:category,no_wake,seamark:àrea restringida:categoria	=	sense despertar
seamark:restricted_area:restriction,no_wake,seamark:àrea restringida:restricció	=	sense despertar
change:lanes,no|no,canviar carrils	=	no|no
foot,no␣@␣(Mo-Su␣18:00-07:00),peu	=	no␣@␣(Lu-Do␣18:00-07:00)
nysgissam:review,no␣matching␣street␣nearby,nysgissam: revisió	=	sin␣coincidència␣carrer␣cercana
mechanical_coupling,nodding_donkey,acoblament mecànic	=	ruc assentint
type,node,tipus	=	node
network:type,node_network,tipus de xarxa	=	node_xarxa
outlet,noise_barrier,presa de corrent	=	barrera de soroll
wall,noise_barrier,paret	=	barrera_soroll
seamark:restricted_area:category,noise_limit,seamark:àrea restringida:categoria	=	límit de soroll
source:name,Nomenclator Geográfico Básico de España,
source:name,Nomenclátor Geográfico de Municipios y Entidades de Población,
seamark:wreck:category,non-dangerous,marca:naufragi:categoria	=	no perillós
office,non-governmental_organization,oficina	=	organització no governamental
canvec:STRUCTYPE,None,canvec:TIPUS D'ESTRUCTURA	=	Cap
cycleway,none,carril bici	=	cap
footway,none,senda	=	cap
lit:perceived,none,encès: percebut	=	cap
maxspeed,none,màxima velocitat	=	cap
religion,none,religió	=	cap
road_marking,none,=
sidewalk,none,vorera	=	cap
maxweight:conditional,none @ destination,
maxweightrating:hgv:conditional,none @ destination,
turn:lanes,none|none|merge_to_left,gir:carrils	=	cap|cap|combinar_a_l'esquerra
turn:lanes,none|none|right,
turn:lanes,none|none|slight_right,gir:carrils	=	cap|cap|lleugeri_bé
cuisine,noodle,cuina	=	fideus
trees,nopal_plants,arbres	=	plantes_de_nopal
piste:type,nordic,pista: tipus	=	nòrdic
route,nordic_walking,ruta	=	caminada nòrdica
parking_space,normal,plaça d'aparcament	=	normal
railway:signal:combined:height,normal,
railway:signal:distant:height,normal,ferrocarril:senyal:distant:alçada	=	normal
railway:signal:main:height,normal,ferrocarril:senyal:principal:alçada	=	normal
railway:signal:minor:height,normal,
railway:signal:shunting:height,normal,
railway:signal:speed_limit:height,normal,via fèrria:senyal:límit_velocitat:alçada	=	normal
railway:signal:speed_limit_distant:height,normal,ferrocarril:senyal:velocitat_límit_distant:alçada	=	normal
type,normal,tipus	=	normal
addr:street:prefix,North,
name:prefix,North,
seamark:buoy_cardinal:category,north,marca:boia cardenal:categoria	=	nord
species:en,Norway Maple,
species:en,Norway␣Maple,espècies:	=	Noruega␣Arce
seamark:distance_mark:category,not_installed,marca de mar: marca de distància: categoria	=	no instal·lat
change:lanes:backward,not_left|yes,
change:lanes:forward,not_left|yes,
lawyer,notary,advocat	=	notari
office,notary,oficina	=	notari
board_type,notice,tipus_tauler	=	avís
seamark:beacon_special_purpose:category,notice,seamark:beaamb propòsit especial:categoria	=	adonar-se'n
seamark:type,notice,marca de mar: tipus	=	avís
piste:difficulty,novice,pista: dificultat	=	principiant
source:geometry,NPWS_Estate,font: geometria	=	Finca NPWS
source:name,NPWS_Estate,nom de la font	=	Finca NPWS
source:position,NPWS_Estate,font:posició	=	Finca NPWS
heritage:operator,nrhp,patrimoni:operador	=	nrhp
geobase:datasetName,NRN:British Columbia,
addr:source,NRW-Atlas,
source:geometry,NSW LPI Base Map,
source:name,NSW LPI Base Map,
source:geometry,NSW LPI Imagery,
source:geometry,NSW_LPI_Base_Map,font: geometria	=	Mapa base de LPI de Nova Gal·les del Sud
source:name,NSW_LPI_Base_Map,nom de la font	=	Mapa base de LPI de Nova Gal·les del Sud
source:geometry,NSW_LPI_Imagery,font: geometria	=	Imatges LPI de Nova Gal·les del Sud
generator:source,nuclear,generador:font	=	nuclear
hazard,nuclear,perill	=	nuclear
healthcare:speciality,nuclear,sanitat:especialitat	=
plant:source,nuclear,planta:font	=	nuclear
power_source,nuclear,font d'alimentació	=	nuclear
shelter_type,nuclear,tipus de refugi	=	nuclear
military,nuclear_explosion_site,militar	=	lloc_explosió_nuclear
club,nudism,club	=	nudisme
embassy,nunciature,ambaixada	=	nunciatura
megalith_type,nuraghe,tipus de megàlit	=	nuraga
healthcare,nurse,cura de la salut	=	infermer
amenity,nursery,amenitat/servei	=	guarderia
amenity,nursing_home,amenitat/servei	=	asil_de_ancians
social_facility,nursing_home,instal·lacions_socials	=	asil_de_ancians
healthcare,nutrition_counseling,cura de la salut	=	assessorament nutricional
healthcare,nutrition_counselling,cura de la salut	=	assessorament nutricional
shop,nutrition_supplements,botiga	=	suplements_nutrició
shop,nuts,botiga	=	nous
naptan:Bearing,NW,
old_railway_operator,NYC,antic operador ferroviari	=	Nova York
old_railway_operator,NYH&H,antic operador ferroviari	=	NYH&H
old_railway_operator,NYNH&H,antic operador ferroviari	=	NYNH&H
source:hgv:state_network,NYSDOT https://www.dot.ny.gov/divisions/operating/oom/transportation-systems/repository/2010%20trk%20access%20bk.pdf,
source:hgv:state_network,NYSDOT␣https://www.dot.ny.gov/divisions/operating/oom/transportation-systems/repository/2010%20trk%20access%20bk.pdf,font: hgv: state_network	=	NYSDOT␣https://www.dot.ny.gov/divisions/operating/oom/transportation-systems/repository/2010%20trk%20access%20bk.pdf
genus:en,Oak,
crop,oats,cultiu	=	civada
landmark,obelisk,punt de referència	=	obelisc
man_made,obelisk,artificial	=	obelisc
memorial,obelisk,monument	=	obelisc
memorial:type,obelisk,memorial: tipus	=	obelisc
seamark:landmark:category,obelisk,marca:punt de referència:categoria	=	obelisc
tomb,obelisk,tomba	=	obelisc
railway,obliterated,ferrocarril	=	esborrat
tower:type,observation,torre:tipus	=	observació
type,observation_spot,tipus	=	punt d'observació
landuse,observatory,ús del sòl	=	observatori
man_made,observatory,artificial	=	observatori
waterway:type,observed,canal: tipus	=	observat
military,obstacle_course,militar	=	pista d'obstacles
sport,obstacle_course,esport	=	pista d'obstacles
seamark:type,obstruction,marca de mar:tipus	=	obstrucció
seamark:light:character,Oc,marca:llum:personatge	=	Cap
species,occidentalis,espècies	=	occidentalis
healthcare:speciality,occupational,sanitat:especialitat	=
office,occupational_safety,oficina	=	seguretat Ocupacional
healthcare,occupational_therapist,cura de la salut	=	terapeuta ocupacional
place,ocean,lloc	=	Oceà
seamark:light:character,OcFl,marca:llum:personatge	=	OcFl
addr:city:en,October␣Gardens␣City,direcció:ciutat:ca	=	Octubre␣Jardins␣Ciutat
seamark:buoy_special_purpose:category,odas,seamark:boia propòsit especial:categoria	=	odes
addr:interpolation,odd,direcció:interpolació	=	estrany
source:old_ref:fap,ODOT http://www.dot.state.oh.us/Divisions/Planning/TechServ/prod_services/Pages/RI06.aspx http://www.dot.state.oh.us/Divisions/ContractAdmin/Contracts/Pages/NHS-FAP.aspx,
source:old_ref:fap,ODOT␣http://www.dot.state.oh.us/Divisions/Planning/TechServ/prod_services/Pages/RI06.aspx␣http://www.dot.state.oh.us/Divisions/ContractAdmin/Contracts/Pages/NHS-FAP.aspx,font:antiga_ref:fap	=
opening_hours:covid19,off,horari_d'obertura:covid19	=	apagat
amenity,office,amenitat/servei	=	oficina
building,office,Un edifici d'oficines és una estructura comercial dissenyada per a l'administració empresarial i treball d'oficina | edifici	=	oficina
construction,office,construcció	=	oficina
health_facility:type,office,establiment de salut: tipus	=	oficina
information,office,informació	=	oficina
military,office,militar	=	oficina
pilotage,office,pilotatge	=	oficina
room,office,habitació	=	oficina
shop,office_supplies,botiga	=	material d'oficina
police,offices,policia	=	oficines
access,official,accés	=	oficial
bicycle,official,bicicleta	=	oficial
foot,official,peu	=	oficial
waterway,offshore_field,camí aquàtic	=	camp costa fora
man_made,offshore_platform,artificial	=	plataforma marina
source:name:br,ofis publik ar brezhoneg,
source:name:br,ofis␣publik␣ar␣brezhoneg,font:nom:br	=	ofis␣publik␣ar␣brezhoneg
historic,ogham_stone,històric	=	pedra ogham
highway,ohm:military:Trench,autopista	=	ohm:militar:trinxera
highway,ohm:ww1:militaryTrench,autopista	=	ohm:ww1:militaryTrinxera
content,oil,contingut	=	oli
generator:source,oil,generador:font	=	petroli
industrial,oil,industrial	=	oli
plant:source,oil,planta:font	=	petroli
power_source,oil,font d'alimentació	=	petroli
product,oil,producte	=	petroli
substance,oil,substància	=	oli
type,oil,tipus	=	petroli
utility,oil,utilitat	=	petroli
waste,oil,desaprofitar	=	petroli
seamark:type,oil_barrier,marca de mar: tipus	=	barrera d'oli
man_made,oil_gas_separator,fet per l'home	=	separador de gas d'oli
craft,oil_mill,artesania	=	trull
industrial,oil_mill,industrial	=	trull
trees,oil_palms,arbres	=	palmes_d'oli
harbour:category,oil_platform,port:categoria	=	plataforma petroliera
man_made,oil_well,artificial	=	pou de petroli
operational_status_quality,ok,estat_operatiu_qualitat	=	OK
addr:subdistrict,Olaines pagasts,
genus,Olea,gènere	=	Olea
species,Olea europaea,
species,Olea␣europaea,espècies	=	Olea␣europaea
species,Olea␣europea,espècies	=	Olea␣europea
trees,olive_trees,arbres	=	Oliveres
species:it,Olivo,espècies:	=	oliva
addr:street:en,Omar Ibn Al Khatab Street,
seamark:radio_station:category,omega,seamark:emissora de ràdio:categoria	=	omega
seamark:light:exhibition,on_demand,marca:llum:exposició	=	Sota demanda
parking,on_kerb,estacionament	=	a la vorera
parking:lane:both:parallel,on_street,estacionament:carril:tots dos:paral·lel	=	al carrer
parking:lane:hgv,on_street,estacionament:carril:hgv	=	al carrer
parking:lane:right:parallel,on_street,estacionament:carril:dreta:paral·lel	=	al carrer
healthcare:speciality,oncology,sanitat:especialitat	=
notes,One Family Year-Round Residence,
design,one-level,disseny	=	un nivell
roof:shape,onion,sostre: forma	=	ceba
by_night,only,a la nit	=	només
diet:kosher,only,dieta: kosher	=	només
organic,only,orgànic	=	només
road_marking,only,=
second_hand,only,segona mà	=	només
takeaway,only,treure	=	només
wholesale,only,majorista	=	només
restriction,only_left_turn,restricció	=	solo_giro_a la_esquerra
restriction,only_right_turn,restricció	=	solo_girar_a_la_dreta
restriction,only_straight_on,restricció	=	sol_recte_en
heritage:operator,OnroerendErfgoed,patrimoni:operador	=	OnroerendErfgoed
source:postcode,ONS,font: codi postal	=	ONS
bath:type,onsen,bany:tipus	=	onsen
opening_hours:covid19,open,horari_d'obertura:covid19	=	obert
operational_status,open,estat operatiu	=	obert
museum,open_air,museu	=	aire lliure
theatre:type,open_air,teatre: tipus	=	aire lliure
source:building,OpenData Kreis Gütersloh - NAS,
source:building,OpenData Land Nordrhein-Westfalen - Hausumringe,
editor,opengislab 2018,
editor,"opengislab, caicedonia, edificios",
editor,"opengislab,␣caicedonia,␣edificios","editor	=	opengislab,␣caicedònia,␣edificis"
editor,opengislab␣2018,editor	=	opengislab␣2018
project,opensidewalks,projecte	=	voreres obertes
theatre:type,opera_house,teatre: tipus	=	teatre de l'Òpera
operational_status,operational,estat operatiu	=	Operacional
healthcare:speciality,ophthalmology,sanitat:especialitat	=	oftalmologia
naptan:Indicator,Opp,
naptan:Indicator,opp,naptà: Indicador	=	oportunitat
cycleway,opposite,carril bici	=	oposat
busway,opposite_lane,via d'autobús	=	carril oposat
cycleway,opposite_lane,carril bici	=	carril_oposat
cycleway:left,opposite_lane,ciclovia:esquerra	=	carril oposat
cycleway:right,opposite_lane,carril bici: dreta	=	carril oposat
cycleway,opposite_share_busway,carril bici	=	via d'autobús compartida oposada
cycleway,opposite_shared_busway,carril bici	=	via d'autobús compartida oposada
cycleway,opposite_track,carril bici	=	pista_oposada
cycleway:left,opposite_track,ciclovia:esquerra	=	pista oposada
cycleway:right,opposite_track,carril bici: dreta	=	pista oposada
telescope:type,optical,telescopi: tipus	=	òptic
historic,optical_telegraph,històric	=	telègraf òptic
craft,optician,artesania	=	òptic
shop,optician,botiga	=	òptic
bicycle,optional_sidepath,bicicleta	=	ruta_lateral_opcional
bicycle:backward,optional_sidepath,bicicleta: al revés	=	vorera opcional
bicycle:forward,optional_sidepath,bicicleta: endavant	=	vorera opcional
healthcare,optometrist,cura de la salut	=	optometrista
healthcare:speciality,optometry,especialitat:de_salut	=	optometria
genus,Opuntia,gènere	=	Opuntia
building:colour,orange,
colour,orange,color	=	taronja
light:colour,orange,color clar	=	taronja
ref:colour,orange,
seamark:beacon_special_purpose:colour,orange,seamark:beaamb propòsit especial:color	=	taronja
seamark:buoy_special_purpose:colour,orange,seamark:boia propòsit especial:color	=	taronja
seamark:light:colour,orange,marca:llum:color	=	taronja
seamark:topmark:colour,orange,marca de mar:marca de topall:color	=	taronja
trees,orange_trees,arbres	=	tarongers
landuse,orchard,ús del sòl	=	horta
craft,organ_builder,artesania	=	constructor d'òrgans
shop,organic,botiga	=	orgànic
waste,organic,desaprofitar	=	orgànic
flag:type,organisation,bandera: tipus	=	organització
sport,orienteering,esport	=	orientació
support,ornamental,suport	=	ornamental
source:geometry,Ortho HR IGN 2022,
healthcare:speciality,orthodontics,sanitat:especialitat	=	ortodòncia
denomination,orthodox,
denomination,orthodox_presbyterian_church,denominació	=	església presbiteriana ortodoxa
geobase:acquisitionTechnique,Orthoimage,
healthcare:speciality,orthopaedics,sanitat:especialitat	=	ortopèdia
source:addr:postcode,OS Open Data Codepoint,
source:addr:postcode,OS Opendata Codepoint,
source:name,OS OpenData Locator,
source:name,OS OpenData StreetView,
source:name,OS_OpenData_Locator,nom de la font	=	Localitzador de dades obertes del sistema operatiu
source:name,OS_OpenData_OS_Locator,nom de la font	=	US OpenData US Locator
source:building,OS_OpenData_StreetView,font:edifici	=	OS_OpenData_StreetView
source:name,OS_OpenData_StreetView,nom de la font	=	Sistema operatiu OpenData StreetView
source:ref,OS_OpenData_StreetView,font: referència	=	Sistema operatiu OpenData StreetView
source:addr:postcode,OS␣Open␣Data␣Codepoint,font:direcció:codi postal	=	OS␣Open␣Data␣Codepoint
source:addr:postcode,OS␣Opendata␣Codepoint,font:direcció:codi postal	=	OS␣Opendata␣Codepoint
amenity,osmica,amenitat/servei	=	osmica
created_by,Osmose_Editor,creat per	=	Editor d'osmosi
generator:source,osmotic,generador:font	=	osmòtic
healthcare:speciality,osteopathy,sanitat:especialitat	=	osteopatia
genus,Ostrya,gènere	=	Ostrya
building,other,edifici	=	un altre
building:material,other,material de construcció	=	un altre
project,OTI_HRI_COSMHA_STM020,projecte	=	OTI_HRI_COSMHA_STM020
healthcare:speciality,otolaryngology,sanitat:especialitat	=	otorinolaringologia
healthcare:speciality,otorhinolaryngology,especialitat:de_salut	=	otorinolaringologia
operational_status,out_of_order,estat operatiu	=	fora de servei
building,outbuilding,edifici	=	dependència
geological,outcrop,geològic	=	aflorament
location,outdoor,ubicació	=	exterior
shop,outdoor,botiga	=	exterior
surveillance,outdoor,vigilància	=	exterior
swimming_pool,outdoor,piscina	=	exterior
telecom,outdoor_dslam,telecomunicacions	=	ball a l'aire lliure
shop,outdoor_power_equipment,botiga	=	equip d'energia a l'aire lliure
leisure,outdoor_seating,lleure	=	seients a l'aire lliure
man_made,outfall,fet per l'home	=	desguàs
amenity,outfitter,amenitat/servei	=	camiser
power,outlet,poder	=	presa de corrent
shop,outpost,botiga	=	avançada
generator:plant,output,generador: planta	=	producció
social_facility,outreach,instal·lacions_socials	=	superar a
smoking,outside,de fumar	=	fora de
toilets:position,outside,banys: posició	=	fora de
location,overground,ubicació	=	de superfície
door,overhead,porta	=	despeses generals
location,overhead,ubicació	=	despeses generals
seamark:restricted_area:restriction,overtaking_prohibited,seamark:àrea restringida:restricció	=	Prohibit avançar
building:ownership,owner,edifici:propietat	=	propietari
railway,owner_change,ferrocarril	=	canvi de propietari
water,oxbow,aigua	=	meandre
man_made,oxidation_ditch,fet per l'home	=	rasa d'oxidació
massgis:LEV_PROT,P,
species,P.␣Americana,espècies	=	P.␣Americana
historic,pa,històric	=	Pennsilvània
product,packaging,producte	=	embalatge
wholesale,packaging,majorista	=	embalatge
marker,paddle,marcador	=	paleta
sport,paddle_tennis,esport	=	pàdel
leisure,paddling_pool,temps lliure	=	piscina infantil
meadow,paddock,prat	=	pàdoc
sport,padel,esport	=	pàdel
healthcare:speciality,paediatric_surgery,sanitat:especialitat	=
healthcare:speciality,paediatrics,sanitat:especialitat	=	pediatria
religion,pagan,religió	=	pagà
building,pagoda,edifici	=	pagoda
seamark:landmark:function,pagoda,marca:punt de referència:funció	=	pagoda
man_made,paifang,fet per l'home	=	paifang
shop,paint,botiga	=	pintar
wholesale,paint,majorista	=	pintura
sport,paintball,esport	=	bola de pintura
traffic_calming,painted_island,calmar el trànsit	=	illa pintada
traffic_calming,painted_table,calmar el trànsit	=	taula pintada
craft,painter,artesania	=	pintor
artwork_type,painting,tipus d'obra d'art	=	pintura
flood_mark,painting,marca d'inundació	=	pintura
building,pajaru,edifici	=	pajarú
cuisine,pakistani,cuina	=	pakistanès
building,palace,edifici	=	palau
castle_type,palace,tipus castell	=	palau
geological,palaeontological_site,geològic	=	lloc paleontològic
natural,palaeontological_site,natural	=	lloc paleontològic
historic,paleontological_site,històric	=	lloc paleontològic
healthcare:speciality,palliative,sanitat:especialitat	=
genus,palm,gènere	=	palmera
leaf_type,palm,tipus_full	=	palmera
species,palm,espècies	=	palmera
type,palm,tipus	=	palmera
wood,palm,fusta	=	palmera
cuisine,pancake,cuina	=	torteta
horreo,panera,El hórreo és un típic gran magatzem elevat d’Astúries i Galícia
camera:type,panning,
trees,papaya_trees,arbres	=	arbres_de_papaya
wholesale,paper,majorista	=	paper
craft,paperhanger,artesania	=	empaperador
aeroway,papi,via aèria	=	papi
navigationaid,papi,Ajuda a la navegació	=	papi
sport,parachuting,esport	=	paracaigudisme
sport,paragliding,esport	=	parapent
ngbe:subgrupo,Parajes,ngbe: subgrup	=	Paratges
orientation,parallel,
parking:both:orientation,parallel,
parking:lane:both,parallel,estacionament:carril:tots dos	=	paral·lela
parking:lane:left,parallel,estacionament:carril:esquerra	=	paral·lela
parking:lane:right,parallel,estacionament:carril:dreta	=	paral·lela
parking:left:orientation,parallel,
parking:orientation,parallel,estacionament: orientació	=	paral·lela
parking:right:orientation,parallel,
boundary,parcel,Perímetre	=	parcel·la
amenity,parcel_locker,amenitat/servei	=	paquet_caseller
amenity,parcel_lockers,amenitat/servei	=	casellers per a paquets
vending,parcel_mail_in,venda	=	paquet de correu a
vending,parcel_pickup,venda	=	recollida_paquet
vending,parcel_pickup;parcel_mail_in,venda	=	paquet_recollida;parcel_mail_in
amenity,parcel_postbox,amenitat/servei	=	bústia de paquets
parking_space,parent,plaça d'aparcament	=	pare
church:type,parish,església: tipus	=	parròquia
office,parish,oficina	=	parròquia
amenity,park,amenitat/servei	=	parc
denotation,park,
leisure,park,lleure	=	parc
amenity,parking,"Una instal·lació d'aparcament proporciona espais designats perquè els vehicles s'aparcin, ja sigui per ús a curt o llarg termini | amenitat/servei	=	estacionament"
building,parking,edifici	=	estacionament
service,parking,Servei	=	estacionament
site,parking,lloc	=	estacionament
surveillance:zone,parking,
service,parking_aisle,Servei	=	estacionament_passadís
amenity,parking_entrance,amenitat/servei	=	estacionament_entrada
fire_hydrant:position,parking_lot,hidrant_d'incendi:posició	=	estacionament
aeroway,parking_position,via aèria	=	estacionament_posició
amenity,parking_space,amenitat/servei	=	plaça d'aparcament
vending,parking_tickets,venda	=	multes d'estacionament
amenity,parkink,amenitat/servei	=	parc
leisure,parklet,temps lliure	=	parklet
sport,parkour,esport	=	parkour
government,parliament,govern	=	parlament
craft,parquet_layer,artesania	=	capa de parquet
seamark:light:visibility,part_obscured,marca:llum:visibilitat	=	part enfosquida
access_control,partial,
tactile_paving,partial,paviment tàctil	=	parcial
service,parts,Servei	=	parts
shop,party,botiga	=	festa
tunnel,passage,túnel	=	pas
megalith_type,passage_grave,tipus de megàlit	=	tomba de pas
harbour:category,passenger,port:categoria	=	passatger
railway:traffic_mode,passenger,ferrocarril:traffic_mode	=	passatger
seamark:restricted_area:restriction,passing_or_overtaking_prohibited,seamark:àrea restringida:restricció	=	Prohibit passar o avançar
highway,passing_place,carretera	=	lloc_de_pas
cuisine,pasta,cuina	=	pasta
shop,pasta,botiga	=	pasta
religion,pastafarian,religió	=	pastafari
cuisine,pastry,cuina	=	Pastisseria
shop,pastry,botiga	=	Pastisseria
farmland,pasture,terres de cultiu	=	pastura
landuse,pasture,ús del sòl	=	pastura
meadow,pasture,prat	=	pastura
abandoned:highway,path,
area:highway,path,zona:carretera	=	camí
construction,path,construcció	=	camí
disused:highway,path,
footway,path,senda	=	camí
golf,path,golf	=	sender
highway,path,"Un camí és un sender o passeig genèric per a vianants, sovint trobat en parcs, boscos o zones rurals | carretera	=	sender"
highway,Path/Examples,autopista	=	Ruta/Exemples
healthcare:speciality,pathology,sanitat:especialitat	=
outdoor_seating,patio,seients a l'aire lliure	=
genus,Paulownia,gènere	=	Paulownia
surface,paved,"Una superfície pavimentada està coberta de materials artificials com pedra, maó, formigó o asfalt | superfície	=	pavimentat"
location,pavement,localització	=	paviment
craft,paver,artesania	=	llamborda
building,pavilion,edifici	=	pavelló
shelter_type,pavilion,refugi_tipus	=	pavelló
cycleway:surface,paving_stones,ciclovia:superfície	=	llambordes
footway:surface,paving_stones,vorera:superfície	=	llambordes
material,paving_stones,material	=	llambordes
sidewalk:both:surface,paving_stones,vorera:tots dos:superfície	=	llambordes
sidewalk:left:surface,paving_stones,
sidewalk:right:surface,paving_stones,vorera:dreta:superfície	=	llambordes
surface,paving_stones,superfície	=	llambordes
surface,paving_stones:20,superfície	=	llambordes: 20
surface,paving_stones:30,superfície	=	llambordes:30
shop,pawnbroker,botiga	=	prestador
public_transport,pay_scale_area,transport públic	=	àrea d'escala salarial
amenity,payment_centre,amenitat/servei	=	centre_de_pagament
amenity,payment_terminal,amenitat/servei	=	terminal_de_pagament
survey:name,PDC PhilAWARE,
survey:name,PDC␣PhilAWARE,enquesta:nom	=	PDC␣PhilAWARE
natural,peak,natural	=	cim
landuse,peat_cutting,ús del sòl	=	tall de torba
tidal,pebbles,de marea	=	còdols
surface,pebblestone,superfície	=	còdols
sport,pedal_car_racing,esport	=	curses de cotxes de pedals
boat:type,pedalo,vaixell:tipus	=
marker,pedestal,marcador	=	pedestal
support,pedestal,suport	=	pedestal
area:highway,pedestrian,zona:carretera	=	de vianants
construction,pedestrian,construcció	=	de vianants
highway,pedestrian,carretera	=	de vianants
traffic_signals,pedestrian_crossing,
road_marking,pedestrian_crossing_rectangle,=
hazard,pedestrians,perill	=	vianants
crossing_ref,pelican,cruce_ref	=	pelicà
sport,pelota,esport	=	pilota basca
generator:type,pelton_turbine,generador: tipus	=	turbina pelton
golf,penalty_area,golf	=	àrea de penal
natural,peninsula,natural	=	península
place,peninsula,lloc	=	península
source:hgv,PennDOT␣ftp://ftp.dot.state.pa.us/public/Bureaus/BOMO/MC/Publication411.pdf,font:hgv	=	PennDOT␣ftp://ftp.dot.state.pa.us/public/Bureaus/BOMO/MC/Publication411.pdf
usage,penstock,ús	=	comporta
denomination,pentecostal,
shop,pépinière,botiga	=	pépiniere
seamark:beacon_lateral:shape,perch,marca:balisa lateral:forma	=	perca
stream,perennial,corrent	=	perenne
shop,perfumery,botiga	=	perfumeria
pump_mechanism,peristaltic,mecanisme de bomba	=	peristàltic
building:material,permanent,material de construcció	=	permanent
building:state_of_the_house,permanent,edifici:estat_de_la_casa	=	permanent
diplomatic,permanent_mission,diplomàtic	=	missió permanent
access,permissive,accés	=	permissiu
bicycle,permissive,bicicleta	=	permissiu
foot,permissive,peu	=	permissiu
hazmat:water,permissive,materials perillosos: aigua	=	permissiu
horse,permissive,cavall	=	permissiu
motor_vehicle,permissive,Vehicle de motor	=	permissiu
toilets:access,permissive,lavabos:accés	=	permissiu
access,permit,accés	=	permís
bicycle,permit,bicicleta	=	permís
foot,permit,peu	=	permís
motor_vehicle,permit,Vehicle de motor	=	permís
vehicle,permit,vehicle	=	permís
orientation,perpendicular,
parking:lane:both,perpendicular,estacionament:carril:tots dos	=	perpendicular
parking:orientation,perpendicular,estacionament: orientació	=	perpendicular
protected,perpetuity,protegit	=	perpetuïtat
genus,Persea,gènere	=	persea
species,Persea␣americana␣Mill.,espècies	=	Persea␣americana␣Mill.
type,person,tipus	=	persona
swimming_pool,personal,
office,personal_service,oficina	=	servei personal
bunker_type,personnel_shelter,tipus búnquer	=	refugi de personal
cuisine,peruvian,cuina	=	peruà
sport,pesäpallo,esport	=	pesavall
shop,pest_control,botiga	=	control de plagues
shop,pet,botiga	=	mascota
vending,pet_food,venda	=	aliments per a mascotes
shop,pet_grooming,botiga	=	lavabo_de_mascotes
boules,petanque,petanca	=	petanca
sport,petanque,esport	=	petanca
archaeological_site,petroglyph,lloc arqueològic	=	petroglif
site_type,petroglyph,tipus de lloc	=	petroglif
abandoned:man_made,petroleum_well,abandonat:fet per lhome	=	pou_de_petroli
man_made,petroleum_well,artificial	=	pou_de_petroli
zoo,petting_zoo,zoo	=	zoològic d'animals acariciables
healthcare:speciality,pharmacology,sanitat:especialitat	=
amenity,pharmacy,Una farmàcia és una instal·lació sanitària on es dispenseu medicaments i s'ofereix assessorament farmacèutic | amenitat/servei	=	farmàcia
healthcare,pharmacy,cura de la salut	=	farmàcia
shop,pharmacy,botiga	=	farmàcia
wholesale,pharmacy,majorista	=	farmàcia
transformer,phase_angle_regulator,transformador	=	regulador d'angle de fase
theatre:genre,philharmonic,teatre:gènere	=	filharmònic
genus,Phoenix,gènere	=	Fènix
species,Phoenix␣canariensis,espècies	=	Phoenix␣canariensis
species,Phoenix␣dactylifera,espècies	=	Phoenix␣dactylifera
species,Phoenix␣dactylifera␣L.,espècies	=	Phoenix␣dactylifera␣L.
electronics_repair,phone,reparació electrònica	=	telèfon
emergency,phone,emergència	=	telèfon
lines,phone,línies	=	telèfon
railway,phone,ferrocarril	=	telèfon
shop,photo,botiga	=	foto
vending,photo,venda	=	foto
amenity,photo_booth,amenitat/servei	=	cabina de fotos
shop,photo_studio,botiga	=	estudi fotogràfic
craft,photographer,artesania	=	fotògraf
craft,photographic_laboratory,artesania	=	laboratori_fotografico
shop,photography,botiga	=	fotografia
vending,photos,venda	=	fotos
generator:method,photovoltaic,generador: mètode	=	fotovoltaica
plant:method,photovoltaic,planta:mètode	=	fotovoltaica
healthcare:speciality,physiatry,sanitat:especialitat	=
type,physical,tipus	=	físic
office,physician,oficina	=	metge
healthcare,physiotherapist,cura de la salut	=	fisioterapeuta
healthcare:speciality,physiotherapy,especialitat:de_salut	=	fisioteràpia
amenity,piano,amenitat/servei	=	piano
craft,piano_tuner,artesania	=	afinador de piano
genus,Picea,gènere	=	picea
species,Picea␣abies,espècies	=	Pica abies
species,Picea␣glauca,espècies	=	Picea␣glauca
species,Picea␣pungens,espècies	=	Picea␣pungens
sport,pickeball,esport	=	pickeball
sport,pickleball,esport	=	cogombret
leisure,picnic,temps lliure	=	pícnic
shelter_type,picnic_shelter,refugi_tipus	=	picnic_refugi
leisure,picnic_site,temps lliure	=	lloc de pícnic
tourism,picnic_site,turisme	=	lloc de pícnic
leisure,picnic_table,lleure	=	taula de pícnic
cycleway:both:lane,pictogram,
cycleway:right:lane,pictogram,
cuisine,pie,cuina	=	pastís
bridge:support,pier,pont: suport	=	moll
man_made,pier,artificial	=	moll
sport,pilates,esport	=	pilates
seamark:beacon_cardinal:shape,pile,seamark:balisa cardenal:forma	=	pila
seamark:beacon_lateral:shape,pile,marca:balisa lateral:forma	=	pila
seamark:beacon_safe_water:shape,pile,seamark:balisa aigua segura:forma	=	pila
seamark:beacon_special_purpose:shape,pile,seamark:beaamb propòsit especial:forma	=	pila
seamark:mooring:category,pile,marca:amarre:categoria	=	pila
seamark:type,pile,marca de mar: tipus	=	munt
fire_hydrant:type,pillar,hidrant_d'incendi: tipus	=	pilar
landmark,pillar,punt de referència	=	pilar
man_made,pillar,fet per l'home	=	pilar
post_box:type,pillar,post_box: tipus	=	pilar
seamark:buoy_cardinal:shape,pillar,marca de mar: boia cardinal: forma	=	pilar
seamark:buoy_isolated_danger:shape,pillar,marca:boia aïllat perill:forma	=	pilar
seamark:buoy_lateral:shape,pillar,marca:boia lateral:forma	=	pilar
seamark:buoy_safe_water:shape,pillar,marca:boia aigua segura:forma	=	pilar
seamark:buoy_special_purpose:shape,pillar,seamark:boia propòsit especial:forma	=	pilar
survey_point:structure,pillar,punt d'enquesta: estructura	=	pilar
tomb,pillar,tomba	=	pilar
bunker_type,pillbox,tipus_búnquer	=	fortí
historic,pillory,històric	=	picota
seamark:type,pilot_boarding,marca de mar: tipus	=	abordatge pilot
golf,pin,golf	=	agulla
line_attachment,pin,línia_adjunt	=	agulla
survey_point:structure,pin,punt d'enquesta: estructura	=	agulla
trees,pineapple_plants,arbres	=	plantes_de_pina
genus,Pinus,gènere	=	pi
species,Pinus mugo,
species,Pinus pinea,
species,pinus_mugo,espècies	=	pinus_mugo
species,Pinus␣mugo,espècies	=	Pinus␣muc
species,Pinus␣nigra,espècies	=	Pinus nigra
species,Pinus␣nigra␣nigra,espècies	=	Pinus␣nigra␣nigra
species,Pinus␣nigra␣var.␣Austriaca,espècies	=	Pinus␣nigra␣var.␣Àustriaca
species,Pinus␣pinea,espècies	=	Pinus␣pinea
species,Pinus␣radiata,espècies	=	Pinus␣radiata
species,PINUS␣SILVESTRIS,espècies	=	PINUS␣SILVESTRIS
species,Pinus␣strobus,espècies	=	Pinus␣strobus
species,Pinus␣sylvestris,espècies	=	Pinus␣sylvestris
fire_hydrant:type,pipe,boca d'incendis: tipus	=	tub
abandoned:man_made,pipeline,
man_made,pipeline,artificial	=	canonada
route,pipeline,ruta	=	canonada
subject,pipeline,
seamark:type,pipeline_area,marca de mar: tipus	=	àrea de canonada
seamark:type,pipeline_overhead,marca de mar: tipus	=	despeses generals de la canonada
seamark:type,pipeline_submarine,marca de mar:tipus	=	oleoducte_submarí
driveway,pipestem,entrada de cotxes	=	tija de canonada
service,pipestem,Servei	=	tija de canonada
wall,pise,paret	=	trepitjar
wall,pise:value,paret	=	pis: valor
highway,piste,autopista	=	pista
landuse,piste,ús del sòl	=	pista
route,piste,ruta	=	pista
site,piste,lloc	=	pista
piste:type,piste:halfpipe,pista:tipus	=	pista: mig tub
pump_mechanism,piston,mecanisme de bomba	=	pistó
sinkhole,pit,embornal	=	fossat
trees,pitaya_plants,arbres	=	pitaya_plantes
leisure,pitch,lleure	=	to
building:roof:shape,pitched,edifici:sostre:forma	=	inclinat
roof:shape,pitched,sostre: forma	=	inclinat
toilets:disposal,pitlatrine,vàters: eliminació	=	latrina de pou
irrigation,pivot,irrigació	=	pivot
bridge:support,pivot_pier,pont: suport	=	moll de pivot
cuisine,pizza,cuina	=	pizza
vending,pizza,venda	=	pizza
waste,pizza_box,desaprofitar	=	caixa de pizza
cuisine,pizza;italian,cuina	=	pizza;italiana
cuisine,pizza;kebab,cuina	=	pizza; kebab
operator:short,PKP PLK,
operator:wikipedia,pl:InPost,
workrules,PL:Ir-1,
source:maxspeed,PL:living_street,
maxspeed:type,PL:rural,velocitat màxima: tipus	=	PL:rural
source:maxspeed,PL:rural,
maxspeed:type,PL:urban,velocitat màxima: tipus	=	PL:urbà
source:maxspeed,PL:urban,
source:maxspeed,PL:zone30,
species,Pla,espècies	=	Pla
addr:street:type,Place,
boundary,place,Perímetre	=	lloc
amenity,place_of_mourning,amenitat/servei	=	lloc de dol
amenity,place_of_worship,amenitat/servei	=	lloc d'adoració
amenity,planetarium,amenitat/servei	=	planetari
building,planned,edifici	=	planificat
highway,planned,autopista	=	planificat
construction:power,plant,construcció: poder	=	planta
natural,plant,natural	=	planta
power,plant,energia	=	planta
shop,plant_hire,botiga	=	lloguer de plantes
landuse,plant_nursery,ús del sòl	=	viver de plantes
landuse,plantation,ús del sòl	=	plantació
barrier,planter,barrera	=	plantador
man_made,planter,artificial	=	plantador
board_type,plants,
flood_mark,plaque,marca d'inundació	=	placa
memorial,plaque,monument	=	placa
memorial:type,plaque,memorial: tipus	=	placa
survey_point:structure,plaque,punt d'enquesta: estructura	=	placa
building:material,plaster,material de construcció	=	guix
building:material,plastered,material de construcció	=	borratxo
building:structure,plastered,Estructura de construcció	=	borratxo
craft,plasterer,artesania	=	guixer
building:material,plastering_inner_wall_only,material de construcció	=	enguixat_paret_interior_solament
building:material,plastic,material de construcció	=	el plàstic
material,plastic,material	=	el plàstic
roof:material,plastic,sostre: material	=	el plàstic
surface,plastic,superfície	=	el plàstic
healthcare:speciality,plastic_surgery,sanitat:especialitat	=	cirugia plàstica
genus:de,Platane,
species,platanoides,espècies	=	platanoides
genus,Platanus,gènere	=	Platanus
species,Platanus × hispanica,
species,Platanus acerifolia,
species,Platanus x acerifolia,
species,Platanus x hispanica,
species,Platanus␣×␣hispanica,espècies	=	Platanus␣×␣hispanica
species,Platanus␣acerifolia,espècies	=	Platanus␣acerifolia
species,Platanus␣acerifolia␣x,espècies	=	Platanus␣acerifolia␣x
species,Platanus␣orientalis,espècies	=	Platanus␣orientalis
species,Platanus␣x␣acerifolia,espècies	=	Platanus␣x␣acerifolia
species,PLATANUS␣X␣ACERIFOLIA␣(SIN␣P.␣HYBRIDA),espècies	=	PLATANUS␣X␣ACERIFÒLIA␣(SENSE␣P.␣HYBRIDA)
species,Platanus␣x␣hispanica,espècies	=	Platanus␣x␣hispanica
marker,plate,marcador	=	placa
memorial:type,plate,memorial: tipus	=	placa
natural,plateau,natural	=	altiplà
highway,platform,carretera	=	plataforma
location,platform,localització	=	plataforma
public_transport,platform,transport públic	=	plataforma
railway,platform,ferrocarril	=	plataforma
seamark:type,platform,marca de mar:tipus	=	plataforma
railway,platform_edge,ferrocarril	=	plataforma_vora
aerialway,platter,via aèria	=	plat
aerialway:drag_lift,platter,via aèria: elevador d'arrossegament	=	plat
species,platyphyllos,espècies	=	platyphyllos
leisure,playground,lleure	=	pati de jocs
playground:theme,playground,pati d'esbarjo: tema	=	pati de jocs
playground,playhouse,parc infantil	=	teatre
seamark:fixme,please_fix_position,marca de mar: arreglar-me	=	si us plau corregiu la posició
allotments,plot,assignacions	=	gràfic
building,plot,edifici	=	trama
landuse,plot,ús del sòl	=	trama
place,plot,lloc	=	gràfic
valve,plug,vàlvula	=	endollar
craft,plumber,artesania	=	lampista
source:name,pmgsy,
source:population,pmgsy,
source:geometry,PMLP,
actuator,pneumatic_cylinder,solenoide	=	cilindre pneumàtic
amenity,po_box,amenitat/servei	=	apartat de correus
species,Poa,espècies	=	Poá
healthcare,podiatrist,cura de la salut	=	podòleg
healthcare:speciality,podiatry,sanitat:especialitat	=
TMC:cid_58:tabcd_1:Class,Point,TMC:cid_58:tabcd_1:Classe	=	Punt
man_made,polder,fet per l'home	=	pòlder
place,polder,lloc	=	pòlder
camera:mount,pole,càmera: muntatge	=	pol
fence_type,pole,=	pol
lamp_mount,pole,muntatge_de_lampada	=	pol
location,pole,localització	=	pol
man_made,pole,artificial	=	pol
power,pole,energia	=	pol
public_transport,pole,transport públic	=	pol
seamark:beacon_lateral:shape,pole,marca:balisa lateral:forma	=	pol
seamark:beacon_special_purpose:shape,pole,seamark:beaamb propòsit especial:forma	=	pol
support,pole,suport	=	pol
survey_point:structure,pole,punt d'enquesta: estructura	=	pol
telecom,pole,telecomunicacions	=	pol
sport,pole_dance,esport	=	ball de tub
athletics,pole_vault,atletisme	=	salt amb perxa
power,pole/Gallery,poder	=	pol/Galeria
support,poles,suport	=	pals
trailblazed,poles,pioner	=	pals
amenity,police,amenitat/servei	=	policia
cadet,police,cadet	=	policia
cuisine,polish,cuina	=	polonès
boundary,political,Perímetre	=	polític
office,political_party,oficina	=	partit polític
office,politician,oficina	=	polític
amenity,polling_station,amenitat/servei	=	centre electoral
sport,polo,esport	=	pol
created_by,polyshp2osm,
species,Pon,espècies	=	posa
species,Pon1,espècies	=	pon1
landuse,pond,ús del sòl	=	estany
man_made,pond,
water,pond,aigua	=	estany
sinkhole,ponor,embornal	=	ponor
seamark:type,pontoon,marca de mar: tipus	=	pontó
building:condition,poor,edifici: condició	=	pobre
lit:perceived,poor,encès: percebut	=	pobre
tower:type,popinjay,torre:tipus	=	petimetre
GNS:dsg_name,populated place,
GNS:dsg_string,populated place,
GNS:dsg_name,populated␣place,GNS:nom_dsg	=	lloc␣poblat
GNS:dsg_string,populated␣place,GNS:cadena_dsg	=	lloc␣poblat
genus,Populus,gènere	=	populus
species,Populus nigra,
species,Populus␣alba,espècies	=	Populus␣alba
species,"Populus␣alba␣""Bolleana""","espècies	=	Populus␣alba␣""Bolleana"""
species,Populus␣nigra,espècies	=	Populus␣nigra
species,Populus␣pyramidalis,espècies	=	Populus␣pyramidalis
species,Populus␣sp.,espècies	=	Populus sp.
species,Populus␣x␣canadensis,espècies	=	Populus␣x␣canadensis
notas,"por favor respete las licencias de información y de los créditos correspondientes a las fuentes originales, y a osm en sus trabajos. #LeyLleras",
building,porch,edifici	=	porxo
building:part,porch,edifici: part	=	porxo
industrial,port,industrial	=	Port
landuse,port,ús del sòl	=	Port
seamark:beacon_lateral:category,port,marca:balisa lateral:categoria	=	Port
seamark:buoy_lateral:category,port,seamark:boya_lateral:categoria	=	Port
canoe,portage,canoa	=	porteig
waterway,portage,camí aquàtic	=	porteig
design,portal,disseny	=	portal
power,portal,energia	=	portal
crane:type,portal_crane,grua:tipus	=	grua portal
cuisine,portuguese,cuina	=	portuguès
sett:style,portuguese,conjunt: estil	=	portuguès
tiger:reviewed,position,tigre: revisat	=	posició
TMC:Direction,positive,TMC:Direcció	=	positiu
railway:bidirectional,possible,ferrocarril:bidireccional	=	possible
marker,post,marcador	=	correu
seamark:mooring:category,post,marca:amarre:categoria	=	correu
support,post,suport	=	publicar
building:age,post_2000,edifici:edat	=	post_2000
amenity,post_box,amenitat/servei	=	bústia
amenity,post_depot,amenitat/servei	=	post_depot
amenity,post_office,amenitat/servei	=	oficina de correus
post_office,post_partner,oficina de correus	=	company de publicació
boundary,postal_code,Perímetre	=	codi postal
street_cabinet,postal_service,gabinet del carrer	=	servei Postal
advertising,poster_box,publicitat	=	poster_box
addr:inclusion,potential,direcció: inclusió	=	potencial
created_by,Potlatch 0.10b,
created_by,Potlatch 0.10f,
created_by,Potlatch 0.9c,
created_by,Potlatch_0.10b,creat per	=	Potlatch 0.10b
created_by,Potlatch_0.9c,creat per	=	Potlatch 0.9c
craft,pottery,artesania	=	ceràmica
shop,pottery,botiga	=	ceràmica
building,poultry_house,edifici	=	galliner
route,power,ruta	=	energia
seamark:cable_overhead:category,power,seamark:sobrecàrrega de cable:categoria	=	poder
seamark:cable_submarine:category,power,seamark:cable submarí:categoria	=	poder
street_cabinet,power,carrer_gabinet	=	energia
type,power,tipus	=	poder
utility,power,utilitat	=	energia
man_made,power_hydro,fet per l'home	=	energia hidroelèctrica
man_made,power_nuclear,fet per l'home	=	energia nuclear
support,power_pole,suport	=	pal d'energia
building,power_substation,edifici	=	subestació_d'energia
railway,power_supply,ferrocarril	=	font d'alimentació
man_made,power_wind,fet per l'home	=	energia eòlica
pump,powered,bomba	=	motoritzat
GNS:dsg_code,PPL,GNS: codi_dsg	=	LPP
species,Pr1,espècies	=	Pr1
leisure,practice_pitch,temps lliure	=	camp de pràctica
building:age,pre_2000,edifici:edat	=	abans del 2000
seamark:type,precautionary_area,marca de mar: tipus	=	zona de precaució
seamark:beacon_lateral:category,preferred_channel_port,marca:balisa lateral:categoria	=	port de canal preferit
seamark:buoy_lateral:category,preferred_channel_port,marca:boia lateral:categoria	=	port de canal preferit
seamark:beacon_lateral:category,preferred_channel_starboard,marca:balisa lateral:categoria	=	canal preferit estribor
seamark:buoy_lateral:category,preferred_channel_starboard,marca:boia lateral:categoria	=	canal preferit estribor
historic:civilization,prehistoric,històric: civilització	=	prehistòric
amenity,prep_school,amenitat/servei	=	preparatòria
denomination,presbyterian,
building,presbytery,edifici	=	presbiteri
amenity,preschool,amenitat/servei	=	preescolar
school:MG,prescolaire,escola:MG	=	prescolar
school:MG,préscolaire,escola:MG	=	precolaire
construction,preserved,construcció	=	Preservat
railway,preserved,ferrocarril	=	Preservat
waterway,pressurised,camí aquàtic	=	pressuritzat
school:FR,primaire,escola:FR	=	principal
school:MG,primaire,escola:MG	=	principal
area:highway,primary,zona:carretera	=	primari
construction,primary,construcció	=	primari
ferry,primary,transportar	=	primari
highway,primary,"Una carretera principal és una autopista important que connecta destinacions importants, formant la xarxa viària principal | carretera	=	primari"
school,primary,
description,Primary Health Centre,
healthcare:speciality,primary_care,especialitat:de_salut	=	atenció primària
construction,primary_link,construcció	=	enllaç principal
highway,primary_link,carretera	=	enllaç_principal
sby:bldgtype,Primary␣Structure,sby: tipus d'edifici	=	Primària␣Estructura
HFCS,Principal Arterial,
HFCS,Principal Arterial - Other,
HFCS,Principal␣Arterial,JMAF	=	Principal␣Arterial
HFCS,Principal␣Arterial␣-␣Other,JMAF	=	Principal␣Arterial␣-␣Un altre
craft,print_shop,artesania	=	botiga d'impressió
amenity,printer,amenitat/servei	=	impressora
craft,printer,artesania	=	impressora
shop,printer_ink,botiga	=	tinta d'impressora
shop,printing,botiga	=	impressió
craft,printmaker,artesania	=	gravador
highway,priority,autopista	=	prioritat
gritting,priority_1,sorra	=	Prioritat 1
abandoned:amenity,prison,abandonat: amenitat/servei	=	presó
amenity,prison,amenitat/servei	=	presó
building,prison,edifici	=	presó
landuse,prison,ús del sòl	=	presó
abandoned:amenity,prison_camp,abandonat: amenitat/servei	=	camp de presoners
amenity,prison_camp,amenitat/servei	=	camp de presoners
access,private,accés	=	privat
aerodrome:type,private,aeròdrom: tipus	=	privat
bicycle,private,bicicleta	=	privat
foot,private,peu	=	privat
garden:type,private,jardí: tipus	=	privat
horse,private,cavall	=	privat
land_property,private,propietat de la terra	=	privat
mooring,private,amarrador	=	privat
motor_vehicle,private,Vehicle de motor	=	privat
motorcar,private,automòbil	=	privat
operator:type,private,operador: tipus	=	privat
ownership,private,propietat	=	privat
parking_space,private,plaça d'aparcament	=	privat
seamark:light:status,private,seamark:llum:estat	=	privat
vehicle,private,vehicle	=	privat
office,private_investigator,oficina	=	investigador privat
healthcare:speciality,proctology,sanitat:especialitat	=
seamark:type,production_area,marca de mar: tipus	=	àrea de producció
building:use:pl,"produkcyjne, usługowe i gospodarcze dla rolnictwa",
building:use:pl,"produkcyjne,␣usługowe␣i␣gospodarcze␣dla␣rolnictwa","edifici:ús:pl	=	produkcyjne,␣usługowe␣i␣gospodarcze␣dla␣rolnictwa"
building:use:pl,"Produkcyjny, usługowy lub gospodarczy dla rolnictwa",
building:use:pl,"Produkcyjny,␣usługowy␣lub␣gospodarczy␣dla␣rolnictwa","edifici:ús:pl	=	Produkcyjny,␣usługowy␣lub␣gospodarczy␣dla␣rolnictwa"
pump_mechanism,progressive_cavity,mecanisme de bomba	=	cavitat progressiva
seamark:notice:function,prohibition,seamark:avís:funció	=	prohibició
source:name:br,proper translation,
source:name:br,proper␣translation,font:nom:br	=	traducció␣pròpia
barrier,property_boundary,barrera	=	propietat_límit
office,property_management,oficina	=	propietat administrativa
amenity,proposed,amenitat/servei	=	proposat
building,proposed,edifici	=	proposat
cycleway,proposed,carril bici	=	proposat
highway,proposed,carretera	=	proposat
lcn,proposed,lcn	=	proposat
railway,proposed,ferrocarril	=	proposat
state,proposed,
government,prosecutor,govern	=	fiscal
boundary,protected_area,Perímetre	=	àrea protegida
seamark:type,protected_area,marca de mar: tipus	=	àrea protegida
denomination,protestant,
type,provides_feature,tipus	=	proporciona_característica
place,province,lloc	=	província
ngbe:version,provisional,ngbe: versió	=	provisional
shop,provisions,botiga	=	provisions
old_railway_operator,PRR,antic_operador_ferroviari	=	RRP
railway,PRT,ferrocarril	=	PRT
genus,Prunus,gènere	=	prunus
species,Prunus avium,
species,Prunus cerasifera,
species,Prunus serrulata,
species,Prunus␣avium,espècies	=	Prunus␣avium
species,Prunus␣cerasifera,espècies	=	Prunus␣cerasifera
species,PRUNUS␣CERASIFERA␣'PISSARDII',espècies	=	PRUNUS␣CERASIFERA␣'PISSARDII'
species,"Prunus␣cerasifera␣""Pissardii""","espècies	=	Prunus␣cerasifera␣""Pissardii"""
species,Prunus␣domestica,espècies	=	Prunus␣domèstica
species,Prunus␣padus,espècies	=	Prunus␣padus
species,Prunus␣serrulata,espècies	=	Prunus␣serrulata
species,Prunus␣sp,espècies	=
species,Prunus␣sp.,espècies	=
species,Prunus␣virginiana,espècies	=
building:type:pl,Przyziemie budynku nieognioodpornego,
building:type:pl,Przyziemie budynku ognioodpornego,
ewmapa:warstwa,"Przyziemie budynku ognioodpornego, podpory, podcienia z pomiaru w terenie",
ewmapa:warstwa,"Przyziemie budynku ognioodpornego, podpory, podcienia z rastra",
ewmapa:warstwa,Przyziemie lub obrys budynku,
building:type:pl,Przyziemie␣budynku␣nieognioodpornego,edifici:tipus:pl	=	Przyziemie␣budynku␣nieognioodpornego
building:type:pl,Przyziemie␣budynku␣ognioodpornego,edifici:tipus:pl	=	Przyziemie␣budynku␣ognioodpornego
ewmapa:warstwa,Przyziemie␣lub␣obrys␣budynku,ewmapa:warstwa	=
species,pseudoplatanus,espècies	=	pseudoplatà
genus,Pseudotsuga,gènere	=	pseudotsuga
species,Pseudotsuga␣menziesii,espècies	=	Pseudotsuga␣menziesii
source:geometry,PSMA_Admin_Boundaries,font: geometria	=	Límits d'administració de PSMA
healthcare:speciality,psychiatry,sanitat:especialitat	=	psiquiatra | especialitat:de_salut	=	psiquiatria
shop,psychic,botiga	=	psíquic
healthcare:speciality,psychology,especialitat:de_salut	=	Psicologia
healthcare,psychotherapist,cura de la salut	=	psicoterapeuta (psicòleg)
healthcare:speciality,psychotherapist,especialitat:de_salut	=	psicoterapeuta
amenity,pub,amenitat/servei	=	pub
building,pub,edifici	=	pub
access,public,accés	=	públic
building,public,edifici	=	públic
land_property,public,propietat de la terra	=	públic
operator:type,public,operador: tipus	=	públic
ownership,public,
surveillance,public,vigilància	=	públic
type,Public,tipus	=	Públic
amenity,public_bath,amenitat/servei	=	Bany públic
amenity,public_bookcase,amenitat/servei	=	public_bookcase
designation,public_bridleway,designació	=	public_bridleway
amenity,public_building,amenitat/servei	=	edifici públic
seamark:radio_station:category,public_communication,seamark:emissora de ràdio:categoria	=	comunicació pública
designation,public_footpath,designació	=	public_footpath
board_type,public_transport,
shelter_type,public_transport,refugi_tipus	=	transport públic
type,public_transport,tipus	=	transport públic
vending,public_transport_plans,venda	=	plans de transport públic
vending,public_transport_tickets,venda	=	bitllets_transport_publico
landuse,public_works,ús del sòl	=	treballs públics
office,publisher,oficina	=	editor
line_attachment,pulley,arxiu adjunt de línia	=	politja
healthcare:speciality,pulmonology,sanitat:especialitat	=
pump_mechanism,pulser,mecanisme de bomba	=	polsador
man_made,pump,fet per l'home	=	bomba
seamark:small_craft_facility:category,pump-out,seamark:instal·lació per a embarcacions petites:categoria	=	treure
man_made,pumping_rig,artificial	=	plataforma_de_bombeig
man_made,pumping_station,artificial	=	benzinera
whitewater,put_in,aigua Blanca	=	ficar a
whitewater,put_in;egress,aigua Blanca	=	posar a; egrés
name:en,Pyaterochka,
aerialway,pylon,via aèria	=	piló
bridge:support,pylon,pont: suport	=	piló
seamark:type,pylon,marca de mar: tipus	=	piló
tomb,pyramid,tomba	=	piràmide
roof:shape,pyramidal,sostre: forma	=	piramidal
shop,pyrotechnics,botiga	=	pirotècnica
genus,Pyrus,gènere	=	Piro
species,Pyrus calleryana,
species,Pyrus␣calleryana,espècies	=	Pyrus␣calleryana
species,Pyrus␣calleryana␣'Chanticclere,espècies	=	Pyrus␣calleryana␣'Chanticclere
species,Pyrus␣communis,espècies	=	Pyrus␣communis
seamark:light:character,Q,marca:llum:personatge	=	q
seamark:light:character,Q+LFl,marca:llum:personatge	=	Q+LFl
brand:wikidata,Q1032001,
operator:wikidata,Q1032001,
operator:wikidata,Q1060049,
manufacturer:wikidata,Q108485435,
operator:wikidata,Q110319893,
operator:wikidata,Q11089971,
network:wikidata,Q111611112,
operator:wikidata,Q111843687,
operator:wikidata,Q11509260,
operator:wikidata,Q115224013,
network:wikidata,Q117309,xarxa: wikidata	=	Q117309
operator:wikidata,Q117706368,
operator:wikidata,Q122870674,
genus:wikidata,Q127849,
operator:wikidata,Q1321054,
name:etymology:wikidata,Q1394,
operator:wikidata,Q1430055,
operator:wikidata,Q1465461,
operator:wikidata,Q1501071,
network:wikidata,Q1503488,
network:wikidata,Q1553051,
species:wikidata,Q156907,
species:wikidata,Q156944,
operator:wikidata,Q157645,operador:wikidata	=	Q157645
species:wikidata,Q161374,
species:wikidata,Q163760,
operator:wikidata,Q167840,
operator:wikidata,Q1706317,
operator:wikidata,Q193755,
operator:wikidata,Q209078,
operator:wikidata,Q21011154,
operator:wikidata,Q21605526,
operator:wikidata,Q2178795,
operator:wikidata,Q2397198,
operator:wikidata,Q2397965,
network:wikidata,Q2516485,
network:wikidata,Q259000,
operator:wikidata,Q267122,
species:wikidata,Q26745,
species:wikidata,Q26899,
network:wikidata,Q27926285,
operator:wikidata,Q28197109,
subject:wikidata,Q30,
operator:wikidata,Q3050566,
network:wikidata,Q314042,
operator:wikidata,Q3143709,
operator:wikidata,Q3182097,
operator:wikidata,Q3278475,
network:wikidata,Q3307442,
operator:wikidata,Q3307442,
royal_cypher:wikidata,Q33102113,
operator:wikidata,Q341090,
network:wikidata,Q343136,
network:wikidata,Q3512080,
operator:wikidata,Q3550346,
network:wikidata,Q3553869,
operator:wikidata,Q3587594,
operator:wikidata,Q366922,
operator:wikidata,Q373724,
operator:wikidata,Q3764,
genus:wikidata,Q42292,
flag:wikidata,Q42537,
name:etymology:wikidata,Q42976,
network:wikidata,Q448199,
network:wikidata,Q4859793,
network:wikidata,Q5001345,
operator:wikidata,Q5760006,
heritage:operator:wikidata,Q59161646,
network:wikidata,Q614819,xarxa: wikidata	=	Q614819
operator:wikidata,Q614819,
operator:wikidata,Q624798,
operator:wikidata,Q638098,
operator:wikidata,Q668687,
operator:wikidata,Q6817918,
operator:wikidata,Q682520,
operator:wikidata,Q7058492,
operator:wikidata,Q725793,
network:wikidata,Q7392689,
network:wikidata,Q7833625,
operator:wikidata,Q7834923,
operator:wikidata,Q787714,
operator:wikidata,Q7988183,
name:etymology:wikidata,Q8027,
network:wikidata,Q8066998,
operator:wikidata,Q856783,
network:wikidata,Q91231927,
network:wikidata,Q928178,
canal,qanat,canal	=	qanat
man_made,qanat,fet per l'home	=	qanat
name:en,Qanat,
source:name,Qatar Ministry of Municipality and Environment (http://geoportal.gisqatar.org.qa),
wires,quad,filferros	=
rental,quadracycle,lloguer	=
roof:shape,quadruple_saltbox,sostre: forma	=	quadruple_saltbox
office,quango,oficina	=	organisme estatal semiautònom
abandoned:landuse,quarry,abandonat: ús de la terra	=	pedrera
disused:landuse,quarry,en desús: ús de la terra	=	pedrera
historic,quarry,històric	=	pedrera
industrial,quarry,industrial	=	pedrera
landuse,quarry,ús del sòl	=	pedrera
place,quarter,lloc	=	quart
man_made,quay,artificial	=	moll
is_in,"Québec,Canada",
genus,Quercus,gènere	=	quercus
species,Quercus ilex,
species,Quercus robur,
species,Quercus rubra,
species,Quercus_suber,espècies	=	Quercus_suber
species,Quercus␣alba,espècies	=	Quercus␣alba
species,Quercus␣bicolor,espècies	=	Quercus␣bicolor
species,Quercus␣cerris,espècies	=	Quercus␣cerris
species,Quercus␣ilex,espècies	=	Quercus␣ilex
species,Quercus␣macrocarpa,espècies	=	Quercus␣macrocarpa
species,Quercus␣palustris,espècies	=	Quercus␣palustris
species,Quercus␣robur,espècies	=	Quercus␣robur
species,Quercus␣rubra,espècies	=	Quercus␣rubra
hazard,queues_likely,perill	=	cues probables
hazard,quicksand,perill	=	sorra movedissa
building,quonset_hut,edifici	=	cabanya quonset
species,Qur,espècies	=	Alcorà
construction,raceway,construcció	=	pista de rodament
highway,raceway,carretera	=	pista de rodament
seamark:beacon_special_purpose:category,racing,seamark:beaamb propòsit especial:categoria	=	carreres
seamark:buoy_special_purpose:category,racing,seamark:boia propòsit especial:categoria	=	carreres
bicycle_parking,rack,Pàrquing de bicicletes	=	prestatge
seamark:radar_transponder:category,racon,seamark:transponedor de radar:categoria	=	racó
sport,racquet,esport	=	raqueta
tower:type,radar,torre:tipus	=	Radar
seamark:type,radar_line,marca de mar: tipus	=	línia de radar
seamark:type,radar_range,marca de mar: tipus	=	rang de radar
seamark:type,radar_reflector,marca de mar: tipus	=	reflector de radar
landmark,radar_scanner,punt de referència	=	escàner de radar
seamark:landmark:category,radar_scanner,marca:punt de referència:categoria	=	escàner de radar
seamark:type,radar_station,marca de mar: tipus	=	estació de radar
seamark:type,radar_transponder,marca de mar: tipus	=	transponedor de radar
landuse,radio,ús del sòl	=	ràdio
railway,radio,ferrocarril	=	ràdio
studio,radio,estudi	=	ràdio
telescope:type,radio,telescopi: tipus	=	ràdio
seamark:type,radio_station,marca de mar: tipus	=	estació de ràdio
healthcare:speciality,radiology,sanitat:especialitat	=	radiologia
shop,radiotechnics,botiga	=	radiotècnia
healthcare:speciality,radiotherapy,sanitat:especialitat	=
abandoned:railway,rail,abandonat: ferrocarril	=	carril
construction,rail,construcció	=	carril
construction:railway,rail,construcció:ferrocarril	=	carril
disused:railway,rail,en desús: ferrocarril	=	carril
electrified,rail,electrificat	=	carril
proposed,rail,
proposed:railway,rail,
railway,rail,ferrocarril	=	carril
razed:railway,rail,arrasat: ferrocarril	=	carril
railway,rail_brake,ferrocarril	=	fre_de_carril
fence_type,railing,=	barana
road_marking,railroad_crossing,=
building,railway,edifici	=	ferrocarril
historic,railway,històric	=	ferrocarril
landuse,railway,ús del sòl	=	ferrocarril
logistics,railway,logística	=	ferrocarril
museum,railway,museu	=	ferrocarril
route,railway,ruta	=	ferrocarril
historic,railway_car,històric	=	vagó de ferrocarril
railway,railway_crossing,ferrocarril	=	encreuament ferroviari
substance,rainwater,substància	=	aigua de pluja
kerb,raised,frenar	=	va augmentar
hunting,raised_hide,caça	=	cuir aixecat
addr:division,Rajshahi,
pump_mechanism,ram,mecanisme de bomba	=	RAM
damage:organization,ramani_huria,danys: organització	=	ramani_huria
radar_transponder,ramark,transponedor de radar	=	marca
seamark:radar_transponder:category,ramark,seamark:transponedor de radar:categoria	=	marca
cuisine,ramen,cuina	=	ramen
historic,rampart,històric	=	muralla
military,range,militar	=	abast
police,range,policia	=	abast
amenity,ranger_station,amenitat/servei	=	estació de guardaboscos
crop,rape,cultiu	=	violació
water,rapids,aigua	=	ràpids
waterway,rapids,camí aquàtic	=	ràpids
vending,raw_milk,venda	=	llet crua
highway,razed,autopista	=	arrasat
power,razed,poder	=	arrasat
railway,razed,ferrocarril	=	arrasat
sport,rc_car,esport	=	cotxe RC
roof:material,rcc,sostre: material	=	rcc
heritage:operator,rce,patrimoni:operador	=	rce
network:type,rcn,tipus de xarxa	=	rcn
tiger:name_type_2,Rd,tigre:nom_tipus_2	=	Carrer
office,real_estate_agent,oficina	=	agent de béns arrels
departures_board,realtime,sortides a bord	=	temps real
office,realtor,oficina	=	corredor de béns arrels
seamark:light:category,rear,seamark:llum:categoria	=	del darrere
camp_site,reception,càmping	=	recepció
office,reception,oficina	=	recepció
amenity,reception_desk,amenitat/servei	=	recepció
generator:type,reciprocating_engine,generador: tipus	=	motor alternatiu
mechanical_driver,reciprocating_solenoid,conductor mecànic	=	solenoide alternatiu
seamark:notice:function,recommendation,seamark:avís:funció	=	recomanació
4wd_only,recommended,
seamark:type,recommended_route_centreline,marca de mar: tipus	=	línia central de la ruta recomanada
seamark:type,recommended_track,marca de mar: tipus	=	pista_recomanada
seamark:type,recommended_traffic_lane,marca de mar: tipus	=	carril de trànsit recomanat
protected_area,recreation,àrea protegida	=	recreació
leisure,recreation_centre,temps lliure	=	centre de recreació
landuse,recreation_ground,ús del sòl	=	recreo_terra
leisure,recreation_ground,lleure	=	recreo_terra
seamark:buoy_special_purpose:category,recreation_zone,seamark:boia propòsit especial:categoria	=	zona d'esbarjo
shop,recreational_vehicle,botiga	=	vehicle recreacional
seamark:topmark:shape,rectangle,marca de mar:marca de topall:forma	=	rectangle
shape,rectangular,
church:type,rectoral,església:tipus	=	rectoral
amenity,recycling,amenitat/servei	=	reciclatge
industrial,recycling,industrial	=	reciclatge
amenity,recycling/Quality_Assurance,amenitat/servei	=	reciclatge/Garantia de qualitat
bonnet:colour,red,
building:colour,red,edifici:color	=	vermell
colour,red,color	=	vermell
ref:colour,red,
seamark:beacon_lateral:colour,red,marca:balisa lateral:color	=	vermell
seamark:beacon_special_purpose:colour,red,seamark:beaamb propòsit especial:color	=	vermell
seamark:buoy_lateral:colour,red,seamark:boia_lateral:color	=	vermell
seamark:buoy_special_purpose:colour,red,seamark:boia propòsit especial:color	=	vermell
seamark:light:colour,red,marca:llum:color	=	vermell
seamark:topmark:colour,red,marca de mar:marca de topall:color	=	vermell
surface:colour,red,
species:en,Red Maple,
leisure,Red_Light_District,temps lliure	=	Barri vermell
seamark:topmark:colour,red;green,marca de mar:marca de topall:color	=	vermell verd
seamark:beacon_lateral:colour,red;green;red,marca:balisa lateral:color	=	vermell;verd;vermell
seamark:buoy_lateral:colour,red;green;red,marca:boia lateral:color	=	vermell;verd;vermell
seamark:beacon_lateral:colour,red;green;red;green,marca:balisa lateral:color	=	vermell;verd;vermell;verd
seamark:buoy_lateral:colour,red;green;red;green,marca:boia lateral:color	=	vermell;verd;vermell;verd
seamark:beacon_safe_water:colour,red;white,seamark:balisa aigua segura:color	=	vermell blanc
seamark:buoy_safe_water:colour,red;white,marca:boia aigua segura:color	=	vermell blanc
seamark:beacon_lateral:colour,red;white;red;white,marca:balisa lateral:color	=	vermell;blanc;vermell;blanc
seamark:buoy_lateral:colour,red;white;red;white,marca:boia lateral:color	=	vermell;blanc;vermell;blanc
building:material,reed,material de construcció	=	Jonc
wetland,reedbed,aiguamoll	=	canyar
natural,reef,natural	=	escull
sub_sea,reef,submarí	=	escull
industrial,refinery,industrial	=	refineria
water,reflecting_pool,aigua	=	piscina reflectant
seamark:buoy_lateral:reflectivity,reflector,marca:boia lateral:reflectivitat	=	reflector
denomination,reformed,denominació	=	reformat
amenity,refugee_housing,amenitat/servei	=	habitatge per a refugiats
amenity,refugee_site,amenitat/servei	=	lloc_de_refugiats
map_size,region,Grandària de mapa	=	regió
place,region,lloc	=	regió
owner,Région wallonne,
aerodrome:type,regional,aeròdrom: tipus	=	regional
cuisine,regional,cuina	=	regional
flag:type,regional,bandera: tipus	=	regional
importance,regional,importància	=	regional
passenger,regional,passatger	=	regional
priority,regional,prioritat	=	regional
service,regional,Servei	=	regional
traffic,regional,trànsit	=	regional
boundary,regional_park,Perímetre	=	parc regional
office,register,oficina	=	registre
amenity,register_office,amenitat/servei	=	oficina de Registre
government,register_office,govern	=	oficina de Registre
railway:bidirectional,regular,ferrocarril:bidireccional	=	regular
seamark:notice:function,regulation,seamark:avís:funció	=	regulació
healthcare,rehabilitation,cura de la salut	=	rehabilitació
amenity,rehearsal_studio,amenitat/servei	=	estudi d'assaig
building:material,reinforced_concrete,material de construcció	=	concret reforçat
material,reinforced_concrete,material	=	concret reforçat
building:structure,reinforced_masonry,Estructura de construcció	=	maçoneria_reforçada
man_made,reinforced_slope,artificial	=	pendent_reforçada
amenity,relay_box,amenitat/servei	=	caixa de relés
artwork_type,relief,tipus d'obra d'art	=	alleujament
ngbe:grupo,Relieve,ngbe:grup	=	Rellevar
office,religion,oficina	=	religió
shop,religion,botiga	=	religió
building,religious,edifici	=	religiós
flag:type,religious,bandera: tipus	=	religiós
landuse,religious,ús del sòl	=	religiós
operator:type,religious,
boundary,religious_administration,Perímetre	=	administració_religiosa
building,remote_digital_terminal,edifici	=	terminal digital remot
telecom,remote_digital_terminal,telecomunicacions	=	terminal digital remot
telecom,remote_terminal,telecomunicacions	=	terminal remota
bollard,removable,noray	=	retirable
source:addr,Rennes Métropole,
boat,rental,pot	=	lloguer
office,rental,oficina	=	lloguer
shop,rental,botiga	=	lloguer
service,repair,Servei	=	reparar
shop,repair,botiga	=	reparar
nysgissam:review,repeat address,
nysgissam:review,repeat␣address,nysgissam: revisió	=	repetir␣direcció
liaison,representative_office,enllaç	=	Oficina representativa
zoo,reptile,zoo	=	rèptil
headlight,required,far	=	requerit
reservation,required,
amenity,rescue_box,amenitat/servei	=	caixa de rescat
emergency,rescue_box,emergència	=	caixa de rescat
amenity,rescue_station,amenitat/servei	=	estació de rescat
seamark:type,rescue_station,marca de mar: tipus	=	estació de rescat
landuse,research,ús del sòl	=	investigar
office,research,oficina	=	investigar
amenity,research_institute,amenitat/servei	=	Institut de Recerca
landuse,reservoir,ús del sòl	=	reservori
man_made,reservoir,artificial	=	reservori
water,reservoir,aigua	=	reservori
man_made,reservoir_covered,artificial	=	embassament_cobert
landuse,reservoir_watershed,ús del sòl	=	embassament_conca
bak:fac_type2,RESIDENCE,bak: fac_type2	=	RESIDÈNCIA
consulate,residence,consolat	=	residència
embassy,residence,ambaixada	=	residència
building,residences,edifici	=	residències
abutters,residential,confina amb	=	Residencial
area:highway,residential,zona:carretera	=	Residencial
bak:fac_type1,RESIDENTIAL,bak: fac_type1	=	RESIDENCIAL
building,residential,Un edifici residencial és una estructura dissenyada específicament per allotjar persones i famílies | edifici	=	Residencial
building:part,residential,edifici:part	=	Residencial
building:use,residential,edifici:ús	=	Residencial
construction,residential,construcció	=	Residencial
garden:type,residential,jardí: tipus	=	Residencial
highway,residential,"Una carretera residencial és un carrer o carretera situat dins d'una zona residencial, dissenyat per al trànsit local | carretera	=	Residencial"
house,residential,
landuse,residential,"L'ús residencial del sòl designa zones destinades principalment a l'habitatge, vida i desenvolupament residencial | ús del sòl	=	Residencial"
proposed,residential,proposat	=	Residencial
type,residential,tipus	=	Residencial
highway,residential_link,autopista	=	enllaç residencial
building:use,residential;industrial,edifici:ús	=	residencial; industrial
building,Residential␣building,edifici	=	Edifici␣residencial
access,residents,accés	=	residents
leisure,resort,lleure	=	complex
tourism,resort,turisme	=	complex
service,resource␣extraction,Servei	=	extracció de recursos
highway,rest_area,carretera	=	zona de descans
service,rest_area,Servei	=	zona de descans
amenity,restaurant,Un restaurant és un establiment empresarial on les persones paguen per menjar àpats preparats i begudes en un ambient de menjador | amenitat/servei	=	restaurant
disused:amenity,restaurant,
room,restaurant,habitació	=	restaurant
craft,restoration,artesania	=	restauracio
access,restricted,accés	=	restringit
operational_status_quality,restricted,estat_operatiu_qualitat	=	restringit
seamark:type,restricted_area,marca de mar:tipus	=	àrea restringida
designation,restricted_byway,designació	=	camí restringit
seamark:restricted_area:restriction,restricted_fairway_depth,seamark:àrea restringida:restricció	=	profunditat de carrer restringit
seamark:restricted_area:restriction,restricted_speed,seamark:àrea restringida:restricció	=	velocitat restringida
seamark:notice:function,restriction,seamark:avís:funció	=	restricció
type,restriction,tipus	=	restricció
abutters,retail,confina amb	=	venda minorista
building,retail,Un edifici comercial és una estructura comercial utilitzada per vendre béns i serveis als clients | edifici	=	venda minorista
building:part,retail,
landuse,retail,ús del sòl	=	venda minorista
barrier,retaining_wall,barrera	=	mur de contenció
basin,retention,conca	=	retenció
amenity,retirement_home,amenitat/servei	=	casa de retir
bridge:movable,retractable,pont: mòbil	=	retràctil
seamark:type,retro_reflector,marca de mar: tipus	=	reflector retro
oneway,reversible,d'una sola mà	=	reversible
source:lake,Review by So9q using LM Topographic Map,
healthcare:speciality,rheumatology,sanitat:especialitat	=
seamark:topmark:shape,rhombus,marca de mar:marca de topall:forma	=	rombe
species,RHUS␣TYPHINA,espècies	=	RHUS␣TYPHINA
crop,rice,cultiu	=	arròs
produce,rice,
product,rice,producte	=	arròs
shop,rice,botiga	=	arròs
industrial,rice_mill,industrial	=	molí d'arròs
natural,ridge,natural	=	cresta
building,riding_hall,edifici	=	sala_d'equitació
craft,rigger,artesania	=	aparellador
bus_bay,right,
cycleway,right,carril bici	=	dret
footway,right,senda	=	dret
railway:signal:position,right,ferrocarril:senyal:posició	=	Correcte
railway:turnout_side,right,ferrocarril:turnout_side	=	Correcte
road_marking,right,=
shoulder,right,espatlla	=	Correcte
side,right,costat	=	Correcte
sidewalk,right,vorera	=	Correcte
turn,right,
turn:lanes,right,gir:carrils	=	Correcte
placement,right_of:1,col·locació	=	dret_de:1
placement,right_of:2,col·locació	=	dreta_de:2
road_marking,right;through,=
busbar,rigid,barra col·lectora	=	rígid
animal_hitch,ring,enganxi d'animals	=	anell
mooring,ring,amarrador	=	anell
megalith_type,ring_cairn,tipus de megàlit	=	fita d'anells
fortification_type,ring_ditch,tipus de fortificació	=	rasa circular
fortification_type,ringfort,tipus de fortificació	=	fortificació
site_type,ringfort,tipus de lloc	=	fortificació
bollard,rising,noray	=	creixent
water,river,aigua	=	riu
water_source,river,font d'aigua	=	riu
waterway,river,camí aquàtic	=	riu
LINZ:layer,river_cl,LINZ: capa	=	riu_cl
natural,river_terrace,natural	=	terrassa del riu
natural,riverbank,natural	=	riba del riu
waterway,riverbank,camí aquàtic	=	riba del riu
natural,riverbed,natural	=	llera
waterway,riverbed,camí aquàtic	=	llera
network:short,RMV,
maxspeed,RO:rural,màxima velocitat	=	RO:rural
maxspeed,RO:trunk,màxima velocitat	=	RO: tronc
maxspeed,RO:urban,màxima velocitat	=	RO:urbà
maxspeed:type,RO:urban,
construction,road,construcció	=	la carretera
highway,road,carretera	=	la carretera
historic,road,històric	=	la carretera
road_marking,road,=
route,road,ruta	=	la carretera
hazard,road_narrows,perill	=	Carretera estreta
hazard,roadworks,perill	=	obres de carretera
genus,Robinia,gènere	=	robinia
species,Robinia pseudoacacia,
species,ROBINIA␣PSEUDACACIA,espècies	=	ROBÍNIA␣PSEUDACÀCIA
species,Robinia␣pseudoacacia,espècies	=	Robinia␣pseudoacàcia
species,"Robinia␣pseudoacacia␣""Bessoniana""","espècies	=	Robinia␣pseudoacàcia␣""Bessoniana"""
aerospace:product,robot,aeroespacial: producte	=	robot
company,robot,empresa	=	robot
shop,robot,botiga	=	robot
species,robur,espècies	=	Robar
footway:surface,rock,vorera:superfície	=
material,rock,material	=	roca
natural,rock,natural	=	roca
seamark:type,rock,marca de mar: tipus	=	roca
sidewalk:both:surface,rock,vorera:tots dos:superfície	=
surface,rock,superfície	=	roca
natural,rock_overhang,natural	=	voladís de roca
landmark,rock_pinnacle,punt de referència	=	pinacle de roca
shelter_type,rock_shelter,refugi_tipus	=	refugi_rocós
tomb,rock-cut,tomba	=	tall de roca
aerospace:product,rocket,aeroespacial: producte	=	coet
natural,rocks,natural	=	roques
surface,rocks,superfície	=	roques
surface,rocky,superfície	=	rocós
kerb,rolled,
attraction,roller_coaster,atracció	=	muntanya russa
sport,roller_hockey,esport	=	hoquei sobre patins
sport,roller_skating,esport	=	patinatge sobre rodes
denomination,roman_catholic,
archaeological_site,roman_circus,lloc arqueològic	=	circ romà
site_type,roman_circus,tipus de lloc	=	circ romà
surface,roman_paving,superfície	=	paviment romà
historic,roman_road,històric	=	camí_romà
archaeological_site,roman_villa,lloc arqueològic	=	vila romana
site_type,roman_villa,tipus de lloc	=	vila romana
fountain,roman_wolf,font	=	llop romà
is_in:country,România,
building,roof,edifici	=	sostre
building:part,roof,edifici:part	=	sostre
generator:place,roof,generador:lloc	=	sostre
location,roof,ubicació	=	sostre
building:material,roof_tiles,material de construcció	=	teules
roof:material,roof_tiles,sostre: material	=	teules
craft,roofer,artesania	=	teulador
location,rooftop,localització	=	sostre
parking,rooftop,estacionament	=	sostre
indoor,room,interior	=	habitació
barrier,rope,barrera	=	corda
pump_mechanism,rope,mecanisme de bomba	=	corda
aerialway,rope_tow,via aèria	=	remolc de corda
aerialway,ropetow,via aèria	=	remolc de corda
harbour:category,RoRo,port:categoria	=	transbordament rodat
port,roro,Port	=	va rorar
source:addr,rosreestr.ru,
genus:de,Rosskastanie,gènere:de	=	Rosskastanie
species:de,Rosskastanie,espècies:de	=	Rosskastanie
pump_mechanism,rotary_vane,mecanisme de bomba	=	paleta rotativa
radio_transponder:category,rotating_pattern,transponedor de ràdio:categoria	=	patró giratori
golf,rough,golf	=	brut
roof:shape,round,sostre:forma	=	rodó
tumulus,round_tomb,túmul	=	tomba_rodona
hazard,roundabout,perill	=	rotonda
junction,roundabout,unió	=	rotonda
playground,roundabout,parc infantil	=	rotonda
building,roundhouse,edifici	=	rotonda
railway,roundhouse,ferrocarril	=	rotonda
climbing,route,escalada	=	ruta
type,route,tipus	=	ruta
climbing,route_bottom,
information,route_marker,informació	=	ruta_marcador
type,route_master,tipus	=	ruta_mestra
building,row_houses,edifici	=	cases en filera
boat:type,rowing,vaixell:tipus	=
sport,rowing,esport	=	rem
species,Roystonea␣regia,espècies	=	Roystonea␣regia
source:maxaxleload,Rozporządzenie Ministra Infrastruktury i Budownictwa z dnia 21 kwietnia 2017 r,
species,Rp,espècies	=	Rp
maxspeed,RS:urban,
source:ref,rsd_cr,font: referència	=	rsd_cr
maxspeed,RU:living_street,màxima velocitat	=	RU: carrer_habitatge
maxspeed,RU:motorway,màxima velocitat	=	RU: autopista
brand:wikipedia,ru:Ozon.ru,
maxspeed,RU:rural,màxima velocitat	=	RU:rural
maxspeed,RU:urban,màxima velocitat	=	RU:urbà
source:maxspeed,RU:urban,font:maxspeed	=	RU:urbà
official_status,ru:деревня,estat_oficial	=	ru:вёска
official_status,ru:посёлок,
brand:wikipedia,ru:Пятёрочка,
official_status,ru:село,estat_oficial	=	ru: сел
surface,rubber,superfície	=	cautxú
trees,rubber_trees,arbres	=	Arbres de goma
waste,rubble,desaprofitar	=	runes
sport,rugby,esport	=	rugbi
sport,rugby_league,esport	=	Lliga de Rugby
sport,rugby_union,esport	=	sindicat de rugbi
building,ruin,edifici	=	ruïna
building,ruins,edifici	=	restes
historic,ruins,històric	=	restes
traffic_calming,rumble_strip,calmar el trànsit	=	rumble_strip
generator:method,run-of-the-river,generador: mètode	=	corrent del riu
plant:method,run-of-the-river,planta:mètode	=	corrent del riu
historic,rune_stone,històric	=	pedra rúnica
athletics,running,atletisme	=	corrent
route,running,ruta	=	corrent
sport,running,esport	=	córrer
aeroway,runway,via aèria	=	pista
holding_position,runway,posició d'espera	=	pista
holding_position:type,runway,posició d'espera: tipus	=	pista
residential,rural,Residencial	=	rural
cuisine,russian,cuina	=	rus
denomination,russian_orthodox,
amenity,rv_storage,amenitat/servei	=	emmagatzematge de vehicles recreatius
navigationaid,rwc,
navigationaid,rwe,
crop,rye,cultiu	=	sègol
direction,S,direcció	=	S
highway:class:pl,S,
naptan:Bearing,S,
ngbe:tipotexto,S,ngbe:tipotext	=	S
radar_transponder:band,S,transponedor de radar: banda	=	S
tiger:mtfcc,S1400,tigre:mtfcc	=	S1400
natural,saddle,natural	=	selló
craft,saddler,artesania	=	talabarter
zoo,safari_park,zoo	=	parc Safari
boundary,safety_region,Perímetre	=	regió de seguretat
sport,safety_training,esport	=	entrenament de seguretat
boat:type,sailing,vaixell:tipus	=
club,sailing,club	=	navegació
sport,sailing,esport	=	navegació
leisure,sailing_club,temps lliure	=	Club Nàutic
amenity,sailing_school,amenitat/servei	=	escola de vela
craft,sailmaker,artesania	=	veler
note:post_town,Saint Louis,
note:post_town,Saint␣Louis,nota:post_town	=	San␣Louis
old_railway_operator,SAL,antic operador ferroviari	=	SAL
genus,Salix,gènere	=	Salix
species,Salix␣alba,espècies	=	Salix␣alba
species,SALIX␣BABYLONICA,espècies	=	SALIX␣BABILÒNICA
barrier,sally_port,barrera	=	sally_port
shop,salon,botiga	=	saló
content,salt,contingut	=	sal
industrial,salt_pond,industrial	=	estany de sal
landuse,salt_pond,ús del sòl	=	estany_sal
water,salt_pool,aigua	=	sal_piscina
roof:shape,saltbox,sostre:forma	=	caixa de sal
wetland,saltern,aiguamoll	=	salina
maintenance,salting,manteniment	=	salaó
wetland,saltmarsh,aiguamoll	=	salina
opening_hours:covid19,same,horari_d'obertura:covid19	=	mateix
healthcare,sample_collection,cura de la salut	=	col·lecció de mostra
amenity,sanatorium,amenitat/servei	=	sanatori
cycleway:surface,sand,ciclovia:superfície	=	sorra
landcover,sand,coberta terrestre	=	sorra
material,sand,material	=	sorra
natural,sand,natural	=	sorra
resource,sand,recurs	=	sorra
surface,sand,superfície	=	sorra
seamark:type,sand_waves,marca de mar: tipus	=	onades de sorra
playground,sandpit,parc infantil	=	mina de sorra
building:material,sandstone,material de construcció	=	gres
material,sandstone,material	=	gres
seamark:type,sandwaves,marca de mar: tipus	=	onades de sorra
cuisine,sandwich,cuina	=	emparedat
cuisine,sandwich;bakery,cuina	=	sandvitx; fleca
wholesale,sanitary,majorista	=	sanitaris
amenity,sanitary_dump_station,amenitat/servei	=	estació_de_descàrrega_sanitària
waterway,sanitary_dump_station,camí aquàtic	=	abocador sanitari
is_in:city,Santa Rosa de Cabal,
is_in,"Santa Rosa de Cabal, Risaralda, Colombia",
tomb,sarcophagus,tomba	=	sarcòfag
nhd:fdate,Sat Apr 05 00:00:00 PDT 2008,
nhd:fdate,Sat Dec 15 00:00:00 PST 2007,
source:geometry,Satellite photogrammetry,
man_made,satellite_dish,artificial	=	antena parabòlica
amenity,sauna,amenitat/servei	=	sauna
leisure,sauna,lleure	=	sauna
craft,sawmill,artesania	=	serradora
industrial,sawmill,industrial	=	serradora
mooring,sbm,amarrador	=	sbm
craft,scaffolder,artesania	=	bastida
source:tracer,scanaerial,font: rastrejador	=	scanaerial
LINZ:layer,scattered_scrub_poly,LINZ: capa	=	dispersos_scrub_poly
operator:short,SCE,
amenity,sceptic_tank,amenitat/servei	=	tanc escèptic
aminety,sceptic_tank,amina	=	tanc escèptic
source:highway,schema_br2013,font:carretera	=	esquema_br2013
map_type,scheme,tipus de mapa	=	esquema
genus,Schinus,gènere	=	Esquinus
species,Schinus␣molle,espècies	=	Schinus␣molle
protection_title,Schongebiet,títol de protecció	=	Schöngebiet
amenity,school,Una escola és una institució educativa on estudiants de diverses edats aprenen assignatures acadèmiques i pràctiques | amenitat/servei	=	escola
animal,school,animal	=	escola
building,school,Un edifici escolar és una instal·lació educativa on els estudiants aprenen i estudien diverses matèries | edifici	=	escola
bus,school,autobús	=	escola
education,school,educació	=	escola
landuse,school,ús del sòl	=	escola
military,school,militar	=	escola
man_made,school_sentry,fet per l'home	=	sentinella de l'escola
hazard,school_zone,perill	=	zona escolar
leisure,schoolyard,temps lliure	=	pati
religion,scientologist,religió	=	cienciòleg
fortification_type,sconce,tipus de fortificació	=	canelobre de paret
motorcycle:type,scooter,motocicleta: tipus	=	scooter
shop,scooter,botiga	=	scooter
amenity,scooter_rental,amenitat/servei	=	lloguer de scooters
denomination,scottish_episcopal_church,denominació	=	església episcopal escocesa
club,scout,club	=	explorar
industrial,scrap_yard,industrial	=	Dipòsit de ferralla
natural,scree,natural	=	pedra
advertising,screen,publicitat	=	pantalla
inlet,screen,entrada	=	pantalla
outlet,screen,presa de corrent	=	pantalla
pump_mechanism,screw,mecanisme de bomba	=	cargol
landcover,scrub,coberta terrestre	=	mala herba
landuse,scrub,ús del sòl	=	mala herba
natural,scrub,natural	=	mala herba
LINZ:layer,scrub_poly,LINZ: capa	=	Scrub_poly
club,scuba_diving,club	=	submarinisme
shop,scuba_diving,botiga	=	submarinisme
sport,scuba_diving,esport	=	submarinisme
craft,sculptor,artesania	=	escultor
advertising,sculpture,publicitat	=	escultura
artwork_type,sculpture,tipus_d'obra	=	escultura
memorial,sculpture,monument	=	escultura
school:type_idn,sd,escola: type_idn	=	Dakota del Sud
direction,SE,direcció	=	SE
naptan:Bearing,SE,
place,sea,lloc	=	mar
seamark:type,sea_area,marca de mar: tipus	=	zona del mar
seamark:type,seabed_area,marca de mar: tipus	=	àrea del llit marí
cuisine,seafood,cuina	=	marisc
shop,seafood,botiga	=	marisc
wholesale,Seafood,majorista	=	Marisc
wholesale,seafood,majorista	=	marisc
seamark:type,seaplane_landing_area,marca de mar: tipus	=	zona d'aterratge d'hidroavions
harbour:category,seaport,port:categoria	=	port marítim
water_source,seasonal,font d'aigua	=	estacional
amenity,seat,amenitat/servei	=	seient
wall,seawall,paret	=	escullera
waterway,seaway,camí aquàtic	=	via marítima
shop,second_hand,botiga	=	segona mà
area:highway,secondary,zona:carretera	=	secundari
construction,secondary,construcció	=	secundari
entrance,secondary,entrada	=	secundari
ferry,secondary,transportar	=	secundari
highway,secondary,"Una carretera secundària connecta pobles més petits, vil·les i destinacions regionals, donant suport al transport local | carretera	=	secundari"
construction,secondary_link,construcció	=	enllaç secundari
highway,secondary_link,carretera	=	enllaç_secundari
cutline,section,línia de tall	=	secció
cemetery,sector,cementiri	=	sector
office,security,oficina	=	seguretat
shop,security,botiga	=	seguretat
amenity,security_booth,amenitat/servei	=	cabina de seguretat
building,security_booth,edifici	=	cabina de seguretat
waterway,security_lock,camí aquàtic	=	Cadenat de seguretat
CLC:explanation,See http://wiki.openstreetmap.org/wiki/Romania_CLC_Import.,
CLC:explanation,See␣http://wiki.openstreetmap.org/wiki/Romania_CLC_Import.,CLC:explicació	=	Consulteu␣http://wiki.openstreetmap.org/wiki/Romania_CLC_Import.
playground,seesaw,parc infantil	=	balancí
cycleway,segregated,carril bici	=	aïllat
religion,Self-Realization_Fellowship,religió	=	Beca d'autorealització
building,semi,edifici	=	semi
leaf_cycle,semi_deciduous,cicle_full	=	semi_deciduo
leaf_cycle,semi_evergreen,cicle_full	=	semi_sempreverde
house,semi-detached,casa	=	Semi separat
age,semi-mature,anys	=	semi-madur
building:material,semi-permanent,material de construcció	=	semi-permanent
building,semidetached_house,edifici	=	casa_adossada
social_facility:for,senior,social_facility:per	=	sènior
source:position,Sentinel-2,
cycleway,separate,carril bici	=	separat
cycleway:both,separate,
cycleway:left,separate,ciclovia:esquerra	=	separat
cycleway:right,separate,carril bici: dreta	=	separat
junction,separate,unió	=	separat
parking:both,separate,
parking:lane:both,separate,estacionament:carril:tots dos	=	separat
ramp,separate,rampa	=	separat
ramp:wheelchair,separate,
road_marking,separate,=
sidewalk,separate,vorera	=	separat
sidewalk:both,separate,vorera: tots dos	=	separat
sidewalk:left,separate,vorera: esquerra	=	separat
sidewalk:right,separate,vorera: dreta	=	separat
seamark:type,separation_boundary,marca de mar: tipus	=	límit de separació
seamark:type,separation_crossing,marca de mar: tipus	=	encreuament de separació
seamark:type,separation_lane,marca de mar: tipus	=	carril de separació
seamark:type,separation_line,marca de mar: tipus	=	línia de separació
seamark:type,separation_roundabout,marca de mar: tipus	=	rotonda de separació
seamark:type,separation_zone,marca de mar: tipus	=	zona de separació
amenity,septic_tank,amenitat/servei	=	tanc sèptic
man_made,septic_tank,fet per l'home	=	tanc sèptic
compensator,series_capacitor,compensador	=	condensador en sèrie
compensator,series_reactor,compensador	=	reactor en sèrie
curves,serpentine,corbes	=	serpentina
drink:viez,served,beguda: vez	=	servit
area:highway,service,zona:carretera	=	Servei
building,service,edifici	=	Servei
construction,service,construcció	=	Servei
entrance,service,entrada	=	Servei
highway,service,"Un camí de servei proporciona accés a edificis, instal·lacions i propietats, sovint per a lliurament o manteniment | carretera	=	servir"
telecom,service_device,telecomunicacions	=	dispositiu de servei
railway,service_station,ferrocarril	=	estació de servei
camp_site,serviced,càmping	=	atès
highway,services,carretera	=	serveis
source:name,services.land.vic.gov.au,
emergency,ses_station,emergència	=	estacio ses
surface,sett,superfície	=	assentar
archaeological_site,settlement,lloc arqueològic	=	assentament
site_type,settlement,tipus_lloc	=	assentament
basin,settling,conca	=	assentament
seveso,seuil_bas,sever	=	seuil bas
seveso,seuil_haut,sever	=	seuil alt
official_name:en,Seven-Eleven,nom_oficial:ca	=	Set onze
content,sewage,contingut	=	aigües residuals
man_made,sewage,fet per l'home	=	aigües residuals
reservoir_type,sewage,tipus_dipòsit	=	aigües residuals
substance,sewage,substància	=	aigües residuals
manhole,sewer,forat dhome	=	clavegueram
utility,sewerage,utilitat	=	clavegueram
craft,sewing,artesania	=	de cosir
shop,sewing,botiga	=	merceria
vending,sex_toys,venda	=	joguines sexuals
water,shallow,aigua	=	poc profund
cycleway,share_busway,carril bici	=	compartir_busway
cycleway:left,share_busway,ciclovia:esquerra	=	compartir via d'autobús
cycleway:right,share_busway,carril bici: dreta	=	compartir via d'autobús
route,share_taxi,ruta	=	compartir_taxi
cycleway,shared,carril bici	=	compartit
cycleway,shared_busway,carril bici	=	via d'autobús compartida
cycleway,shared_lane,carril bici	=	carril_compartit
cycleway:both,shared_lane,carril bici:tots dos	=	carril compartit
cycleway:left,shared_lane,ciclovia:esquerra	=	carril compartit
cycleway:right,shared_lane,carril bici: dreta	=	carril_compartit
cycleway,shared_line,carril bici	=	línia compartida
waste,sharps,desaprofitar	=	objectes punxants
road_marking,sharrow,=
bicycle_parking,shed,Pàrquing de bicicletes	=	cobert
building,shed,edifici	=	cobert
construction,shed,construcció	=	cobert
roof:shape,shed,sostre: forma	=	cobert
parking,sheds,estacionament	=	coberts
artwork_subject,sheela-na-gig,tema de l'obra d'art	=	sheela-na-concert
amenity,shelter,amenitat/servei	=	refugi
building,shelter,edifici	=	abric
emergency:social_facility,shelter,emergència:instal·lació social	=	abric
social_facility,shelter,instal·lacions_socials	=	abric
building,shepherd_shelter,edifici	=	refugi de pastors
historic,shieling,històric	=	blindatge
place,shieling,lloc	=	blindatge
natural,shingle,natural	=	còdols
denomination,shingon_shu,denominació	=	Shingon shu
religion,shinto,religió	=	sintoisme
seamark:landmark:function,shinto_shrine,marca:punt de referència:funció	=	Santuari sintoista
building,ship,edifici	=	Embarcació
historic,ship,històric	=	Embarcació
shop,ship_chandler,botiga	=	proveïdor de vaixells
delivery,shipment,entrega	=	enviament
harbour:category,shipyard,port:categoria	=	drassana
industrial,shipyard,industrial	=	drassana
castle_type,shiro,tipus castell	=	Shiro
natural,shoal,natural	=	banc
seamark:sea_area:category,shoal,marca:àrea del mar:categoria	=	banc
shop,shoe_repair,botiga	=	reparació de sabates
craft,shoemaker,artesania	=	sabater
shop,shoes,botiga	=	Sabates
sport,shooting,esport	=	tiroteig
leisure,shooting_ground,temps lliure	=	camp de tir
hazard,shooting_range,perill	=	rang de tret
sport,shooting_range,esport	=	rang de tret
sport,shooting/Archived_proposal,esport	=	rodatge/proposta arxivada
amenity,shop,amenitat/servei	=	botiga
building,shop,edifici	=	botiga
entrance,shop,entrada	=	botiga
room,shop,habitació	=	botiga
shop,shopping_centre,botiga	=	centre comercial
seamark:mooring:category,shore_rope,marca:amarre:categoria	=	corda de riba
seamark:type,shoreline_construction,marca de mar:tipus	=	costa_construccion
crop,short_rotation_forestry,cultiu	=	silvicultura de cicle curt
athletics,shot_put,atletisme	=	llançament de pes
sport,shot-put,esport	=	llançament de pes
cycleway,shoulder,carril bici	=	espatlla
cycleway:both,shoulder,
cycleway:right,shoulder,
amenity,shower,amenitat/servei	=	dutxa
emergency,shower,emergència	=	dutxa
seamark:small_craft_facility:category,showers,seamark:instal·lació per a embarcacions petites:categoria	=	dutxes
recreation_ground,showground,terreny d'esbarjo	=	recinte firal
created_by,shp2osm,
created_by,shpupload,
aquaculture,shrimp,aqüicultura	=	gambeta
building,shrine,edifici	=	santuari
landcover,shrub,coberta terrestre	=	arbust
natural,shrub,natural	=	arbust
natural,shrubbery,natural	=	arbustos
landcover,shrubland,coberta terrestre	=	matoll
landcover,shrubs,coberta terrestre	=	arbustos
landuse,shrubs,ús del sòl	=	arbustos
sport,shuffleboard,esport	=	joc de teix
compensator,shunt_capacitor,compensador	=	condensador de derivació
compensator,shunt_reactor,compensador	=	reactor de derivació
emergency,siamese,emergència	=	siamès
roof:shape,side_hipped,sostre:forma	=	de costat
hazard,side_winds,perill	=	vents laterals
cycleway,sidepath,carril bici	=	camí lateral
sidewalk,sidepath,vorera	=
cycleway,sidewalk,carril bici	=	vorera
fire_hydrant:position,sidewalk,hidrant_d'incendi:posició	=	vorera
footway,sidewalk,senda	=	vorera
path,sidewalk,camí	=	vorera
service,siding,Servei	=	via morta
manufacturer,Siemens,
advertising,sign,publicitat	=	signe
information,sign,informació	=	signe
maxspeed:type,sign,velocitat màxima: tipus	=	senyal
railway:signal:electricity:form,sign,
railway:signal:minor:form,sign,
railway:signal:speed_limit:form,sign,ferrocarril:senyal:speed_limit:formulari	=	senyal
railway:signal:speed_limit_distant:form,sign,
railway:signal:stop:form,sign,
source:maxspeed,sign,
source:maxspeed:backward,sign,font:maxspeed:cap enrere	=	senyal
source:maxspeed:forward,sign,font:maxspeed:avanç	=	senyal
railway,signal,ferrocarril	=	senyal
traffic_signals,signal,Senyals de trànsit	=	senyal
railway,signal_box,ferrocarril	=	caixa de senyal
seamark:type,signal_station_traffic,marca de mar:tipus	=	senyal_estació_tràfic
seamark:type,signal_station_warning,marca de mar:tipus	=	senyal_estació_advertència
maxspeed,signals,màxima velocitat	=	senyals
craft,signmaker,artesania	=	fabricant de la mostra
religion,sikh,religió	=	sikh
content,silage,contingut	=	ensilatge
building:material,silicate␣brick,material de construcció	=	silicat␣maó
building,silo,edifici	=	sitja
man_made,silo,artificial	=	sitja
colour,silver,
vending,SIM_cards,venda	=	targetes SIM
vending,SIM-cards,venda	=	targetes SIM
guidepost,simple,pal indicador	=	simple
bridge,simple_brunnel,pont	=	Brunel simple
bridge:structure,simple-suspension,pont:estructura	=	suspensió simple
denotation,single,
lift_gate:type,single,
swing_gate:type,single,
wires,single,filferros	=	únic
generator:solar:tracking,single_axis,
residential,single_family,Residencial	=	unifamiliar
building:category_of_the_house,single_house,edifici:categoria_de_la_casa	=	casa sola
lbcs:function:name,Single␣family␣residence␣(detached),lbcs:funció:nom	=	Residència␣unifamiliar␣(independent)
natural,sinkhole,natural	=	embornal
emergency,siren,emergència	=	sirena
seamark:fog_signal:category,siren,seamark: senyal de boira: categoria	=	sirena
tower:type,siren,torre:tipus	=	sirena
fitness_station,sit-up,estació de fitness	=	abdominals
key,site,clau	=	lloc
map_size,site,Grandària de mapa	=	lloc
railway,site,ferrocarril	=	lloc
type,site,tipus	=	lloc
protection_title,Site_of_Special_Scientific_Interest,títol de protecció	=	Lloc d'Especial Interès Científic
wires,sixfold,filferros	=
source:maxspeed,SK:urban,
shop,skate,botiga	=	patinar
sport,skateboard,esport	=	skate
sport,skating,esport	=	Patinatge
rental,ski,lloguer	=
route,ski,ruta	=	esquí
shop,ski,botiga	=	esquí
man_made,ski_jump,fet per l'home	=	salt amb esquís
piste:type,ski_jump,pista: tipus	=	salt amb esquís
piste:type,ski_jump_landing,pista:tipus	=	aterratge de salt d´esquí
sport,ski_jumping,esport	=	salt amb ski
leisure,ski_playground,temps lliure	=	parc d'esquí
amenity,ski_rental,amenitat/servei	=	lloguer d'esquí
amenity,ski_school,amenitat/servei	=	escola d'Esqui
sport,skiing,esport	=	esquiar
roof:shape,skillion,sostre:forma	=	habilitat
beauty,skin_care,bellesa	=	cura de la pell
piste:type,skitour,pista:tipus	=	esquí
highway,skyway,autopista	=	ruta aèria
roof:material,slate,sostre: material	=	pissarra
industrial,slaughterhouse,industrial	=	escorxador
playground,sledding,parc infantil	=	trineu
playground,slide,parc infantil	=	diapositiva
turn:lanes,slide_left,gir:carrils	=	lliscar cap a l'esquerra
turn:lanes,slide_right,gir:carrils	=	llisca cap a la dreta
door,sliding,porta	=	corredís
barrier,sliding_beam,barrera	=	fes lliscant
barrier,sliding_gate,barrera	=	porta corredissa
hazard,slippery,perill	=	relliscós
emergency,slipway,emergència	=	grada
leisure,slipway,lleure	=	grada
seamark:small_craft_facility:category,slipway,seamark:instal·lació per a embarcacions petites:categoria	=	grada
service,slipway,Servei	=	grada
natural,slope,natural	=	Pendent
roof:shape,sloped,sostre: forma	=	inclinat
waterway,sluice_gate,camí aquàtic	=	comporta
content,slurry,contingut	=	fems líquid
man_made,slurry_basin,fet per l'home	=	conca de llots
building,slurry_tank,edifici	=	tanc_de_purina
seamark:type,small_craft_facility,marca de mar:tipus	=	instal·lacions_de_petites_artesanias
generator:output:electricity,small_installation,generador:sortida:electricitat	=	petita_instal·lació
building,smithy,edifici	=	ferreria
amenity,smoking_area,amenitat/servei	=	Àrea de fumadors
shop,snack,botiga	=	berenar
sport,snooker,esport	=	snooker
surface,snow,superfície	=	neu
avalanche_protection,snow_bridge,protecció contra allaus	=	pont de neu
man_made,snow_cannon,artificial	=	canó_de_neu
man_made,snow_fence,artificial	=	tanca per a neus
man_made,snow_net,fet per l'home	=	xarxa de neu
amenity,snow_removal_station,amenitat/servei	=	estació de remoció de neu
route,snowmobile,ruta	=	motoneu
shop,snowmobile,botiga	=	motoneu
waterway,soakhole,camí aquàtic	=	embornal
sport,soccer,esport	=	futbol
leisure,soccer_golf,temps lliure	=	golf de futbol
sport,soccer;basketball,"esport	=	futbol, bàsquet"
club,social,club	=	social
amenity,social_centre,amenitat/servei	=	centre_social
amenity,social_club,amenitat/servei	=	Club Social
leisure,social_club,temps lliure	=	Club Social
amenity,social_facility,amenitat/servei	=	instal·lacions_socials
outlet,sock,presa de corrent	=	mitjó
lamp_type,sodium,tipus_lampada	=	sodi
light:method,sodium,llum:mètode	=	sodi
lamp_type,sodium_vapor,tipus_lampada	=	vapor_de_sodi
baseball,softball,beisbol	=	sofbol
sport,softball,esport	=	sofbol
company,software_development,empresa	=	desenvolupament de programari
material,soil,material	=	terra
surface,soil,superfície	=	terra
species,Soj,espècies	=	Soj
generator:source,solar,generador:font	=	solar
plant:source,solar,planta:font	=	solar
lamp_type,solar_lamp,tipus_lampada	=	llum_solar
generator:type,solar_photovoltaic_panel,generador: tipus	=	panell_fotovoltaic_solar
plant:type,solar_photovoltaic_panel,planta: tipus	=	panell solar fotovoltaic
generator:type,solar_thermal_collector,generador: tipus	=
shop,solarium,botiga	=	solàrium
structure,solid,estructura	=	sòlid
road_marking,solid_crossing_edge,=
road_marking,solid_lane_divider,=
road_marking,solid_line,=
road_marking,solid_parking_space_divider,=
road_marking,solid_road_edge,=
road_marking,solid_stop_line,= | senyalització vial	=	solid_stop_line
road_marking,solid_stop_line;stop,=
lamp_type,SON,tipus_lampada	=	FILL
genus,Sophora,gènere	=	Sòfora
species,Sophora␣japonica,espècies	=	Sophora␣japonica
genus,Sorbus,gènere	=	glop
species,Sorbus␣aria,espècies	=	Sorbus␣ària
species,Sorbus␣aucuparia,espècies	=	Sorbus␣aucupària
species,Sorbus␣domestica,espècies	=	Sorbus␣domèstica
species,Sorbus␣intermedia,espècies	=	Sorbus␣intermèdia
denomination,soto,denominació	=	Soto
seamark:type,sounding,marca de mar: tipus	=	sondeig
cuisine,soup,cuina	=	sopa
social_facility,soup_kitchen,instal·lació social	=	menjador de beneficència
addr:street:prefix,South,
name:prefix,South,
seamark:buoy_cardinal:category,south,marca:boia cardenal:categoria	=	sud
old_railway_operator,Southern,antic operador ferroviari	=	Del Sud
shop,souvenir,botiga	=	record
lamp_type,SOX,tipus_lampada	=	mitges
crop,soy,cultiu	=	soja
old_railway_operator,SP,antic operador ferroviari	=	SP
old_railway_operator,SP&S,antic operador ferroviari	=	SP&S
amenity,spa,amenitat/servei	=	spa
beauty,spa,bellesa	=	spa
tourism,spa_resort,turisme	=	complex de spa
aerospace:product,spacecraft_propulsion,aeroespacial: producte	=	propulsió de naus espacials
logistics,spaceflight,logística	=	vol espacial
aeroway,spaceport,via aèria	=	port espacial
cuisine,spanish,cuina	=	Espanyol
seamark:buoy_cardinal:shape,spar,marca de mar: boia cardinal: forma	=	espat
seamark:buoy_isolated_danger:shape,spar,marca:boia aïllat perill:forma	=	espat
seamark:buoy_lateral:shape,spar,marca:boia_lateral:forma	=	espat
seamark:buoy_safe_water:shape,spar,marca:boia aigua segura:forma	=	espat
seamark:buoy_special_purpose:shape,spar,seamark:boia propòsit especial:forma	=	espat
shop,spare_parts,botiga	=	peces de recanvi
wood:density,sparse,fusta:densitat	=	escàs
source:geometry,Spatial Services GMBH,
boundary,special_economic_zone,Perímetre	=	zona economica especial
school,special_education_needs,escola	=	necessitats educatives especials
healthcare,speech_therapist,cura de la salut	=	logopeda
highway,speed_camera,carretera	=	Càmera ràpida
highway,speed_display,autopista	=	pantalla_velocitat
seamark:notice:category,speed_limit,marca:avís:categoria	=	Límit de velocitat
traffic_sign,speedometer_test,senyal de trànsit	=	prova de velocímetre
sport,speedway,esport	=	pista de carreres
seamark:topmark:shape,sphere,marca de mar:marca de topall:forma	=	esfera
seamark:buoy_cardinal:shape,spherical,marca de mar: boia cardinal: forma	=	esfèric
seamark:buoy_isolated_danger:shape,spherical,marca:boia aïllat perill:forma	=	esfèric
seamark:buoy_lateral:shape,spherical,marca:boia lateral:forma	=	esfèric
seamark:buoy_safe_water:shape,spherical,marca:boia aigua segura:forma	=	esfèric
seamark:buoy_special_purpose:shape,spherical,seamark:boia propòsit especial:forma	=	esfèric
shop,spices,botiga	=	espècies
barrier,spikes,barrera	=	Pics
usage,spillway,ús	=	sobreeixidor
waterway,spillway,camí aquàtic	=	sobreeixidor
landmark,spire,punt de referència	=	agulla
seamark:landmark:category,spire,marca:punt de referència:categoria	=	agulla
religion,spiritualist,religió	=	espiritista
species:de,Spitz-Ahorn,
species:de,Spitzahorn,espècies:de	=	Spitzacuerno
playground,splash_pad,parc infantil	=	splash_pad
line_management,split,maneig de línia	=	separar
fence_type,split_rail,=	split_rail
mooring,spm,amarrador	=	spm
man_made,spoil_heap,artificial	=	spoil_heap
valve,spool,vàlvula	=	rodet
building,sport,edifici	=	esport
club,sport,club	=	esport
training,sport,capacitació	=	esport
amenity,sport_school,amenitat/servei	=	escola d'esports
motorcycle:type,sportbike,motocicleta: tipus	=	Bicicleta esportiva
clothes,sports,roba	=	Esports
shop,sports,botiga	=	Esports
building,sports_centre,edifici	=	centre esportiu
leisure,sports_centre,lleure	=	centre esportiu
building,sports_hall,edifici	=	pavelló d'esports
leisure,sports_hall,lleure	=	pavelló d'esports
natural,spring,natural	=	primavera
seamark:type,spring,marca de mar: tipus	=	primavera
man_made,spring_box,fet per l'home	=	caixa de ressort
seasonal,spring;summer;autumn,estacional	=	primavera estiu Tardor
playground,springy,parc infantil	=	elàstic
emergency,sprinkler,emergència	=	aspersor
emergency,sprinkler_connection,emergència	=	connexió de ruixadors
athletics,sprint,atletisme	=	piqui
genus:en,Spruce,gènere: ca	=	Avet
junction,spui,unió	=	spui
service,spur,Servei	=	estimular
railway,spur_junction,ferrocarril	=	spur_junction
paving_stones:shape,square,
place,square,lloc	=	quadrat
seamark:topmark:shape,square,marca de mar:marca de topall:forma	=	quadrat
format,squared_stone,
sport,squash,esport	=	carbassa
toilets:position,squat,
ref,SS676,àrbitre	=	SS676
direction,SSE,direcció	=	SSE
direction,SSW,
source:addr,St. Louis County GIS Service Center (https://data.stlouisco.com/pages/open-data 2019-08),
building,stable,edifici	=	estable
building:use,stable,edifici: ús	=	estable
amenity,stables,amenitat/servei	=	estables
source:addr,Staðfangaskrá,
building,stadium,edifici	=	estadi
leisure,stadium,lleure	=	estadi
lamp_operator,Stadtwerke Düsseldorf,
lamp_operator,Stadtwerke␣Düsseldorf,operador_de_lampares	=	Stadtwerke␣Düsseldorf
parking_space,staff,plaça d'aparcament	=	personal
addr:county,Stafford County,
amenity,stage,amenitat/servei	=	etapa
entrance,staircase,entrada	=	escala
room,stairs,habitació	=	escales
shop,stairs,botiga	=	escales
seamark:beacon_isolated_danger:shape,stake,seamark:balisa_aïllada_perill:forma	=	apostar
seamark:beacon_lateral:shape,stake,seamark:balisa_lateral:forma	=	apostar
vending,stamps,venda	=	segells
craft,stand_builder,artesania	=	constructor de llocs
camp_site,standard,càmping	=
emergency,standpipe,emergència	=	tub vertical
bicycle_parking,stands,Pàrquing de bicicletes	=	suports
seamark:beacon_lateral:category,starboard,marca:balisa lateral:categoria	=	estribor
seamark:buoy_lateral:category,starboard,seamark:boya_lateral:categoria	=	estribor
official_name,Starbucks Coffee,
official_name,Starbucks␣Coffee,nom oficial	=	Starbucks␣Cafè
source:geometry,Starostwo Powiatowe Wieruszów,
source:addr,StatCan Open Data,
compensator,statcom,compensador	=	estatcom
ownership,state,propietat	=	estat
place,state,lloc	=	Expressar
operator:en,State Grid Corporation of China,
source:name,"State of Queensland (Department of Natural Resources, Mines and Energy) 2019",
castle_type,stately,tipus castell	=	majestuós
building,static_caravan,edifici	=	estàtica_caravana
landuse,static_caravan,ús del sòl	=	estàtica_caravana
compensator,static_var,compensador	=	variable estàtica
abandoned:railway,station,abandonat: ferrocarril	=	estació
aerialway,station,via aèria	=	estació
disused:railway,station,en desús: ferrocarril	=	estació
historic:railway,station,històric: ferrocarril	=	estació
power,station,poder	=	estació
public_transport,station,transport públic	=	estació
railway,station,ferrocarril	=	estació
roller_coaster,station,muntanya russa	=	oficina de Registre
railway,station/Proposal,ferrocarril	=	estació/Proposta
shop,stationery,botiga	=	papereria
wholesale,stationery,majorista	=	papereria
worship,stations_of_the_cross,Adoració	=	estacions de la Creu
government,statistics,govern	=	Estadístiques
source:maxspeed,Stats19,
artwork_type,statue,tipus_d'obra	=	estàtua
landmark,statue,punt de referència	=	estàtua
memorial,statue,monument	=	estàtua
memorial:type,statue,memorial: tipus	=	estàtua
seamark:landmark:category,statue,marca:punt de referència:categoria	=	estàtua
cuisine,steak_house,cuina	=	rostidor
generator:type,steam_generator,generador: tipus	=	generador de vapor
generator:type,steam_turbine,generador: tipus	=	turbina de vapor
plant:type,steam_turbine,planta: tipus	=	turbina de vapor
building:material,steel,material de construcció	=	acer
material,steel,material	=	acer
product,steel,producte	=	acer
wholesale,steel,majorista	=	acer
industrial,steelmaking,industrial	=	fabricació d'acer
athletics,steeplechase,atletisme	=	carrera d'obstacles
barrier,steeplechase_jump,barrera	=	salt de carrera d'obstacles
information,stele,informació	=	estela
man_made,stele,artificial	=	estela
memorial,stele,monument	=	estela
memorial:type,stele,memorial: tipus	=	estela
barrier,step,barrera	=	pas
stile,stepover,escala per passar una tanca	=	pas a pas
ford,stepping_stones,gual	=	esglaons
surface,stepping_stones,superfície	=	esglaons
area:highway,steps,zona:carretera	=	passos
construction,steps,construcció	=	passos
highway,steps,carretera	=	passos
species:de,Stiel-Eiche,
source:wheelchair,STIF 2019-01,
source:wheelchair,STIF␣2019-01,font: cadira de rodes	=	STIF␣2019-01
barrier,stile,barrera	=	escala per passar una tanca
building,stilt_house,edifici	=	casa sobre pilons
farmyard,stockyard,pati	=	corral de bestiar
memorial,stolperstein,monument	=	stolperstein
memorial:type,stolperstein,memorial: tipus	=	stolperstein
healthcare:speciality,stomatology,sanitat:especialitat	=
artwork_type,stone,tipus d'obra d'art	=	pedra
building:material,stone,material de construcció	=	pedra
historic,stone,històric	=	pedra
marker,stone,marcador	=	pedra
material,stone,material	=	pedra
memorial,stone,monument	=	pedra
natural,stone,natural	=	pedra
roof:material,stone,sostre: material	=	pedra
surface,stone,superfície	=	pedra
wall,stone,paret	=	pedra
fountain,stone_block,font	=	bloc de pedra
megalith_type,stone_circle,tipus de megàlit	=	cercle de pedra
megalith_type,stone_ship,tipus de megàlit	=	vaixell de pedra
wall,stone_wall,paret	=	Paret de pedra
craft,stonemason,artesania	=	paleta
amenity,stool,amenitat/servei	=	excrements
highway,stop,carretera	=	atureu-vos
railway,stop,ferrocarril	=	atureu-vos
road_marking,stop,=
traffic_sign,stop,senyal de trànsit	=	parada
type,stop,tipus	=	parada
public_transport,stop_area,transport públic	=	parada_àrea
site,stop_area,lloc	=	parada_àrea
public_transport,stop_area_group,transport públic	=	parada_area_grup
road_marking,stop_line,=
public_transport,stop_position,transport públic	=	parada_posició
aeroway,stopway,via aèria	=	parada
building,storage,edifici	=	emmagatzematge
police,storage,policia	=	emmagatzematge
room,storage,habitació	=	emmagatzematge
shop,storage_rental,botiga	=	lloguer_de_emmagatzematge
building,storage_tank,edifici	=	tanc d'emmagatzematge
man_made,storage_tank,artificial	=	tanc d'emmagatzematge
building,store,edifici	=	Botiga
birds_nest,stork,niu de Ocell	=	cigonya
memorial,storm_surge_post,monument	=	lloc de maror ciclònic
couplings:type,Storz,acoblaments: tipus	=	Storz
craft,stove_fitter,artesania	=	muntador d'estufes
NHS,STRAHNET,Servei Nacional de Salut	=	STRAHNET
line_management,straight,maneig de línia	=	directe
lamp_mount,straight_mast,muntatge_de_lampada	=	pal_recte
natural,strait,natural	=	estret
rental,strandkorb,lloguer	=
constituency,Strategic Routes,
constituency,Strategic␣Routes,districte electoral	=	Rutes Estratègiques
crop,strawberry,cultiu	=	maduixa
generator:method,stream,generador: mètode	=	corrent
water,stream,aigua	=	corrent
waterway,stream,camí aquàtic	=	corrent
waterway,stream_end,camí aquàtic	=	stream_end
water,stream_pool,aigua	=	stream_pool
waterway,stream/Archive,camí aquàtic	=	transmissió/arxiu
NHD:FTYPE,StreamRiver,
NHD:FType,StreamRiver,NHD: Tipus F	=	RierolRiu
gnis:ftype,StreamRiver,
nhd:ftype,StreamRiver,
addr:street:type,Street,
denotation,street,
highway,street,autopista	=	carrer
landuse,street,ús del sòl	=	carrer
map_type,street,tipus de mapa	=	carrer
parking_space,street,plaça d'aparcament	=	carrer
type,street,tipus	=	carrer
visibility,street,visibilitat	=	carrer
addr:street:en,Street 1,
addr:street:en,Street 2,
addr:street:en,Street 3,
man_made,street_cabinet,artificial	=	carrer_gabinet
telecom,street_cabinet,telecomunicacions	=	gabinet del carrer
support,street_furniture:transit_shelter,suport	=	street_furniture:transit_shelter
amenity,street_lamp,amenitat/servei	=	fanal
camera:mount,street_lamp,
highway,street_lamp,carretera	=	fanal
amenity,street_light,amenitat/servei	=	llum del carrer
utility,street_lighting,utilitat	=	enllumenat públic
parking,street_side,estacionament	=	costat del carrer
parking:both,street_side,estacionament:tots dos	=	costat del carrer
parking:left,street_side,estacionament: esquerra	=	costat del carrer
parking:right,street_side,estacionament: dret	=	costat del carrer
shop,street_vendor,botiga	=	venedor ambulant
wetland,string_bog,aiguamoll	=	cadena_bog
seamark:light:category,strip_light,seamark:llum:categoria	=	llum de tira
amenity,stripclub,amenitat/servei	=	club de striptease
seamark:light:category,striplight,seamark:llum:categoria	=	llum de tira
amenity,stroller_parking,amenitat/servei	=	cotxet d'estacionament
playground,structure,parc infantil	=	estructura
cuisine,strudel,cuina	=	strudel
amenity,student_accommodation,amenitat/servei	=	allotjament per a estudiants
access,students,accés	=	estudiants
private,students,privat	=	estudiants
amenity,studio,amenitat/servei	=	estudi
man_made,stupa,fet per l'home	=	estupa
building,sty,edifici	=	mussol
genus,Styphnolobium,gènere	=	Styphnolobium
power,sub_station,poder	=	sub_estació
description,SubCentre,
place,subcounty,lloc	=	subcomtat
man_made,submarine_cable,fet per l'home	=	cable submarí
seamark:type,submarine_transit_lane,marca de mar: tipus	=	carril de trànsit submarí
seamark:rock:water_level,submerged,seamark:rock:water_level	=	submergit
bridge:movable,submersible,pont: mòbil	=	submergible
liaison,subnational,enllaç	=	subnacional
seamark:light:category,subsidiary,seamark:llum:categoria	=	subsidiari
line,substation,línia	=	subestació
pipeline,substation,canonada	=	subestació
power,substation,energia	=	subestació
locality,subtownland,localitat	=	suburbi
place,suburb,lloc	=	suburbi
passenger,suburban,passatger	=	suburbà
traffic,suburban,trànsit	=	suburbà
construction,subway,construcció	=	subterrani
railway,subway,ferrocarril	=	subterrani
route,subway,ruta	=	subterrani
station,subway,estació	=	subterrani
railway,subway_entrance,ferrocarril	=	entrada_metro
emergency,suction_point,emergència	=	punt_de_succió
crop,sugar,cultiu	=	sucre
product,sugar,producte	=	sucre
species:en,Sugar Maple,
species:en,Sugar␣Maple,espècies:	=	Sucre␣Arce
crop,sugarcane,cultiu	=	Canya de sucre
seasonal,summer,estacional	=	estiu
leisure,summer_camp,temps lliure	=	campament d'estiu
building,summer_cottage,edifici	=	casa d'estiu
building,summer_house,edifici	=	Casa d'estiu
attraction,summer_toboggan,atracció	=	trineu_d'estiu
man_made,summit_cross,fet per l'home	=	creu del cim
sport,sumo,esport	=	summe
barrier,sump_buster,barrera	=	destructor d'embornal
nhd:fdate,Sun May 13 00:00:00 PDT 2007,
nhd:fdate,Sun Sep 23 00:00:00 PDT 2007,
craft,sun_protection,artesania	=	protecció solar
shelter_type,sun_shelter,refugi_tipus	=	sol_refugi
leisure,sunbathing,temps lliure	=	bronzejar-se
crop,sunflower,cultiu	=	girasol
denomination,sunni,
opening_hours,sunrise-sunset,horari d'obertura	=	la sortida del sol posta de sol
lit,"sunset-00:00,05:00-sunrise␣UTC","il·luminat	=	capvespre-00:00,05:00-amanir␣UTC"
light:lit,sunset-sunrise,Llum encesa	=	Capvespre Clarejar
lit,sunset-sunrise,il·luminat	=	Capvespre Clarejar
seamark:buoy_special_purpose:shape,super-buoy,seamark:boia propòsit especial:forma	=	superboia
building,supermarket,edifici	=	supermercat
shop,supermarket,botiga	=	supermercat
wholesale,supermarket,majorista	=	supermercat
type,superroute,tipus	=	superruta
office,supervised_injection_site,oficina	=	lloc d'injecció supervisat
seamark:pipeline_submarine:category,supply,
roller_coaster,support,muntanya russa	=	suport
shop,surf,botiga	=	navegar
amenity,surf_school,amenitat/servei	=	escola de surf
crossing:markings,surface,
location,surface,ubicació	=	superfície
parking,surface,estacionament	=	superfície
sport,surfing,esport	=	surf
pipeline,surge_tank,canonada	=	tanc de compensació
healthcare:speciality,surgery,sanitat:especialitat	=
healthcare:speciality,surgical_oncology,sanitat:especialitat	=
man_made,surveillance,artificial	=	vigilància
addr.source:housenumber,survey,addr.source:nombre de casa	=	enquesta
addr.source:street,survey,direcció.font:carrer	=	enquesta
source:addr,survey,
source:addr:housenumber,survey,
source:addr:street,survey,
source:damage,survey,font: mal	=	enquesta
source:maxspeed,survey,
source:name,survey,nom de la font	=	enquesta
man_made,survey_point,artificial	=	punt_enquesta
source:maxspeed,survey;image,font:maxspeed	=	enquesta;imatge
office,surveyor,oficina	=	topògraf
cuisine,sushi,cuina	=	Sushi
lamp_mount,suspended,muntatge_de_lampada	=	suspès
bridge:structure,suspension,pont:estructura	=	suspensió
line_attachment,suspension,línia_adjunt	=	suspensió
tower:type,suspension,torre:tipus	=	suspensió
network:wikipedia,sv:Västtrafik,
direction,SW,direcció	=	sud-oest
naptan:Bearing,SW,
water,swale,aigua	=	sopar
wetland,swamp,aiguamoll	=	pantà
LINZ:layer,swamp_poly,LINZ: capa	=	pantà_poly
NHD:FTYPE,SwampMarsh,NHD:FTYPE	=	PantàMarsh
craft,sweep,artesania	=	escombrar
vending,sweets,venda	=	dolços
waterway,swept_area,camí aquàtic	=	àrea escombrada
sport,swimming,esport	=	natació
leisure,swimming_area,temps lliure	=	zona de bany
amenity,swimming_pool,amenitat/servei	=	safareig
leisure,swimming_pool,lleure	=	piscina
shop,swimming_pool,botiga	=	safareig
amenity,swimming_school,amenitat/servei	=	escola de natació
clothes,swimwear,roba	=	vestits de bany
bridge:movable,swing,pont: mòbil	=	ritme
playground,swing,parc infantil	=	ritme
barrier,swing_gate,barrera	=	porta abatible
amenity,swingerclub,amenitat/servei	=	club swinger
pole,switch,
power,switch,energia	=	canviar
railway,switch,ferrocarril	=	canviar
power,switchgear,poder	=	Subestació de control
seamark:radio_station:category,syledis,seamark:emissora de ràdio:categoria	=	syledis
species,sylvatica,espècies	=	silvàtica
wiki:symbol,Symbol_SWV_Örtlicher_Weg.svg,
trailblazed,symbols,pioner	=	símbols
building,synagogue,edifici	=	sinagoga
compensator,synchronous_condenser,compensador	=	condensador síncron
genus,Syringa,gènere	=	Xeringa
species,Syringa␣reticulata,espècies	=	Xeringa␣reticulada
vending,syringes,venda	=	xeringues
shop,systembolaget,botiga	=	sistemabolaget
healthcare:speciality,systemic,sanitat:especialitat	=
cai_scale,T,escala cai	=	T
aerialway,t-bar,via aèria	=	barra a T
aerialway:drag_lift,t-bar,via aèria: elevador d'arrossegament	=	barra a T
amenity,table,amenitat/servei	=	taula
tomb,table,tomba	=	taula
traffic_calming,table,calmar el trànsit	=	taula
sport,table_soccer,esport	=	Futbolí
sport,table_tennis,esport	=	Tennis de taula
leisure,table_tennis_table,temps lliure	=	taula de tenis
beacon:type,TACAN,balisa: tipus	=	TAQUEN
information,tactile_map,informació	=	mapa tàctil
information,tactile_model,informació	=	model tàctil
sport,taekwondo,esport	=	taekwondo
man_made,tailings_pond,fet per l'home	=	estany de relaves
craft,tailor,artesania	=	Sastre
shop,tailor,botiga	=	Sastre
usage,tailrace,ús	=	carrera de cua
drink:viez,takeaway,beguda: vez	=	treure
building,tank,edifici	=	tanc
historic,tank,històric	=	tanc
man_made,tank,artificial	=	tanc
seamark:type,tank,marca de mar: tipus	=	tanc
barrier,tank_trap,barrera	=	tanc_trampa
harbour:category,tanker,port:categoria	=	petrolier
beauty,tanning,bellesa	=	broncejat
leisure,tanning_salon,temps lliure	=	Saló de bronzejat
religion,taoist,religió	=	taoista
cuisine,tapas,cuina	=	tapes
man_made,tar_kiln,artificial	=	tar_kiln
roof:material,tar_paper,sostre: material	=	paper de quitrà
surface,tarmac,superfície	=	pista
surface,tarmacadam,superfície	=	tarmacadam
advertising,tarp,publicitat	=	lona
surface,tartan,superfície	=	tartan
shop,tattoo,botiga	=	tatuatge
government,tax,govern	=	impost
office,tax,oficina	=	impost
office,tax_advisor,oficina	=	assessor fiscal
amenity,taxi,amenitat/servei	=	taxi
amenity,taxi_point,amenitat/servei	=	punt de taxi
aeroway,taxilane,via aèria	=	Carril de Taxi
aeroway,taxiway,via aèria	=	carrer de rodatge
light:aviation,taxiway_centre,
genus,Taxus,gènere	=	Taxus
species,Taxus␣baccata,espècies	=	Taxus␣baccata
damage:Chido:event,TC-2024-000225-COM,
navigationaid,tdz,
crop,tea,cultiu	=	te
shop,tea,botiga	=	te
cuisine,tea_house,cuina	=	casa de te
trees,tea_plants,arbres	=	plantes_de_te
cuisine,tea_shop,cuina	=	botiga de te
cuisine,teahouse,cuina	=	casa de te
sport,team_handball,esport	=	equipo_handbol
building,tech_cab,edifici	=	cabina de tecnologia
bunker_type,technical,tipus búnquer	=	tècnic
emergency_service,technical,servei d'emergència	=	tècnic
room,technical,habitació	=	tècnic
historic,technical_monument,històric	=	monument_tècnic
railway,technical_station,ferrocarril	=	estació_tècnica
museum,technology,museu	=	tecnologia
disc_golf,tee,disc de golf	=	tee
golf,tee,golf	=	tee
playground,teenshelter,parc infantil	=	refugi per a adolescents
landcover,tees,coberta terrestre	=	samarretes
manhole,telecom,forat dhome	=
street_cabinet,telecom,carrer_gabinet	=	telecomunicacions
type,telecom,tipus	=	telecomunicacions
utility,telecom,utilitat	=	telecomunicacions
utility,telecom;power,
office,telecommunication,oficina	=	telecomunicació
shop,telecommunication,botiga	=	telecomunicació
signal_station,telegraph,estació de senyals	=	telègraf
amenity,telephone,amenitat/servei	=	telèfon
seamark:cable_overhead:category,telephone,seamark:sobrecàrrega de cable:categoria	=	telèfon
man_made,telephone_box,artificial	=	cabina telefònica
man_made,telephone_exchange,fet per l'home	=	central telefònica
man_made,telephone_office,artificial	=	telèfon_oficina
vending,telephone_vouchers,venda	=	vals telefònics
man_made,telescope,artificial	=	telescopi
amenity,television,amenitat/servei	=	televisió
studio,television,estudi	=	televisió
utility,television,utilitat	=	televisió
man_made,tell,fet per l'home	=	comptar
seamark:landmark:function,tempel,marca:punt de referència:funció	=	temple
building,temple,edifici	=	temple
seamark:landmark:function,temple,marca:punt de referència:funció	=	temple
seamark:light:status,temporary,seamark:llum:estat	=	temporali
sport,tennis,esport	=	tennis
building,tent,edifici	=	carpa
trees,tequila_agave,arbres	=	tequila_agave
aeroway,terminal,via aèria	=	Terminal
information,terminal,informació	=	Terminal
internet_access,terminal,accés a Internet	=	Terminal
power,terminal,energia	=	Terminal
hgv:national_network,terminal_access,hgv:xarxa_nacional	=	accés_terminal
line_management,termination,maneig de línia	=	terminació
tower:type,termination,torre:tipus	=	terminació
natural,termite_mound,natural	=	monticle de tèrmits
building,terrace,edifici	=	terrassa
house,terrace,casa	=	terrassa
outdoor_seating,terrace,seients a l'aire lliure	=
residential,terrace,Residencial	=	terrassa
building,terrace_house,edifici	=	terrassa de la casa
house,terraced,casa	=	adossat
building,terraced_house,edifici	=	Casa adossada
border_type,territorial,tipus de vora	=	territorial
area:highway,tertiary,zona:carretera	=	terciari
construction,tertiary,construcció	=	terciari
ferry,tertiary,transportar	=	terciari
highway,tertiary,"Una carretera terciària serveix destinacions i comunitats locals, proporcionant accés a zones residencials i comercials | carretera	=	terciari"
construction,tertiary_link,construcció	=	enllaç terciari
highway,tertiary_link,carretera	=	enllaç_terciari
teryt:updated_by,teryt2osm combine.py v. 43,
teryt:updated_by,teryt2osm␣combine.py␣v.␣43,teryt:actualitzat_per	=	teryt2osm␣combine.py␣v.␣43
usage,test,ús	=	prova
playground,tetherball,parc infantil	=	tetherball
sport,tetherball,esport	=	tetherball
cuisine,tex-mex,cuina	=	de Texas i Mexico
books,textbook,llibres	=	llibre de text
species,Tg1,espècies	=	Tg1
species,Tgc,espècies	=	Tgc
cuisine,thai,cuina	=	tailandès
massage,thai,massatge	=	tailandès
roof:material,thatch,sostre: material	=	palla
amenity,theatre,amenitat/servei	=	teatre
tourism,theme_park,turisme	=	parc temàtic
office,therapist,oficina	=	terapeuta
denomination,theravada,
bath:type,thermal,bany:tipus	=	tèrmic
generator:method,thermal,generador: mètode	=	tèrmic
plant:method,thermal,planta:mètode	=	tèrmic
description,"these 'kanal' are oil palm drainage trenches/etc and does not fit into the tag waterway=canal; inaccessible by boats, hence the tag waterway=ditch is more appropriate",
megalith_type,tholos,tipus de megàlit	=	tholos
healthcare:speciality,thoracic_surgery,sanitat:especialitat	=
design,three-level,disseny	=	tres nivells
historic,threshing_floor,històric	=	trilla
man_made,threshing_floor,artificial	=	trilla
road_marking,through,=
turn:lanes,through,gir:carrils	=	mitjançant
turn:lanes:backward,through,girar:carrils:darrere	=	mitjançant
turn:lanes:forward,through,girar:carrils: endavant	=	mitjançant
road_marking,through;right,=
turn:lanes:forward,through;right,
turn:lanes,through|right,gir:carrils	=	a través|a la dreta
turn:lanes:backward,through|right,girar:carrils:darrere	=	a través|a la dreta
turn:lanes:forward,through|right,girar:carrils: endavant	=	a través|a la dreta
turn:lanes,through|through,gir:carrils	=	a través|a través
turn:lanes,through|through;right,gir:carrils	=	a través|a través;a la dreta
turn:lanes,through|through|right,gir:carrils	=	a través|a través|dreta
turn:lanes,through|through|slight_right,gir:carrils	=	a través|a través|slight_right
nhd:fdate,Thu Dec 27 00:00:00 PST 2007,
nhd:fdate,Thu Feb 28 00:00:00 PST 2008,
nhd:fdate,Thu Mar 28 00:00:00 PST 2002,
nhd:fdate,Thu May 27 00:00:00 PDT 2010,
nhd:fdate,Thu May 29 00:00:00 PDT 2008,
nhd:fdate,Thu Sep 27 00:00:00 PDT 2007,
genus,Thuja,gènere	=	teva
species,Thuja␣occidentalis,espècies	=	Thuja␣occidentalis
species,THUJA␣ORIENTALIS,espècies	=	THUIXA␣ORIENTALIS
object:city,Tiana,
denomination,tiantai,denominació	=	tiantai
shop,ticket,botiga	=	butlleta
amenity,ticket_booth,amenitat/servei	=	taquilla
amenity,ticket_validator,amenitat/servei	=	validador_de_tickets
shop,tickets,botiga	=	Entrades
dock,tidal,moll	=	de marea
generator:source,tidal,generador:font	=	de marea
natural,tidal,natural	=	de marea
water,tidal,aigua	=	de marea
waterway,tidal_channel,camí aquàtic	=	canal_de_marea
wetland,tidalflat,aiguamoll	=	plànol de marea
signal_station,tide_gauge,estació de senyals	=	mareògraf
signal_station,tide_scale,estació de senyals	=	escala de marees
tiger:source,tiger_import_dch_v0.6_20070808,tigre:font	=	tiger_import_dch_v0.6_20070808
tiger:source,tiger_import_dch_v0.6_20070809,
tiger:source,tiger_import_dch_v0.6_20070810,
tiger:source,tiger_import_dch_v0.6_20070812,
tiger:source,tiger_import_dch_v0.6_20070813,
tiger:source,tiger_import_dch_v0.6_20070828,
tiger:source,tiger_import_dch_v0.6_20070829,
tiger:source,tiger_import_dch_v0.6_20070830,
building:roof,tile,edifici: sostre	=	teula
roof:material,tile,sostre: material	=	teula
craft,tiler,artesania	=	solador
building:roof,tiles,edifici: sostre	=	lloses
roof:material,tiles,sostre: material	=	lloses
shop,tiles,botiga	=	lloses
genus,Tilia,gènere	=	tília
species,Tilia,espècies	=	tília
species,Tilia cordata,
species,Tilia platyphyllos,
species,Tilia tomentosa,
species,Tilia x europaea,
species,Tilia␣americana,espècies	=	Tilia␣americana
species,Tilia␣cordata,espècies	=	Tilia␣cordata
species,Tilia␣euchlora␣x,espècies	=	Tilia␣euchlora␣x
species,Tilia␣Europaea,espècies	=	Tilia␣Europaea
species,"Tilia␣europaea␣""Pallida""","espècies	=	Tilia␣europaea␣""Collada"""
species,Tilia␣platyphyllos,espècies	=	Tilia␣platyphyllos
species,Tilia␣sp,espècies	=	Tilia␣sp
species,Tilia␣sp.,espècies	=	Tilia␣sp.
species,Tilia␣tomentosa,espècies	=	Tília␣tomentosa
species,TILIA␣TOMENTOSA␣(SIN.␣T.␣ARGENTEA),espècies	=	TILIA␣TOMENTOSA␣(SENSE.␣T.␣ARGENTEA)
species,Tilia␣x␣euchlora,espècies	=	Tilia␣x␣euchlora
species,Tilia␣x␣europaea,espècies	=	Tilia␣x␣europaea
species,Tilia␣x␣europea,espècies	=	Tilia␣x␣europea
species,Tilp,espècies	=	inclinació
bridge:movable,tilt,pont: mòbil	=	inclinació
produce,timber,produir	=	fusta
trade,timber,comerç	=	fusta
building:material,timber_framing,material de construcció	=	estructura_de_fusta
cafe,time_cafe,cafeteria	=	cafè del temps
seamark:radio_station:category,time_signal,seamark:emissora de ràdio:categoria	=	senyal de temps
cafe,time-cafe,cafeteria	=	temps-cafe
departures_board,timetable,sortides a bord	=	calendari
boundary,timezone,Perímetre	=	zona horària
building:material,tin,material de construcció	=	estany
building:roof,tin,edifici: sostre	=	estany
roof:material,tin,sostre: material	=	estany
craft,tinsmith,artesania	=	llauner
wall,tire_barrier,paret	=	barrera de pneumàtics
source:hgv:national_network,Title 23: Highways Part 658 http://ecfr.gpoaccess.gov/cgi/t/text/text-idx?c=ecfr&rgn=div5&view=text&node=23:1.0.1.7.33&idno=23,
type,TMC,tipus	=	TMC
type,tmc:point,tipus	=	tmc:punt
shop,tobacco,botiga	=	tabac
sport,toboggan,esport	=	tobogan
amenity,toilet,amenitat/servei	=	vàter
room,toilet,habitació	=	vàter
amenity,toilets,amenitat/servei	=	banys
building,toilets,edifici	=	banys
room,toilets,habitació	=	banys
seamark:small_craft_facility:category,toilets,seamark:instal·lació per a embarcacions petites:categoria	=	banys
vending,toll,venda	=	peatge
barrier,toll_booth,barrera	=	cabina de peatge
highway,toll_booth,autopista	=	cabina de peatge
highway,toll_gantry,autopista	=	peatge_gantry
building,tomb,edifici	=	tomba
historic,tomb,històric	=	tomba
man_made,tomb,fet per l'home	=	tomba
man_made,tombstone,fet per l'home	=	làpida sepulcral
species,tomentosa,espècies	=	tomentosa
shop,tool_hire,botiga	=	lloguer d'eines
craft,toolmaker,artesania	=	fabricant d'eines
shop,tools,botiga	=	eines
wholesale,tools,majorista	=	eines
seamark:type,topmark,marca de mar: tipus	=	marca de topall
map_type,topo,tipus de mapa	=	talp
ngbe:tema,Toponimia,ngbe:tema	=	toponímia
seamark:radio_station:category,toran,seamark:emissora de ràdio:categoria	=	toren
fountain,toret,font	=	toret
ceremonial_gate,torii,
man_made,torii,artificial	=	Torii
advertising,totem,publicitat	=	tòtem
crossing_ref,toucan,cruce_ref	=	tucà
sport,touch_football,esport	=	tocar futbol
club,tourism,club	=	turisme
harbour:category,tourism,port:categoria	=	turisme
usage,tourism,ús	=	turisme
tourism,tourism-attraction,turisme	=	atracció turística
office,tourist_accommodation,oficina	=	allotjament turistic
amenity,tourist_bus_parking,amenitat/servei	=	aparcament d'autobusos turístics
highway,tourist_bus_stop,autopista	=	parada d'autobús turístic
aeroway,tower,via aèria	=	torre
building,tower,edifici	=	torre
historic,tower,històric	=	torre
landmark,tower,punt de referència	=	torre
lifeguard,tower,Salvavides	=	torre
man_made,tower,artificial	=	torre
power,tower,energia	=	torre
seamark:beacon_cardinal:shape,tower,seamark:balisa cardenal:forma	=	torre
seamark:beacon_isolated_danger:shape,tower,seamark:far perill aïllat:forma	=	torre
seamark:beacon_lateral:shape,tower,marca:balisa lateral:forma	=	torre
seamark:beacon_safe_water:shape,tower,seamark:balisa aigua segura:forma	=	torre
seamark:beacon_special_purpose:shape,tower,seamark:beaamb propòsit especial:forma	=	torre
seamark:landmark:category,tower,marca:punt de referència:categoria	=	torre
crane:type,tower_crane,grua:tipus	=	grua torre
power,tower/Gallery,poder	=	torre/Galeria
border_type,town,border_type	=	poble
building:place,town,
place,town,lloc	=	poble
place:CN,town,lloc:CN	=	poble
surveillance:zone,town,vigilància: zona	=	poble
amenity,townhall,amenitat/servei	=	Ajuntament
building,townhall,edifici	=	Ajuntament
building,townhouse,edifici	=	casa adossada
locality,townland,localitat	=	ciutat
shop,toy,botiga	=	joguina
amenity,toy_library,amenitat/servei	=	ludoteca
shop,toys,botiga	=	joguines
vending,toys,venda	=	joguines
genus,Trachycarpus,gènere	=	traquicarp
species,Trachycarpus␣fortunei,espècies	=	Trachycarpus␣fortunei
abandoned:highway,track,abandonat: carretera	=	pista
construction,track,construcció	=	pista
cycleway,track,carril bici	=	pista
cycleway:both,track,
cycleway:left,track,ciclovia:esquerra	=	pista
cycleway:right,track,carril bici: dreta	=	pista
detail,track,detall	=	pista
disused:highway,track,
highway,track,"Una pista és una carretera o camí, sovint sense pavimentar, utilitzat per a l'accés vehicular o de vianants en zones rurals o fora de carretera | carretera	=	pista"
leisure,track,lleure	=	pista
roller_coaster,track,muntanya russa	=	pista
LINZ:layer,track_cl,LINZ: capa	=	pista_cl
railway,track_scale,ferrocarril	=	escala de pista
converted_by,Track2osm,convertit_per	=	seguiment2osm
route,tracks,ruta	=	pistes
substation,traction,subestació	=	tracció
transformer,traction,transformador	=	tracció
shop,tractor,botiga	=	tractor
shop,trade,botiga	=	comerç
amenity,trade_school,amenitat/servei	=	escola de comerç
building:material,traditional,material de construcció	=	tradicional
building:roof,traditional,edifici: sostre	=	tradicional
healthcare:speciality,traditional_chinese_medicine,especialitat:de_salut	=	medicina_tradicional_xinesa
signal_station,traffic,estació de senyals	=	trànsit
surveillance,traffic,
surveillance:zone,traffic,vigilància: zona	=	trànsit
highway,traffic_calming,autopista	=	calmar el trànsit
area:highway,traffic_island,zona:carretera	=	Illa de trànsit
barrier,traffic_island,barrera	=	Illa de trànsit
footway,traffic_island,senda	=	Illa de trànsit
landuse,traffic_island,ús del sòl	=	Illa de trànsit
traffic_signals,traffic_lights,Senyals de trànsit	=	semàfors
highway,traffic_mirror,carretera	=	trànsit_mirall
amenity,traffic_park,amenitat/servei	=	parc de trànsit
road_marking,traffic_sign,=
crossing,traffic_signals,encreuament	=	Senyals de trànsit
hazard,traffic_signals,perill	=	Senyals de trànsit
highway,traffic_signals,carretera	=	Senyals de trànsit
level_crossing,traffic_signals,pas a nivell	=	Senyals de trànsit
type,traffic_signals_set,tipus	=	conjunt de senyals de trànsit
highway,trail,autopista	=	sender
surface,trail,superfície	=	sender
information,trail_blaze,informació	=	rastre de foc
tourism,trail_riding_rest,turisme	=	descans per muntar a cavall
tourism,trail_riding_station,turisme	=	trail_riding_station
rental,trailer,lloguer	=
shop,trailer,botiga	=	remolc
amenity,trailer_park,amenitat/servei	=	parc de remolcs
residential,trailer_park,Residencial	=	parc de remolcs
highway,trailhead,autopista	=	començament del sender
attraction,train,atracció	=	tren
route,train,ruta	=	tren
building,train_station,edifici	=	estació de tren
railway,train_station_entrance,ferrocarril	=	entrada_estació_de_tren
amenity,training,amenitat/servei	=	capacitació
military,training_area,militar	=	àrea d'entrenament
police,training_area,policia	=	àrea d'entrenament
seamark:shoreline_construction:category,training_wall,seamark:litoral construcció:categoria	=	mur d'entrenament
wall,training_wall,paret	=	mur d'entrenament
construction,tram,construcció	=	tramvia
embedded_rails,tram,
railway,tram,ferrocarril	=	tramvia
route,tram,ruta	=	tramvia
railway,tram_crossing,ferrocarril	=	tram_crossing
railway,tram_level_crossing,ferrocarril	=	tram_level_crossing
traffic_signals,tram_priority,Senyals de trànsit	=	prioritat de tramvia
railway,tram_stop,ferrocarril	=	parada de tramvia
playground,trampoline,parc infantil	=	trampolí
sport,trampoline,esport	=	trampolí
leisure,trampoline_park,temps lliure	=	parc de trampolins
power,transformer,energia	=	transformador
building,transformer_tower,edifici	=	transformador_torre
route,transhumance,ruta	=	transhumància
type,transit,tipus	=	trànsit
line_management,transition,maneig de línia	=	transició
placement,transition,col·locació	=	transició
pole,transition,pol	=	transició
substation,transition,subestació	=	transició
tower:type,transition,torre:tipus	=	transició
meadow,transitional,prat	=	transicional
office,translator,oficina	=	traductor
seamark:cable_overhead:category,transmission,seamark:sobrecàrrega de cable:categoria	=	transmissió
substation,transmission,subestació	=	transmissió
usage,transmission,ús	=	transmissió
healthcare:speciality,transplant,sanitat:especialitat	=
company,transport,empresa	=	transport
museum,transport,museu	=	transport
office,transport,oficina	=	transport
building,transportation,edifici	=	transportació
usage,transportation,ús	=	transportació
bridge:movable,transporter,pont: mòbil	=	transportador
building:usage:pl,Transportu i łączności,
building:usage:pl,transportu i łączności,
building:use:pl,Transportu i łączności,
building:usage:pl,Transportu lub łączności,
building:usage:pl,transportu␣i␣łączności,edifici: ús: pl	=	transportu␣i␣łączności
building:use:pl,Transportu␣i␣łączności,edifici:ús:pl	=	Transportu␣i␣łączności
line_management,transpose,maneig de línia	=	transposar
tower:type,transposing,torre:tipus	=	transposar
waste,trash,desaprofitament	=	escombraries
healthcare:speciality,trauma,sanitat:especialitat	=	traumatologia
shop,travel_agency,botiga	=	agència de viatges
office,travel_agent,oficina	=	agent de viatges
crane:type,travel_lift,grua:tipus	=	ascensor de viatge
railway,traverser,ferrocarril	=	travessador
boundary,treaty,Perímetre	=	tractat
barrier,tree,barrera	=	arbre
natural,tree,"Un arbre és una planta llenyosa perenne amb tronc, branques i fulles que creix naturalment en el medi ambient | natural	=	arbre"
plant,tree,planta	=	arbre
support,tree,suport	=	arbre
natural,tree_group,natural	=	arbre_grup
building,tree_house,edifici	=	casa de l'arbre
LINZ:layer,tree_pnt,LINZ: capa	=	arbre_pnt
natural,tree_row,natural	=	filera_d'arbres
historic,tree_shrine,històric	=	santuari de l'arbre
natural,tree_stump,natural	=	tocó d'arbre
natural,tree/Archived_proposal,natural	=	arbre/proposta arxivada
natural,"tree/List_of_Genus,_Leaf_cycle,_Leaf_type","natural	=	arbre/Llista de Gènere, Cicle de la fulla, Tipus de fulla"
landcover,trees,coberta terrestre	=	arbres
landuse,trees,ús del sòl	=	arbres
military,trench,militar	=	rasa
bridge,trestle,pont	=	cavallet
design,triangle,disseny	=	triangle
type,triangulation,tipus	=	triangulació
wires,triple,filferros	=
athletics,triple_jump,atletisme	=	salt triple
animated,trivision_blades,animat	=	fulles de trivisió
amenity,trolley_bay,amenitat/servei	=	carrito_bay
route,trolleybus,ruta	=	trolebús
shop,trophy,botiga	=	trofeu
healthcare:speciality,tropical,sanitat:especialitat	=
shop,truck,botiga	=	camió
shop,truck_repair,botiga	=	reparació de camions
source:hgv,Truck␣Route␣Ordinance␣https://www.phoenix.gov/streetssite/Documents/truckmap.pdf,
building,TRUE,edifici	=	CERT
oneway,TRUE,d'una sola mà	=	CERT
sport,trugo,esport	=	truc
building,trullo,edifici	=	trullo
area:highway,trunk,zona:carretera	=	maleter
construction,trunk,construcció	=	maleter
ferry,trunk,transportar	=	maleter
highway,trunk,carretera	=	tronc
support,trunk,suport	=	maleter
area:highway,trunk_link,zona:carretera	=	enllaç troncal
construction,trunk_link,construcció	=	enllaç troncal
highway,trunk_link,carretera	=	enlace_tronc
bridge:structure,truss,pont:estructura	=	braguer
loading_gauge,TSI_GA,
loading_gauge,TSI_GB,
loading_gauge,TSI_GB1,
loading_gauge,TSI_GC,
structure,tubular,estructura	=	tubular
nhd:fdate,Tue Mar 04 00:00:00 PST 2008,
nhd:fdate,Tue May 01 00:00:00 PDT 2007,
nhd:fdate,Tue Sep 25 00:00:00 PDT 2007,
amenity,tuition,amenitat/servei	=	matrícula
building,tulou,edifici	=	tulou
archaeological_site,tumulus,lloc arqueològic	=	túmul
site_type,tumulus,tipus_lloc	=	túmul
tomb,tumulus,tomba	=	túmul
natural,tundra,natural	=	tundra
landform,tundra_polygon,
car:repair,tuning,reparació de cotxes	=	Afinació
location,tunnel,localització	=	túnel
man_made,tunnel,artificial	=	túnel
seamark:type,tunnel,marca de mar: tipus	=	túnel
type,tunnel,tipus	=	túnel
playground,tunnel_tube,parc infantil	=	tub de tunel
landuse,turbary,ús del sòl	=	turbant
cuisine,turkish,cuina	=	turc
leisure,turkish_bath,temps lliure	=	bany turc
hazard,turn,perill	=	gir
road_marking,turn_dashes,=
craft,turner,artesania	=	torner
seamark:type,turning_basin,marca de mar: tipus	=	lavabo giratori
area:highway,turning_circle,zona:carretera	=	ràdio de gir
highway,turning_circle,carretera	=	ràdio de gir
highway,turning_loop,carretera	=	giro_bucle
waterway,turning_point,camí aquàtic	=	punt de tornada
seamark:restricted_area:restriction,turning_prohibited,seamark:àrea restringida:restricció	=	gir prohibit
type,turnlanes:lengths,tipus	=	carrils de gir: longituds
type,turnlanes:turns,tipus	=	carrils de gir: girs
seamark:buoy_lateral:category,turnoff_left,marca:boia lateral:categoria	=	desviament a l'esquerra
seamark:buoy_lateral:category,turnoff_right,marca:boia lateral:categoria	=	desviament a la dreta
hazard,turns,perill	=	voltes
barrier,turnstile,barrera	=	torniquet
railway,turntable,ferrocarril	=	placa giratòria
office,tutoring,oficina	=	tutoria
addr:county,Tuttlingen,adreça: comtat	=	Tuttlingen
design,two-level,disseny	=	dos nivells
seamark:type,two-way_route,marca de mar: tipus	=	ruta de dos sentits
navigationaid,txc,
source:hgv,"TxDOT’s Sign Guidelines and Applications Manual, Chapter 5, Section 6 Truck Routes https://onlinemanuals.txdot.gov/TxDOTOnlineManuals/TxDOTManuals/smk/truck_routes.htm",
navigationaid,txe,
barrier,tyres,barrera	=	pneumàtics
service,tyres,Servei	=	pneumàtics
shop,tyres,botiga	=	pneumàtics
railway:track_ref,U,
maxspeed,UA:rural,màxima velocitat	=	UA:rural
maxspeed,UA:urban,màxima velocitat	=	AU:urbà
genus,Ulmus,gènere	=	Ulmus
species,Ulmus␣americana,espècies	=	Ulmus␣americana
species,Ulmus␣carpinifolia,espècies	=
species,Ulmus␣glabra,espècies	=
species,Ulmus␣minor,espècies	=
species,Ulmus␣parvifolia,espècies	=
species,Ulmus␣pumila,espècies	=
sport,ultimate,esport	=	últim
vending,umbrellas,venda	=	para-sols
building,unclassified,edifici	=	desclassificat
construction,unclassified,construcció	=	desclassificat
ferry,unclassified,transportar	=	desclassificat
highway,unclassified,Una carretera sense classificar és una carretera menor que no ha rebut una classificació funcional específica | carretera	=	desclassificat
crossing,uncontrolled,encreuament	=	sense control
junction,uncontrolled,unió	=	sense control
level_crossing,uncontrolled,pas a nivell	=	sense control
building,undefined,edifici	=	indefinit
fire_hydrant:type,underground,hidrant_d'incendi: tipus	=	sota terra
location,underground,ubicació	=	sota terra
parking,underground,estacionament	=	sota terra
power,underground_cable,poder	=	cable subterrani
location,underwater,localització	=	submarí
clothes,underwear,roba	=	roba interior
shop,underwear,botiga	=	roba interior
hazard,unexploded_ordnance,perill	=	munició sense explotar
surface,unhewn_cobblestone,superfície	=	llambordes sense tallar
building,unidentified,edifici	=	no identificat
clothes,uniforms,roba	=	uniformes
seamark:light:visibility,unintensified,marca:llum:visibilitat	=	no intensificat
office,union,oficina	=	Unió
clothes,unisex,roba	=	unisexe
religion,unitarian_universalist,religió	=	unitari universalista
flag:name,United States,
subject,United States,
amenity,university,amenitat/servei	=	Universitat
building,university,edifici	=	Universitat
office,university,oficina	=	Universitat
operator:type,university,
residential,university,Residencial	=	Universitat
access,unknown,accés	=	desconegut
bicycle,unknown,bicicleta	=	desconegut
building,unknown,edifici	=	desconegut
crossing,unknown,encreuament	=	desconegut
foot,unknown,peu	=	desconegut
genus,unknown,gènere	=	desconegut
horse,unknown,
wheelchair,unknown,
dog,unleashed,gos	=	deixat anar
source:maxspeed,Unless otherwise posted speed limit 25 MPH in Oklahoma City; OKC code § 32-166.,
maxstay,unlimited,
crossing,unmarked,encreuament	=	no notificat
cycleway,unmarked_lane,carril bici	=	carril_sense_marcar
bus,unofficial,autobús	=	no oficial
footway:surface,unpaved,vorera:superfície	=
surface,unpaved,"Una superfície sense pavimentar està feta de materials naturals com grava, terra o herba, sense paviment artificial | superfície	=	sense pavimentar"
surface,unpaved_minor,superfície	=	sense pavimentar_menor
seamark:light:status,unreliable,seamark:llum:estat	=	no fidedigne
operational_status_quality,unspecified,estat_operatiu_qualitat	=	no especificat
construction,unsurfaced,construcció	=	sense superfície
highway,unsurfaced,autopista	=	sense superfície
heritage:operator,UntereDenkmalbehörde,patrimoni:operador	=	UntereDenkmalbehörde
direction,up,direcció	=	fins
incline,up,inclinació	=	amunt
old_railway_operator,UP,antic operador ferroviari	=	FINS
incline,up/down,inclinació	=	a dalt a baix
craft,upholsterer,artesania	=	tapisser
seamark:light:1:category,upper,seamark:llum:1:categoria	=	Superior
seamark:light:category,upper,seamark:llum:categoria	=	Superior
seamark:topmark:shape,upright_cross,marca de mar:marca de topall:forma	=	creu vertical
seamark:topmark:shape,upright-cross,marca de mar:marca de topall:forma	=	creu vertical
seamark:light:character,UQ,marca:llum:personatge	=	UQ
boundary,urban,Perímetre	=	urbà
bus,urban,autobús	=	urbà
denotation,urban,denotació	=	urbà
passenger,urban,passatger	=	urbà
residential,urban,Residencial	=	urbà
traffic,urban,trànsit	=	urbà
HFCS,Urban Collector,
HFCS,Urban Minor Arterial,
HFCS,Urban Principal Arterial,
HFCS,Urban Principal Arterial - Other,
HFCS,Urban␣Collector,JMAF	=	Urban␣Col·leccionista
HFCS,Urban␣Minor␣Arterial,JMAF	=	Urbà␣Menor␣Arterial
HFCS,Urban␣Principal␣Arterial,JMAF	=	Urbà␣Principal␣Arterial
HFCS,Urban␣Principal␣Arterial␣-␣Other,JMAF	=	Urbà␣Principal␣Arterial␣-␣Un altre
healthcare:speciality,urology,sanitat:especialitat	=
source:addr,Urząd Miasta Gdańsk,
country,US,
cycle_network,US,xarxa de bicicletes	=	NOSALTRES
ref,US 1,
source:population,US Census,
cycle_network,US:CA:SF,xarxa de bicicletes	=	EUA: CA: SF
cycle_network,US:GA,xarxa de bicicletes	=	EUA: Geòrgia
cycle_network,US:LA:NO,xarxa de bicicletes	=	EUA: LA: NO
traffic_sign,US:MD:M1-5,senyal de trànsit	=	EUA: Doctor en Medicina: M1-5
cycle_network,US:NC,xarxa de bicicletes	=	EUA: Carolina del Nord
cycle_network,US:NM,xarxa de bicicletes	=	EUA: NM
cycle_network,US:NY,xarxa de bicicletes	=	EUA: Nova York
cycle_network,US:OH,xarxa de bicicletes	=	EUA: OH
cycle_network,US:PA,xarxa de bicicletes	=	EUA: Pennsilvània
traffic_sign,US:R1-1,
cycle_network,US:US,xarxa de bicicletes	=	EUA: EUA.
cycle_network,US:USA,xarxa de bicicletes	=	EUA: EUA.
access,use_sidepath,accés	=	utilitzar camí lateral
bicycle,use_sidepath,bicicleta	=	use_sidepath
bicycle:backward,use_sidepath,bicicleta: al revés	=	utilitzar camí lateral
bicycle:forward,use_sidepath,bicicleta: endavant	=	utilitzar camí lateral
foot,use_sidepath,peu	=	use_sidepath
mofa,use_sidepath,mofa	=	use_sidepath
moped,use_sidepath,ciclomotor	=	use_sidepath
operator:short,USGS,
operator:short,USPS,
short_name,USPS,nom curt	=	USPS
building,utility,edifici	=	utilitat
service,utility,Servei	=	utilitat
man_made,utility_pole,artificial	=	pal d'electricitat
LINZ:source_version,V16,LINZ:versió_font	=	V16
source:geometry,VA building footprints,
railway,vacancy_detection,ferrocarril	=	vacancy_detection
shop,vacant,botiga	=	vacant
healthcare:speciality,vaccination,sanitat:especialitat	=	vacunació
healthcare,vaccination_centre,cura de la salut	=	centre de vacunació
genus,Vaccinium,gènere	=	vaccini
genus,Vachellia,gènere	=	Vachelia
amenity,vacuum_cleaner,amenitat/servei	=	aspiradora
shop,vacuum_cleaner,botiga	=	aspiradora
object:city,Valdivia,objecte:ciutat	=	Valdivia
natural,valley,natural	=	Vall
inlet,valve,entrada	=	vàlvula
outlet,valve,presa de corrent	=	vàlvula
pipeline,valve,canonada	=	vàlvula
access,variable,accés	=	variable
traffic_sign,variable_message,senyal de trànsit	=	missatge variable
shop,variety_store,botiga	=	Botiga de varietats
healthcare:speciality,vascular_surgery,sanitat:especialitat	=
navigationaid,vasi,Ajuda a la navegació	=	Vasi
tomb,vault,tomba	=	volta
network:short,VBB,
geobase:acquisitionTechnique,Vector Data,
crop,vegetable,cultiu	=	vegetal
crop,vegetables,cultiu	=	vegetals
wholesale,vegetables,majorista	=	verdures
seamark:type,vegetation,marca de mar: tipus	=	vegetació
historic,vehicle,històric	=	vehicle
memorial,vehicle,monument	=	vehicle
amenity,vehicle_inspection,amenitat/servei	=	Inspeccio de vehicle
amenity,vehicle_ramp,amenitat/servei	=	rampa per a vehicles
seamark:type,vehicle_transfer,marca de mar: tipus	=	transferència de vehicle
shop,vehicles,botiga	=	vehicles
amenity,vending_machine,amenitat/servei	=	màquina expenedora
healthcare:speciality,venereology,sanitat:especialitat	=
historic,venta,històric	=	venda
man_made,ventilation_shaft,artificial	=	ducte de ventilació
railway,ventilation_shaft,ferrocarril	=	ducte de ventilació
site,venue,lloc	=	esdeveniment
building,veranda,edifici	=	veranda
seamark:beacon_safe_water:colour_pattern,vertical,seamark:beaamb aigua segura:patró de color	=	vertical
seamark:buoy_safe_water:colour_pattern,vertical,marca de mar: boia d'aigua segura: patró de color	=	vertical
seamark:buoy_special_purpose:colour_pattern,vertical,marca de mar: boia propòsit especial: patró de color	=	vertical
seamark:topmark:colour_pattern,vertical,marca de mar: marca de topall: patró de color	=	vertical
survey_point:purpose,vertical,punt d'enquesta: propòsit	=	vertical
generator:type,vertical_axis,generador: tipus	=	eix vertical
smoothness,very_bad,suavitat	=	molt malament
smoothness,very_horrible,suavitat	=	molt horrible
standing,very_low,de peu	=	molt baix
manufacturer,Vestas,fabricant	=	Vesta
club,veterans,club	=	veterans
amenity,veterinary,amenitat/servei	=	veterinari
amenity,veterinary_pharmacy,amenitat/servei	=	farmàcia veterinària
highway,via_ferrata,autopista	=	via_ferrata
bridge,viaduct,pont	=	viaducte
railway,viaduct,ferrocarril	=	viaducte
source:ref,Vialidad,font: referència	=	Vialitat
boundary,vice_county,Perímetre	=	vice comtat
source:name,Vicmap.Transport:services.land.vic.gov.au,
shop,video,botiga	=	vídeo
studio,video,estudi	=	vídeo
leisure,video_arcade,temps lliure	=	sala de videojocs
shop,video_games,botiga	=	videojocs
man_made,video_wall,fet per l'home	=	paret de vídeo
cuisine,vietnamese,cuina	=	vietnamita
tourism,viewpoint,turisme	=	punt de vista
product,viez,producte	=	mira
fountain,viktorija_zdenac,font	=	viktorija zdenac
building:place,village,edifici:lloc	=	llogaret
place,village,lloc	=	llogaret
place:CN,village,lloc:CN	=	llogaret
type,Village,tipus	=	Poble
landuse,village_green,ús del sòl	=	llogaret_verd
community_centre,village_hall,
leisure,village_swing,temps lliure	=	gronxador del poble
landuse,vineyard,ús del sòl	=	vinya
clothes,vintage,roba	=	antic
seamark:light:colour,violet,marca:llum:color	=	Violeta
statue,virgin,estàtua	=	verge
woodland,virgin,bosc	=	verge
seamark:type,virtual_aton,marca de mar: tipus	=	atò virtual
office,visa,oficina	=	visa
mooring,visitor,amarrador	=	visitant
seamark:small_craft_facility:category,visitor_berth,seamark:instal·lació per a embarcacions petites:categoria	=	amarratge per a visitants
information,visitor_centre,informació	=	centre de Visitants
amenity,vivarium,amenitat/servei	=	viver
geological,volcanic_caldera,geològic	=	caldera volcànica
geological,volcanic_caldera_rim,geològic	=	vora de la caldera volcànica
geological,volcanic_geyser,geològic	=	guèiser volcànic
geological,volcanic_lava_channel,geològic	=	canal de lava volcànica
geological,volcanic_lava_field,geològic	=	camp de lava volcànica
geological,volcanic_lava_tube,geològic	=	tub de lava volcànica
geological,volcanic_vent,geològic	=	respirador volcànic
natural,volcano,natural	=	volcà
sport,volleyball,esport	=	vòleibol
compensator,voltage_regulator,compensador	=	regulador de voltatge
religion,voodoo,religió	=	vudú
beacon:type,VOR,balisa: tipus	=	VOR
addr:municipality,Vordingborg,direcció: municipi	=	Vordingborg
seamark:light:character,VQ,marca:llum:personatge	=	VQ
seamark:light:character,VQ+LFl,marca:llum:personatge	=	VQ+LFl
network:short,VRN,
direction,W,
naptan:Bearing,W,naptà: Tenint	=	W
GNS:dsg_code,WAD,GNS: codi_dsg	=	TACO
GNS:dsg_name,wadi,GNS:nom_dsg	=	llera
waterway,wadi,camí aquàtic	=	llera
cuisine,waffle,cuina	=	gofre
sport,wakeboarding,esport	=	wakeboard
maxspeed,walk,màxima velocitat	=	caminar
barrier,wall,barrera	=	paret
building,wall,edifici	=	paret
camera:mount,wall,càmera: muntatge	=	paret
fire_hydrant:type,wall,boca d'incendis: tipus	=	paret
historic,wall,històric	=	paret
indoor,wall,interior	=	paret
lamp_mount,wall,muntatge_de_lampada	=	paret
post_box:type,wall,post_box: tipus	=	paret
seamark:mooring:category,wall,marca:amarre:categoria	=	paret
seamark:type,wall,marca de mar: tipus	=	paret
support,wall,suport	=	paret
bicycle_parking,wall_loops,Pàrquing de bicicletes	=	bucles_de_pared
support,wall_mounted,=	muntat a la paret
advertising,wall_painting,publicitat	=	pintura mural
fountain,wallace,font	=	Wallace
natural,wallow,natural	=	rebolcar-se per
damage:event,war,dany:esdeveniment	=	guerra
damage:type,war,tipus de dany	=	guerra
cemetery,war_cemetery,cementiri	=	cementiri de guerra
tomb,war_grave,tomba	=	tomba de guerra
memorial,war_memorial,monument	=	memorial_de_la_guerra
building,warehouse,edifici	=	dipòsit
industrial,warehouse,industrial	=	dipòsit
seamark:beacon_special_purpose:category,warning,seamark:beaamb propòsit especial:categoria	=	advertiment
seamark:buoy_special_purpose:category,warning,seamark:boia propòsit especial:categoria	=	advertiment
railway,wash,ferrocarril	=	rentar
amenity,washing_machine,amenitat/servei	=	rentadora
addr:county,Washington,
genus,Washingtonia,gènere	=	Washingtonia
species,Washingtonia␣filifera,espècies	=	Washingtonia␣filifera
species,Washingtonia␣robusta,espècies	=	Washingtonia␣robusta
addr:county,Washoe,
hazard,washout,perill	=	rentat
generator:source,waste,generador:font	=	desaprofitar
plant:source,waste,planta:font	=	desaprofitar
power_source,waste,font d'alimentació	=	desaprofitar
utility,waste,utilitat	=	desaprofitar
amenity,waste_basket,amenitat/servei	=	paperera
boundary,waste_collection,Perímetre	=	col·lecció d'escombraries
amenity,waste_disposal,amenitat/servei	=	dipòsit d'escombraries
amenity,waste_dump_site,amenitat/servei	=	lloc_de_abocador_de_residus
amenity,waste_transfer_station,amenitat/servei	=	estació_de_transferència_de_residus
landuse,wasteland,ús del sòl	=	erm
content,wastewater,contingut	=	aigües residuals
substance,wastewater,substància	=	aigües residuals
water,wastewater,aigua	=	aigües residuals
man_made,wastewater_basin,fet per l'home	=	conca d'aigües residuals
man_made,wastewater_plant,artificial	=	planta_d'aigües_residuals
shop,watches,botiga	=	rellotges
craft,watchmaker,artesania	=	rellotger
tower:type,watchtower,torre:tipus	=	torre de vigilància
addr:type,water,adreça: tipus	=	aigua
amenity,water,amenitat/servei	=	aigua
content,water,contingut	=	aigua
landcover,water,coberta terrestre	=	aigua
natural,water,"Un cos d'aigua és qualsevol acumulació significativa d'aigua, com un llac, riu, rierol o oceà | natural	=	aigua"
seamark:small_craft_facility:category,water,seamark:instal·lació per a embarcacions petites:categoria	=	aigua
shop,water,botiga	=	aigua
substance,water,substància	=	aigua
type,water,tipus	=	aigua
utility,water,utilitat	=	aigua
vending,water,venda	=	aigua
man_made,water_canal,artificial	=	canal_d'aigua
railway,water_crane,ferrocarril	=	grua d'aigua
golf,water_hazard,golf	=	obstacle d'aigua
leisure,water_park,lleure	=	parc aquàtic
amenity,water_point,amenitat/servei	=	punt_d'aigua
waterway,water_point,camí aquàtic	=	punt d'aigua
sport,water_polo,esport	=	Pol aquàtic
boundary,water_protection_area,Perímetre	=	àrea de protecció de l'aigua
basin,water_regeneration,conca	=	regeneració d'aigua
emergency,water_rescue_station,emergència	=	estació de rescat d'aigua
sport,water_ski,esport	=	esquí aquàtic
attraction,water_slide,atracció	=	tobogan
shop,water_sports,botiga	=	Esports aquàtics
sport,water_sports,esport	=	Esports aquàtics
reservoir_type,water_storage,tipus_dipòsit	=	emmagatzematge d'aigua
emergency,water_tank,emergència	=	dipòsit d'aigua
man_made,water_tank,artificial	=	dipòsit d'aigua
man_made,water_tap,artificial	=	aixeta d'aigua
seamark:small_craft_facility:category,water_tap,seamark:instal·lació per a embarcacions petites:categoria	=	aixeta d'aigua
building,water_tower,edifici	=	Torre d'aigua
man_made,water_tower,artificial	=	Torre d'aigua
railway,water_tower,ferrocarril	=	Torre d'aigua
seamark:type,water_turbulence,marca de mar: tipus	=	turbulència de l'aigua
office,water_utility,oficina	=	servei d'aigua
man_made,water_well,artificial	=	Pou
craft,water_well_drilling,artesania	=	perforació de pous daigua
man_made,water_works,artificial	=	proveïment
generator:method,water-pumped-storage,generador: mètode	=	emmagatzematge per bombament d'aigua
plant:method,water-pumped-storage,planta:mètode	=	emmagatzematge per bombament d'aigua
generator:method,water-storage,generador: mètode	=	emmagatzematge d'aigua
plant:method,water-storage,planta:mètode	=	emmagatzematge d'aigua
waterway,waterfall,camí aquàtic	=	cascada
amenity,watering_place,amenitat/servei	=	Lloc de reg
man_made,watermill,artificial	=	molí d'aigua
type,watershed,tipus	=	conca
substance,waterwaste,substància	=	malbaratament d'aigua
man_made,waterway,artificial	=	camí aquàtic
route,waterway,ruta	=	camí aquàtic
type,waterway,tipus	=	camí aquàtic
seamark:type,waterway_gauge,marca de mar: tipus	=	calibre de la via fluvial
seamark:beacon_lateral:category,waterway_left,marca:balisa lateral:categoria	=	canal esquerre
seamark:buoy_lateral:category,waterway_left,marca:boia lateral:categoria	=	canal esquerre
seamark:beacon_lateral:category,waterway_right,marca:balisa lateral:categoria	=	canal dret
seamark:buoy_lateral:category,waterway_right,marca:boia lateral:categoria	=	canal dret
seamark:buoy_lateral:category,waterway_separation,marca:boia lateral:categoria	=	separació de vies fluvials
building:material,wattle_and_daub,material de construcció	=	acàcies i fang
generator:source,wave,generador:font	=	onada
beauty,waxing,bellesa	=	cera
osm_type,way,tipus_osm	=	camí
historic,wayside_chapel,històric	=	capella_del_camí
historic,wayside_cross,històric	=	wayside_cross
building,wayside_shrine,edifici	=	santuari_del_camí
historic,wayside_shrine,històric	=	santuari_del_camí
LINZ2OSM:layer,wcc_buildings,LINZ2OSM: capa	=	wcc_edificis
shop,weapons,botiga	=	armes
signal_station,weather,estació de senyals	=	clima
shelter_type,weather_shelter,refugi_tipus	=	refugi_del_temps
craft,weaver,artesania	=	teixidor
source:geometry,webewid.powiatstarogard.pl,
nhd:fdate,Wed Jun 02 00:00:00 PDT 2010,
nhd:fdate,Wed May 09 00:00:00 PDT 2007,
nhd:fdate,Wed May 26 00:00:00 PDT 2010,
nhd:fdate,Wed Sep 26 00:00:00 PDT 2007,
nhd:fdate,Wed␣Sep␣26␣00:00:00␣PDT␣2007,nhd:data	=	dimecres✣setembre␣26␣00:00:00␣PDT␣2007
clothes,wedding,roba	=	casament
office,wedding_planner,oficina	=	planificador del casament
barrier,wedge,barrera	=	falca
seamark:type,weed,marca de mar: tipus	=	herba
amenity,weighbridge,amenitat/servei	=	bàscula de pont
healthcare:speciality,weight_loss,especialitat:de_salut	=	pèrdua de pes
sport,weightlifting,esport	=	aixecament de peses
waterway,weir,camí aquàtic	=	presa
board_type,welcome_sign,
craft,welder,artesania	=	soldador
landuse,well,ús del sòl	=	bé
man_made,well,fet per l'home	=	bé
megalith_type,well,tipus de megàlit	=	bé
industrial,well_cluster,industrial	=	grup de pous
leisure,wellness,temps lliure	=	benestar
shop,wellness,botiga	=	benestar
industrial,wellsite,industrial	=	pou
landuse,wellsite,ús del sòl	=	pou
addr:street:prefix,West,
name:prefix,West,
seamark:buoy_cardinal:category,west,marca:boia cardenal:categoria	=	Oest
operator:en,West Japan Railway Company,
operator:en,West␣Japan␣Railway␣Company,operador:ca	=	West␣Japan␣Railway␣Company
operator:old,Western Power Distribution,
addr:district:en,Western␣Al␣Omraneya,adreça:districte:ca	=	Occidental␣Al␣Omraneia
operator:old,Western␣Power␣Distribution,operador:vell	=	Distribució␣de␣Energia␣Occidental
pillar:type,wet_barrel,pilar: tipus	=	barril_mull
wetland,wet_meadow,aiguamoll	=	prat_mull
emergency,wet_riser,emergència	=	elevador humit
seasonal,wet_season,estacional	=	temporada humida
natural,wetland,natural	=	aiguamoll
shelter_type,Wetterpilz,tipus de refugi	=	Wetterpilz
crop,wheat,cultiu	=	blat
handle,wheel,manejar	=	roda
amenity,whirlpool,amenitat/servei	=	remolí
distillery,whisky,destil·leria	=	whisky
seamark:fog_signal:category,whistle,seamark: senyal de boira: categoria	=	xiular
building:colour,white,edifici:color	=	blanc
colour,white,color	=	blanc
colour:arrow,white,color:fletxa	=	blanc
colour:back,white,color:esquena	=	blanc
colour:text,white,color:text	=	blanc
light:colour,white,color clar	=	blanc
ref:colour_tx,white,ref:color_tx	=	blanc
seamark:beacon_special_purpose:colour,white,seamark:beaamb propòsit especial:color	=	blanc
seamark:buoy_special_purpose:colour,white,seamark:boia propòsit especial:color	=	blanc
seamark:light:colour,white,marca:llum:color	=	blanc
seamark:topmark:colour,white,marca de mar:marca de topall:color	=	blanc
seamark:topmark:colour,white;black;white,marca de mar:marca de topall:color	=	blanc;negre;blanc
seamark:topmark:colour,white;green,marca de mar:marca de topall:color	=	blanc verd
landuse,wholesale,ús del sòl	=	venda a l'engròs
shop,wholesale,botiga	=	venda a l'engròs (majorista)
barrier,wicket_gate,barrera	=	Portell
source:addr,wieliczka.e-mapa.net,
shop,wigs,botiga	=	perruques
source:population,wikipedia,
tourism,wilderness_hut,turisme	=	refugi no atés amb foc
board_type,wildlife,
man_made,wildlife_crossing,artificial	=	vida silvestre_creuant
leisure,wildlife_hide,temps lliure	=	amagatall de vida silvestre
shelter_type,wildlife_hide,tipus de refugi	=	amagatall de vida silvestre
man_made,wildlife_opening,fet per l'home	=	obertura de vida silvestre
zoo,wildlife_park,zoo	=	parc de vida silvestre
generator:source,wind,generador:font	=	vent
plant:source,wind,planta:font	=	vent
power_source,wind,font d'alimentació	=	vent
site,wind_farm,lloc	=	Granja eòlica
generator:method,wind_turbine,generador: mètode	=	turbina eòlica
animated,winding_posters,animat	=	debanat pòsters
building,windmill,edifici	=	molí
landmark,windmill,punt de referència	=	molí
man_made,windmill,artificial	=	molí
seamark:landmark:category,windmill,marca:punt de referència:categoria	=	molí
landmark,windmotor,punt de referència	=	motor de vent
seamark:landmark:category,windmotor,marca:punt de referència:categoria	=	motor de vent
building,window,edifici	=	finestra
shop,window,botiga	=	finestra
shop,window_blind,botiga	=	persiana de la finestra
craft,window_construction,artesania	=	finestra_construccion
shop,window_tinting,botiga	=	tintat de finestres
shop,windows,botiga	=	finestres
man_made,windpump,artificial	=	aerobomba
aeroway,windsock,via aèria	=	màniga de vent
landmark,windsock,punt de referència	=	màniga de vent
seamark:landmark:category,windsock,marca:punt de referència:categoria	=	màniga de vent
sport,windsurfing,esport	=	windsurf
content,wine,contingut	=	vi
shop,wine,botiga	=	vi
tourism,wine_cellar,turisme	=	celler
crop,WINE␣GRAPES,cultiu	=	VI␣RAÏMS
amenity,winery,amenitat/servei	=	lagar
craft,winery,artesania	=	lagar
industrial,winery,industrial	=	lagar
shop,winery,botiga	=	lagar
cuisine,wings,cuina	=	ales
seasonal,winter,estacional	=	hivern
landuse,winter_sport,ús del sòl	=	esport d'hivern
landuse,winter_sports,ús del sòl	=	Esports d´hivern
species:de,Winter-Linde,
fence_type,wire,=	cable
support,wire,suport	=	cable
barrier,wire_fence,barrera	=	a prop de filferro
internet_access,wired,accés a Internet	=	cablejat
NHD:FLOWDIR,With Digitized,
NHD:FLOWDIR,With␣Digitized,NHD:FLUIX DIR	=	Amb␣Digitalitzat
seamark:beacon_lateral:shape,withy,marca:balisa lateral:forma	=	amb
internet_access,wlan,accés a Internet	=	wifi
clothes,women,roba	=	dones
clothes,women;men,roba	=	dones Homes
clothes,women;men;children,roba	=	dones;homes;nens
building:material,wood,material de construcció	=	fusta
fence_type,wood,=	fusta
floor:material,wood,pis: material	=	fusta
landuse,wood,ús del sòl	=	fusta
material,wood,material	=	fusta
natural,wood,"Un bosc és una zona forestal coberta d'arbres i vegetació llenyosa, típicament més gran qu'una arbreda | natural	=	fusta"
roof:material,wood,sostre: material	=	fusta
surface,wood,superfície	=	fusta
trade,wood,comerç	=	fusta
wholesale,wood,majorista	=	fusta
landuse,wood_(Don't_use),ús del sòl	=	fusta (no fer servir)
barrier,wood_fence,barrera	=	tanca de fusta
material,wood;metal,material	=	fusta;metall
surface,woodchips,superfície	=	estelles de fusta
massgis:IT_VALDESC,WOODED SWAMP DECIDUOUS,
shop,wool,botiga	=	llana
man_made,works,artificial	=	obres
amenity,workshop,amenitat/servei	=	taller
railway,workshop,ferrocarril	=	taller
social_facility,workshop,instal·lacions_socials	=	taller
route,worship,ruta	=	Adoració
historic,wreck,històric	=	naufragi
seamark:type,wreck,marca de mar:tipus	=	naufragi
sport,wrestling,esport	=	lluita
railway:signal:traversable:type,written_default_speed;dictated_default_speed,
source:addr,WroclawGIS,
source:building,WroclawGIS,font:edifici	=	WroclawGIS
massgis:IT_VALC,WS1,
network:short,WT,
source_ref,www.rgc.cd,
source:addr,"www.sii.cl, Cartografía Digital SII Mapas",
source:ref,www.ssc.sk,font: referència	=	www.ssc.sk
radar_transponder:band,X,transponedor de radar: banda	=	X
seamark:topmark:shape,x-shape,marca de mar:marca de topall:forma	=	en forma de x
species,x␣carnea,espècies	=	x␣carnea
species,x␣europaea,espècies	=	x␣europaea
species,x␣hispanica,espècies	=	x␣hispana
start_date,xxxx,data d'inici	=	xxxx
building,Y,edifici	=	I
junction,y_junction,unió	=	unió_i
harbour:category,yacht,port:categoria	=	iot
amenity,yacht_club,amenitat/servei	=	Club de iot
railway,yard,ferrocarril	=	iarda
service,yard,Servei	=	iarda
religion,yazidi,religió	=	yazidi
building:colour,yellow,edifici:color	=	groc
colour,yellow,color	=	groc
colour:back,yellow,color:esquena	=	groc
crossing:markings:colour,yellow,
ref:colour,yellow,
seamark:beacon_special_purpose:colour,yellow,seamark:beaamb propòsit especial:color	=	groc
seamark:buoy_special_purpose:colour,yellow,seamark:boia propòsit especial:color	=	groc
seamark:light:colour,yellow,marca:llum:color	=	groc
seamark:topmark:colour,yellow,marca de mar:marca de topall:color	=	groc
road_marking,yellow_divider,=
seamark:beacon_cardinal:colour,yellow;black,seamark:balisa cardenal:color	=	groc; negre
seamark:buoy_cardinal:colour,yellow;black,marca:boia cardenal:color	=	groc; negre
seamark:beacon_cardinal:colour,yellow;black;yellow,seamark:balisa cardenal:color	=	groc;negre;groc
seamark:buoy_cardinal:colour,yellow;black;yellow,marca:boia cardenal:color	=	groc;negre;groc
osmc:symbol,yellow::yellow_diamond,osmc:símbol	=	groc::diamant_groc
osmc:symbol,yellow:white:yellow_diamond,
wheelchair,yes/no,cadira de rodes	=	sí No
highway,yield,autopista	=	produir
sport,yoga,esport	=	ioga
age,young,anys	=	jove
wood:age,young,fusta: edat	=	jove
club,youth,club	=	joventut
playground,youth_bench,parc infantil	=	banc juvenil
amenity,youth_centre,amenitat/servei	=	Centre juvenil
community_centre,youth_centre,centre Comunitari	=	Centre juvenil
club,youth_movement,club	=	Moviment juvenil
government,youth_welfare_department,govern	=	departament de benestar juvenil
source:name,ZBGIS,
crossing,zebra,encreuament	=	zebra
crossing:markings,zebra,encreuament:marques	=	zebra
crossing_ref,zebra,cruce_ref	=	zebra
road_marking,zebra,=
crossing:markings,zebra:bicolour,
crossing:markings,zebra:paired,
genus,Zelkova,gènere	=	Zelkova
species,Zelkova␣serrata,espècies	=	Zelkova␣serrata
content,zement,contingut	=	zement
roof:material,zink,sostre: material	=	zinc
aerialway,zip_line,via aèria	=	tirolesa
playground,zipwire,parc infantil	=	tirolina
tourism,zoo,turisme	=	zoo
religion,zoroastrian,religió	=	zoroastrià
generator:type,zuppinger_water_wheel,generador: tipus	=	roda d'aigua zuppinger
sport,zurkhaneh_sport,esport	=	esport zurkhaneh
source:population,Белстат,
name:prefix,вёска,
name:prefix:be,вёска,
access:citizenship,двухбуквенный_код_страны_по_ISO-3166-1,accés:ciutadania	=	двухбуквенный код страны ISO-3166-1
name:prefix:ru,деревня,
source:addr,ЕГРН,font: direcció	=
source:geometry,ЕГРН,
fire_hydrant:diameter,К-150,
name:ru,Пятёрочка,
status,река,
name:prefix,село,
source:position,Спутниковые снимки Esri,
name:prefix:ru,урочище,
name:prefix,урочышча,
name:prefix:be,урочышча,
description,Цей ліхтар нанесено згідно даних Рівненської топокарти в листопаді 2021 року,
name:uk,Центральна вулиця,
name:ru,Центральная улица,
addr:place,المجاورة 1,
addr:city:ar,الــوادي,
network:ko,경기도 시내버스,
ncat,광역시도로,
ncat,국도,
ncat,지방도,
brand:ja,セブン-イレブン,
name:ja,セブン-イレブン,
yh:TYPE,その他一般道,
brand:ja,ハローサイクリング,
network:ja,ハローサイクリング,
brand:ja,ファミリーマート,
name:ja,ファミリーマート,
yh:TYPE,一般都道府県道,
addr:hamlet,三和里,
fire_hydrant:description,五角型開關,
yh:TOTYUMONO,供用中,
KSJ2:PRC_label,北海道,
note:ja,国土数値情報（公共施設データ）平成19年　国土交通省,
source:ja,国土数値情報（森林地域データ）平成18年　国土交通省,
note:ja,国土数値情報(河川データ)平成18年国土交通省,
note:ja,国土数値情報(河川データ)平成21年度 国土交通省,
note:ja,国土数値情報（湖沼データ）平成17年　国土交通省,
note:ja,国土数値情報（鉄道データ）平成19年　国土交通省,
operator:zh,国家电网,
yh:STRUCTURE,地上,
fire_hydrant:type:zh,地下式消防栓,
KSJ2:PubFacAdmin,市区町村,
KSJ2:ODC,数値地図25000空間データ基盤,
KSJ2:ODC,数値地図25000空間データ基盤;管内図（縮尺＜＝50000）,
operator:ja,日本郵便,
operator:ja,東日本旅客鉄道,
operator:ja,東海旅客鉄道,
KSJ2:DFC_label,森林地域,
yh:TYPE,構内道路,
yh:STRUCTURE,橋,
addr:street,民生路,
KSJ2:PubFacAdmin,民間,
yh:TYPE,海岸線,
KSJ2:ODC,管内図（縮尺＜＝50000）,
operator:ja,西日本旅客鉄道,
yh:STRUCTURE,通常水涯線,
operator:short,郵便局,
operator:short:ja,郵便局,
addr:district,龜山區,
