key,value,definition
lamp:tilt,-90,lámpara: inclinación	=	*
light:tilt,-90,luz: inclinación	=	*
elevation,-3,elevación	=	*
layer,-3,
level,-3,
layer,-2,
level,-2,
class:bicycle,-1,
cycleway:left:oneway,-1,
layer,-1,capa	=	*
level,-1,
oneway,-1,de una sola mano	=	*
osmarender:nameDirection,-1,osmarender:nombreDirección	=	*
addr:floor,0,
addr:housenumber,0,
building:flats,0,edificio:pisos	=	*
building:levels,0,
building:levels:underground,0,edificio:niveles:subterraneo	=	*
building:min_level,0,edificio:min_level	=	*
capacity:disabled,0,capacidad: deshabilitado	=	*
depth,0,profundidad	=	*
direction,0,dirección	=	*
ele,0,
frequency,0,frecuencia	=	*
gtfs_location_type,0,gtfs_ubicación_tipo	=	*
height,0,
isced:level,0,isced:nivel	=	*
it:fvg:ctrn:revision,0,
layer,0,capa	=	*
level,0,
level:ref,0,
massgis:DCAM_ID,0,
massgis:EOEAINVOLV,0,
massgis:FY_FUNDING,0,
massgis:OS_DEED_BO,0,
massgis:OS_DEED_PA,0,
massgis:PALIS_ID,0,
metcouncil:sun_trips,0,metcouncil:sun_trips	=	*
mtb:scale,0,
mtb:scale:imba,0,
mtb:scale:uphill,0,
order,0,ordenar	=	*
population,0,población	=	*
rednap:grupo,0,rednap:grupo	=	*
roof:levels,0,techo:niveles	=	*
KSJ2:DFC,1,
KSJ2:PRC,1,
addr:block_number,1,dirección:número_de_bloque	=	*
addr:conscriptionnumber,1,
addr:neighbourhood,1,
addr:streetnumber,1,
addr:unit,1,
admin_level,1,nivel de administrador	=	*
building:foundation_height,1,edificio:base_altura	=	*
building:levels,1,
building:levels:underground,1,edificio:niveles:subterraneo	=	*
building:min_level,1,edificio:min_level	=	*
building:ruian:type,1,edificio:ruian:tipo	=	*
building:units,1,edificio:unidades	=	*
cables,1,cabos	=	*
capacity,1,capacidad	=	*
capacity:disabled,1,capacidad: deshabilitado	=	*
circuits,1,circuitos	=	*
class:bicycle,1,
class:bicycle:mtb,1,clase:bicicleta:mtb	=	*
couplings,1,acoplamientos	=	*
devices,1,
diameter_crown,1,
door:wings,1,
heritage,1,patrimonio	=	*
highway:category:pl,1,carretera:categoría:pl	=	*
hoops,1,
isced:level,1,isced:nivel	=	*
lamp:count,1,lámpara: cuenta	=	*
lamp_flames,1,llamas_de_lampara	=	*
lanes,1,carriles	=	*
lanes:backward,1,carriles: al revés	=	*
lanes:both_ways,1,carriles:ambos_senderos	=	*
lanes:bus,1,
lanes:forward,1,carriles: adelante	=	*
lanes:psv,1,carriles: psv	=	*
layer,1,capa	=	*
level,1,
level:ref,1,nivel: referencia	=	*
levels,1,=	*
light:count,1,luz: cuenta	=	*
local_ref,1,
maxspeed,1,máxima velocidad	=	*
mtb:scale,1,
mtb:scale:imba,1,
mtb:scale:uphill,1,
name,1,
oneway,1,de una sola mano	=	*
osmarender:nameDirection,1,osmarender:nombreDirección	=	*
passenger_lines,1,líneas_de_pasajeros	=	*
phases,1,
public_transport:version,1,transporte_público:versión	=	*
railway:etcs,1,ferrocarril:etc.	=	*
railway:track_ref,1,ferrocarril: track_ref	=	*
ref,1,
ref:drain_zone,1,ref:drenaje_zona	=	*
roof:height,1,techo: altura	=	*
roof:levels,1,techo:niveles	=	*
seats,1,
sides,1,lados	=	*
socket:chademo,1,
socket:type2,1,
socket:type2_combo,1,
step_count,1,
teryt:rm,1,teryt:rm	=	*
toilets:num_chambers,1,aseos:num_chambers	=	*
traces,1,huellas	=	*
tracks,1,pistas	=	*
width,1,
NHD:RESOLUTION,2,NHD:RESOLUCIÓN	=	*
addr:block_number,2,
admin_level,2,
building:levels:underground,2,edificio:niveles:subterraneo	=	*
building:min_level,2,edificio:min_level	=	*
cables,2,
capacity:disabled,2,capacidad: deshabilitado	=	*
circuits,2,circuitos	=	*
class:bicycle,2,
construction:railway:etcs,2,construcción:ferrocarril:etc.	=	*
couplings,2,acoplamientos	=	*
diameter_crown,2,
heritage,2,herencia	=	*
highway:category:pl,2,carretera:categoría:pl	=	*
hoops,2,aros	=	*
isced:level,2,isced:nivel	=	*
lanes,2,carriles	=	*
lanes:backward,2,carriles: al revés	=	*
lanes:forward,2,carriles: adelante	=	*
layer,2,
level,2,
level:ref,2,nivel: referencia	=	*
light:count,2,luz: cuenta	=	*
local_ref,2,local_ref	=	*
maxheight,2,
mtb:scale,2,
mtb:scale:imba,2,
mtb:scale:uphill,2,
passenger_lines,2,líneas_de_pasajeros	=	*
protect_class,2,clase de protección	=	*
public_transport:version,2,transporte_público:versión	=	*
railway:ctcs,2,
railway:etcs,2,ferrocarril:etc.	=	*
railway:track_ref,2,ferrocarril: track_ref	=	*
roof:height,2,techo: altura	=	*
roof:levels,2,techo:niveles	=	*
seats,2,asientos	=	*
sides,2,lados	=	*
socket:type2,2,enchufe: tipo 2	=	*
step_count,2,contador_de_pasos	=	*
tracks,2,
yh:WIDTH_RANK,2,
addr:block_number,3,
building:levels:underground,3,
cables,3,cabos	=	*
capacity:disabled,3,
couplings,3,acoplamientos	=	*
diameter_crown,3,
expected_lwn_route_relations,3,
expected_rcn_route_relations,3,
expected_rwn_route_relations,3,relaciones_de_ruta_rwn_esperadas	=	*
heritage,3,herencia	=	*
highway:category:pl,3,carretera:categoría:pl	=	*
isced:level,3,isced:nivel	=	*
lanes,3,carriles	=	*
lanes:backward,3,carriles: al revés	=	*
lanes:forward,3,carriles: adelante	=	*
layer,3,
level,3,
massgis:POLY_CODE,3,
min_age,3,
min_height,3,
mtb:scale,3,
mtb:scale:imba,3,
mtb:scale:uphill,3,
par,3,=	*
passenger_lines,3,líneas_de_pasajeros	=	*
phases,3,etapas	=	*
protect_class,3,clase de protección	=	*
railway:ctcs,3,
railway:track_class,3,
railway:track_ref,3,
roof:height,3,techo: altura	=	*
seats,3,asientos	=	*
stars,3,estrellas	=	*
step_count,3,contador_de_pasos	=	*
surface:grade,3,superficie:grado	=	*
yh:WIDTH_RANK,3,
cables,4,
capital,4,capital	=	*
diameter_crown,4,
fire_hydrant:pressure,4,hidrante_de_incendio:presión	=	*
generator:solar:modules,4,
heritage,4,herencia	=	*
isced:level,4,isced:nivel	=	*
lamp_flames,4,llamas_de_lampara	=	*
lanes,4,carriles	=	*
lanes:backward,4,carriles: al revés	=	*
lanes:forward,4,carriles: adelante	=	*
level,4,
maxheight,4,
mtb:scale,4,
mtb:scale:uphill,4,mtb:escala:cuesta arriba	=	*
par,4,=	*
passenger_lines,4,líneas_de_pasajeros	=	*
protect_class,4,proteger_clase	=	*
railway:track_class,4,
railway:track_ref,4,
roof:height,4,techo: altura	=	*
seats,4,asientos	=	*
stars,4,estrellas	=	*
step_count,4,contador_de_pasos	=	*
yh:WIDTH_RANK,4,
STIF:zone,5,STIF:zona	=	*
capital,5,capital	=	*
diameter_crown,5,
fire_hydrant:pressure,5,hidrante_de_incendio:presión	=	*
heritage,5,patrimonio	=	*
isced:level,5,isced:nivel	=	*
lanes,5,carriles	=	*
level,5,
maxheight,5,
maxweight,5,
mtb:scale:uphill,5,
par,5,=	*
protect_class,5,clase de protección	=	*
railway:track_class,5,
roof:height,5,techo: altura	=	*
seats,5,asientos	=	*
step_count,5,contador_de_pasos	=	*
yh:WIDTH_RANK,5,
cables,6,cabos	=	*
capital,6,capital	=	*
diameter_crown,6,
generator:solar:modules,6,generador:solar:modulos	=	*
heritage,6,patrimonio	=	*
isced:level,6,isced:nivel	=	*
lanes,6,carriles	=	*
maxweight,6,
protect_class,6,clase de protección	=	*
seats,6,asientos	=	*
source:geometry:version,6,fuente:geometría:versión	=	*
step_count,6,contador_de_pasos	=	*
diameter_crown,7,
heritage,7,patrimonio	=	*
lanes,7,carriles	=	*
step_count,7,contador_de_pasos	=	*
capital,8,capital	=	*
diameter_crown,8,
generator:solar:modules,8,generador:solar:modulos	=	*
heritage,8,herencia	=	*
metre_load,8,
step_count,8,contador_de_pasos	=	*
addr:conscriptionnumber,9,dirección: número de conscripción	=	*
addr:streetnumber,9,dirección:número de calle	=	*
diameter_crown,9,
heritage,9,patrimonio	=	*
step_count,9,
accuracy,10,precisión	=	*
accuracy:meters,10,precisión: metros	=	*
addr:streetnumber,10,
diameter_crown,10,
generator:solar:modules,10,generador:solar:modulos	=	*
heritage,10,patrimonio	=	*
maxaxleload,10,maxaxleload	=	*
maxweight,10,
step_count,10,contador_de_pasos	=	*
diameter_crown,11,
max_age,11,
protect_class,11,clase de protección	=	*
source:zoomlevel,11,fuente: nivel de zoom	=	*
step_count,11,
diameter_crown,12,
generator:solar:modules,12,generador:solar:modulos	=	*
maxweight,12,
source:zoomlevel,12,
step_count,12,
diameter_crown,13,
protect_class,13,clase de protección	=	*
source:zoomlevel,13,
step_count,13,
diameter_crown,14,
generator:solar:modules,14,
massgis:WETCODE,14,massgis:WETCODE	=	*
source:zoomlevel,14,
diameter_crown,15,
source:zoomlevel,15,
step_count,15,
generator:solar:modules,16,generador:solar:modulos	=	*
source:zoomlevel,16,
source:zoomlevel,17,
protect_class,19,clase de protección	=	*
maxweight,20,
accuracy:meters,21,precisión: metros	=	*
protect_class,21,clase de protección	=	*
accuracy:meters,22,precisión: metros	=	*
accuracy:meters,25,precisión: metros	=	*
accuracy:meters,26,precisión: metros	=	*
maxspeed:advisory,30,
maxspeed:backward,30,
maxspeed:forward,30,
ngbe:huso,30,ngbe: huso	=	*
maxspeed:backward,40,
maxspeed:forward,40,
frequency,50,frecuencia	=	*
maxspeed,50,
maxspeed:backward,50,maxspeed:hacia atrás	=	*
maxspeed:forward,50,velocidad máxima: adelante	=	*
maxspeed:hgv,50,
minspeed,50,
proposed:frequency,50,
gnis:state_id,55,gnis:estado_id	=	*
frequency,60,frecuencia	=	*
maxspeed:backward,60,
maxspeed:forward,60,
minspeed,60,
maxweight,64,
maxspeed:backward,70,maxspeed:hacia atrás	=	*
maxspeed:bus,70,velocidad máxima: autobús	=	*
maxspeed:forward,70,velocidad máxima: adelante	=	*
maxspeed:hgv,70,
maxspeed:trailer,70,velocidad máxima: remolque	=	*
maxweight,74,
fire_hydrant:diameter,80,hidrante_de_incendio:diámetro	=	*
maxspeed:backward,80,
maxspeed:bus,80,velocidad máxima: autobús	=	*
maxspeed:forward,80,
maxspeed:hgv,80,velocidad máxima: hgv	=	*
maxspeed:trailer,80,velocidad máxima: remolque	=	*
direction,90,dirección	=	*
maxspeed:backward,90,maxspeed:hacia atrás	=	*
maxspeed:forward,90,velocidad máxima: adelante	=	*
addr:postcode,100,
direction,100,
fire_hydrant:diameter,100,hidrante_de_incendio:diámetro	=	*
maxspeed:backward,100,maxspeed:hacia atrás	=	*
maxspeed:bus,100,
maxspeed:forward,100,velocidad máxima: adelante	=	*
CLC:code,112,CLC: código	=	*
emergency_telephone_code,112,código_teléfono_emergencia	=	*
direction,120,
fire_hydrant:diameter,125,hidrante_de_incendio:diámetro	=	*
emergency:phone,144,
direction,145,
diameter,150,diámetro	=	*
direction,150,
fire_hydrant:diameter,150,hidrante_de_incendio:diámetro	=	*
direction,160,
direction,165,
direction,170,
direction,175,
direction,180,dirección	=	*
direction,185,
direction,190,
direction,200,
fire_hydrant:diameter,200,hidrante_de_incendio:diámetro	=	*
it:pv:pavia:EDIFC_USO,201,
direction,210,
direction,215,
voltage,230,
direction,250,
MCC,268,
direction,270,dirección	=	*
diameter,300,
fire_hydrant:diameter,300,
it:pv:pavia:UN_VOL_POR,301,it:pv:pavia:UN_VOL_POR	=	*
clc:code,312,clc:código	=	*
clc:code,313,clc:código	=	*
voltage:secondary,400,voltaje: secundario	=	*
NHD:FType,460,NHD: Tipo F	=	*
gauge,1000,medir	=	*
gauge,1067,medir	=	*
raba:id,1100,raba: identificación	=	*
lbcs:function:code,1101,lbcs:función:código	=	*
raba:id,1160,raba: identificación	=	*
raba:id,1180,raba: identificación	=	*
raba:id,1190,raba: identificación	=	*
raba:id,1211,raba: identificación	=	*
raba:id,1212,raba: identificación	=	*
raba:id,1222,
raba:id,1300,raba: identificación	=	*
raba:id,1410,raba: identificación	=	*
gauge,1435,medir	=	*
raba:id,1500,raba: identificación	=	*
gauge,1520,medir	=	*
gauge,1524,medir	=	*
gauge,1600,medir	=	*
gauge,1668,medir	=	*
gauge,1676,medir	=	*
raba:id,1800,
start_date,1800,
GeoBaseNHN:VALDATE,1990,GeoBaseNHN:VALDADO	=	*
dcgis:featurecode,2000,dcgis: código de característica	=	*
raba:id,2000,raba: identificación	=	*
CLC:year,2006,
clc:year,2006,clc: año	=	*
population:date,2006,
population:date,2009,población:fecha	=	*
population:date,2010,población:fecha	=	*
source:geometry:date,2010,
source:geometry:date,2013,
survey:date,2013,encuesta:fecha	=	*
population:pupils:date,2015,
population:date,2017,población:fecha	=	*
source:geometry:date,2018,
population:date,2019,población:fecha	=	*
population:date,2020,
survey:date,2020,
population:date,2021,
source_dat,2021,
survey:date,2022,
population:date,2023,
start_date,2023,fecha de inicio	=	*
survey:date,2023,
start_date,2024,
start_date,2025,
addr:street:sym_ul,10898,
voltage:primary,11000,
massgis:SOURCE_SCA,12000,
proposed:voltage,15000,
voltage:primary,15000,
voltage:primary,20000,voltaje: primario	=	*
addr:street:sym_ul,21970,dirección:calle:sym_ul	=	*
voltage:primary,22000,voltaje: primario	=	*
construction:voltage,25000,
proposed:voltage,25000,
mml:class,32611,
NHD:FCode,33600,
gnis:fcode,33600,
mml:class,34100,
source:addr:date,1995-01-01,fuente:dirección:fecha	=	*
mml:class,35300,
mml:class,35412,
mml:class,36200,
mml:class,36311,
mml:class,36312,
nhd-shp:fdate,2002-01-10,nhd-shp:fdate	=	*
population:date,2004-12-17,población:fecha	=	*
source:geometry:date,2005-11-15,
nhd:fcode,39001,nhd: código f	=	*
nhd:fcode,39004,nhd: código f	=	*
nhd:fdate,2008-02-28,nhd:fecha	=	*
teryt:stan_na,2009-01-01,teryt:stan_na	=	*
population:date,2010-10-14,población:fecha	=	*
LINZ:source_version,2012-06-06,LINZ:versión_fuente	=	*
source:geometry:date,2014-01-23,
source:geometry:date,2014-12-01,
source:geometry:date,2015-01-05,
source:geometry:date,2015-01-18,
LINZ2OSM:source_version,2015-02-02,LINZ2OSM:versión_fuente	=	*
source:geometry:date,2015-02-07,
source:geometry:date,2015-03-07,
source:geometry:date,2015-04-08,
LINZ2OSM:source_version,2015-04-13,LINZ2OSM:versión_fuente	=	*
mml:class,42131,
mml:class,42161,
source:geometry:date,2015-07-09,
source:geometry:date,2015-07-14,
mml:class,42211,
mml:class,42231,
mml:class,42261,mml:clase	=	*
source:geometry:date,2015-09-23,
source:geometry:date,2015-10-01,
source:geometry:date,2015-12-23,
source:geometry:date,2015-12-25,
source:geometry:date,2016-01-02,
source:geometry:date,2016-01-26,
source:geometry:date,2016-02-01,
source:geometry:date,2016-03-05,
source:addr:version,2016-04-01,fuente:dirección:versión	=	*
source:geometry:date,2016-06-09,
source:geometry:date,2016-06-14,
source:geometry:date,2016-06-15,
source:geometry:date,2016-06-21,
source:geometry:date,2016-06-30,
source:geometry:date,2016-07-02,
source:geometry:date,2016-07-15,
source:geometry:date,2016-07-18,
source:geometry:date,2016-07-19,
source:geometry:date,2016-08-04,
source:geometry:date,2016-08-16,
source:geometry:date,2016-09-14,
source:geometry:date,2016-09-16,
at_bev:addr_date,2016-10-02,
source:geometry:date,2016-12-12,
source:geometry:date,2017-01-07,
source:geometry:date,2017-01-12,
source:geometry:date,2017-01-13,
source:geometry:date,2017-01-18,
source:geometry:date,2017-01-26,
source:geometry:date,2017-02-03,
source:geometry:date,2017-03-05,
source:geometry:date,2017-03-28,
source:geometry:date,2017-04-04,
source:geometry:date,2017-05-25,
source:geometry:date,2017-06-12,
source:geometry:date,2017-08-02,
source:geometry:date,2017-08-03,
source:geometry:date,2017-12-20,
source:geometry:date,2017-12-29,
source:geometry:date,2018-01-08,
source:geometry:date,2018-01-31,
source:geometry:date,2018-02-16,
source:geometry:date,2018-02-17,
source:geometry:date,2018-02-25,
source:geometry:date,2018-03-16,
source:geometry:date,2018-05-30,
source:geometry:date,2018-06-15,
source:geometry:date,2018-06-27,
source:geometry:date,2018-06-28,
source:geometry:date,2018-06-29,
source:geometry:date,2018-07-01,
source:geometry:date,2018-07-18,
source:geometry:date,2018-07-20,
source:geometry:date,2018-08-11,
source:geometry:date,2018-08-13,
source:geometry:date,2018-09-24,
source:geometry:date,2018-10-09,
source:geometry:date,2018-10-20,
source:geometry:date,2018-10-29,
source:geometry:date,2018-11-19,
source:geometry:date,2018-11-25,
source:geometry:date,2018-12-06,
source:geometry:date,2018-12-12,
source:geometry:date,2019-01-19,
source:geometry:date,2019-01-27,
source:geometry:date,2019-01-30,
source:geometry:date,2019-02-04,
source:geometry:date,2019-02-25,
source:geometry:date,2019-03-23,
source:geometry:date,2019-04-18,
source:geometry:date,2019-05-02,
source:geometry:date,2019-05-17,
source:geometry:date,2019-06-12,
source:geometry:date,2019-06-20,
source:geometry:date,2019-06-24,
source:geometry:date,2019-07-01,
source:geometry:date,2019-07-03,
source:geometry:date,2019-07-17,
source:geometry:date,2019-08-07,
source:geometry:date,2019-08-13,
source:geometry:date,2019-08-15,
source:geometry:date,2019-08-24,
source:geometry:date,2019-09-04,
source:geometry:date,2019-09-16,
source:geometry:date,2020-02-05,
population:date,2020-05-01,
heritage:since,2020-09-26,
source:addr:date,2021-01-01,fuente:dirección:fecha	=	*
check_date,2021-07-01,comprobar Fecha	=	*
check_date,2023-04-26,
population:date,2023-08-31,
check_date,2025-04-24,
fcode,45800,código f	=	*
source:date,2025-08-20,
nhd-shp:fcode,46003,nhd-shp:fcode	=	*
nhd:fcode,46003,nhd: código f	=	*
nhd:fcode,46006,nhd: código f	=	*
nhd:fcode,46007,nhd: código f	=	*
nhd:fcode,55800,nhd: código f	=	*
ngbe:codigo,80214,ngbe: código	=	*
addr:TW:dataset,120044,
addr:TW:dataset,137998,dirección:TW:conjunto de datos	=	*
addr:city:simc,918123,
canvec:CODE,1760011,canvec:CÓDIGO	=	*
nycdoitt:bin,3000000,nycdoitt:bin	=	*
nycdoitt:bin,4000000,nycdoitt:bin	=	*
surrey:date,19850801,surrey:fecha	=	*
dcgis:captureyear,19990331,dcgis: año de captura	=	*
source:geometry:date,20160608161352,
source:geometry:date,20160609170515,
source:geometry:date,20160615124858,
source:geometry:date,20160715122926,
source:geometry:date,20160718164119,
source:geometry:date,20160816121905,
operator:ref:FR:SIRET,21130055300016,operador:ref:FR:SIRET	=	*
level,-1;0,
addr:city,'s-Gravenhage,
attribution,«Ces données géographiques proviennent du Référentiel Géographique Commun (www.rgc.cd).»,
addr:block,*,dirección: bloque	=	*
addr:city,*,dirección:ciudad	=	*
addr:country,*,dirección: país	=	*
addr:district,*,dirección: distrito	=	*
addr:hamlet,*,dirección: aldea	=	*
addr:neighbourhood,*,dirección: barrio	=	*
addr:place,*,dirección:lugar	=	*
addr:postcode,*,dirección: código postal	=	*
addr:postcode:source,*,dirección: código postal: fuente	=	*
addr:province,*,dirección: provincia	=	*
addr:province:en,*,dirección:provincia:es	=	*
addr:region,*,dirección: región	=	*
addr:state,*,dirección: estado	=	*
addr:street,*,dirección: calle	=	*
addr:subdistrict,*,dirección:subdistrito	=	*
addr:subdistrict:en,*,dir:subdistrito:es	=	*
addr:suburb,*,dirección:suburbio	=	*
addr:town,*,dirección: ciudad	=	*
addr:unit,*,dirección: unidad	=	*
at_bev:addr_date,*,at_bev:dir_fecha	=	*
attribution,*,atribución	=	*
bakehouse,*,panadería	=	*
baking_oven,*,horno de cocción	=	*
brand,*,marca	=	*
brand:ja,*,marca:ja	=	*
brand:wikidata,*,marca: wikidata	=	*
building,*,edificio	=	*
building:levels,*,edificio:niveles	=	*
cadet,*,cadete	=	*
capacity,*,capacidad	=	*
comment,*,comentario	=	*
construction,*,construcción	=	*
created_by,*,creado por	=	*
cyclability,*,ciclabilidad	=	*
description,*,descripción	=	*
diameter_crown,*,diámetro_corona	=	*
dog_washing,*,lavado de perros	=	*
drink:beer,*,tomar cerveza	=	*
drink:coffee,*,beber café	=	*
drink:wine,*,beber vino	=	*
estuary,*,estuario	=	*
ferry,*,transportar	=	*
fire_hydrant:description,*,hidrante_de_incendio:descripción	=	*
fire_hydrant:diameter,*,hidrante_de_incendio:diámetro	=	*
fire_hydrant:type:zh,*,hidrante_de_incendio:tipo:zh	=	*
fixme,*,arreglarme	=	*
foldable_pie_slice,*,rebanada de pastel plegable	=	*
geocodigo,*,geocódigo	=	*
grit_bin,*,contenedor de arena	=	*
historic,*,histórico	=	*
is_in,*,es en	=	*
is_in:country_code,*,es_en:código_país	=	*
landuse:secondary,*,uso del suelo: secundario	=	*
layer,*,capa	=	*
level,*,nivel	=	*
maxheight,*,Altura máxima	=	*
maxweight,*,peso máximo	=	*
maxwidth,*,anchura máxima	=	*
military_service,*,servicio militar	=	*
minspeed,*,velocidad mínima	=	*
motorcycle:clothes,*,motocicleta:ropa	=	*
motorcycle:type,*,motocicleta:tipo	=	*
mountain_pass,*,Puerto de montaña	=	*
name,*,nombre	=	*
name:etymology:wikidata,*,nombre:etimología:wikidata	=	*
name:ja,*,nombre:ja	=	*
name:prefix,*,prefijo del nombre	=	*
name:prefix:be,*,nombre: prefijo: ser	=	*
name:prefix:ru,*,nombre:prefijo:ru	=	*
naptan:Status,*,naftan:Estado	=	*
ncat,*,ncat	=	*
network,*,la red	=	*
note,*,Nota	=	*
note:ja,*,nota: sí	=	*
nuclear_explosion:country,*,explosión nuclear:país	=	*
office:realtor,*,oficina: agente inmobiliario	=	*
oneway,*,de una sola mano	=	*
opening_hours,*,horario de apertura	=	*
operator,*,operador	=	*
operator:ja,*,operador:ja	=	*
operator:wikipedia,*,operador: wikipedia	=	*
organ,*,Organo	=	*
pole:role,*,polo: papel	=	*
railway,*,ferrocarril	=	*
recycling_type,*,tipo de reciclaje	=	*
ref,*,árbitro	=	*
ref:gsi,*,referencia:gsi	=	*
sanitary_dump_station,*,vertedero sanitario	=	*
seamark:navigation_line:category,*,seamark:línea de navegación:categoría	=	*
seamark:rock:water_level,*,marca:roca:nivel de agua	=	*
shop,*,tienda	=	*
smoking,*,de fumar	=	*
source,*,fuente	=	*
source:addr,*,fuente: dirección	=	*
source:date,*,fuente:fecha	=	*
source:geometry,*,fuente: geometría	=	*
source:population,*,fuente:población	=	*
source:position,*,fuente:posición	=	*
source:user,*,fuente:usuario	=	*
speisebezirk,*,speisebezirk	=	*
tiger:county,*,tigre: condado	=	*
tower:type,*,torre:tipo	=	*
trailhead,*,comienzo del sendero	=	*
type,*,tipo	=	*
vending,*,venta	=	*
vending_machine,*,máquina expendedora	=	*
voltage,*,Voltaje	=	*
waterway,*,camino acuático	=	*
width,*,ancho	=	*
wikidata,*,wikidata	=	*
wood,*,madera	=	*
colour,#000000,color	=	*
roof:colour,#808080,
roof:colour,#938870,techo: color	=	*
building:colour,#cccccc,
building:colour,#eecfaf,
colour,#ff0000,color	=	*
building:colour,#FFFFFF,edificio:color	=	*
building:colour,#ffffff,
source,#opendri-comoros,
source:ref,#ŻółtaNaklejkaPLK,fuente: referencia	=	*
contact:phone,+7 495 2321000,
contact:phone,+7 800 5555505,
contact:phone,+7 800 5555550,
contact:phone,+7␣800␣2347000,teléfono de contacto	=	*
capacity:persons,<50,
turn:lanes,||merge_to_left,giro:carriles	=	*
turn:lanes,||right,giro:carriles	=	*
isced:level,0-1,isced:nivel	=	*
incline,"0,00%",inclinación	=	*
level,0;-1,
isced:level,0;1,
level,0;1,
massgis:DEED_ACRES,0.00000000,
NHD:Elevation,0.00000000000,
circumference,0.15,circunferencia	=	*
circumference,0.16,circunferencia	=	*
width,0.2,
openGeoDB:version,0.2.6.11␣/␣2007-12-04␣/␣http://fa-technik.adfc.de/code/opengeodb/dump/,openGeoDB: versión	=	*
circumference,0.25,circunferencia	=	*
circumference,0.3,circunferencia	=	*
paving_stones:length,0.3,
paving_stones:width,0.3,
circumference,0.45,circunferencia	=	*
roof:height,0.5,techo: altura	=	*
roof:levels,0.5,techo:niveles	=	*
circumference,0.6,
circumference,0.75,
roof:levels,0.8,techo:niveles	=	*
incline,0%,
mtb:scale,0+,
hcpaogis:dorcode,01 - SINGLE FAMILY,
hcpaogis:dorcode,01␣-␣SINGLE␣FAMILY,hcpaogis:dorcode	=	*
GeoBaseNHN:DatasetName,02LG000,GeoBaseNHN:Nombre del conjunto de datos	=	*
GeoBaseNHN:DatasetName,02LH000,GeoBaseNHN:Nombre del conjunto de datos	=	*
addr:postcode,05-092,
heritage:ref,05111000_A_01676,
opening_hours,08:00-22:00,
usar_addr:edit_date,090511_BC,usar_addr:editar_fecha	=	*
garmin_type,0x6,tipo_garmin	=	*
addr:street,1 Maja,
building:foundation_height,1 to 1.5,
building:foundation_height,1_to_1.5,edificio:base_altura	=	*
addr:flats,1-2,dirección: pisos	=	*
addr:flats,1-20,
addr:flats,1-3,
addr:flats,1-4,
isced:level,1;2,
ele:accuracy,1.0,ele: precisión	=	*
location:accuracy,1.5,ubicación: precisión	=	*
roof:height,1.5,techo: altura	=	*
roof:levels,1.5,techo:niveles	=	*
generator:output:electricity,1.5 MW,
generator:output:electricity,1.5␣MW,generador:salida:electricidad	=	*
yh:WIDTH,1.5m〜3.0m,
yh:WIDTH,1.5m未満,
railway:tbl,1+,
building:foundation_height,1␣to␣1.5,edificio:base_altura	=	*
building:age,10_to_30,edificio:edad	=	*
incline,"10,00%",inclinación	=	*
incline,10%,
light:power,100 W,
capacity:persons,100-250,capacidad:personas	=	*
voltage,10000;400,
usar_addr:edit_date,100208_BC,usar_addr:editar_fecha	=	*
usar_addr:edit_date,100806_BC,usar_addr:editar_fecha	=	*
sport,10pin,deporte	=	10 pines
tiger:name_base,10th,tigre:nombre_base	=	*
addr:city:en,10th of Rammadan City,
maxaxleload,11.5,maxaxleload	=	*
voltage,15000;400,
frequency,16.67,frecuencia	=	*
frequency,16.7,frecuencia	=	*
proposed:frequency,16.7,
start_date,1976..1991,
protect_class,1a,clase de protección	=	1a
it:fvg:ctrn:revision,1A0,
it:fvg:ctrn:revision,1AM,
it:fvg:ctrn:revision,1AN,
protect_class,1b,clase de protección	=	1b
name,1st Street,
maxstay,2 hours,
generator:output:electricity,2 MW,
seamark:topmark:shape,2_cones_base_together,marca de mar:marca de tope:forma	=	2 bases de conos juntas
seamark:topmark:shape,2_cones_down,marca de mar:marca de tope:forma	=	2 conos hacia abajo
seamark:topmark:shape,2_cones_point_together,marca de mar:marca de tope:forma	=	2 conos apuntan juntos
seamark:topmark:shape,2_cones_up,marca de mar:marca de tope:forma	=	2 conos arriba
seamark:topmark:shape,2_spheres,marca de mar:marca de tope:forma	=	2 esferas
maxheight,2.1,
generator:output:electricity,2.3 MW,
generator:output:electricity,2.3␣MW,generador:salida:electricidad	=	*
location:accuracy,2.5,ubicación: precisión	=	*
roof:height,2.5,techo: altura	=	*
roof:shape,2␣face␣(pitched),techo: forma	=	2␣cara␣(inclinada)
roof:shape,2␣faces␣(pitched),techo: forma	=	2␣caras␣(inclinadas)
generator:output:electricity,2␣MW,generador:salida:electricidad	=	*
maxspeed:advisory,20 mph,
voltage,20000;400,
attribution,"2001 Her Majesty the Queen in Right of Manitoba, as represented by the Minister of Conservation. All rights reserved.",
attribution,"2001␣Her␣Majesty␣the␣Queen␣in␣Right␣of␣Manitoba,␣as␣represented␣by␣the␣Minister␣of␣Conservation.␣All␣rights␣reserved.",atribución	=	*
NHD:FDate,2007/08/08,NHD: FEcha	=	*
source:geometry:date,2015-01-01..2019-11-05,
damage:event,2016KageraEarthquake,daño:evento	=	*
source:geometry:date,2019/07/02,
check_date,2024-11-6,
check_date,2024-11-7,
socket:type2:output,22 kW,
axle_load,22.5,eje de carga	=	*
lit,24/07/23,iluminado	=	*
opening_hours,24/07/23,horario de apertura	=	*
lit,24/7,iluminado	=	24/07/25
opening_hours,24/7,
addr:district,26 de Octubre,
source:date,28/09/2015,
est_width,3.0m〜5.5m,ancho_est	=	*
yh:WIDTH,3.0m〜5.5m,
maxweight,3.5,
shop,3d_printing,tienda	=	Impresión 3d
roof:shape,3dr,techo: forma	=	3dr
maxheight,4.1,
maxheight,4.5,
diameter,"4.5""",
minspeed,40 mph,
maxweight,44000 lbs,
it:fvg:ctrn:code,4AAF,es:fvg:ctrn:código	=	*
it:fvg:ctrn:code,4ABA,
it:fvg:ctrn:code,4AED,
it:fvg:ctrn:code,4AIN,
electrified,4th_rail,electrificado	=	4to carril
yh:WIDTH,5.5m〜13.0m,
capacity:persons,50-100,capacidad:personas	=	*
building:floor_area,500 - 750,
building:floor_area,500␣-␣750,edificio:área_piso	=	*
maxspeed:hgv,55 mph,
maxspeed:trailer,55 mph,
maxspeed:hgv,55␣mph,velocidad máxima: hgv	=	*
maxspeed:trailer,55␣mph,velocidad máxima: remolque	=	*
border_zone,5km_zone,zona fronteriza	=	zona de 5km
diameter,"6.63""",
brand,7-Eleven,
brand:en,7-Eleven,marca:es	=	*
name:en,7-Eleven,
maxweight,7.5,
maxweightrating:hgv,7.5,
diameter,70 cm,
diameter,"8.63""",
source:geometry:date,8/27/2010-4/4/2011,fuente:geometría:fecha	=	*
sport,8pin,deporte	=	8 pines
TMC:cid_58:tabcd_1:LCLversion,9.00,TMC:cid_58:tabcd_1:LCLversión	=	*
maxspeed:hgv:conditional,90 @ (weight>=3.86),
maxspeed:psv:conditional,90 @ (weight>=3.86),
maxspeed:hgv:conditional,90␣@␣(weight<,maxspeed:hgv:condicional	=	*
maxspeed:hgv:conditional,90␣@␣(weight>,maxspeed:hgv:condicional	=	*
maxspeed:psv:conditional,90␣@␣(weight>,maxspeed:psv:condicional	=	*
sport,9pin,deporte	=	9 pines
addr:unit,A,
local_ref,A,
ref,A,
tiger:FUNCSTAT,A,tigre:FUNCSTAT	=	*
fixme,à préciser dès que visible sur le cadastre,
dinner,a_la_carte,cena	=	a la carta
addr:flats,A;B,
ref,A1,
tiger:cfcc,A11,tigre:cfcc	=	*
KSJ2:filename,A13-06_01.xml,KSJ2: nombre de archivo	=	*
note,A13-06_03.xml,
ref,A2,
ref,A3,
ref,A4,
ref,A6,
addr:municipality,Aabenraa,
addr:province,AB,
bridge,abandoned,puente	=	abandonado
building,abandoned,edificio	=	abandonado
highway,abandoned,autopista	=	abandonado
historic,abandoned,histórico	=	abandonado
railway,abandoned,ferrocarril	=	abandonado
status,abandoned,estado	=	abandonado
power,abandoned:tower,poder	=	abandonado: torre
genus,Abies,género	=	Abies
admin_level,aboriginal_land,nivel de administrador	=	tierra aborigen
boundary,aboriginal_lands,Perímetro	=	tierras_aborígenes
healthcare:speciality,abortion,sanidad:especialidad	=	aborto
bridge:support,abutment,puente: soporte	=	contrafuerte
network,AC Transit,
LINZ2OSM:layer,ac_buildings,LINZ2OSM:capa	=	ac_edificios
genus,Acacia,género	=	Acacia
species,Acacia␣implexa,especies	=	Acacia␣simplexa
species,Acacia␣melanoxylon,especies	=	Acacia␣melanoxylon
military,academy,militar	=	academia
police,academy,policía	=	academia
highway,access,autopista	=	acceso
footway,access_aisle,senda	=	acceso_pasillo
emergency,access_point,emergencia	=	punto de acceso
shop,accessories,tienda	=	accesorios
sby:bldgtype,Accessory␣Structure,sby: tipo de edificio	=	Accesorio␣Estructura
tourism,accommodation,turismo	=	alojamiento
office,accountant,oficina	=	contador
genus,Acer,género	=	acer
species,Acer campestre,
species,Acer negundo,
species,Acer platanoides,
taxon,Acer platanoides,
species,Acer pseudoplatanus,
species,Acer rubrum,
species,Acer saccharinum,
species,Acer saccharum,
species,Acer␣campestre,especies	=	Acer␣campestre
species,Acer␣ginnala,especies	=	Acer␣ginnala
species,Acer␣negundo,especies	=	Acer␣negundo
species,Acer␣platanoides,especies	=	Acer␣platanoides
taxon,Acer␣platanoides,taxón	=	Acer␣platanoides
species,Acer␣platanoïdes,especies	=	Acer␣platanoïdes
species,Acer␣pseudoplatanus,especies	=	Acer␣pseudoplatanus
species,Acer␣rubrum,especies	=	Acer rubrum
species,Acer␣saccharinum,especies	=	Acer␣saccharinum
species,Acer␣saccharum,especies	=	Acer␣saccharum
old_railway_operator,ACL,antiguo operador ferroviario	=	LCA
roof:orientation,across,techo: orientación	=	a través de
surface,acrylic,superficie	=	acrílico
naptan:Status,ACT,naftan:Estado	=	ACTUAR
source:geometry,ACT2016,fuente: geometría	=	ley2016
source:geometry,ACTMapiRoads,fuente: geometría	=	ACTMapiCarreteras
source:geometry,ACTMapiTP,fuente: geometría	=	ACTMapiTP
addr:inclusion,actual,dirección: inclusión	=	actual
healthcare:speciality,acupuncture,especialidad:de_salud	=	acupuntura
genus,Adansonia,género	=	Adansonia
operator,Adif,
man_made,adit,artificial	=	entrada
naptan:Indicator,adj,naptán: Indicador	=	adj.
source:footprint,Adjusted MS Footprints,
source:footprint,Adjusted␣MS␣Footprints,fuente:huella	=	Huellas␣MS␣Ajustadas
amenity,administration,amenidad/servicio	=	administración
boundary,administrative,Perímetro	=	administrativo
building,administrative,edificio	=	administrativo
government,administrative,gobierno	=	administrativo
land_area,administrative,área terrestre	=	administrativo
office,administrative,oficina	=	administrativo
boundary,administrative_cooperation,Perímetro	=	cooperación administrativa
vending,admission_tickets,venta	=	boletos de admisión
material,adobe,material	=	adobe
office,adoption_agency,oficina	=	Agencia de adopción
shop,adult,tienda	=	adulto
leisure,adult_gaming_centre,tiempo libre	=	centro de juegos para adultos
piste:difficulty,advanced,pista: dificultad	=	avanzado
amenity,advertising,amenidad/servicio	=	publicidad
flag:type,advertising,bandera:tipo	=	publicidad
man_made,advertising,artificial	=	publicidad
office,advertising_agency,oficina	=	la agencia de publicidad
cycleway:both:lane,advisory,ciclovía:ambos:carril	=	consultivo
cycleway:left:lane,advisory,
cycleway:right:lane,advisory,ciclovía:derecha:carril	=	consultivo
addr:country,AE,
emergency,aed,emergencia	=	aed
medical,aed,médico	=	aed
basin,aeration,cuenca	=	aireación
marker,aerial,marcador	=	aéreo
tiger:reviewed,aerial,tigre:revisado	=	aéreo
source:building,aerial imagery; Ortofotomozaika SR,
source:geometry,Aerial photogrammetry,
source:position,Aerial photogrammetry,
source:position,Aerial␣photogrammetry,fuente:posición	=	Fotogrametría aérea␣
seamark:light:category,aero,seamark:luz:categoría	=	aerodinámico
sport,aerobics,deporte	=	aeróbicos
aeroway,aerodrome,vía aérea	=	aeródromo
radio_transponder:category,aeronautical,transpondedor de radio:categoría	=	aeronáutico
company,aerospace,empresa	=	aeroespacial
faculty,aerospace,facultad	=	aeroespacial
government,aerospace,gobierno	=	aeroespacial
logistics,aerospace,logística	=	aeroespacial
museum,aerospace,museo	=	aeroespacial
research,aerospace,investigar	=	aeroespacial
genus,Aesculus,género	=	esculo
species,Aesculus hippocastanum,
taxon,Aesculus hippocastanum,
species,AESCULUS␣HIPOCASTANUM,especies	=	ESCULO␣HIPOCASTANO
species,Aesculus␣hippocastanum,especies	=	Aesculus␣hippocastanum
taxon,Aesculus␣hippocastanum,taxón	=	Aesculus␣hippocastanum
species,Aesculus␣x␣carnea,especies	=	Aesculus␣x␣carnea
cuisine,african,cocina	=	africano
species,Agave␣tequilana␣F.A.C.Weber,especies	=	Agave␣tequilana␣F.A.C.Weber
source:ro,"Agenţia Europeană de Mediu, CORINE Land Cover, 2006",
source:ro,"Agenţia␣Europeană␣de␣Mediu,␣CORINE␣Land␣Cover,␣2006","fuente:ro	=	Agenţia␣Europeană␣de␣Mediu,␣CORINE␣Land␣Cover,␣2006"
resource,aggregate,recurso	=	agregar
shop,agrarian,tienda	=	agrario
access,agricultural,acceso	=	agrícola
building,agricultural,edificio	=	agrícola
denotation,agricultural,denotación	=	agrícola
meadow,agricultural,prado	=	agrícola
motor_vehicle,agricultural,Vehículo de motor	=	agrícola
motorcar,agricultural,automóvil	=	agrícola
motorcycle,agricultural,motocicleta	=	agrícola
vehicle,agricultural,vehículo	=	agrícola
craft,agricultural_engines,artesanía	=	motores_agrícolas
trade,agricultural_supplies,comercio	=	suministros agrícolas
motor_vehicle,agricultural;forestry,Vehículo de motor	=	agrícola;silvicultura
government,agriculture,gobierno	=	agricultura (consejo regulador)
landuse,agriculture,uso del suelo	=	agricultura
meadow,agriculture,prado	=	agricultura
museum,agriculture,museo	=	agricultura
int_ref,AH1,int_ref	=	AH1
int_ref,AH2,
genus:de,Ahorn,
species:de,Ahornblättrige Platane,
sport,aikido,deporte	=	aikido
sports,aikido,Deportes	=	aikido
building,ail,edificio	=	afligir
genus,Ailanthus,género	=	Ailanto
species,Ailanthus␣altissima,especies	=	Ailanto␣altissima
cooling:method,air_cooling,método de enfriamiento	=	aire acondicionado
amenity,air_filling,amenidad/servicio	=	llenado de aire
military_service,air_force,servicio militar	=	fuerza Aerea
seamark:light:category,air_obstruction,seamark:luz:categoría	=	obstrucción de aire
historic,aircraft,histórico	=	aeronave
service,aircraft_control,Servicio	=	control de aeronaves
aeroway,aircraft_crossing,vía aérea	=	cruce de aviones
aerodrome:type,airfield,aeródromo:tipo	=	aeródromo
military,airfield,militar	=	aeródromo
aeroway,airport,vía aérea	=	aeropuerto
aeroway,airstrip,vía aérea	=	pista de aterrizaje
aeroway,airtanker_base,vía aérea	=	base de avión cisterna
seamark:radio_station:category,ais,seamark:emisora de radio:categoria	=	ais
addr:state,AK,
seamark:light:character,Al,marca:luz:personaje	=	Alabama
addr:subdistrict:en,Al Agamy,
addr:district:en,Al Agouza,
addr:province:en,Al Beheira,
seamark:light:character,Al.Fl,marca:luz:personaje	=	Al.Fl
seamark:light:character,Al.Iso,marca:luz:personaje	=	al.iso
seamark:light:character,Al.LFl,marca:luz:personaje	=	Al.LFl
seamark:light:character,Al.Oc,marca:luz:personaje	=	Al.Oc
tiger:county,"Alameda, CA",
shop,alcohol,tienda	=	alcohol
wholesale,alcohol,mayorista	=	alcohol
ref:opendataparis:domanialit,Alignement,ref:opendataparis:domanialit	=	alineación
megalith_type,alignment,tipo de megalito	=	alineación
source:outline,ALK NRW,
source:outline,ALKIS NRW,
shop,Alko,tienda	=	Alko
addr:interpolation,all,dirección:interpolación	=	todos
stop,all,
healthcare:speciality,allergology,sanidad:especialidad	=	alergología
footway,alley,senda	=	callejón
service,alley,Servicio	=	callejón
mtb:type,allmountain,mtb: tipo	=	Toda montaña
species,Allocasuarina␣verticillata,especies	=	Allocasuarina␣verticillata
building,allotment_house,edificio	=	casa_de_asignación
landuse,allotments,uso del suelo	=	asignaciones
place,allotments,lugar	=	asignaciones
amenity,alm,amenidad/servicio	=	limosna
created_by,almien_coastlines,
trees,almond_trees,árboles	=	almendros
genus,Alnus,género	=	Alnus
species,Alnus␣cordata,especies	=	Alnus␣cordata
species,Alnus␣glutinosa,especies	=	Alnus␣glutinosa
roof:orientation,along,techo: orientación	=	a lo largo de
attraction,alpine_coaster,atracción	=	montaña rusa alpina
sac_scale,alpine_hiking,saco_escala	=	senderismo_alpino
tourism,alpine_hut,turismo	=	refugio de montaña atendido
surveillance:type,ALPR,
navigationaid,als,Ayuda a la navegación	=	también
state,alternate,Expresar	=	alterno
oneway,alternating,de una sola mano	=	alterno
healthcare,alternative,cuidado de la salud	=	alternativa
material,aluminium,material	=	aluminio
industrial,aluminium_smelting,industrial	=	fundición de aluminio
club,amateur_radio,club	=	radioaficionados
diplomatic,ambassadors_residence,diplomático	=	residencia de embajadores
seamark:light:colour,amber,marca:luz:color	=	ámbar
cadet,ambulance,cadete	=	ambulancia
amenity,ambulance_station,amenidad/servicio	=	estación de ambulancia
emergency,ambulance_station,emergencia	=	estación_ambulancia
social_facility,ambulatory_care,instalaciones_sociales	=	cuidado ambulatorio
genus,Amelanchier,género	=	Amelanchier
grass,amenity_grassland,hierba	=	pastizales
cuisine,american,cocina	=	americano
sport,american_football,deporte	=	fútbol americano
sport,american_handball,deporte	=	balonmano americano
military,ammunition,militar	=	munición
theatre:type,amphi,teatro: tipo	=	amphi
leisure,amusement_arcade,tiempo libre	=	sala de juegos
attraction,amusement_ride,atracción	=	atracción de feria
generator:method,anaerobic_digestion,generador:método	=	digestión anaeróbica
healthcare:speciality,anaesthetics,sanidad:especialidad	=	anestésicos
display,analog,monitor	=	cosa análoga
railway:radio,analogue,ferrocarril:radio	=	término análogo
railway:radio,analoque,ferrocarril:radio	=	analógico
genus,Ananas,género	=	Ananas
species,Ananas␣comosus␣(L.)␣Merr.,especies	=	Ananas␣comosus␣(L.)␣Merr.
historic,anchor,histórico	=	ancla
line_attachment,anchor,línea_adjunto	=	ancla
tower:type,anchor,torre:tipo	=	ancla
seamark:type,anchor_berth,marca de mar:tipo	=	amarre de ancla
seamark,anchorage,marca	=	anclaje
seamark:type,anchorage,marca de mar:tipo	=	anclaje
material,andesite,material	=	andesita
lamp_mount,angled_mast,montaje_de_lampara	=	mástil_angulado
denomination,anglican,denominación	=	anglicano
attraction,animal,atracción	=	animal
statue,animal,estatua	=	animal
amenity,animal_boarding,amenidad/servicio	=	alojamiento_de_animales
amenity,animal_breeding,amenidad/servicio	=	cría_de_animales
hazard,animal_crossing,peligro	=	cruce de animales
amenity,animal_effluent_disposal,amenidad/servicio	=	eliminación de efluentes animales
vending,animal_feed,venta	=	la alimentación animal
amenity,animal_hitch,amenidad/servicio	=	enganche de animales
landuse,animal_keeping,uso del suelo	=	tenencia_de_animales
amenity,animal_shelter,amenidad/servicio	=	refugio de animales
amenity,animal_training,amenidad/servicio	=	entrenamiento de animales
man_made,animal_trap,hecho por el hombre	=	trampa para animales
shop,anime,tienda	=	animado
religion,animist,religión	=	animista
building,annexe,edificio	=	anexo
description,Annexe,
man_made,antenna,artificial	=	antena
telecom,antenna,telecomunicaciones	=	antena
power,antenna_line,poder	=	línea de antena
natural,anthill,natural	=	hormiguero
turn_to_close,anti_clockwise,girar para cerrar	=	en sentido contrario a las agujas del reloj
direction,anticlockwise,dirección	=	sinistrorso
shop,antique,tienda	=	antiguo
shop,antiques,tienda	=	antigüedades-anticuario
religion,antoinist,religión	=	antoinista
building,apartment,edificio	=	Departamento
tourism,apartment,turismo	=	Departamento
building,apartments,Un edificio de apartamentos es una estructura residencial que contiene múltiples unidades de vivienda para diferentes familias | edificio	=	apartamentos
building:part,apartments,edificio:parte	=	apartamentos
construction,apartments,construcción	=	apartamentos
residential,apartments,Residencial	=	apartamentos
landuse,apiary,uso del suelo	=	colmenar
trees,apple_trees,árboles	=	Árboles de manzana
rental,appliance,alquiler	=	aparato
shop,appliance,tienda	=	aparato
junction,approach,unión	=	Acercarse
aeroway,apron,vía aérea	=	delantal
landuse,aquaculture,uso del suelo	=	acuicultura
tourism,aquarium,turismo	=	acuario
bridge,aqueduct,puente	=	acueducto
historic,aqueduct,histórico	=	acueducto
route,aqueduct,ruta	=	acueducto
cuisine,arab,cocina	=	árabe
farmland,arable,tierras de cultivo	=	cultivable
leaf_type,Arbre,tipo_hoja	=	árbol
genus,Arbre␣Sandaré,género	=	Arbre␣Sandaré
ref:type,arbrei,referencia:tipo	=	arbrei
covered,arcade,cubierto	=	arcada
created_by,ArcGIS Exporter,
created_by,ArcGIS␣Exporter,creado por	=	ArcGIS␣Exportador
bridge:structure,arch,puente:estructura	=	arco
natural,arch,natural	=	arco
museum,archaeological,museo	=	arqueológico
historic,archaeological_site,histórico	=	sitio arqueológico
sport,archery,deporte	=	tiro al arco
hazard,archery_range,peligro	=	rango de arquería
man_made,archimedes_screw,hecho por el hombre	=	tornillo de Arquímedes
place,archipelago,lugar	=	archipiélago
office,architect,oficina	=	arquitecto
artwork_type,architecture,tipo de obra de arte	=	arquitectura
man_made,architecture_line,hecho por el hombre	=	línea de arquitectura
amenity,archive,amenidad/servicio	=	archivo
government,archive,gobierno	=	archivo
office,archive,oficina	=	archivo
source:width,ARCore,fuente: ancho	=	ARCore
indoor,area,interior	=	área
place,area,lugar	=	área
type,area,tipo	=	área
visibility,area,visibilidad	=	área
addr:place:en,Area A,
genus,Areca,género	=	Areca
genus,Arecaceae,género	=	arecáceas
species,Arecaceae,especies	=	arecáceas
taxon:family,Arecaceae,taxón: familia	=	arecáceas
leisure,arena,tiempo libre	=	arena
natural,arete,natural	=	areté
military_service,army,servicio militar	=	ejército
aeroway,arresting_gear,vía aérea	=	equipo de arresto
club,art,club	=	Arte
museum,art,museo	=	Arte
shop,art,tienda	=	Arte
training,art,capacitación	=	Arte
vending,art,venta	=	Arte
historic,artifact,histórico	=	artefacto
waterway,artificial,camino acuático	=	artificial
surface,artificial_grass,superficie	=	césped artificial
surface,artificial_turf,superficie	=	césped artificial
NHD:FType,ArtificialPath,NHD: Tipo F	=	camino artificial
gnis:ftype,ArtificialPath,
nhd:ftype,ArtificialPath,
amenity,arts_centre,amenidad/servicio	=	centro_de_las_artes
amenity,artwork,amenidad/servicio	=	obra de arte
tourism,artwork,turismo	=	obra de arte
roof:material,asbestos,techo: material	=	amianto
genus:en,Ash,género: es	=	Ceniza
waste,ash,desperdiciar	=	ceniza
cuisine,asian,cocina	=	asiático
cycleway,asl,carril bici	=	asl
crop,asparagus,cultivo	=	espárragos
crop,aspargus,cultivo	=	espárragos
cycleway:surface,asphalt,ciclovía:superficie	=	asfalto
footway:surface,asphalt,acera:superficie	=	asfalto
roof:material,asphalt,techo: material	=	asfalto
sidewalk:both:surface,asphalt,acera:ambos:superficie	=	asfalto
sidewalk:left:surface,asphalt,
sidewalk:right:surface,asphalt,acera:derecha:superficie	=	asfalto
surface,asphalt,El asfalto es un material viscoso negro pegajoso basado en petróleo comúnmente utilizado para superficies de carreteras | superficie	=	asfalto
industrial,asphalt_plant,industrial	=	planta de asfalto
emergency,assembly_point,emergencia	=	punto de reunión
social_facility,assisted_living,instalaciones_sociales	=	vida asistida
repair,assisted_self_service,reparar	=	autoservicio asistido
type,associated_address,tipo	=	dirección_asociada
type,associatedStreet,tipo	=	calle asociada
office,association,oficina	=	asociación | oficina	=	asociación consumidores
sport,association_football,deporte	=	Asociación de Futbol
observatory:type,astronomical,observatorio:tipo	=	astronómico
design,asymmetric,diseño	=	asimétrico
traffic_sign,AT:52.1,señal de tráfico	=	EN: 52.1
maxspeed,AT:rural,máxima velocidad	=	EN:rural
source:maxspeed,AT:rural,
maxspeed,AT:urban,máxima velocidad	=	EN:urbano
maxspeed:type,AT:urban,
source:maxspeed,AT:urban,
source:maxspeed,AT:zone:30,
maxspeed:type,AT:zone30,
source:maxspeed,AT:zone30,
craft,atelier,artesanía	=	taller
flag:type,athletic,bandera: tipo	=	atlético
sport,athletics,deporte	=	atletismo
sports,athletics,Deportes	=	atletismo
amenity,atm,amenidad/servicio	=	Cajero automático
natural,atoll,natural	=	atolón
place,atoll,lugar	=	atolón
tourism,attraction,turismo	=	atracción
route,atv,ruta	=	Canal de televisión británico
shop,atv,tienda	=	Canal de televisión británico
maxspeed:type,AU:urban,
source:maxspeed,AU:urban,
studio,audio,estudio	=	audio
information,audioguide,información	=	Guia de audio
amenity,audiologist,amenidad/servicio	=	audiólogo
healthcare,audiologist,cuidado de la salud	=	audiólogo
shop,audiologist,tienda	=	audiólogo
government,audit,gobierno	=	auditoría
sport,australian_football,deporte	=	fútbol_australiano
species,australis,especies	=	australiano
transformer,auto,transformador	=	auto
shop,auto_parts,tienda	=	autopartes
industrial,auto_wrecker,industrial	=	camión de auxilio
crossing:activation,automatic,cruce: activación	=	automático
lit,automatic,iluminado	=	automático
seamark:mooring:category,automatic,marca:amarre:categoria	=	automático
level_crossing,automatic_barrier,paso a nivel	=	barrera automatica
club,automobile,club	=	automóvil
transformer,auxiliary,transformador	=	auxiliar
hazard,avalanche,peligro	=	avalancha
hazard_type,avalanche,tipo de peligro	=	avalancha
natural,avalanche_dam,natural	=	presa de avalancha
barrier,avalanche_protection,barrera	=	protección_avalancha
man_made,avalanche_protection,artificial	=	protección_avalancha
tunnel,avalanche_protector,túnel	=	protector_de_avalanchas
amenity,avalanche_transceiver,amenidad/servicio	=	transceptor de avalancha
addr:street:type,Avenue,dirección:calle:tipo	=	Avenida
denotation,avenue,denotación	=	avenida
building:condition,average,edificio: condición	=	promedio
zoo,aviary,zoo	=	pajarera
light_source,aviation,
museum,aviation,museo	=	aviación
training,aviation,capacitación	=	aviación
trees,avocado_trees,árboles	=	arboles_de_aguacate
leisure,axe_throwing,tiempo libre	=	lanzamiento de hacha
pump_mechanism,axial_flow,mecanismo de bomba	=	Flujo axial
railway:vacancy_detection,axle_counter,ferrocarril: detección de vacantes	=	contador de ejes
healthcare:speciality,ayurveda,especialidad:de_salud	=	Ayurveda
species,Azardiraecta␣indica,especies	=	Azardiraecta␣indica
local_ref,B,
ref,B,
shop,baby_care,tienda	=	cuidado del bebé
shop,baby_goods,tienda	=	baby_goods
amenity,baby_hatch,amenidad/servicio	=	escotilla de bebe
piste:grooming,backcountry,pista: preparación	=	travesía
direction,backward,dirección	=	hacia atrás
railway:preferred_direction,backward,ferrocarril: dirección_preferida	=	hacia atrás
railway:signal:direction,backward,
traffic_sign:direction,backward,señal_de_tráfico:dirección	=	hacia atrás
traffic_signals:direction,backward,señales_de_tráfico:dirección	=	hacia atrás
smoothness,bad,suavidad	=	malo
trail_visibility,bad,rastro_visibilidad	=	malo
object:city,Badalona,
sport,badminton,deporte	=	bádminton
shop,bag,tienda	=	bolso
craft,bag_repair,artesanía	=	reparación de bolsas
shop,bag/proposal,tienda	=	bolsa/propuesta
cuisine,bagel,cocina	=	rosquilla
religion,bahai,religión	=	bahai
office,bail_bond_agent,oficina	=	agente de fianzas
government,bailiff,gobierno	=	alguacil
building,bakehouse,edificio	=	panadería
craft,bakery,artesanía	=	panadería
industrial,bakery,industrial	=	panadería
shop,bakery,tienda	=	panadería
amenity,baking_oven,amenidad/servicio	=	horno de cocción
playground,balancebeam,parque infantil	=	barra de equilibrio
building:part,balcony,edificio: parte	=	balcón
valley,balka,Valle	=	balca
valve,ball,válvula	=	bola
sport,balle_pelote,deporte	=	Pelota de baile
trees,banana_plants,árboles	=	plantas_de_banano
crop,bananas,cultivo	=	plátanos
leisure,bandstand,tiempo libre	=	quiosco de música
sport,bandy,deporte	=	hockey con pelota
amenity,bank,"Un banco es una institución financiera que proporciona servicios como depósitos, préstamos, inversiones y asesoramiento financiero | amenidad/servicio	=	banco"
building,bank,edificio	=	banco
denomination,baptist,
amenity,bar,amenidad/servicio	=	bar
barrier,bar,barrera	=	bar
admin_type:PH,barangay,
designation,barangay,designación	=	barangay
cuisine,barbecue,cocina	=	parilla
fence_type,barbed_wire,cerca_tipo	=	alambre_de_púas
landcover,bare_ground,cubierta terrestre	=	suelo_desnudo
natural,bare_rock,natural	=	Roca desnuda
leisure,barefoot,tiempo libre	=	descalzo
crop,barley,cultivo	=	cebada
building,barn,edificio	=	granero
source:ele,barometric,fuente:ele	=	barométrico
building,barrack,edificio	=	barraca
building,barracks,edificio	=	cuartel
military,barracks,militar	=	cuartel
police,barracks,policía	=	cuartel
generator:method,barrage,generador:método	=	bombardeo
design,barrel,diseño	=	barril
seamark:buoy_special_purpose:shape,barrel,seamark:boya propósito especial:forma	=	barril
barrier,barricade,barrera	=	barricada
barrier,barrier_board,barrera	=	tablero de barrera
fence_type,bars,cerca_tipo	=	barras
bridge:movable,bascule,puente: móvil	=	báscula
lifeguard,base,Salvavidas	=	base
military,base,militar	=	base
sport,BASE,deporte	=	BASE
sport,baseball,deporte	=	béisbol
border_type,baseline,tipo de borde	=	base
camp_site,basic,camping	=	básico
shelter_type,basic_hut,refugio_tipo	=	refugio no atendido sin fuego
network:type,basic_network,tipo de red	=	red_básica
landuse,basin,uso del suelo	=	cuenca
man_made,basin,artificial	=	cuenca
water,basin,agua	=	cuenca
disc_golf,basket,disco de golf	=	cesta
craft,basket_maker,artesanía	=	canasta de mercado
sport,basketball,deporte	=	baloncesto
sport,basketball;soccer,deporte	=	baloncesto; fútbol
playground,basketswing,parque infantil	=	columpio de canasta
defensive_works,bastion,obras defensivas	=	bastión
leisure,bathing_place,tiempo libre	=	lugar de baño
shop,bathroom_furnishing,tienda	=	muebles_de_baño
archaeological_site,baths,sitio arqueológico	=	balneario
site_type,baths,tipo de sitio	=	balneario
defensive_works,battery,obras defensivas	=	batería
generator:source,battery,generador:fuente	=	batería
plant:source,battery,planta:fuente	=	batería
sport,batting_cage,deporte	=	jaula de bateo
historic,battlefield,histórico	=	campo de batalla
line,bay,línea	=	bahía
natural,bay,natural	=	bahía
source:en,Bayamon Municipality,
source:en,Bayamón Municipality,
source:en,Bayamon␣Municipality,fuente:es	=	Bayamón␣Municipio
source:en,Bayamón␣Municipality,fuente:es	=	Bayamón␣Municipio
highway,bazaar,autopista	=	bazar
import_uuid,bb7269ee-502a-5391-8056-e3ce0e66489c,import_uuid	=	bb7269ee-502a-5391-8056-e3ce0e66489c
amenity,bbq,amenidad/servicio	=	barbacoa
leisure,bbq,tiempo libre	=	barbacoa
shop,bbq,tienda	=	barbacoa
naptan:StopType,BCT,naftan:StopType	=	BCT
heritage:operator,bda,
source:geometry,BDOrtho IGN,
source:ele,BDOrtho IGN Hydroghaphie,
source:ele,BDOrtho IGN Hydrographie,
source:ele,BDOrtho␣IGN␣Hydroghaphie,fuente:ele	=	BDOrtho␣IGN␣Hydroghaphie
source:ele,BDOrtho␣IGN␣Hydrographie,fuente:ele	=	BDOrtho␣IGN␣Hydrographie
source:building,BDOT,
access,bdouble,acceso	=	bdoble
source:maxspeed,BE-BRU:urban,fuente:maxspeed	=	BE-BRU:urbano
zone:traffic,BE-BRU:urban,zona:tráfico	=	BE-BRU:urbano
cycle_network,BE-VLG:cycle_highway,red de bicicletas	=	BE-VLG:carretera ciclista
source:maxspeed,BE-VLG:rural,fuente:maxspeed	=	BE-VLG:rural
zone:traffic,BE-VLG:rural,zona:tráfico	=	BE-VLG:rural
source:maxspeed,BE-VLG:urban,fuente:maxspeed	=	BE-VLG:urbano
zone:traffic,BE-VLG:urban,zona:tráfico	=	BE-VLG:urbano
source:maxspeed,BE-WAL:rural,fuente:maxspeed	=	BE-WAL:rural
zone:traffic,BE-WAL:rural,zona:tráfico	=	BE-WAL:rural
source:maxspeed,BE-WAL:urban,fuente:maxspeed	=	BE-WAL:urbano
zone:traffic,BE-WAL:urban,zona:tráfico	=	BE-WAL:urbano
source:maxspeed,BE:zone30,
leisure,beach,tiempo libre	=	playa
natural,beach,natural	=	playa
building,beach_hut,edificio	=	cabaña de playa
leisure,beach_resort,ocio	=	balneario
sport,beachvolleyball,deporte	=	voleibol de playa
airmark,beacon,marca aérea	=	Faro
indoormark,beacon,marca de interior	=	Faro
landmark,beacon,punto de referencia	=	Faro
man_made,beacon,artificial	=	Faro
seamark,beacon,marca	=	Faro
survey_point:structure,beacon,punto de encuesta:estructura	=	Faro
seamark:type,beacon_cardinal,marca de mar:tipo	=	beacon_cardenal
seamark:type,beacon_isolated_danger,marca de mar: tipo	=	baliza_aislado_peligro
seamark:type,beacon_lateral,marca de mar: tipo	=	baliza_lateral
seamark:type,beacon_safe_water,marca de mar: tipo	=	baliza de agua segura
seamark:type,beacon_special_purpose,marca de mar: tipo	=	beacon_special_purpose
bridge:structure,beam,puente:estructura	=	haz
man_made,beam,artificial	=	haz
amenity,bear_box,amenidad/servicio	=	caja de oso
shop,beauty,tienda	=	belleza
shop,bed,tienda	=	cama
guest_house,bed_and_breakfast,Casa de invitados	=	cama y desayuno
tourism,bed_and_breakfast,turismo	=	cama y desayuno
natural,bedrock,natural	=	base
cuisine,beef_bowl,cocina	=	tazón de carne
man_made,beehive,hecho por el hombre	=	Colmena
craft,beekeeper,artesanía	=	apicultor
content,beer,contenido	=	cerveza
product,beer,producto	=	cerveza
healthcare:speciality,behavior,sanidad:especialidad	=	conducta
building:colour,beige,
seamark:fog_signal:category,bell,seamark: señal de niebla: categoría	=	campana
inlet,bell_mouth,entrada	=	boca de campana
outlet,bell_mouth,toma de corriente	=	boca de campana
tower:type,bell_tower,torre:tipo	=	campanario
maxheight,below_default,
amenity,bench,amenidad/servicio = banco para sentarse
memorial,bench,monumento	=	mesa de trabajo
type,benchmark,tipo	=	punto de referencia
lamp_mount,bent_mast,montaje_de_lampara	=	mastil_doblado
lamp_mount,bent␣mast,montaje_de_lampara	=	mástil doblado
defensive,bergfried,defensivo	=	bergfried
category,berkad,
barrier,berm,barrera	=	berma
seamark:type,berth,marca de mar:tipo	=	atracar
seamark:restricted_area:restriction,berthing_prohibited,seamark:área restringida:restricción	=	prohibido atracar
seamark:restricted_area:restriction,berthing_restricted,seamark:área restringida:restricción	=	atraque restringido
shop,betting,tienda	=	apuesta
genus,Betula,género	=	Bétula
species,Betula pendula,
species,Betula␣alba,especies	=	Betula␣alba
species,Betula␣papyrifera,especies	=	Betula␣papyrifera
species,Betula␣pendula,especies	=	Betula␣péndula
species,Betula␣sp,especies	=	Betula␣sp
species,Betula␣verrucosa,especies	=	Betula␣verrucosa
species,betulus,especies	=	betulus
shop,beverages,tienda	=	bebidas
wholesale,beverages,mayorista	=	bebidas
maxspeed,BG:urban,máxima velocidad	=	BG:urbano
naptan:PlusbusZoneRef,BHAMNWS,naptán:PlusbusZoneRef	=	BHAMNWS
sport,biathlon,deporte	=	biatlón
club,bicycle,club	=	bicicleta
parking_space,bicycle,plaza de aparcamiento	=	bicicleta
route,bicycle,ruta	=	bicicleta
shop,bicycle,tienda	=	bicicleta
amenity,bicycle_library,amenidad/servicio	=	biblioteca de bicicletas
amenity,bicycle_parking,amenidad/servicio	=	Parking de bicicletas
amenity,bicycle_rental,amenidad/servicio	=	alquiler de bicicletas
shop,bicycle_repair,tienda	=	reparación de bicicletas
amenity,bicycle_repair_station,amenidad/servicio	=	estación_de_reparación_de_bicicletas
amenity,bicycle_trailer_sharing,amenidad/servicio	=	compartir remolque de bicicleta
vending,bicycle_tube,venta	=	bicicleta_tubo
amenity,biergarten,amenidad/servicio	=	biergarten
attraction,big_wheel,atracción	=	rueda grande
site_type,bigstone,tipo de sitio	=	Piedra grande
cycleway,bike_box,carril bici	=	caja de bicicleta
amenity,bike_parking,amenidad/servicio	=	estacionamiento de bicicletas
amenity,bikeshed,amenidad/servicio	=	cobertizo para bicicletas
sport,billards,deporte	=	billar
advertising,billboard,publicidad	=	cartelera
sport,billiards,deporte	=	billar
source:area,Bing,fuente:área	=	Bing
source:building,Bing,fuente:edificio	=	Bing
source:building,bing,
source:geometry,Bing,fuente: geometría	=	Bing
source:geometry,bing,
source:outline,Bing,
source:position,Bing,
source:position,bing,
source:surface,Bing,fuente:superficie	=	Bing
source:position,"bing (0,0)",
source:geometry,Bing 2012,
source:geometry,Bing aerial imagery,
source:position,"bing HR(0,0)",
source:position,bing HR(0;0),
source:position,Bing Imagery,
source:position,"bing(0,0)","fuente:posición	=	bing(0,0)"
source:geometry,Bing+Mapbox,
source:geometry,Bing+Mapbox Sat.,
source:position,bing␣HR(0;0),fuente:posición	=	bing␣HR(0;0)
leisure,bingo_hall,tiempo libre	=	sala de bingo
source:imagery,"BingSat, ESRI, and other open satellite imagery available to OSM as of 2023",
source:imagery,"BingSat, ESRI, and other open satellite imagery available to OSM as of 2024",
source:imagery,"BingSat, ESRI, and other open satellite imagery available to OSM as of 2025",
amenity,binoculars,amenidad/servicio	=	prismáticos
healthcare:speciality,biochemistry,sanidad:especialidad	=	bioquímica
generator:source,biofuel,generador:fuente	=	biocombustible
power_source,biofuel,fuente de alimentación	=	biocombustible
generator:source,biogas,generador:fuente	=	biogás
hazard,biohazard,peligro	=	riesgo biológico
healthcare:speciality,biological_haematology,sanidad:especialidad	=	hematología biológica
healthcare:speciality,biology,sanidad:especialidad	=	biología
generator:source,biomass,generador:fuente	=	biomasa
plant:source,biomass,planta:fuente	=	biomasa
man_made,bioreactor,hecho por el hombre	=	biorreactor
man_made,bioswale,artificial	=	canal biologico
amenity,bird_bath,amenidad/servicio	=	baño de pájaros
man_made,bird_feeder,hecho por el hombre	=	comedero para pájaros
leisure,bird_hide,tiempo libre	=	piel de pájaro
zoo,birds,zoo	=	aves
natural,birds_nest,natural	=	nido de Pájaro
genus:de,Birke,
healthcare,birthing_center,cuidado de la salud	=	centro de maternidad
healthcare,birthing_centre,cuidado de la salud	=	centro de maternidad
surface,bitmac,superficie	=	bitmac
building:colour,black,edificio:color	=	negro
colour,black,color	=	negro
colour:arrow,black,color:flecha	=	negro
colour:text,black,color:texto	=	negro
ref:colour_tx,black,ref:color_tx	=	negro
seamark:beacon_special_purpose:colour,black,seamark:beacon propósito especial:color	=	negro
seamark:buoy_special_purpose:colour,black,seamark:boya propósito especial:color	=	negro
seamark:topmark:colour,black,marca de mar:marca de tope:color	=	negro
seamark:beacon_isolated_danger:colour,black;red;black,"seamark:faro aislado peligro:color	=	negro, rojo, negro"
seamark:buoy_isolated_danger:colour,black;red;black,"marca:boya aislado peligro:color	=	negro, rojo, negro"
seamark:beacon_cardinal:colour,black;yellow,seamark:baliza cardenal:color	=	amarillo negro
seamark:buoy_cardinal:colour,black;yellow,marca:boya cardenal:color	=	amarillo negro
seamark:beacon_cardinal:colour,black;yellow;black,seamark:baliza cardenal:color	=	negro;amarillo;negro
seamark:buoy_cardinal:colour,black;yellow;black,marca:boya cardenal:color	=	negro;amarillo;negro
craft,blacksmith,artesanía	=	herrero
leisure,bleachers,ocio	=	gradas
heritage:operator,BLfD,patrimonio:operador	=	BLfD
school,blind,escuela	=	ciego
barrier,block,barrera	=	bloquear
building:material,block,material de construcción	=	bloquear
place,block,lugar	=	bloquear
railway:signal:main:function,block,
survey_point:structure,block,punto de encuesta:estructura	=	bloquear
addr:block:en,Block 1,
addr:block:en,Block␣1,dirección:bloque:es	=	Bloque␣1
railway,blockpost,ferrocarril	=	poste de bloqueo
amenity,blood_bank,amenidad/servicio	=	Banco de Sangre
healthcare,blood_bank,cuidado de la salud	=	Banco de Sangre
healthcare:speciality,blood_check,sanidad:especialidad	=	análisis de sangre
healthcare,blood_donation,cuidado de la salud	=	donación de sangre
natural,blowhole,natural	=	sopladura
colour,blue,color	=	azul
colour:back,blue,color:espalda	=	azul
light:colour,blue,
seamark:beacon_special_purpose:colour,blue,seamark:beacon propósito especial:color	=	azul
seamark:buoy_special_purpose:colour,blue,seamark:boya propósito especial:color	=	azul
seamark:light:colour,blue,marca:luz:color	=	azul
memorial,blue_plaque,monumento	=	placa_azul
trees,blueberry_plants,árboles	=	blueberry_plants
sinkhole,bluehole,sumidero	=	agujero azul
sport,bmx,deporte	=	bmx
advertising,board,publicidad	=	junta
board_type,board,tipo de placa	=	junta
information,board,información	=	junta
seamark:distance_mark:category,board,marca de mar: marca de distancia: categoría	=	junta
seamark:topmark:shape,board,marca de mar:marca de tope:forma	=	junta
pilotage,boarding_point,pilotaje	=	punto de embarque
bridge,boardwalk,puente	=	paseo marítimo
ford,boat,vado	=	bote
rental,boat,alquiler	=	bote
route,boat,ruta	=	bote
shop,boat,tienda	=	bote
seamark:small_craft_facility:category,boat_hoist,seamark:instalación para embarcaciones pequeñas:categoría	=	polipasto de barco
waterway,boat_lift,camino acuático	=	elevador de barcos
shop,boat_parts,tienda	=	partes del barco
amenity,boat_rental,amenidad/servicio	=	alquiler_de_barcos
shop,boat_repair,tienda	=	reparación de barcos
attraction,boat_ride,atracción	=	paseo en bote
amenity,boat_sharing,amenidad/servicio	=	barco compartido
amenity,boat_storage,amenidad/servicio	=	barco_almacenamiento
craft,boatbuilder,artesanía	=	constructor de botes
building,boathouse,edificio	=	cobertizo
seamark:small_craft_facility:category,boatyard,seamark:instalación para embarcaciones pequeñas:categoría	=	astillero
waterway,boatyard,camino acuático	=	astillero
sport,bobsleigh,deporte	=	bobsleigh
boules,bocce,petanca	=	petanca
healthcare:speciality,body,sanidad:especialidad	=	cuerpo
amenity,body_scale,amenidad/servicio	=	báscula corporal
wetland,bog,humedal	=	pantano
coastline,bogus,línea costera	=	falso
drinking_water,boil,agua potable	=	hervir
generator:type,boiler,generador:tipo	=	caldera
barrier,bollard,barrera	=	noray
bicycle_parking,bollard,Parking de bicicletas	=	noray
seamark:mooring:category,bollard,marca:amarre:categoria	=	noray
addr:city:it,Bolzano,dirección:ciudad:it	=	Bolzano
historic,bomb_crater,histórico	=	cráter_bomba
military,bombcrater,militar	=	cráter de bombas
craft,bookbinder,artesanía	=	encuadernador
shop,bookmaker,tienda	=	corredor de apuestas
shop,books,tienda	=	libros
vending,books,venta	=	libros
barrier,boom,barrera	=	auge
seamark:obstruction:category,boom,marca:obstrucción:categoría	=	auge
covered,booth,cubierto	=	puesto
railway,border,ferrocarril	=	frontera
seamark:topmark:colour_pattern,border,marca de mar: marca de tope: patrón de color	=	frontera
barrier,border_control,barrera	=	control fronterizo
government,border_control,gobierno	=	control fronterizo
boundary,border_zone,Perímetro	=	zona fronteriza
man_made,borehole,artificial	=	pozo
place,borough,lugar	=	ciudad
garden:type,botanical,jardín:tipo	=	botánico
TMC:cid_58:tabcd_1:Direction,both,TMC:cid_58:tabcd_1:Dirección	=	ambas cosas
cycleway,both,carril bici	=	ambas cosas
direction,both,dirección	=	ambas cosas
flow_direction,both,dirección del flujo	=	ambas cosas
footway,both,senda	=	ambas cosas
railway:preferred_direction,both,ferrocarril: dirección_preferida	=	ambas cosas
shoulder,both,hombro	=	ambas cosas
sidewalk,both,acera	=	ambas cosas
survey_point:purpose,both,punto de encuesta: propósito	=	ambas cosas
traffic_signals:direction,both,señales_de_tráfico:dirección	=	ambas cosas
fountain,bottle_refill,fuente	=	recarga de botella
vending,bottle_return,venta	=	devolución de botella
drink:viez,bottled,bebida: viez	=	embotellado
boules,boule_de_fort,petanca	=	bola de fuerte
sport,boules,deporte	=	petanca
type,boundary,tipo	=	Perímetro
historic,boundary_stone,histórico	=	límite_piedra
shop,boutique,tienda	=	boutique
sport,bowling,deporte	=	bolos
leisure,bowling_alley,tiempo libre	=	bolera
sport,bowls,deporte	=	bochas
sport,boxing,deporte	=	boxeo
addr:city:de,Bozen,
survey_point:structure,bracket,punto de encuesta:estructura	=	soporte
line_management,branch,manejo de linea	=	rama
power,branch,poder	=	sucursal
tower:type,branch,torre:tipo	=	sucursal
usage,branch,uso	=	rama
embassy,branch_embassy,embajada	=	sucursal de la embajada
material,brass,material	=	latón
cuisine,brazilian,cocina	=	brasileño
vending,bread,venta	=	pan de molde
cuisine,breakfast,cocina	=	desayuno
cuisine,breakfast;pancake,cocina	=	desayuno; panqueque
man_made,breakwater,artificial	=	rompeolas
seamark:shoreline_construction:category,breakwater,seamark:litoral construcción:categoría	=	rompeolas
landuse,breeding,uso del suelo	=	cría
boules,breton,petanca	=	bretón
building,brewery,edificio	=	cervecería
craft,brewery,artesanía	=	cervecería
industrial,brewery,industrial	=	cervecería
shop,brewing_supplies,tienda	=	suministros de elaboración de cerveza
building:cladding,brick,edificio: revestimiento	=	ladrillo
building:material,brick,material de construcción	=	ladrillo
building:walls,brick,edificio: paredes	=	ladrillo
material,brick,material	=	ladrillo
surface,brick,superficie	=	ladrillo
wall,brick,pared	=	ladrillo
product,bricks,producto	=	ladrillos
surface,bricks,superficie	=	ladrillos
industrial,brickworks,industrial	=	fábrica de ladrillos
industrial,brickyard,industrial	=	fábrica de ladrillos
building,bridge,edificio	=	puente
historic,bridge,histórico	=	puente
location,bridge,localización	=	puente
man_made,bridge,artificial	=	puente
playground,bridge,parque infantil	=	puente
seamark:type,bridge,marca de mar: tipo	=	puente
signal_station,bridge,estación de señales	=	puente
tower:type,bridge,torre:tipo	=	puente
type,bridge,tipo	=	puente
seamark:buoy_lateral:category,bridge_pier,marca:boya lateral:categoria	=	muelle del puente
construction,bridleway,construcción	=	camino de herradura
highway,bridleway,carretera	=	camino de herradura
leaf_type,broadleaved,tipo_hoja	=	de hoja ancha
material,bronze,material	=	bronce
waterway,brook,camino acuático	=	arroyo
amenity,brothel,amenidad/servicio	=	burdel
building:colour,brown,edificio:color	=	marrón
colour,brown,color	=	marrón
landuse,brownfield,uso del suelo	=	zona industrial abandonada
ssr:type,bruk,ssr: tipo	=	Bruk
cuisine,brunch,cocina	=	desalmuerzo
amenity,bts,amenidad/servicio	=	BTS
cuisine,bubble_tea,cocina	=	Té de burbujas
fountain,bubbler,fuente	=	burbujeador
religion,buddhist,religión	=	budista
seamark:landmark:function,buddhist_temple,marca:punto de referencia:función	=	templo budista
import,budovy201004,importar	=	budovy201004
import,budovy201004drev,importar	=	budovy201004drev
railway,buffer_stop,ferrocarril	=	parada_búfer
lane,buffered,carril	=	amortiguado
amenity,buggy_parking,amenidad/servicio	=	estacionamiento de buggy
craft,builder,artesanía	=	constructor
construction,building,
historic,building,histórico	=	edificio
ruins,building,
seamark:type,building,marca de mar:tipo	=	edificio
shelter_type,building,refugio_tipo	=	edificio
surveillance:zone,building,vigilancia: zona	=	edificio
type,building,tipo	=	edificio
shop,building_materials,tienda	=	materiales de construcción
tunnel,building_passage,túnel	=	edificio_pasaje
wholesale,building_services,mayorista	=	servicios de construcción
landuse,building_site,uso del suelo	=	sitio de construcción
trade,building_supplies,comercio	=	materiales de construcción
amenity,building_yard,amenidad/servicio	=	patio de construcción
dataset,buildings,conjunto de datos	=	edificios
dcgis:dataset,buildings,dcgis: conjunto de datos	=	edificios
source:filename,buildings.gml,fuente: nombre de archivo	=	edificios.gml
harbour:category,bulk,puerto:categoría	=	bulto
tiger:upload_uuid,bulk_upload.pl-106854db-ba6b-4a06-906c-108de5574a89,
tiger:upload_uuid,bulk_upload.pl-a63d01ec-aa34-45c6-95e2-2eb9014697f7,
tiger:upload_uuid,bulk_upload.pl-b2892a76-a19b-4e01-b00b-ec3685f89fb9,tigre:upload_uuid	=	carga_bulk.pl-b2892a76-a19b-4e01-b00b-ec3685f89fb9
sport,bullfighting,deporte	=	toreo
hazard,bump,peligro	=	bulto
traffic_calming,bump,calmar el tráfico	=	bulto
barrier,bump_gate,barrera	=	golpe_puerta
building,bungalow,edificio	=	bungalow
house,bungalow,casa	=	bungalow
building,bunker,edificio	=	búnker
golf,bunker,golf	=	búnker
historic,bunker,histórico	=	búnker
military,bunker,militar	=	búnker
man_made,bunker_silo,artificial	=	búnker_silo
seamark:type,bunker_station,marca de mar: tipo	=	estación de búnker
man_made,buoy,hecho por el hombre	=	boya
seamark,buoy,marca	=	boya
seamark:mooring:category,buoy,marca:amarre:categoria	=	boya
seamark:type,buoy_cardinal,marca de mar: tipo	=	boya_cardinal
seamark:type,buoy_installation,marca de mar: tipo	=	instalación de boyas
seamark:type,buoy_isolated_danger,marca de mar: tipo	=	boya peligro aislado
seamark:type,buoy_lateral,marca de mar: tipo	=	boya_lateral
seamark:type,buoy_safe_water,marca de mar:tipo	=	boya_agua_segura
seamark:type,buoy_special_purpose,marca de mar: tipo	=	boya_propósito_especial
amenity,bureau_de_change,amenidad/servicio	=	cambio de moneda
cuisine,burger,cocina	=	hamburguesa
cemetery,burial_forest,cementerio	=	bosque funerario
parking_space,bus,plaza de aparcamiento	=	autobús
route,bus,ruta	=	autobús
route_master,bus,ruta_maestra	=	autobús
service,bus,Servicio	=	autobús
highway,bus_guideway,autopista	=	bus_guideway
amenity,bus_station,amenidad/servicio	=	estación de autobuses
amenity,bus_stop,amenidad/servicio	=	parada de autobús
highway,bus_stop,carretera	=	parada de autobús
road_marking,bus_stop,=
barrier,bus_trap,barrera	=	trampa de autobús
line,busbar,línea	=	barra colectora
power,busbar,poder	=	barra colectora
operator:type,business,
shop,business_machines,tienda	=	maquinas comerciales
artwork_type,bust,tipo de obra de arte	=	busto
memorial,bust,monumento	=	busto
highway,busway,autopista	=	vía de autobús
service,busway,Servicio	=	vía de autobús
shop,butcher,tienda	=	carnicero
wholesale,butcher,mayorista	=	carnicero
natural,butte,natural	=	mota
valve,butterfly,válvula	=	mariposa
zoo,butterfly,zoo	=	mariposa
maxspeed,BY:urban,máxima velocidad	=	POR:urbano
vending,bycicle_tube,venta	=	tubo de bicicleta
construction,byway,construcción	=	camino apartado
designation,byway_open_to_all_traffic,designación	=	camino abierto a todo el tráfico
ewmapa:kod_znakowy,BZO,
ref,C,
KSJ2:curve_id,c00001,
tiger:CLASSFP,C1,tigre: CLASEFP	=	C1
railway:track_class,C3,
building,cabin,edificio	=	cabina
craft,cabinet_maker,artesanía	=	ebanista
power,cable,energía	=	cable
seamark:beacon_special_purpose:category,cable,seamark:beacon propósito especial:categoría	=	cable
seamark:type,cable_area,marca de mar: tipo	=	área de cables
barrier,cable_barrier,barrera	=	cable_barrera
aerialway,cable_car,vía aérea	=	Teleférico
power,cable_distribution,poder	=	distribución_de_cable
power,cable_distribution_cabinet,poder	=	armario_de_distribución_de_cables
seamark:type,cable_overhead,marca de mar:tipo	=	cable_superior
seamark:type,cable_submarine,marca de mar:tipo	=	cable_submarino
bridge:structure,cable-stayed,puente:estructura	=	atirantado
trees,cacao_trees,árboles	=	arboles de cacao
government,cadaster,gobierno	=	catastro
source,cadastre-dgi-fr_source_:_Direction_Générale_des_Finances_Publiques_-_Cadastre_;_mise_à_jour_:_2008,fuente	=	catastro-dgi-fr fuente : Direction Générale des Finances Publiques - Catastro ; puesta al día: 2008
club,cadet,club	=	cadete
amenity,cafe,"Un café es un pequeño restaurante o cafetería que sirve comidas ligeras, aperitivos, café y otras bebidas | amenidad/servicio	=	cafetería"
shop,cafe,tienda	=	cafetería
fast_food,cafeteria,comida rápida	=	cafetería
landmark,cairn,punto de referencia	=	mojón
man_made,cairn,artificial	=	mojón
seamark:beacon_special_purpose:shape,cairn,seamark:beacon propósito especial:forma	=	mojón
seamark:landmark:category,cairn,marca:punto de referencia:categoría	=	mojón
trailblazed,cairns,pionero	=	mojones
cuisine,cake,cocina	=	pastel
natural,caldera,natural	=	caldera
sport,calisthenics,deporte	=	calistenia
office,call_center,oficina	=	centro de llamadas
office,call_centre,oficina	=	centro de llamadas
shop,call_shop,tienda	=	locutorio
species,calleryana,especies	=	calleryana
seamark:type,calling-in_point,marca de mar:tipo	=	punto de llamada
species,Callistemon␣salignus,especies	=	Callistemon␣salignus
species,Callistemon␣viminalis,especies	=	Callistemon␣viminalis
source:hgv:national_network,Caltrans http://www.dot.ca.gov/hq/traffops/trucks/truckmap/,
source:hgv:national_network,Caltrans␣http://www.dot.ca.gov/hq/traffops/trucks/truckmap/,fuente:hgv:red_nacional	=	Caltrans␣http://www.dot.ca.gov/hq/traffops/trucks/truckmap/
genus,Camellia,género	=	Camelia
species,Camellia␣sinensis␣(L.),especies	=	Camelia␣sinensis␣(L.)
species,Camellia␣sinensis␣(L.)␣Kuntze,especies	=	Camellia␣sinensis␣(L.)␣Kuntze
shop,camera,tienda	=	cámara
surveillance:type,camera,vigilancia:tipo	=	cámara
camp_site,camp_pitch,camping	=	campo de campamento
tourism,camp_pitch,turismo	=	camp_pitch
tourism,camp_site,turismo	=	cámping
man_made,campanile,hecho por el hombre	=	campanario
office,camping,oficina	=	cámping
seamark:buoy_cardinal:shape,can,marca de mar: boya cardinal: forma	=	puede
seamark:buoy_isolated_danger:shape,can,marca:boya aislado peligro:forma	=	puede
seamark:buoy_lateral:shape,can,marca:boya lateral:forma	=	puede
seamark:buoy_safe_water:shape,can,marca:boya agua segura:forma	=	puede
seamark:buoy_special_purpose:shape,can,seamark:boya propósito especial:forma	=	puede
crop,cana-de-açúcar,cultivo	=	cana-de-açúcar
sport,canadian_football,deporte	=	fútbol canadiense
landuse,canal,uso del suelo	=	canal
route,canal,ruta	=	canal
tunnel,canal,túnel	=	canal
water,canal,agua	=	canal
waterway,canal,camino acuático	=	canal
NHD:FType,CanalDitch,NHD: Tipo F	=	canalzanja
gnis:ftype,CanalDitch,
sport,candlepin,deporte	=	candelabro
shop,candles,tienda	=	velas
vending,candles,venta	=	velas
shop,cannabis,tienda	=	canabis
historic,cannon,histórico	=	cañón
boat:type,canoe,barco:tipo	=	canoa
route,canoe,ruta	=	canoa
sport,canoe,deporte	=	canoa
amenity,canoe_hire,amenidad/servicio	=	alquiler de canoas
shop,canoe_hire,tienda	=	alquiler de canoas
sport,canoe_polo,deporte	=	polo de canoa
aerialway,canopy,vía aérea	=	pabellón
building,canopy,edificio	=	pabellón
man_made,canopy,artificial	=	pabellón
amenity,canteen,amenidad/servicio	=	cantina
bridge,cantilever,puente	=	viga voladiza
political_division,canton,división política	=	cantón
religion,caodaism,religión	=	caodaísmo
natural,cape,natural	=	capa
shop,car,tienda	=	coche
craft,car_painter,artesanía	=	pintor de coches
shop,car_parts,tienda	=	piezas de automóvil
wholesale,car_parts,mayorista	=	piezas de automóvil
amenity,car_pooling,amenidad/servicio	=	coche_compartido
police,car_pound,policía	=	libra de coche
amenity,car_rental,amenidad/servicio	=	alquiler de coches
amenity,car_repair,amenidad/servicio	=	reparación de autos
craft,car_repair,artesanía	=	reparación de autos
police,car_repair,policía	=	reparación de autos
shop,car_repair,tienda	=	reparación de autos
shop,car_service,tienda	=	Servicio de auto
amenity,car_sharing,amenidad/servicio	=	auto compartido
amenity,car_wash,amenidad/servicio	=	lavado de autos
parking_space,caravan,plaza de aparcamiento	=	caravana
shop,caravan,tienda	=	caravana
tourism,caravan_site,turismo	=	sitio de caravanas
club,card_games,club	=	juegos de cartas
healthcare:speciality,cardiac_surgery,sanidad:especialidad	=	cirugía cardíaca
healthcare:speciality,cardiology,sanidad:especialidad	=	cardiología
healthcare:speciality,cardiothoracic_surgery,sanidad:especialidad	=	cirugía cardiotorácica
port,cargo,Puerto	=	carga
seaway,cargo_port,vía marítima	=	puerto de carga
cuisine,caribbean,cocina	=	caribe
genus,Carica,género	=	carica
species,Carica␣papaya,especies	=	Carica␣papaya
attraction,carousel,atracción	=	carrusel
craft,carpenter,artesanía	=	carpintero
shop,carpet,tienda	=	alfombra
surface,carpet,superficie	=	alfombra
craft,carpet_cleaner,artesanía	=	limpiador de alfombra
man_made,carpet_hanger,hecho por el hombre	=	colgador de alfombras
craft,carpet_layer,artesanía	=	capa de alfombra
amenity,carpet_washing,amenidad/servicio	=	lavado de alfombras
genus,Carpinus,género	=	Carpino
species,Carpinus betulus,
species,Carpinus␣betulus,especies	=	Carpinus␣betulus
species,Carpinus␣betulus␣fastigiata,especies	=	Carpinus␣betulus␣fastigiata
building,carport,edificio	=	cochera
parking,carports,estacionamiento	=	cocheras
room,carrel,habitación	=	rincón en una biblioteca
golf,cartpath,golf	=	camino de carros
amenity,carwash,amenidad/servicio	=	lavado de autos
trees,cashew_trees,árboles	=	anacardos
amenity,casino,amenidad/servicio	=	casino
leisure,casino,tiempo libre	=	casino
crop,cassava,cultivo	=	mandioca
lamp_mount,cast␣steel␣mast,montaje_de_lampara	=	Mástil␣de␣acero␣fundido
description,Castaña,
genus,Castanea,género	=	Castanea
species,Castanea sativa,
species,Castanea␣sativa,especies	=	Castanea␣sativa
building,castle,edificio	=	castillo
historic,castle,histórico	=	castillo
historic,castle_wall,histórico	=	la pared del castillo
wall,castle_wall,pared	=	la pared del castillo
castle_type,castrum,tipo castillo	=	castro
wood,casuarina,madera	=	casuarina
species,Casuarina␣cunninghamiana,especies	=	Casuarina␣cunninghamiana
cuisine,catalan,cocina	=	catalán
genus,Catalpa,género	=	Catalpa
species,Catalpa␣bignonioides,especies	=	Catalpa␣bignonioides
power,catenary_mast,energía	=	catenaria_mástil
craft,caterer,artesanía	=	catering
building,cathedral,edificio	=	catedral
denomination,catholic,
barrier,cattle_grid,barrera	=	rejilla de retención
highway,cattle_grid,autopista	=	rejilla de retención
seamark:type,causeway,marca de mar:tipo	=	calzada elevada
location,cave,localización	=	cueva
natural,cave,natural	=	cueva
natural,cave_entrance,natural	=	cueva_entrada
source:hgv:national_network,"CDOT ""Highway Data Explorer""",
source:hgv:national_network,"CDOT␣""Highway␣Data␣Explorer""","fuente:hgv:red_nacional	=	CDOT␣""Highway␣Data␣Explorer"""
genus,Cedrus,género	=	cedro
species,Cedrus␣atlantica,especies	=	Cedrus␣atlántica
species,Cedrus␣deodara,especies	=	cedro␣deodara
camera:mount,ceiling,
shop,cell_phones,Buscar shop=mobile_phone	=	Buscar shop=mobile_phone
man_made,cellar_entrance,artificial	=	entrada_bodega
genus,Celtis,género	=	celtís
species,Celtis australis,
species,Celtis␣australis,especies	=	Celtis␣australis
species,Celtis␣occidentalis,especies	=	Celtis␣occidentalis
floor:material,cement,piso: material	=	cemento
surface,cement,superficie	=	cemento
building:material,cement_block,material de construcción	=	bloque de cemento
historic,cemetery,histórico	=	cementerio
landmark,cemetery,punto de referencia	=	cementerio
landuse,cemetery,uso del suelo	=	cementerio
seamark:landmark:category,cemetery,marca:punto de referencia:categoría	=	cementerio
memorial,cenotaph,monumento	=	cenotafio
tomb,cenotaph,tumba	=	cenotafio
boundary,census,Perímetro	=	censo
operator:en,Central Japan Railway Company,
building,central_office,edificio	=	oficina central
telecom,central_office,telecomunicaciones	=	oficina central
operator:en,Central␣Japan␣Railway␣Company,operador:es	=	Central␣Japón␣Ferrocarril␣Empresa
education,centre,educación	=	centro
healthcare,centre,cuidado de la salud	=	centro
recycling_type,centre,tipo_de_reciclaje	=	centro
pump_mechanism,centrifugal,mecanismo de bomba	=	centrífugo
addr:suburb,Centro,
building:floor,ceramics,edificio:piso	=	cerámica
shop,ceramics,tienda	=	cerámica
genus,Cerasus,género	=	Ceraso
species,Cerasus␣×␣yedoensis,especies	=	Cerasus␣×␣yedoensis
genus,Cercis,género	=	cercis
species,Cercis␣siliquastrum,especies	=	Cercis␣siliquastrum
crop,cereal,cultivo	=	cereal
man_made,ceremonial_gate,
boundary_name:cs,Česko-německá státní hranice,
seamark:notice:system,cevni,seamark:aviso:sistema	=	cevni
roof:material,cgi,techo: material	=	cgi
barrier,chain,barrera	=	cadena
seamark:mooring:category,chain,marca:amarre:categoria	=	cadena
fence_type,chain_link,cerca_tipo	=	eslabón de la cadena
amenity,chair,amenidad/servicio	=	silla
aerialway,chair_lift,vía aérea	=	telesilla
building,chalet,edificio	=	chalet
tourism,chalet,turismo	=	chalet
genus,Chamaecyparis,género	=	Chamaecyparis
species,Chamaecyparis␣lawsoniana,especies	=	Chamaecyparis␣lawsoniana
government,chamber,gobierno	=	cámara
megalith_type,chamber,tipo de megalito	=	cámara
office,chamber,oficina	=	cámara
seamark:small_craft_facility:category,chandler,seamark:instalación para embarcaciones pequeñas:categoría	=	velero
shop,chandler,tienda	=	velero
amenity,changing_room,amenidad/servicio	=	vestuario
building,changing_rooms,edificio	=	vestuarios
shelter_type,changing_rooms,tipo de refugio	=	vestuarios
seamark:beacon_lateral:category,channel_left,marca:baliza lateral:categoria	=	canal izquierdo
seamark:buoy_lateral:category,channel_left,marca:boya lateral:categoria	=	canal izquierdo
seamark:beacon_lateral:category,channel_left_bank,marca:baliza lateral:categoria	=	margen izquierda del canal
seamark:beacon_lateral:category,channel_right,marca:baliza lateral:categoria	=	canal derecho
seamark:buoy_lateral:category,channel_right,marca:boya lateral:categoria	=	canal derecho
seamark:beacon_lateral:category,channel_right_bank,marca:baliza lateral:categoria	=	margen derecha del canal
seamark:buoy_lateral:category,channel_separation,marca:boya lateral:categoria	=	separación de canales
building,chapel,edificio	=	capilla
seamark:landmark:function,chapel,marca:punto de referencia:función	=	capilla
source:addr,Chapel Hill Open Data,
product,charcoal,producto	=	carbón
historic,charcoal_pile,histórico	=	pila_de_carbon_
man_made,charge_point,
parking_space,charging,plaza de aparcamiento	=	cargando
amenity,charging_station,amenidad/servicio	=	Estación de carga
amenity,charging_station/Tesla_Motors,amenidad/servicio	=	estación de carga/Tesla Motors
office,charity,oficina	=	caridad
shop,charity,tienda	=	caridad
source:addr,Chatham County GIS,
barrier,chech_hedgehog,barrera	=	erizo chech
valve,check,válvula	=	controlar
waterway,check_dam,camino acuático	=	presa de control
amenity,checkpoint,amenidad/servicio	=	control
military,checkpoint,militar	=	control
police,checkpoint,policía	=	control
seamark:type,checkpoint,marca de mar:tipo	=	control
craft,cheese,artesanía	=	queso
shop,cheese,tienda	=	queso
utility,chemical,utilidad	=	químico
shop,chemist,tienda	=	químico
vending,chemist,venta	=	químico
trees,cherry_trees,árboles	=	cerezos
club,chess,club	=	ajedrez
sport,chess,deporte	=	ajedrez
vending,chewing_gums,venta	=	chicles
seamark:radio_station:category,chiaka,seamark:emisora de radio:categoria	=	Chiaka
barrier,chicane,barrera	=	crítica
traffic_calming,chicane,calmar el tráfico	=	crítica
cuisine,chicken,cocina	=	pollo
building,chicken_coop,edificio	=	gallinero
social_facility:for,child,social_facility:para	=	niño
healthcare:speciality,child_psychiatry,sanidad:especialidad	=	psiquiatría infantil
amenity,childcare,amenidad/servicio	=	cuidado de niños
hazard,children,peligro	=	niños
museum,children,museo	=	niños
man_made,chiller,artificial	=	enfriador
landmark,chimney,punto de referencia	=	Chimenea
man_made,chimney,artificial	=	Chimenea
seamark:landmark:category,chimney,marca:punto de referencia:categoría	=	Chimenea
craft,chimney_sweeper,artesanía	=	deshollinador
cuisine,chinese,cocina	=	chino
religion,chinese_folk,religión	=	folklore chino
sport,chinlone,deporte	=	barbilla
surface,chipseal,superficie	=	sello de chip
healthcare:speciality,chiropractic,sanidad:especialidad	=	quiropráctica
shop,chocolate,tienda	=	chocolate
traffic_calming,choked_island,calmar el tráfico	=	isla ahogada
traffic_calming,choked_table,calmar el tráfico	=	mesa ahogada
traffic_calming,choker,calmar el tráfico	=	gargantilla
health_facility:MG,CHRD,centro de salud:MG	=	CRD
religion,christian,religión	=	cristiano
type,chronology,tipo	=	cronología
health_facility:MG,CHRR,centro de salud:MG	=	CHRR
health_facility:MG,CHU,centro de salud:MG	=	CHU
building,church,edificio	=	iglesia
historic,church,histórico	=	iglesia
seamark:landmark:function,church,marca:punto de referencia:función	=	iglesia
landuse,churchyard,uso del suelo	=	cementerio
cuisine,churro,cocina=churros ( churrería )
man_made,chute_block,hecho por el hombre	=	bloque de rampa
building:material,CI␣sheet,material de construcción	=	hoja CI␣
vending,cigarettes,venta	=	cigarrillos
waste,cigarettes,desperdiciar	=	cigarrillos
cemetery,cillín,cementerio	=	cillín
building:material,ciment_block,material de construcción	=	ciment_block
ref:opendataparis:domanialit,CIMETIERE,ref:opendataparis:domanialit	=	CIMETIERE
amenity,cinema,amenidad/servicio	=	cine
turning_circle,circle,
political_division,circonscription_législative,división política	=	circunscripción legislativa
power,circuit,poder	=	circuito
switch,circuit_breaker,cambiar	=	cortacircuitos
power,circuit_segment,poder	=	segmento de circuito
junction,circular,unión	=	circular
radio_transponder:category,circular,transpondedor de radio:categoría	=	circular
shape,circular,
megalith_type,cist,tipo de megalito	=	tumba
castle_type,citadel,tipo castillo	=	ciudadela
genus,Citrus,género	=	Agrios
species,Citrus␣×␣aurantium,especies	=	Cítricos␣×␣aurantium
species,Citrus␣×sinensis,especies	=	Cítricos␣×sinensis
species,Citrus␣aurantium,especies	=	Citrus␣aurantium
archaeological_site,city,sitio arqueológico	=	ciudad
border_type,city,border_type	=	ciudad
map_size,city,
place,city,lugar	=	ciudad
site_type,city,tipo de sitio	=	ciudad
townhall:type,city,ayuntamiento:tipo	=	ciudad
place,city_block,lugar	=	Manzana de la ciudad
historic,city_gate,histórico	=	puerta de la ciudad
traffic_sign,city_limit,señal de tráfico	=	límite de la ciudad
barrier,city_wall,barrera	=	Muralla
historic,city_wall,histórico	=	Muralla
amenity,citymap_post,amenidad/servicio	=	publicación del mapa de la ciudad
historic,citywalls,histórico	=	paredes de la cuidad
building,civic,edificio	=	cívico
landuse,civic_admin,uso del suelo	=	administrador cívico
boundary,civil,Perímetro	=	civil
boundary,civil_parish,Perímetro	=	parroquia civil
designation,civil_parish,designacion	=	parroquia civil
place,civil_parish,lugar	=	parroquia civil
man_made,clarifier,hecho por el hombre	=	clarificador
room,class,habitación	=	clase
piste:grooming,classic,pista: preparación	=	clásico
piste:grooming,classic;skating,pista: preparación	=	clásico; patinaje
piste:grooming,classic+skating,pista: preparación	=	patinaje+clasico
building:material,clay,material de construcción	=	arcilla
surface,clay,superficie	=	arcilla
odbl,clean,odbl	=	limpio
craft,cleaning,artesanía	=	limpieza
man_made,clearcut,artificial	=	claro
landuse,clearing,uso del suelo	=	claro
natural,cliff,natural	=	acantilado
sport,cliff_diving,deporte	=	salto de acantilado
LINZ:layer,cliff_edge,LINZ:capa	=	borde del acantilado
natural,cliff/Archive/Proposal,natural	=	acantilado/Archivo/Propuesta
sport,climbing,deporte	=	escalada
sport,climbing_adventure,deporte	=	escalada_aventura
playground,climbingframe,parque infantil	=	columpio
playground,climbingwall,parque infantil	=	muro de escalada
amenity,clinic,amenidad/servicio	=	clínica
building,clinic,edificio	=	clínica
healthcare,clinic,cuidado de la salud	=	clínica
healthcare:speciality,clinic,especialidad:de_salud	=	clínica
healthcare:speciality,clinical_pathology,sanidad:especialidad	=	patologia clinica
amenity,cloakroom,amenidad/servicio	=	guardarropa
amenity,clock,amenidad/servicio	=	reloj
craft,clockmaker,artesanía	=	relojero
direction,clockwise,dirección	=	agujas del reloj
turn_to_close,clockwise,girar para cerrar	=	agujas del reloj
operational_status,closed,estado operativo	=	cerrado
operational_status_quality,closed,estado_operativo_calidad	=	cerrado
rental,clothes,alquiler	=	ropa
shop,clothes,tienda	=	ropa
wholesale,clothes,mayorista	=	ropa
amenity,clothes_dryer,amenidad/servicio	=	secadora de ropa
social_facility,clothing_bank,instalación social	=	banco de ropa
natural,cloud,natural	=	nube
amenity,club,amenidad/servicio	=	club
leisure,club,tiempo libre	=	club
community_centre,club_home,centro Comunitario	=	casa club
leisure,club_house,tiempo libre	=	casa club
amenity,clubhouse,amenidad/servicio	=	casa club
golf,clubhouse,golf	=	casa club
denotation,cluster,denotación	=	grupo
source:postal_code,CNEFE,fuente: código_postal	=	CNEFE
source:damage:Chido,CNES / Airbus,
substance,CNG,sustancia	=	GNC
route,coach,ruta	=	entrenador
generator:source,coal,generador:fuente	=	carbón
plant:source,coal,planta:fuente	=	carbón
power_source,coal,fuente de alimentación	=	carbón
resource,coal,recurso	=	carbón
amenity,coast_guard,amenidad/servicio	=	guardacostas
emergency,coast_guard,emergencia	=	guardacostas
military_service,coast_guard,servicio militar	=	guardacostas
amenity,coast_radar_station,amenidad/servicio	=	estación de radar costera
radio_transponder:category,coast_radio,transpondedor de radio:categoría	=	radio de la costa
seamark:type,coastguard_station,marca de mar:tipo	=	estación de guardacostas
natural,coastline,natural	=	línea costera
telecom:medium,coaxial,telecomunicaciones: medio	=	coaxial
surface,cobblestone,superficie	=	guijarro
surface,cobblestone:flattened,superficie	=	adoquín: aplanado
sport,cockfighting,deporte	=	pelea de gallos
trees,coconut_palms,árboles	=	palmeras_de_coco
genus,Cocos,género	=	Cocos
species,Cocos nucifera,
species,Cocos␣nucifera,especies	=	Cocos␣nucifera
species,Cocos␣nucifera␣L.,especies	=	Cocos␣nucifera␣L.
source:addr:postcode,code-point_open,fuente:dirección:código postal	=	código-punto_abierto
genus,Coffea,género	=	Café
trees,coffea_plants,árboles	=	cafe_plantas
crop,coffee,cultivo	=	café
shop,coffee,tienda	=	café
vending,coffee,venta	=	café
cuisine,coffee_shop,cocina	=	cafetería
vending,coin_change_machine,venta	=	máquina de cambio de moneda
vending,coin_rolls,venta	=	rollos de monedas
natural,col,natural	=	columna
building,collapsed,edificio	=	colapsado
type,collection,tipo	=	recopilación
shop,collector,tienda	=	coleccionista
amenity,college,amenidad/servicio	=	colega
building,college,edificio	=	colega
school:MG,collège,escuela:MG	=	facultad
covered,colonnade,cubierto	=	columnata
lit:perceived,colorless,encendido: percibido	=	incoloro
tomb,columbarium,tumba	=	palomera
advertising,column,publicidad	=	columna
building:part,column,edificio: parte	=	columna
indoor,column,interior	=	columna
man_made,column,artificial	=	columna
seamark:landmark:category,column,marca:punto de referencia:categoría	=	columna
species,colurna,especies	=	columna
generator:type,combined_cycle,generador:tipo	=	ciclo combinado
plant:type,combined_cycle,planta: tipo	=	ciclo combinado
generator:method,combustion,generador:método	=	combustión
plant:method,combustion,planta:método	=	combustión
mechanical_driver,combustion_engine,conductor mecanico	=	motor de combustión
books,comic,libros	=	cómic
building,commercial,"Un edificio comercial es una estructura utilizada para actividades empresariales, oficinas y operaciones comerciales | edificio	=	comercial"
building:part,commercial,
building:use,commercial,edificio:uso	=	comercial
landuse,commercial,"El uso comercial del suelo designa áreas para actividades empresariales, comercio, oficinas y desarrollo comercial | uso del suelo	=	comercial"
message,commercial,mensaje	=	comercial
mooring,commercial,amarradero	=	comercial
type,commercial,tipo	=	comercial
seamark:radio_station:category,commercial_broadcast,seamark:emisora de radio:categoria	=	transmisión comercial
building,commercial;residential,edificio	=	residencial comercial
designation,common,designación	=	común
leisure,common,ocio	=	común
industrial,communication,industrial	=	comunicación
shop,communication,Buscar shop=telecommunication	=	Buscar shop=telecommunication
tower:type,communication,torre:tipo	=	comunicación
seamark:type,communication_area,marca de mar:tipo	=	área de comunicación
man_made,communications_tower,artificial	=	torre_de_comunicaciones
garden:type,community,
healthcare:speciality,community,sanidad:especialidad	=	comunidad
operator:type,community,operador: tipo	=	comunidad
amenity,community_centre,amenidad/servicio	=	centro Comunitario
building,community_group_office,edificio	=	oficina_del_grupo_comunitario
healthcare,community_health_worker,cuidado de la salud	=	trabajador comunitario de la salud
service,commuter,Servicio	=	viajero diario al trabajo
surface,compacted,superficie	=	comprimido
office,company,oficina	=	empresa
man_made,compass_rose,hecho por el hombre	=	Rosa de los vientos
substation,compensation,subestación	=	compensación
power,compensator,poder	=	compensador
coastline:survey_quality,complete,litoral:calidad de levantamiento	=	completo
material,composite,material	=	compuesto
amenity,compressed_air,amenidad/servicio	=	aire comprimido
substation,compression,subestación	=	compresión
club,computer,club	=	computadora
shop,computer,tienda	=	computadora
training,computer,capacitación	=	computadora
prison_camp,concentration_camp,campo de prisioneros	=	campo de concentración
amenity,concert_hall,amenidad/servicio	=	sala de conciertos
theatre:type,concert_hall,teatro:tipo	=	sala de conciertos
amenity,concession_stand,amenidad/servicio	=	puesto de comida
building:material,concrete,material de construcción	=	concreto
building:roof,concrete,edificio: techo	=	concreto
fence_type,concrete,cerca_tipo	=	concreto
material,concrete,material	=	concreto
product,concrete,producto	=	hormigón
roof:material,concrete,techo: material	=	concreto
sidewalk:both:surface,concrete,
surface,concrete,"El hormigón es un material compuesto duro y duradero hecho de cemento, áridos y agua, utilizado para diversas superficies | superficie	=	concreto"
wall,concrete,pared	=	hormigón
wall:material,concrete,pared: material	=	concreto
building:material,concrete masonry unit,
wall,concrete_block,pared	=	bloque de concreto
industrial,concrete_plant,industrial	=	planta concreta
building:material,concrete_reinforced,material de construcción	=	concreto_reforzado
building:material,concrete;brick,material de construcción	=	hormigón; ladrillo
surface,concrete:lanes,superficie	=	concreto:carriles
surface,concrete:plates,superficie	=	hormigón:placas
building:material,concrete␣masonry␣unit,material de construcción	=	unidad␣de␣mampostería␣de␣concreto
building,condominium,edificio	=	condominio
residential,condominium,Residencial	=	condominio
vending,condoms,venta	=	condones
seamark:topmark:shape,cone,marca de mar:marca de tope:forma	=	cono
seamark:topmark:shape,"cone, point up",
seamark:topmark:shape,"cone,_point_down","marca de mar:marca de tope:forma	=	cono, apuntar hacia abajo"
seamark:topmark:shape,"cone,_point_up","marca de mar:marca de tope:forma	=	cono, apuntar hacia arriba"
seamark:topmark:shape,"cone,␣point␣up","marca de mar:marca de tope:forma	=	cono,␣punta␣hacia arriba"
craft,confectionery,artesanía	=	confitería
shop,confectionery,tienda	=	confitería
amenity,conference_centre,amenidad/servicio	=	centro de conferencias
building:structure,confined_masonary,Estructura de construcción	=	confinado_masonario
building:structure,confined_masonry,Estructura de construcción	=	mampostería confinada
operational_status_quality,confirmed,estado_operacional_calidad	=	confirmado
religion,confucian,religión	=	confuciano
political_division,congressional_district,división política	=	distrito congresual
seamark:buoy_cardinal:shape,conical,marca de mar: boya cardinal: forma	=	cónico
seamark:buoy_isolated_danger:shape,conical,marca:boya aislado peligro:forma	=	cónico
seamark:buoy_lateral:shape,conical,marca:boya lateral:forma	=	cónico
seamark:buoy_safe_water:shape,conical,marca:boya agua segura:forma	=	cónico
seamark:buoy_special_purpose:shape,conical,seamark:boya propósito especial:forma	=	cónico
wood,coniferous,madera	=	conífero
piste:type,connection,pista: tipo	=	conexión
power,connection,poder	=	conexión
telecom,connection_point,telecomunicaciones	=	punto de conexión
type,connectivity,tipo	=	conectividad
landuse,conservation,uso del suelo	=	conservación
denomination,conservative,denominación	=	conservador
building,conservatory,edificio	=	conservatorio
radio_transponder:category,consol,transpondedor de radio:categoría	=	consolar
seamark:conspicuity,conspicious,marca: visibilidad	=	conspicuo
seamark:conspicuity,conspicuous,marca: visibilidad	=	conspicuo
seamark:landmark:conspicuity,conspicuous,marca:punto de referencia:conspicuidad	=	conspicuo
building,constructie,edificio	=	constructivo
building,construction,edificio	=	construcción
company,construction,empresa	=	construcción
highway,construction,carretera	=	construcción
landuse,construction,uso del suelo	=	construcción
railway,construction,ferrocarril	=	construcción
waterway,construction,camino acuático	=	construcción
industrial,construction_company,industrial	=	compañía de construcción
office,construction_company,oficina	=	compañía de construcción
consulate,consular_agency,consulado	=	agencia consular
consulate,consular_office,consulado	=	oficina consular
amenity,consulate,amenidad/servicio	=	consulado
diplomatic,consulate,diplomático	=	consulado
consulate,consulate_general,consulado	=	consulado general
diplomatic,consulate_general,diplomático	=	consulado general
office,consulting,oficina	=	consultante
vending,contact_lenses,venta	=	lentes de contacto
construction:electrified,contact_line,construcción: electrificado	=	línea_de_contacto
electrified,contact_line,electrificado	=	línea_de_contacto
proposed:electrified,contact_line,propuesto: electrificado	=	línea_de_contacto
building,container,edificio	=	envase
cargo,container,carga	=	envase
harbour:category,container,puerto:categoría	=	envase
recycling_type,container,tipo_de_reciclaje	=	envase
type,container,tipo	=	envase
railway,container_terminal,ferrocarril	=	contenedor terminal
hazard,contamination,peligro	=	contaminación
border_type,contiguous,tipo de borde	=	contiguo
place,continent,lugar	=	continente
todo,continue,que hacer	=	Seguir
border_type,continuous,tipo de borde	=	continuo
railway:rail,continuous,ferrocarril:carril	=	continuo
traffic_signals,continuous_green,Señales de tráfico	=	verde continuo
tactile_paving,contrasted,
emergency,control_centre,emergencia	=	centro de control
seamark:type,control_point,marca de mar:tipo	=	punto de control
shop,convenience,tienda	=	conveniencia
shop,convenience;gas,tienda	=	conveniencia; gas
building,convent,edificio	=	convento
amenity,convention_centre,amenidad/servicio	=	Centro de convención
power,converter,poder	=	convertidor
substation,converter,subestación	=	convertidor
transformer,converter,transformador	=	convertidor
comment,convertido a OSM usando http://GaleNUx.com,
comment,convertido␣a␣OSM␣usando␣http://GaleNUx.com,comentario	=	convertido␣a␣OSM␣usando␣http://GaleNUx.com
highway,conveyor,autopista	=	transportador
seamark:type,conveyor,marca de mar:tipo	=	transportador
basin,cooling,cuenca	=	enfriamiento
man_made,cooling,artificial	=	enfriamiento
tower:type,cooling,torre:tipo	=	enfriamiento
man_made,cooling_tower,artificial	=	Torre de enfriamiento
craft,cooper,artesanía	=	cobre
office,cooperative,oficina	=	cooperativa
building:material,copper,material de construcción	=	cobre
roof:material,copper,techo: material	=	cobre
telecom:medium,copper,telecomunicaciones: medio	=	cobre
shop,copyshop,tienda	=	copistería
reef,coral_reef,
species,cordata,especies	=	cordata
designation,core_path,designación	=	ruta principal
crop,corn,cultivo	=	maíz
highway,corridor,carretera	=	corredor
indoor,corridor,interior	=	corredor
room,corridor,habitación	=	corredor
genus,Corylus,género	=	corilo
species,Corylus colurna,
species,Corylus␣colurna,especies	=	Corylus␣columna
species,Corymbia␣maculata,especies	=	Corymbia␣maculata
beauty,cosmetics,belleza	=	cosméticos
shop,cosmetics,tienda	=	productos cosméticos
wholesale,cosmetics,mayorista	=	productos cosméticos
natural,couloir,natural	=	abismo
healthcare,counselling,cuidado de la salud	=	asesoramiento
place,country,lugar	=	país
shop,country_store,tienda	=	país_tienda
border_type,county,border_type	=	condado
place,county,lugar	=	condado
barrier,coupure,barrera	=	cupure
amenity,courier,amenidad/servicio	=	mensajero
office,courier,oficina	=	mensajero
amenity,courthouse,amenidad/servicio	=	palacio de justicia
man_made,courtyard,artificial = patio | claustro
cuisine,couscous,cocina	=	cuscús
bridge,covered,puente	=	cubierto
tunnel,covered,túnel	=	cubierto
seamark:rock:water_level,covers,
healthcare:speciality,covid19,especialidad:de_salud	=	COVID-19
vaccination,covid19,vacunación	=	COVID-19
office,coworking,oficina	=	trabajo colaborativo
amenity,coworking_space,amenidad/servicio	=	espacio de trabajo conjunto
building,cowshed,edificio	=	establo
shop,craft,tienda	=	artesanía
source:geometry,CRAIG 2019 imagery,
crop,cranberries,cultivo	=	arándanos
man_made,crane,artificial	=	grua
seamark:type,crane,marca de mar:tipo	=	grua
handle,crank,manejar	=	manivela
archaeological_site,crannog,sitio arqueológico	=	crannog
site_type,crannog,tipo de sitio	=	crannog
genus,Crataegus,género	=	Crataegus
species,Crataegus␣monogyna,especies	=	Crataegus␣monogyna
natural,crater,natural	=	cráter
historic,creamery,histórico	=	lechería
amenity,crematorium,amenidad/servicio	=	crematorio
amenity,crematory,amenidad/servicio	=	crematorio
cuisine,crepe,cocina	=	crepe
natural,crevasse,natural	=	grieta
sport,cricket,deporte	=	Grillo
man_made,cricket_nets,hecho por el hombre	=	redes de cricket
sport,cricket_nets,deporte	=	redes_cricket
content,crop,contenido	=	cultivo
sport,croquet,deporte	=	juego de croquet
landmark,cross,punto de referencia	=	cruzar
line_management,cross,manejo de linea	=	cruzar
man_made,cross,artificial	=	cruz
memorial,cross,monumento	=	cruzar
seamark:landmark:category,cross,marca:punto de referencia:categoría	=	cruzar
seamark:topmark:shape,cross,marca de mar:marca de tope:forma	=	cruzar
athletics,cross_country,atletismo	=	a campo traviesa
telecom,cross-connect,telecomunicaciones	=	conexión cruzada
mtb:type,crosscountry,mtb: tipo	=	a campo traviesa
sport,crossfit,deporte	=	crossfit
cycleway,crossing,carril bici	=	cruce
footway,crossing,senda	=	cruce
highway,crossing,carretera	=	cruce
junction,crossing,unión	=	cruce
path,crossing,sendero	=	cruce
railway,crossing,ferrocarril	=	cruce
tower:type,crossing,torre:tipo	=	cruce
railway,crossing_box,ferrocarril	=	caja de cruce
railway,crossing_controller,ferrocarril	=	controlador de cruce
railway,crossover,ferrocarril	=	Transversal
service,crossover,Servicio	=	Transversal
seamark:beacon_lateral:category,crossover_left,marca:baliza lateral:categoria	=	cruzado a la izquierda
seamark:beacon_lateral:category,crossover_right,marca:baliza lateral:categoria	=	cruce derecho
amenity,crucifix,amenidad/servicio	=	crucifijo
mooring,cruise,amarradero	=	crucero
seaway,cruise_port,vía marítima	=	puerto de cruceros
amenity,crypt,amenidad/servicio	=	cripta
tomb,crypt,tumba	=	cripta
species,Cryptomeria␣japonica,especies	=	Cryptomeria␣japonica
health_facility:MG,CSB1,centro de salud:MG	=	CSB1
health_facility:MG,CSB2,centro de salud:MG	=	CSB2
source:data,cugir.library.cornell.edu & gis.ny.gov/gisdata,
source:data,cugir.library.cornell.edu␣&␣gis.ny.gov/gisdata,datos fuente	=	cugir.library.cornell.edu␣&␣gis.ny.gov/gisdata
government,culture,gobierno	=	cultura
amenity,culture_center,amenidad/servicio	=	Centro cultural
tunnel,culvert,túnel	=	alcantarilla
genus,Cupressus,género	=	cupreso
species,Cupressus sempervirens,
species,Cupressus␣sempervirens,especies	=	Cupressus␣sempervirens
barrier,curb,barrera	=	frenar
sport,curling,deporte	=	curling
cuisine,curry,cocina	=	curry
shop,curtain,tienda	=	cortina
hazard,curve,peligro	=	curva
hazard,curves,peligro	=	curvas
naptan:BusStopType,CUS,naptan:BusStopType	=	EE.UU.
traffic_calming,cushion,calmar el tráfico	=	almohadón
car:parts,custom,piezas de automóvil	=	disfraz
motorcycle_friendly,customary,apto para motocicletas	=	acostumbrado
access,customers,acceso	=	clientes
bicycle,customers,bicicleta	=	clientes
foot,customers,pie	=	clientes
internet_access:fee,customers,internet_access:tarifa	=	clientes
motor_vehicle,customers,Vehículo de motor	=	clientes
parking_space,customers,plaza de aparcamiento	=	clientes
toilets:access,customers,aseos:acceso	=	clientes
vehicle,customers,vehículo	=	clientes
amenity,customs,amenidad/servicio	=	aduanas
government,customs,gobierno	=	aduanas
survey_point:structure,cut,punto de encuesta:estructura	=	Corte
man_made,cut_line,hecho por el hombre	=	línea de corte
man_made,cutline,artificial	=	línea de corte
source:addr,cuzk:ruian,fuente: dirección	=	cuzk:ruian
sport,cycle_ball,deporte	=	bola de ciclo
barrier,cycle_barrier,barrera	=	ciclo_barrera
cycle_network,cycle_highway,red de bicicletas	=	ciclovía
sport,cycle_polo,deporte	=	polo ciclista
area:highway,cycleway,zona:carretera	=	carril bici
construction,cycleway,construcción	=	carril bici
highway,cycleway,"Un carril bici es una carretera o camino específicamente designado para tráfico de bicicletas, separado de los carriles de vehículos motorizados | carretera	=	carril bici"
highway,cycleway_link,autopista	=	enlace de carril bici
sport,cycling,deporte	=	ciclismo
hazard,cyclists,peligro	=	ciclistas
seamark:topmark:shape,cylinder,marca de mar:marca de tope:forma	=	cilindro
light:shape,cylindrical,luz:forma	=	cilíndrico
maxspeed,CZ:urban,máxima velocidad	=	CZ:urbano
maxspeed:type,CZ:urban,
source:maxspeed,CZ:urban,
barrier,czech_hedgehog,barrera	=	erizo checo
tank_trap,czech_hedgehog,trampa de tanque	=	erizo checo
bmo:type,D,bmo: tipo	=	D
ref,D,
railway:track_class,D3,
railway:track_class,D4,ferrocarril: track_class	=	D4
species,dactylifera,especies	=	dactilolifera
source:description,dadosabertos.cm-lisboa.pt,
shop,dairy,tienda	=	lácteos
building,dam,edificio	=	represa
seamark:type,dam,marca de mar:tipo	=	represa
waterway,dam,camino acuático	=	presa
building,damaged,edificio	=	dañado
hazard,damaged_road,peligro	=	camino dañado
wetland,dambo,humedal	=	dambo
leisure,dance,tiempo libre	=	bailar
leisure,dancing,tiempo libre	=	baile
sport,dancing,deporte	=	baile
amenity,dancing_school,amenidad/servicio	=	escuela de baile
military,danger_area,militar	=	peligro_area
seamark:beacon_lateral:category,danger_left,marca:baliza lateral:categoria	=	peligro dejado
seamark:buoy_lateral:category,danger_left,marca:boya lateral:categoria	=	peligro dejado
seamark:beacon_lateral:category,danger_right,marca:baliza lateral:categoria	=	peligro derecho
seamark:buoy_lateral:category,danger_right,marca:boya lateral:categoria	=	peligro derecho
seamark:wreck:category,dangerous,marca:naufragio:categoría	=	peligroso
hazard,dangerous_junction,peligro	=	cruce peligroso
sport,darts,deporte	=	dardos
road_marking,dash,=
road_marking,dashed_crossing_edge,=
road_marking,dashed_give_way_line,=
crossing:markings,dashes,
building,data_center,edificio	=	centro de datos
telecom,data_center,telecomunicaciones	=	centro de datos
building,data_centre,edificio	=	centro de datos
industrial,data_centre,industrial	=	centro de datos
telecom,data_centre,telecomunicaciones	=	centro de datos
government,data_protection,gobierno	=	protección de Datos
source:heritage,"data.gouv.fr, Ministère de la Culture - 2016",
source:heritage,"data.gouv.fr,␣Ministère␣de␣la␣Culture␣-␣2016","fuente: herencia	=	data.gouv.fr,␣Ministère␣de␣la␣Culture␣-␣2016"
source:name,data.gov.au,
source:name,data.sa.gov.au,
telecom,datacenter,telecomunicaciones	=	centro de datos
addr:postcode:source,"Date de la Poșta Română, publicate sub Licența pentru Guvernare Deschisă v1.0 la http://date.gov.ro/organization/posta-romana",
trees,date_palms,árboles	=	palmeras datileras
seamark:light:exhibition,day,marca:luz:exposición	=	día
social_facility,day_care,instalaciones_sociales	=	guardería
lit:perceived,daylike,encendido: percibido	=	diurno
seamark:type,daymark,marca de mar: tipo	=	marca de día
object:country,DE,objeto:país	=	Delaware
network:guid,DE-BW-VRN,
network:guid,DE-BY-MVV,
railway:signal:main:substitute_signal,DE-ESO:db:zs1,
railway:signal:main,DE-ESO:hp,ferrocarril:señal:principal	=	DE-ESO:hp
railway:signal:minor:states,DE-ESO:hp0;DE-ESO:sh1,ferrocarril:señal:menor:estados	=	DE-ESO:hp0;DE-ESO:sh1
railway:signal:combined,DE-ESO:ks,
railway:signal:distant,DE-ESO:ks,
railway:signal:main,DE-ESO:ks,
railway:signal:distant:states,DE-ESO:ks1;DE-ESO:ks2,
railway:signal:speed_limit,DE-ESO:lf7,ferrocarril:señal:speed_limit	=	DE-ESO:lf7
railway:signal:traversable,DE-ESO:mastschild_rot-weiss,
railway:signal:minor,DE-ESO:sh,ferrocarril:señal:menor	=	DE-ESO:sh
railway:signal:minor,DE-ESO:sh1,
railway:signal:distant,DE-ESO:vr,ferrocarril:señal:distante	=	DE-ESO:vr
railway:signal:speed_limit,DE-ESO:zs3,ferrocarril:señal:speed_limit	=	DE-ESO:zs3
railway:signal:speed_limit_distant,DE-ESO:zs3v,
zone:maxspeed,DE:30,
traffic_sign:backward,DE:325.1,señal de tráfico: al revés	=	DE:325.1
traffic_sign:forward,DE:325.1,señal de tráfico: adelante	=	DE:325.1
traffic_sign:backward,DE:325.2,señal de tráfico: al revés	=	DE:325.2
traffic_sign:forward,DE:325.2,señal de tráfico: adelante	=	DE:325.2
operator:wikipedia,de:DB InfraGO,
operator:wikipedia,de:Deutsche Post AG,
workrules,DE:EBO,reglas de trabajo	=	DE:EBO
source:maxspeed,DE:motorway,
zone:traffic,DE:motorway,zona:tráfico	=	DE:autopista
network:wikipedia,de:Rhein-Main-Verkehrsverbund,
maxspeed,DE:rural,máxima velocidad	=	DE:rural
maxspeed:type,DE:rural,velocidad máxima: tipo	=	DE:rural
source:maxspeed,DE:rural,
zone:traffic,DE:rural,zona:tráfico	=	DE:rural
maxspeed,DE:urban,máxima velocidad	=	ES:urbano
maxspeed:type,DE:urban,velocidad máxima: tipo	=	ES:urbano
source:maxspeed,DE:urban,
zone:traffic,DE:urban,zona:tráfico	=	ES:urbano
source:maxspeed,DE:zone,
source:maxspeed,DE:zone:30,
maxspeed:type,DE:zone30,velocidad máxima: tipo	=	DE:zone30
source:maxspeed,DE:zone30,
zone:traffic,DE:zone30,
amenity,dead_pub,amenidad/servicio	=	taberna muerta
service,dealer,Servicio	=	distribuidor
service,dealer;repair,Servicio	=	distribuidor;reparación
barrier,debris,barrera	=	escombros
seamark:radio_station:category,decca,seamark:emisora de radio:categoria	=	deca
leaf_cycle,deciduous,ciclo_hoja	=	caduco
wood,deciduous,madera	=	caduco
mooring,declaration,amarradero	=	declaración
denotation,decoration,
waterway,deep_well,camino acuático	=	pozo profundo
seamark:type,deepwater_route,marca de mar: tipo	=	ruta de aguas profundas
maxheight,default,Altura máxima	=	por defecto
railway:switch,default,ferrocarril: interruptor	=	defecto
maxspeed:source,default residential speed limit in Australia,
type,defaults,tipo	=	predeterminados
railway,defect_detector,ferrocarril	=	detector de defectos
castle_type,defensive,tipo castillo	=	defensivo
tower:type,defensive,torre:tipo	=	defensivo
emergency,defibrilator,emergencia	=	desfibrilador
emergency,defibrillator,emergencia	=	desfibrilador
condition,deficient,condición	=	deficiente
source:prow_ref,definitive_statement,fuente: proa_ref	=	declaración_definitiva
diplomatic,delegation,diplomático	=	delegación
embassy,delegation,embajada	=	delegación
shop,deli,tienda	=	fiambres
shop,delicatessen,tienda	=	Tiendas Delicatessen
crossing_ref,delineated,referencia de cruce	=	delineado
access,delivery,acceso	=	entrega
hgv,delivery,vhg	=	entrega
motor_vehicle,delivery,Vehículo de motor	=	entrega
parking_space,delivery,plaza de aparcamiento	=	entrega
design,delta,diseño	=	delta
camp_site,deluxe,camping	=	de lujo
sac_scale,demanding_alpine_hiking,saco_escala	=	exigente_senderismo_alpino
sac_scale,demanding_mountain_hiking,saco_escala	=	exigente_montaña_senderismo
building,demountable,edificio	=	desmontable
heritage:operator:short,Denkmalamt Düsseldorf,
shrubbery:density,dense,
healthcare:speciality,dental_oral_maxillo_facial_surgery,sanidad:especialidad	=	cirugía dental maxilofacial oral
craft,dental_technician,artesanía	=	técnico dental
amenity,dentist,amenidad/servicio	=	dentista
healthcare,dentist,cuidado de la salud	=	dentista
healthcare:speciality,dentist,sanidad:especialidad	=	dentista
healthcare:speciality,dentist;orthodontics,especialidad:de_salud	=	dentista; ortodoncia
healthcare:speciality,dentistry,especialidad:de_salud	=	odontología
shop,dentures,tienda	=	dentadura postiza
massgis:SOURCE,DEP-WCP,
shop,department_store,tienda	=	grandes almacenes
industrial,depot,industrial	=	deposito
landuse,depot,uso del suelo	=	deposito
military,depot,militar	=	deposito
healthcare:speciality,depth,sanidad:especialidad	=	profundidad
seamark:type,depth_contour,marca de mar: tipo	=	contorno de profundidad
note:name,"Der reg_name, sowie ggf. der loc_name sind dem zugehörigen Wikipediaartikel entnommen.",
note:name,"Der␣reg_name,␣sowie␣ggf.␣der␣loc_name␣sind␣dem␣zugehörigen␣Wikipediaartikel␣entnommen.","nota: nombre	=	Der␣reg_name,␣sowie␣ggf.␣der␣loc_name␣sind␣dem␣zugehörigen␣Wikipediaartikel␣entnommen."
railway,derail,ferrocarril	=	hacer descarrilar
waterway,derelict_canal,camino acuático	=	canal_abandonado
healthcare:speciality,dermatology,sanidad:especialidad	=	dermatología
healthcare:speciality,dermatovenereology,sanidad:especialidad	=	dermatovenereología
man_made,desalination_plant,hecho por el hombre	=	planta desalinizadora
natural,desert,natural	=	Desierto
archaeological_site,desert_kite,sitio arqueológico	=	cometa del desierto
access,designated,acceso	=	designado
bicycle,designated,bicicleta	=	designado
bus,designated,autobús	=	designado
cycleway:foot,designated,carril bici: pie	=	designado
dog,designated,perro	=	designado
emergency,designated,emergencia	=	designado
foot,designated,pie	=	designado
forklift,designated,máquina elevadora	=	designado
golf_cart,designated,carro de golf	=	designado
hazmat,designated,materiales peligrosos	=	designado
hgv,designated,vhg	=	designado
horse,designated,caballo	=	designado
mofa,designated,mofa	=	designado
moped,designated,ciclomotor	=	designado
motor_vehicle,designated,Vehículo de motor	=	designado
motorcar,designated,automóvil	=	designado
motorcycle,designated,motocicleta	=	designado
mtb,designated,bicicleta de montaña	=	designado
priority_road,designated,carretera_prioritaria	=	designado
psv,designated,psv	=	designado
snowmobile,designated,motonieve	=	designado
wheelchair,designated,silla de ruedas	=	designado
path,desire,camino	=	deseo
cuisine,dessert,cocina	=	postre
access,destination,acceso	=	destino
bicycle,destination,bicicleta	=	destino
emergency,destination,emergencia	=	destino
foot,destination,pie	=	destino
hgv,destination,vhg	=	destino
motor_vehicle,destination,Vehículo de motor	=	destino
motorcar,destination,automóvil	=	destino
motorcycle,destination,motocicleta	=	destino
vehicle,destination,vehículo	=	destino
type,destination_sign,tipo	=	signo_destino
type,destinationsign,tipo	=	señal de destino
building,detached,edificio	=	separado
house,detached,casa	=	separado
basin,detention,cuenca	=	detención
police,detention,policía	=	detención
route,detour,ruta	=	desvío
seamark:mooring:category,deviation_dolphin,marca:amarre:categoria	=	desviación delfín
amenity,device_charging_station,amenidad/servicio	=	estación de carga de dispositivos
seamark:radio_station:category,dgps,seamark:emisora de radio:categoria	=	dgps
source:addr,DGU,
healthcare:speciality,diagnostic_radiology,sanidad:especialidad	=	radiología diagnóstica
orientation,diagonal,
parking:lane:both,diagonal,estacionamiento:carril:ambos	=	diagonal
parking:orientation,diagonal,estacionamiento: orientación	=	diagonal
seamark:buoy_special_purpose:colour_pattern,diagonal,marca de mar: boya propósito especial: patrón de color	=	diagonal
healthcare,dialysis,cuidado de la salud	=	diálisis
healthcare:speciality,dialysis,especialidad:de_salud	=	diálisis
railway,diamond,ferrocarril	=	diamante
seamark:topmark:shape,diamond,marca de mar:marca de tope:forma	=	diamante
seamark:fog_signal:category,diaphone,seamark: señal de niebla: categoría	=	diáfono
pump_mechanism,diaphragm,mecanismo de bomba	=	diafragma
generator:source,diesel,generador:fuente	=	diesel
healthcare:speciality,dietitian,especialidad:de_salud	=	dietista
sac_scale,difficult_alpine_hiking,saco_escala	=	senderismo_alpino_difícil
building,digester,edificio	=	digeridor
source:position,DigitalGlobe Standard,
man_made,dike,hecho por el hombre	=	dique
borracha,dinamitera,puxa	=	asturies
boat:type,dinghy,barco:tipo	=	bote
hazard,dip,peligro	=	salsa
traffic_calming,dip,calmar el tráfico	=	salsa
office,diplomatic,oficina	=	diplomático
inlet,direct,entrada	=	directo
outlet,direct,toma de corriente	=	directo
lamp:shape,directed,lámpara: forma	=	dirigido
light:shape,directed,luz:forma	=	dirigido
radio_transponder:category,direction_finding,transpondedor de radio:categoría	=	búsqueda de dirección
radio_transponder:category,directional,transpondedor de radio:categoría	=	direccional
seamark:light:1:category,directional,seamark:luz:1:categoría	=	direccional
seamark:light:category,directional,seamark:luz:categoría	=	direccional
surface,dirt,superficie	=	suciedad
road_marking,dirt_road,=
surface,dirt/sand,superficie	=	tierra/arena
parking_space,disabled,plaza de aparcamiento	=	desactivado
social_facility:for,disabled,social_facility:para	=	desactivado
emergency,disaster_help_point,emergencia	=	punto de ayuda en caso de desastre
emergency,disaster_response,emergencia	=	respuesta al desastre
sport,disc_golf,deporte	=	disco de golf
leisure,disc_golf_course,tiempo libre	=	campo de golf de disco
light:method,discharge,luz:método	=	descarga
switch,disconnector,cambiar	=	desconectador
shop,discount,tienda	=	descuento
access,discouraged,acceso	=	desanimado
foot,discouraged,pie	=	desanimado
hgv,discouraged,vhg	=	desanimado
athletics,discus_throw,atletismo	=	lanzamiento de disco
tower:construction,dish,torre:construcción	=	plato
landmark,dish_aerial,punto de referencia	=	antena parabólica
seamark:landmark:category,dish_aerial,marca:punto de referencia:categoría	=	antena parabólica
railway,dismantled,ferrocarril	=	desmantelado
access,dismount,acceso	=	desmontar
bicycle,dismount,bicicleta	=	desmontar
horse,dismount,caballo	=	desmontar
emergency:social_facility:for,displaced_people,emergencia:facilidad social:para	=	personas desplazadas
boundary,disputed,Perímetro	=	cuestionado
seamark:type,distance_mark,marca de mar: tipo	=	distancia_marca
craft,distillery,artesanía	=	destilería
company,distribution,empresa	=	distribución
substation,distribution,subestación	=	distribución
transformer,distribution,transformador	=	distribución
usage,distribution,uso	=	distribución
telecom,distribution_point,telecomunicaciones	=	punto de distribución
industrial,distributor,industrial	=	distribuidor
historic,district,histórico	=	distrito
place,district,lugar	=	distrito
amenity,disused,amenidad/servicio	=	en desuso
building,disused,edificio	=	en desuso
highway,disused,autopista	=	en desuso
lit,disused,iluminado	=	en desuso
railway,disused,ferrocarril	=	en desuso
barrier,ditch,barrera	=	abandone
water,ditch,agua	=	abandone
waterway,ditch,camino acuático	=	abandone
shop,dive,tienda	=	bucear
amenity,dive_centre,amenidad/servicio	=	centro_de_buceo
sport,diving,deporte	=	buceo
tower:type,diving,torre:tipo	=	buceo
shop,diy,tienda	=	bricolaje
source:maxspeed,DK:rural,
source:maxspeed,DK:urban,
created_by,dmgroom_coastlines,
water,dock,agua	=	muelle
waterway,dock,camino acuático	=	muelle
bicycle_rental,docking_station,alquiler de bicicletas	=	estación de acoplamiento
amenity,doctor,amenidad/servicio	=	médico
healthcare,doctor,cuidado de la salud	=	médico
amenity,doctors,amenidad/servicio	=	medicos
sport,dog_agility,deporte	=	agilidad del perro
amenity,dog_bin,amenidad/servicio	=	papelera para perros
waste,dog_excrement,desperdicio	=	excremento_de_perro
leisure,dog_park,ocio	=	parque_perro
amenity,dog_parking,amenidad/servicio	=	estacionamiento para perros
sport,dog_racing,deporte	=	carreras de perros
amenity,dog_toilet,amenidad/servicio	=	inodoro para perros
amenity,dog_waste_bin,amenidad/servicio	=	cubo de basura para perros
shop,doityourself,tienda	=	hazlo tu mismo
amenity,dojo,amenidad/servicio	=	dojo
sinkhole,doline,sumidero	=	dolina
megalith_type,dolmen,tipo de megalito	=	dolmen
tomb,dolmen,tumba	=	dolmen
man_made,dolphin,artificial	=	delfín
seamark:mooring:category,dolphin,marca:amarre:categoria	=	delfín
camera:type,dome,cámara: tipo	=	Hazme
landmark,dome,punto de referencia	=	Hazme
roof:shape,dome,techo:forma	=	Hazme
seamark:landmark:category,dome,marca:punto de referencia:categoría	=	Hazme
tower:construction,dome,torre:construcción	=	Hazme
amenity,donation,amenidad/servicio	=	donación
design,donau,diseño	=	donau
defensive,donjon,defensivo	=	torre principal
tower:type,donjon,torre:tipo	=	torre principal
cuisine,donut,cocina	=	rosquilla
cuisine,donut;coffee_shop,cocina	=	donut;cafetería
barrier,door,barrera	=	puerta
indoor,door,interior	=	puerta
craft,door_construction,artesanía	=	construcción de puertas
shop,doors,tienda	=	puertas
amenity,dormitory,amenidad/servicio	=	dormitorio
building,dormitory,edificio	=	dormitorio
crossing:markings,dots,
cycle_barrier,double,
gate:type,double,
wires,double,alambres	=	doble
traffic_calming,double_dip,calmar el tráfico	=	doble carga
crossing:barrier,double_half,
roof:shape,double_saltbox,techo: forma	=	doble_saltbox
railway:switch,double_slip,
building,dovecote,edificio	=	palomar
man_made,dovecote,artificial	=	palomar
direction,down,dirección	=	abajo
incline,down,inclinación	=	abajo
mtb:type,downhill,mtb: tipo	=	cuesta abajo
piste:type,downhill,pista: tipo	=	cuesta abajo
aerialway,drag_lift,vía aérea	=	ascensor de arrastre
sport,dragon_boat,deporte	=	barco de Dragón
manhole,drain,agujero de hombre	=	fuga
water,drain,agua	=	fuga
waterway,drain,camino acuático	=	fuga
LINZ:layer,drain_cl,LINZ:capa	=	drenaje_cl
drink:viez,draught,bebida: viez	=	Barril
bridge,drawbridge,puente	=	puente levadizo
bridge:movable,drawbridge,puente: móvil	=	puente levadizo
seamark:type,dredged_area,marca de mar: tipo	=	área dragada
waterway,dredged_area,camino acuático	=	área dragada
seamark:type,dregded_area,marca de mar: tipo	=	área dragada
amenity,dressing_room,amenidad/servicio	=	Vestidor
craft,dressmaker,artesanía	=	modista
fountain,drinking,fuente	=	Bebiendo
man_made,drinking_fountain,hecho por el hombre	=	bebedero
amenity,drinking_water,amenidad/servicio	=	agua potable
content,drinking_water,contenido	=	agua potable
emergency,drinking_water,emergencia	=	agua potable
vending,drinks,venta	=	bebidas
wholesale,drinks,mayorista	=	bebidas
service,drive_through,Servicio	=	servicio al carro
service,drive-through,Servicio	=	servicio al carro
amenity,driver_training,amenidad/servicio	=	entrenamiento_del_conductor
amenity,driver_training_area,amenidad/servicio	=	zona de formación de conductores
service,driveway,Servicio	=	entrada de coches
service,driveway2,Servicio	=	calzada2
training,driving,capacitación	=	conduciendo
golf,driving_range,golf	=	área de manejo
amenity,driving_school,amenidad/servicio	=	autoescuela
waste,drugs,desperdiciar	=	drogas
pillar:type,dry_barrel,pilar:tipo	=	barril_seco
shop,dry_cleaning,tienda	=	Limpieza en seco
cooling:method,dry_cooling,método de enfriamiento	=	refrigeración en seco
seamark:type,dry_dock,marca de mar: tipo	=	dique seco
emergency,dry_riser,emergencia	=	elevador seco
emergency,dry_riser_inlet,emergencia	=	entrada de tubo vertical seco
seasonal,dry_season,estacional	=	estación seca
material,dry_stone,material	=	piedra seca
wall,dry_stone,pared	=	piedra seca
building:material,dry_stone,piedra seca como material del edificio
dock,drydock,muelle	=	dique seco
amenity,dryer,amenidad/servicio	=	secadora
waterway,drystream,camino acuático	=	corriente seca
type,dual_carriageway,tipo	=	autovía
type,dugwell,tipo	=	pozo excavado
seamark:type,dumping_ground,marca de mar: tipo	=	vertedero
cuisine,dumpling,cocina	=	bola de masa hervida
cuisine,dumplings,cocina	=	albóndigas
landform,dune,forma de relieve	=	duna
natural,dune,natural	=	duna
landform,dune_system,forma de relieve	=	sistema_de_dunas
landcover,dunes,cubierta terrestre	=	dunas
building,duplex,edificio	=	dúplex
residential,duplex,Residencial	=	dúplex
source:addr,Durham Open Data,
trees,durian_trees,árboles	=	árboles de durián
light:lit,dusk-dawn,Luz encendida	=	amanecer
lit,dusk-dawn,iluminado	=	amanecer
object:city,Düsseldorf,objeto:ciudad	=	Düsseldorf
communication:television,dvb-t,comunicación:televisión	=	dvb-t
communication:television,dvb-t2,comunicación:televisión	=	dvb-t2
beacon:type,DVOR,baliza:tipo	=	DVOR
railway:signal:minor:height,dwarf,ferrocarril:señal:menor:altura	=	enano
railway:signal:shunting:height,dwarf,
building,dwelling_house,edificio	=	casa de vivienda
embankment,dyke,terraplén	=	dique
man_made,dyke,artificial	=	dique
traffic_calming,dynamic_bump,calmar el tráfico	=	golpe dinámico
source:maxaxleload,Dz.U. 2011 nr 222 poz. 1321 Art. 2 pkt. 11,
cai_scale,E,escala_cai	=	mi
direction,E,
naptan:Bearing,E,
ref,E,
int_ref,E 22,
int_ref,E 30,
int_ref,E 40,
int_ref,E 45,
int_ref,E 70,
int_ref,E 75,
shop,e-cigarette,tienda	=	cigarrillo electrónico
vending,e-cigarettes,venta	=	cigarrillos electronicos
source:addr,e-mapa.net,
source:addr,e.czestochowa.pl,
int_ref,E␣22,int_ref	=	E␣22
int_ref,E␣40,int_ref	=	E␣40
int_ref,E␣45,int_ref	=	E␣45
int_ref,E␣75,int_ref	=	E␣75
cai_scale,EAI,escala cai	=	IAE
building:material,earth,material de construcción	=	tierra
material,earth,material	=	tierra
surface,earth,superficie	=	tierra
natural,earth_bank,natural	=	banco_tierra
switch,earthing,cambiar	=	toma de tierra
damage:type,earthquake,tipo de daño	=	terremoto
addr:street:prefix,East,
name:prefix,East,
seamark:buoy_cardinal:category,east,marca:boya cardenal:categoria	=	este
operator:en,East Japan Railway Company,
operator:en,East␣Japan␣Railway␣Company,operador:es	=	Este␣Japón␣Ferrocarril␣Empresa
piste:difficulty,easy,pista: dificultad	=	fácil
seamark:restricted_area:category,ecological_reserve,seamark:área restringida:categoría	=	reserva ecologica
boundary,economic,Perímetro	=	económico
source:geometry,Ecopia Tech MaxarMaxar_private;Ecopia.AI,
shop,edible_seeds,tienda	=	semillas comestibles
amenity,education,amenidad/servicio	=	educación
building,education,edificio	=	educación
government,education,gobierno	=	educación
landuse,education,uso del suelo	=	educación
office,educational_institution,oficina	=	institución educativa
pump_mechanism,eductor_jet,mecanismo de bomba	=	chorro eductor
cai_scale,EE,escala cai	=	EE.UU.
cai_scale,EEA,escala cai	=	EEE
cai_scale,EEA:D,escala cai	=	EEE:D
cai_scale,EEA:E,escala cai	=	EEE: ES
cai_scale,EEA:F,escala cai	=	EEE:F
cai_scale,EEA:MD,escala cai	=	EEE: MD
cai_scale,EEA:PD,escala cai	=	EEA:PD
border_type,eez,tipo de borde	=	eez
vending,eggs,venta	=	huevos
source:building,EGiB,
source:geometry,EGiB,
whitewater,egress,agua Blanca	=	salida
genus:de,Eiche,
wires,eightfold,alambres	=	ocho veces
royal_cypher,EIIR,royal_cypher	=	EIIR
genus,Elaeis,género	=	Elaeis
species,Elaeis␣guineensis,especies	=	Elaeis␣guineensis
lamp_type,electric,tipo_lampara	=	eléctrico
light:method,electric,luz:método	=	eléctrico
motorcycle:type,electric,motocicleta:tipo	=	eléctrico
actuator,electric_motor,solenoide	=	motor eléctrico
mechanical_driver,electric_motor,conductor mecanico	=	motor eléctrico
lamp_type,electrical,tipo_lampara	=	eléctrico
shop,electrical,tienda	=	eléctrico
wholesale,electrical,mayorista	=	eléctrico
craft,electrican,artesanía	=	electricista
craft,electrician,artesanía	=	electricista
building,electricity,edificio	=	electricidad
generator:source,electricity,generador:fuente	=	electricidad
hazard,electricity,peligro	=	electricidad
seamark:small_craft_facility:category,electricity,seamark:instalación para embarcaciones pequeñas:categoría	=	electricidad
wholesale,electro,mayorista	=	electro
product,electronics,producto	=	electrónica
shop,electronics,tienda	=	electrónica
vending,electronics,venta	=	electrónica
wholesale,electronics,mayorista	=	electrónica
craft,electronics_repair,artesanía	=	reparación_electrónica
highway,elevator,carretera	=	ascensor
room,elevator,habitación	=	ascensor
vending,elongated_coin,venta	=	moneda alargada
barrier,embankment,barrera	=	terraplén
man_made,embankment,artificial	=	terraplén
amenity,embassy,amenidad/servicio	=	embajada
diplomatic,embassy,diplomático	=	embajada
craft,embroiderer,artesanía	=	bordadora
area:highway,emergency,
entrance,emergency,entrada	=	emergencia
exit,emergency,salida	=	emergencia
healthcare:speciality,emergency,sanidad:especialidad	=	emergencia
route,emergency_access,ruta	=	acceso_de_emergencia
service,emergency_access,Servicio	=	acceso_de_emergencia
highway,emergency_access_point,carretera	=	punto_de_acceso_de_emergencia
highway,emergency_bay,autopista	=	emergencia_bahía
amenity,emergency_phone,amenidad/servicio	=	Teléfono de emergencia
amenity,emergency_service,amenidad/servicio	=	servicio de emergencia
cadet,emergency_services,cadete	=	servicios de emergencia
hazard,emergency_vehicles,peligro	=	vehículos de emergencia
emergency,emergency_ward_entrance,emergencia	=	entrada de urgencias
cuisine,empanada,cocina	=	empanada
access,employees,acceso	=	empleados
private,employees,privado	=	empleados
office,employment_agency,oficina	=	agencia de Empleo
source:addr,EMUiA,
source:addr,EMUiA (emuia.geoportal.gov.pl),
source:addr,"EMUiA (emuia.gugik,gov.pl)",
source:addr,EMUiA (emuia.gugik.gov.pl),
source:addr,EMUiA (geoportal.gov.pl),
source:addr,EMUiA (kornik.e-mapa.net),
source:addr,emuia.gugik.gov.pl,
source:addr,emuia1.gugik.gov.pl,
brand:wikipedia,en:7-Eleven,marca: wikipedia	=	es:7-Eleven
brand:wikipedia,en:Burger␣King,marca: wikipedia	=	es:Burger␣King
network:wikipedia,en:Chicago Transit Authority,
network:wikipedia,en:Chicago␣Transit␣Authority,red: wikipedia	=	es:Chicago␣Transit␣Autoridad
brand:wikipedia,en:McDonald's,marca: wikipedia	=	es:McDonald's
brand:wikipedia,en:Royal Mail,
brand:wikipedia,en:Royal␣Dutch␣Shell,marca: wikipedia	=	es:Royal␣Dutch␣Shell
brand:wikipedia,en:Royal␣Mail,marca: wikipedia	=	es:Royal␣Mail
brand:wikipedia,en:Starbucks,marca: wikipedia	=	es:Starbucks
brand:wikipedia,en:Subway␣(restaurant),marca: wikipedia	=	es:Metro␣(restaurante)
operator:wikipedia,en:United States Postal Service,
network:wikipedia,en:Valley Metro,
boundary,enclave,Perímetro	=	enclave
archaeological_site,enclosure,sitio arqueológico	=	recinto
site_type,enclosure,tipo de sitio	=	recinto
zoo,enclosure,zoo	=	recinto
healthcare:speciality,endocrinology,sanidad:especialidad	=	endocrinología
source:power,Enedis,fuente: poder	=	Enedis
manufacturer,Enercon,
shop,energy,tienda	=	energía
office,energy_supplier,oficina	=	proveedor_energia
type,enforcement,tipo	=	aplicación
office,engineer,oficina	=	ingeniero
faculty,engineering,facultad	=	Ingenieria
craft,engraver,artesanía	=	grabador
barrier,entrance,barrera	=	entrada
building,entrance,edificio	=	entrada
entrance,entrance,entrada	=	entrada
public_transport,entrance,transporte público	=	entrada
school,entrance,escuela	=	entrada
public_transport,entrance_pass,transporte público	=	pase_de_entrada
railway:signal:main:function,entry,
seamark:restricted_area:restriction,entry_prohibited,seamark:área restringida:restricción	=	entrada prohibida
historic,epigraph,histórico	=	epígrafe
material,epoxy,material	=	epoxy
shop,equestrian,tienda	=	ecuestre
sport,equestrian,deporte	=	ecuestre
statue,equestrian,estatua	=	ecuestre
shop,erotic,tienda	=	erótico
maxspeed,ES:rural,máxima velocidad	=	ES: rural
maxspeed,ES:urban,máxima velocidad	=	ES:urbano
highway,escape,autopista	=	Escapar
leisure,escape_game,tiempo libre	=	juego de escape
genus:de,Esche,
landform,esker,forma de relieve	=	esker
natural,esker,natural	=	esker
shop,esoteric,tienda	=	esotérico
esperanto,esperanto,esperanto	=	esperanto
source:imagery,ESRI & NYS Sat Imagery,
source:imagery,ESRI Sat & NYS Sat Imagery,
source:geometry,Esri World Imagery,
source:lanes,Esri World Imagery,
source:oneway,Esri World Imagery,
source:geometry,Esri World Imagery (Clarity) Beta,
source:imagery,ESRI␣&␣NYS␣Sat␣Imagery,fuente: imágenes	=	ESRI␣&␣NYS␣Sat␣Imágenes
source:oneway,Esri␣World␣Imagery,fuente: unidireccional	=	Esri␣Mundo␣Imágenes
source:position,ESRIWorld,
IBGE:CD_ADMINIS,estadual,IBGE:CD_ADMINIS	=	estadual
office,estate_agent,oficina	=	agente inmobiliario
shop,estate_agent,tienda	=	agente inmobiliario
sinkhole,estavelle,sumidero	=	estavelle
addr:inclusion,estimate,dirección: inclusión	=	estimar
source:width,estimated,
waterway,estuary,camino acuático	=	estuario
is_in:country_code,ET,
roof:material,eternit,techo: material	=	eterno
is_in:country,Ethiopia,
wood,eucalypt,madera	=	eucalipto
genus,Eucalyptus,género	=	Eucalipto
species,Eucalyptus␣camaldulensis,especies	=	Eucalipto␣camaldulensis
species,Eucalyptus␣cladocalyx,especies	=	Eucalyptus␣cladocalyx
species,Eucalyptus␣leucoxylon,especies	=	Eucalipto␣leucoxylon
species,Eucalyptus␣sideroxylon,especies	=	Eucalipto␣sideroxylon
political_division,euro_const,división política	=	euro constante
centralkey,eurokey,llave central	=	llave europea
cycle_network,EuroVelo,red de bicicletas	=	EuroVelo
amenity,ev_charging,amenidad/servicio	=	carga ev
route,evacuation,ruta	=	evacuación
denomination,evangelical,denominación	=	evangélico
denomination,evangelical_lutheran,denominación	=	luterano evangélico
basin,evaporation,cuenca	=	evaporación
addr:interpolation,even,dirección:interpolación	=	incluso
historic,event,histórico	=	evento
rental,event,alquiler	=	evento
leisure,events,tiempo libre	=	eventos
amenity,events_centre,amenidad/servicio	=	centro de eventos
amenity,events_venue,amenidad/servicio	=	eventos_lugar
leaf_cycle,evergreen,ciclo_hoja	=	hojas perennes
wood,evergreen,madera	=	hojas perennes
man_made,excavation,artificial	=	excavación
smoothness,excellent,suavidad	=	excelente
trail_visibility,excellent,rastro_visibilidad	=	excelente
seamark:type,exceptional_structure,marca de mar:tipo	=	estructura excepcional
telecom,exchange,telecomunicaciones	=	intercambio
boundary,exclave,Perímetro	=	enclave
autonomy,excluded,autonomía	=	excluido
access,exclusion_zone,acceso	=	Zona de exclusión
military,exclusion_zone,militar	=	Zona de exclusión
autonomy,exclusive,autonomía	=	exclusivo
cycleway:both:lane,exclusive,ciclovía:ambos:carril	=	exclusivo
cycleway:left:lane,exclusive,
cycleway:right:lane,exclusive,ciclovía:derecha:carril	=	exclusivo
seamark:type,exclusive_economic_zone,marca de mar:tipo	=	zona económica exclusiva
vending,excrement_bags,venta	=	excremento_bolsas
sport,exercise,deporte	=	ejercicio
education,exercise_area,educación	=	área de ejercicio
amenity,exercise_point,amenidad/servicio	=	punto de ejercicio
amenity,exhibition_centre,amenidad/servicio	=	centro de exposiciones
nysgissam:review,existing element's addr:housenumber has different addr:housenumber,
nysgissam:review,existing␣element's␣addr:housenumber␣has␣different␣addr:housenumber,nysgissam: revisión	=	la␣dirección:número␣de␣elemento␣existente␣tiene␣diferente␣dirección:número␣de␣casa
building,exit,edificio	=	salida
entrance,exit,entrada	=	salida
railway:signal:main:function,exit,ferrocarril:señal:principal:función	=	salida
LINZ:layer,exotic_poly,LINZ:capa	=	exotic_poly
damage:type,explosion,tipo de daño	=	explosión
seamark:fog_signal:category,explosive,seamark: señal de niebla: categoría	=	explosivo
curves,extended,curvas	=	extendido
KSJ2:curve_type,exterior,KSJ2:curva_tipo	=	exterior
prison_camp,extermination_camp,campo de prisioneros	=	campo de exterminio
seamark:light:status,extinguished,seamark:luz:estado	=	extinguido
beauty,eyelash,belleza	=	pestañas
seamark:light:character,F,marca:luz:personaje	=	F
design:ref,F44,
amenity,fab_lab,amenidad/servicio	=	laboratorio fabuloso
shop,fabric,tienda	=	tela
shop,fabrics,tienda	=	telas
railway,facility,ferrocarril	=	instalaciones
usage,facility,uso	=	instalaciones
seamark:radio_station:category,facsimile,seamark:emisora de radio:categoria	=	facsímil
building,factory,edificio	=	fábrica
industrial,factory,industrial	=	fábrica
genus,Fagus,género	=	Fagus
species,Fagus sylvatica,
species,Fagus␣sylvatica,especies	=	Fagus␣sylvatica
condition,fair,condición	=	justa
golf,fairway,golf	=	calle
seamark:type,fairway,marca de mar:tipo	=	calle
waterway,fairway,camino acuático	=	calle
zoo,falconry,zoo	=	cetrería
hazard,falling_rocks,peligro	=	rocas que caen
oneway,FALSE,de una sola mano	=	FALSO
healthcare:speciality,family_medicine,especialidad:de_salud	=	medicina Familiar
brand:en,FamilyMart,marca:es	=	Familia Mart
name:en,FamilyMart,
club,fan,club	=	ventilador
addr:region,Farg'ona Viloyati,
building,farm,edificio	=	granja
historic,farm,histórico	=	granja
landuse,farm,uso del suelo	=	granja
place,farm,lugar	=	granja
shop,farm,tienda	=	granja
building,farm_auxiliary,edificio	=	granja_auxiliar
landuse,farmland,uso del suelo	=	tierras de cultivo
landuse,farmyard,uso del suelo	=	patio
clothes,fashion,ropa	=	Moda
shop,fashion,tienda	=	Moda
shop,fashion_accesories,tienda	=	accesorios de moda
shop,fashion_accessories,tienda	=	Moda_accesorios
amenity,fast_food,amenidad/servicio	=	comida rápida
shop,fast_food,tienda	=	comida rápida
crop,fast_growing_wood,cultivo	=	madera_de_crecimiento_rápido
piste:type,fatbike,pista:tipo	=	fatbike
geological,fault,geológico	=	culpa
source:maxspeed,"FDOT ""Maximum Speed Limits"" GIS data, updated August 27, 2011: http://www.dot.state.fl.us/planning/statistics/gis/roaddata.shtm",
GeoBaseNHN:PROVIDER,federal,GeoBaseNHN:PROVIDER	=	federal
IBGE:CD_ADMINIS,federal,IBGE:CD_ADMINIS	=	federal
amenity,feeding_place,amenidad/servicio	=	lugar_de_alimentacion
natural,fell,natural	=	cayó
school:gender,female,escuela:género	=	femenino
vending,feminine_hygiene,venta	=	higiene femenina
wetland,fen,humedal	=	pantano
barrier,fence,barrera	=	valla
boundary,fence,Perímetro	=	valla
sport,fencing,deporte	=	Esgrima
seamark:shoreline_construction:category,fender,seamark:litoral construcción:categoría	=	defensa
route,ferrata,ruta	=	vía ferrata
harbour:category,ferry,puerto:categoría	=	transportar
mooring,ferry,amarradero	=	transportar
route,ferry,ruta	=	transportar
man_made,ferry_cable,hecho por el hombre	=	transbordador
seamark:notice:category,ferry_independent,marca:aviso:categoría	=	transbordador independiente
seamark:notice:category,ferry_non_independent,marca:aviso:categoría	=	transbordador no independiente
seaway,ferry_port,vía marítima	=	muelle del ferry
seamark:type,ferry_route,marca de mar:tipo	=	ruta del transbordador
amenity,ferry_terminal,amenidad/servicio	=	terminal del ferry
healthcare:speciality,fertility,sanidad:especialidad	=	Fertilidad
amenity,festival_grounds,amenidad/servicio	=	terrenos del festival
leisure,festival_grounds,tiempo libre	=	terrenos del festival
seamark:light:character,FFl,marca:luz:personaje	=	FFl
source:addr,FHRS Open Data,
telecom:medium,fibre,telecomunicaciones: medio	=	fibra
genus,Ficus,género	=	ficus
farmland,field,tierras de cultivo	=	campo
landuse,field,uso del suelo	=	campo
barrier,field_boundary,barrera	=	límite_del_campo
crop,field_cropland,cultivo	=	campo_tierra_de_cultivo
sport,field_hockey,deporte	=	hockey sobre hierba
shelter_type,field_shelter,refugio_tipo	=	campo_refugio
archaeological_site,field_system,sitio arqueológico	=	sistema de campo
wood,filao,madera	=	filao
church:type,filial,iglesia:tipo	=	filial
cuisine,filipino,cocina	=	filipino
compensator,filter,compensador	=	filtrar
junction,filter,unión	=	filtrar
office,financial,oficina	=	financiero
amenity,financial_advice,amenidad/servicio	=	asesoría financiera
office,financial_advisor,oficina	=	asesor financiero
surface,fine_gravel,superficie	=	grava_fina
information,finger_post,información	=	puesto de dedo
information,finger-post,información	=	poste de dedo
information,fingerpost,información	=	poste del dedo
cadet,fire,cadete	=	fuego
damage:type,fire,
emergency,fire_alarm,emergencia	=	alarma de incendios
emergency,fire_alarm_box,emergencia	=	caja de alarma contra incendios
emergency,fire_detection_system,emergencia	=	sistema de detección de fuego
emergency,fire_equipment,emergencia	=	equipo contra incendios
entrance,fire_exit,entrada	=	salida de incendios
emergency,fire_extinguisher,emergencia	=	extintor de incendios
emergency,fire_flapper,emergencia	=	aleta de fuego
emergency,fire_hose,emergencia	=	manguera contra incendios
amenity,fire_hydrant,amenidad/servicio	=	boca de incendio
emergency,fire_hydrant,emergencia	=	boca de incendios
building,fire_lookout,edificio	=	puesto de vigilancia de incendios
emergency,fire_lookout,emergencia	=	puesto de vigilancia de incendios
emergency,fire_point_stand,emergencia	=	soporte de punto de fuego
emergency,fire_sand_bin,emergencia	=	cubo de arena de fuego
amenity,fire_station,amenidad/servicio	=	estación de bomberos
building,fire_station,edificio	=	estación de bomberos
emergency,fire_station,emergencia	=	estación de bomberos
emergency,fire_water_pond,emergencia	=	estanque de agua contra incendios
shop,firearms,tienda	=	armas de fuego
cutline,firebreak,
leisure,firepit,ocio	=	hoguera
shop,fireplace,tienda	=	chimenea
shop,fireworks,tienda	=	fuegos artificiales
signal_station,firing,estación de señales	=	disparo
amenity,first_aid,amenidad/servicio	=	primeros auxilios
emergency,first_aid,emergencia	=	primeros auxilios
vending,first_aid,venta	=	primeros auxilios
emergency,first_aid_kit,emergencia	=	Kit de primeros auxilios
amenity,firstaid,amenidad/servicio	=	primeros auxilios
cuisine,fish,cocina	=	pez
shop,fish,tienda	=	pez
cuisine,fish_and_chips,cocina	=	pescado y papas fritas
industrial,fish_farm,industrial	=	granja de peces
water,fish_pass,agua	=	pase de pescado
waterway,fish_pass,camino acuático	=	pase_de_pescado
landuse,fish_pond,uso del suelo	=	estanque de peces
amenity,fish_spa,amenidad/servicio	=	balneario de pescado
chamber,fisherfolk,cámara	=	cofradía de pescadores
landuse,fishfarm,uso del suelo	=	granja de peces
club,fishing,club	=	pescar
harbour:category,fishing,puerto:categoría	=	pescar
leisure,fishing,ocio	=	pescar
port,fishing,Puerto	=	pescar
seamark:harbour:category,fishing,marca:puerto:categoría	=	pescar
shop,fishing,tienda	=	pescar
vending,fishing_bait,venta	=	cebo de pesca
seamark:type,fishing_facility,marca de mar:tipo	=	instalación de pesca
seaway,fishing_port,vía marítima	=	Puerto pesquero
vending,fishing_tackle,venta	=	aparejo de pescar
shop,fishmonger,tienda	=	pescadero
water,fishpond,agua	=	estanque de peces
generator:method,fission,generador:método	=	fisión
sport,fitness,deporte	=	aptitud física
leisure,fitness_centre,ocio	=	gimnasio
amenity,fitness_station,amenidad/servicio	=	estación de fitness
leisure,fitness_station,ocio	=	estación_de_fitness
route,fitness_trail,ruta	=	pista de fitness
sport,five-a-side,deporte	=	cinco por lado
wires,fivefold,alambres	=	cinco veces
sport,fives,deporte	=	cincos
bollard,fixed,noray	=	fijado
camera:type,fixed,cámara: tipo	=	fijado
cycle_barrier:installation,fixed,
type,fixed_point,tipo	=	punto fijo
bay,fjord,bahía	=	fiordo
natural,fjord,natural	=	fiordo
seamark:light:character,Fl,marca:luz:personaje	=	Florida
advertising,flag,publicidad	=	bandera
design,flag,diseño	=	bandera
seamark:topmark:shape,flag,marca de mar:marca de tope:forma	=	bandera
landmark,flagpole,punto de referencia	=	asta de bandera
man_made,flagpole,artificial	=	asta de bandera
seamark:landmark:category,flagstaff,marca:punto de referencia:categoría	=	asta de bandera
man_made,flare,artificial	=	llamarada
usage,flare_header,uso	=	encabezado de bengala
landmark,flare_stack,punto de referencia	=	Antorcha
seamark:landmark:category,flare_stack,marca:punto de referencia:categoría	=	Antorcha
building:roof,flat,edificio: techo	=	plano
roof:shape,flat,techo: forma	=	plano
building,flats,edificio	=	pisos
busbar,flexible,barra colectora	=	flexible
amenity,flight_school,amenidad/servicio	=	escuela de vuelo
wall,flint,pared	=	pedernal
bridge:structure,floating,puente:estructura	=	flotante
dock,floating,muelle	=	flotante
waterway,floating_barrier,camino acuático	=	barrera flotante
seamark:type,floating_dock,marca de mar:tipo	=	dique flotante
man_made,floating_storage,hecho por el hombre	=	almacenamiento flotante
manufacturer,Flock Safety,
hazard_type,flood,tipo de peligro	=	inundación
historic,flood_mark,histórico	=	marca de inundación
memorial,flood_mark,monumento	=	marca de inundación
retaining_wall,flood_wall,muro de contención	=	muro de inundación
wall,flood_wall,pared	=	inundación_pared
tunnel,flooded,túnel	=	inundado
lamp_type,floodlight,tipo_lampara	=	Luz de inundación
seamark:light:category,floodlight,seamark:luz:categoría	=	Luz de inundación
crane:type,floor-mounted_crane,grua:tipo	=	grúa montada en el piso
addr:floor,Floor␣1,dirección:piso	=	Piso␣1
addr:floor,Floor␣2,dirección:piso	=	Piso␣2
sport,floorball,deporte	=	pelota de piso
craft,floorer,artesanía	=	limpiador de piso
shop,flooring,tienda	=	piso
description,Floresta Estacional Semidecidual Montano,
note:post_town,Florissant,nota:post_town	=	florissant
shop,florist,tienda	=	florista
wholesale,florist,mayorista	=	florista
shop,flower,tienda	=	flor
vending,flower_seeds,venta	=	semillas de flores
landuse,flowerbed,uso del suelo	=	cama de flores
crop,flowers,cultivo	=	flores
landcover,flowers,cubierta terrestre	=	flores
shop,flowers,tienda	=	flores
vending,flowers,venta	=	flores
usage,flowline,uso	=	línea de flujo
waterway,flowline,
lamp_type,fluorescent,tipo_lampara	=	fluorescente
light:method,fluorescent,luz:método	=	fluorescente
lamp_type,fluorescent_bulb,tipo_lampara	=	Bombilla fluorescente
kerb,flush,frenar	=	enjuagar
toilets:disposal,flush,inodoros: eliminación	=	enjuagar
communication:radio,fm,comunicación:radio	=	FM
hazard,fog,peligro	=	niebla
seamark:light:exhibition,fog,marca:luz:exposición	=	niebla
seamark:light:category,fog_detector,seamark:luz:categoría	=	detector de niebla
seamark:type,fog_signal,marca de mar:tipo	=	señal de niebla
source:highway_authority_ref,foi_request,
bollard,foldable,
barrier,foldable_pie_slice,barrera	=	rebanada de pastel plegable
historic,folly,histórico	=	locura
building,font,edificio	=	fuente
product,food,producto	=	alimento
shop,food,tienda	=	alimento
vending,food,venta	=	alimento
wholesale,food,mayorista	=	alimento
social_facility,food_bank,instalaciones_sociales	=	Banco de comida
amenity,food_court,amenidad/servicio	=	zona de comidas
industrial,food_industry,industrial	=	industria de alimentos
industrial,food_processing,industrial	=	procesamiento de alimentos
amenity,food_sharing,amenidad/servicio	=	compartir comida
wholesale,foods,mayorista	=	alimentos
route,foot,ruta	=	pie
leisure,foot_bath,tiempo libre	=	Baño de pies
amenity,foot_shower,amenidad/servicio	=	ducha de pies
sport,football,deporte	=	fútbol americano
sport,footballgolf,deporte	=	fútbolgolf
basin,footbath,cuenca	=	Baño de pies
area:highway,footway,zona:carretera	=	senda
construction,footway,construcción	=	senda
highway,footway,"Un camino peatonal es un camino o paseo designado exclusivamente para uso peatonal, donde los vehículos no están permitidos | carretera	=	senda"
man_made,footwear_decontamination,hecho por el hombre	=	descontaminación de calzado
crop,forage,cultivo	=	forraje
highway,ford,autopista	=	vado
boundary,forest,Perímetro	=	bosque
landuse,forest,"El uso forestal del suelo designa áreas cubiertas de árboles y gestionadas para silvicultura, madera y conservación | uso del suelo	=	bosque"
boundary,forest_compartment,Perímetro	=	bosque_compartimento
access,forestry,acceso	=	silvicultura
boundary,forestry,Perímetro	=	silvicultura
landuse,forestry,uso del suelo	=	silvicultura
motor_vehicle,forestry,Vehículo de motor	=	silvicultura
office,forestry,oficina	=	silvicultura
vehicle,forestry,vehículo	=	silvicultura
boundary,forestry_compartment,Perímetro	=	compartimiento_forestal
signpost,forestry_compartment,señalizar	=	compartimento forestal
building,fort,edificio	=	fuerte
historic,fort,histórico	=	fuerte
archaeological_site,fortification,sitio arqueológico	=	fortificación
site_type,fortification,tipo_sitio	=	fortificación
seamark:type,fortified_structure,marca de mar:tipo	=	estructura fortificada
castle_type,fortress,tipo castillo	=	fortaleza
HU:ed_direction,forward,
conveying,forward,
designated_direction,forward,
direction,forward,dirección	=	delantero
railway:preferred_direction,forward,ferrocarril: dirección_preferida	=	delantero
railway:signal:direction,forward,ferrocarril:señal:dirección	=	delantero
traffic_sign:direction,forward,señal_de_tráfico:dirección	=	delantero
traffic_signals:direction,forward,señales_de_tráfico:dirección	=	delantero
seamark:restricted_area:category,foul_ground,seamark:área restringida:categoría	=	terreno sucio
nysgissam:review,found > 1 existing matching address,
nysgissam:review,found␣>␣1␣existing␣matching␣address,nysgissam: revisión	=	encontrado␣>␣1␣existente␣coincidente␣dirección
building,foundation,edificio	=	Fundación
office,foundation,oficina	=	Fundación
amenity,fountain,amenidad/servicio	=	fuente
disused:amenity,fountain,en desuso: amenidad/servicio	=	fuente
sport,four_square,deporte	=	firme
zone:maxspeed,FR:30,zona:maxspeed	=	FR:30
operator:wikipedia,fr:Enedis,
operator:wikipedia,fr:La Poste (entreprise française),
operator:wikipedia,fr:RTE (entreprise),
maxspeed:type,FR:rural,
source:maxspeed,FR:rural,
maxspeed:type,FR:urban,velocidad máxima: tipo	=	FR:urbano
source:maxspeed,FR:urban,
maxspeed:type,FR:zone30,velocidad máxima: tipo	=	FR:zone30
source:maxspeed,FR:zone30,
species,Fra,especies	=	fra
hazard,frail_pedestrians,peligro	=	peatones frágiles
shop,frame,tienda	=	marco
generator:type,francis_turbine,generador:tipo	=	turbina francis
genus,Fraxinus,género	=	Fraxino
species,Fraxinus americana,
species,Fraxinus excelsior,
species,Fraxinus pennsylvanica,
species,Fraxinus␣americana,especies	=	Fraxinus␣americana
species,Fraxinus␣angustifolia,especies	=	Fraxinus␣angustifolia
species,Fraxinus␣excelsior,especies	=	Fraxinus␣excelsior
species,Fraxinus␣excelsior␣'Westhofs␣Glorie',especies	=	Fraxinus␣excelsior␣'Westhofs␣Glorie'
species,Fraxinus␣ornus,especies	=	Fraxinus␣ornus
species,Fraxinus␣pennsylvanica,especies	=	Fraxinus␣pennsylvanica
species,Fraxinus␣sp.,especies	=	Fraxinus␣sp.
species,Fre,especies	=	libre
parking:condition:both,free,estacionamiento:estado:ambos	=	libre
parking:condition:left,free,estacionamiento:condición:izquierda	=	libre
parking:condition:right,free,estacionamiento:estado:correcto	=	libre
shop,free_flying,tienda	=	vuelo libre
sport,free_flying,deporte	=	vuelo_libre
import,freemapkapor,importar	=	freemapkapor
club,freemasonry,club	=	masonería
amenity,freeshop,amenidad/servicio	=	compra gratis
tower:construction,freestanding,torre:construcción	=	de pie
border_type,freguesia,border_type	=	freguesia
railway:traffic_mode,freight,ferrocarril:traffic_mode	=	transporte
usage,freight,uso	=	transporte
cuisine,french,cocina	=	francés
nhd:fdate,Fri Dec 28 00:00:00 PST 2007,
nhd:fdate,Fri Feb 22 00:00:00 PST 2008,
nhd:fdate,Fri Mar 08 00:00:00 PST 2002,
nhd:fdate,Fri May 09 00:00:00 PDT 2008,
nhd:fdate,Fri␣Dec␣28␣00:00:00␣PST␣2007,nhd:fecha	=	Vie␣Dic␣28␣00:00:00␣PST␣2007
amenity,fridge,amenidad/servicio	=	nevera
cuisine,friture,cocina	=	fritura
species,Fro,especies	=	Para
seamark:light:category,front,seamark:luz:categoría	=	parte delantera
man_made,frost_fan,hecho por el hombre	=	ventilador de escarcha
hazard,frost_heave,peligro	=	tirón de escarcha
shop,frozen_food,tienda	=	alimentos congelados
wholesale,fruits,mayorista	=	frutas
species,Frx,especies	=	Frx
aeroway,fuel,vía aérea	=	combustible
amenity,fuel,amenidad/servicio	=	combustible
content,fuel,contenido	=	combustible
railway,fuel,ferrocarril	=	combustible
service,fuel,Servicio	=	combustible
shop,fuel,tienda	=	combustible
substance,fuel,sustancia	=	combustible
vending,fuel,venta	=	combustible
vending_machine,fuel,máquina expendedora	=	combustible
waterway,fuel,camino acuático	=	combustible
man_made,fuel_column,hecho por el hombre	=	columna de combustible
seamark:small_craft_facility:category,fuel_station,seamark:instalación para embarcaciones pequeñas:categoría	=	gasolinera
access_control,full,
crossing:barrier,full,cruce:barrera	=	completo
barrier,full-height_turnstile,barrera	=	torniquete_de_altura_completa
natural,fumarole,natural	=	fumarola
operational_status_quality,functional,estado_operativo_calidad	=	funcional
message,funding,mensaje	=	fondos
advertising,funding_sign,publicidad	=	señal de financiación
man_made,funding_sign,hecho por el hombre	=	señal de financiación
shop,funeral_directors,tienda	=	directores_funerarios
amenity,funeral_hall,amenidad/servicio	=	salón_funerario
building,funeral_hall,edificio	=	salón funerario
railway,funicular,ferrocarril	=	funicular
route,funicular,ruta	=	funicular
station,funicular,estación	=	funicular
playground,funnel_ball,parque infantil	=	bola de embudo
sport,funnel_ball,deporte	=	bola de embudo
shop,furnace,tienda	=	horno
industrial,furniture,industrial	=	mueble
product,furniture,producto	=	mueble
shop,furniture,tienda	=	muebles
generator:method,fusion,generador:método	=	fusión
sport,futsal,deporte	=	fútbol sala
network:en,G-BUS,
tiger:MTFCC,G4110,tigre:MTFCC	=	G4110
source:geometry,GA Surface Hydro,
source:name,GA Surface Hydro,
wall,gabion:value,pared	=	gavión:valor
roof:shape,gabled,techo: forma	=	a dos aguas
roof:shape,gabled_row,techo: forma	=	gabled_row
sport,gaelic_football,deporte	=	fútbol gaélico
sport,gaelic_games,deporte	=	juegos_gaélicos
sport,gaga,deporte	=	gagá
shop,gallery,tienda	=	galería
tourism,gallery,turismo	=	galería
megalith_type,gallery_grave,tipo de megalito	=	galería tumba
historic,gallows,histórico	=	horca
amenity,gambling,amenidad/servicio	=	juego
leisure,gambling,tiempo libre	=	juego
shop,gambling,tienda	=	juego
roof:shape,gambrel,techo: forma	=	abucheo
amenity,game_feeding,amenidad/servicio	=	juego_alimentacion
animal_breeding,gamecock,cría de animales	=	gallo de pelea
shop,games,tienda	=	juegos
man_made,gantry,artificial	=	portal
crane:type,gantry_crane,grua:tipo	=	grúa pórtico
building,garage,edificio	=	garaje
driveway,garage,entrada de coches	=	garaje
entrance,garage,entrada	=	garaje
parking,garage,estacionamiento	=	garaje
parking,garage_boxes,estacionamiento	=	garaje_cajas
amenity,garages,amenidad/servicio	=	garajes
building,garages,edificio	=	garajes
landuse,garages,uso del suelo	=	garajes
denotation,garden,
leisure,garden,ocio	=	jardín
shop,garden_centre,tienda	=	centro_jardineria
shop,garden_furniture,tienda	=	Mueble de jardín
craft,gardener,artesanía	=	jardinero
church:type,garrison,iglesia:tipo	=	guarnición
content,gas,contenido	=	gas
generator:source,gas,generador:fuente	=	gas
industrial,gas,industrial	=	gas
plant:source,gas,planta:fuente	=	gas
power_source,gas,fuente de alimentación	=	gas
shop,gas,tienda	=	gas
substance,gas,sustancia	=	gas
type,gas,tipo	=	gas
utility,gas,utilidad	=	gas
vending,gas_bottles,venta	=	botellas de gas
generator:type,gas_turbine,generador: tipo	=	turbina de gas
plant:type,gas_turbine,planta: tipo	=	turbina de gas
man_made,gas_well,artificial	=	pozo_de_gas
generator:method,gasification,generador:método	=	gasificación
plant:method,gasification,planta:método	=	gasificación
lamp_type,gaslight,tipo_lampara	=	luz de gas
generator:source,gasoline,generador:fuente	=	gasolina
building,gasometer,edificio	=	gasómetro
man_made,gasometer,artificial	=	gasómetro
healthcare:speciality,gastroenterological_surgery,sanidad:especialidad	=	cirugía gastroenterológica
healthcare:speciality,gastroenterology,sanidad:especialidad	=	gastroenterología
aeroway,gate,vía aérea	=	portón
barrier,gate,barrera	=	portón
entrance,gate,entrada	=	portón
highway,gate,autopista	=	portón
seamark:type,gate,marca de mar: tipo	=	portón
valve,gate,válvula	=	portón
aeroway,gate/Archived_proposal,vía aérea	=	puerta/propuesta archivada
building,gatehouse,edificio	=	puerta de entrada
usage,gathering,uso	=	reunión
addr:source,Gatineau.ca/donneesouvertes 08Aug2015,
railway,gauge_conversion,ferrocarril	=	conversión de calibre
building,gazebo,edificio	=	Kiosko
shelter_type,gazebo,refugio_tipo	=	Kiosko
loading_gauge,GB,indicador_de_carga	=	ES
road_marking,GB:1001,=
road_marking,GB:1003A,=
road_marking,GB:1062,=
maxspeed:type,GB:motorway,
maxspeed:type,GB:nsl_dual,velocidad máxima: tipo	=	GB: nsl_dual
maxspeed:type,GB:nsl_restricted,velocidad máxima: tipo	=	GB: nsl_restricted
maxspeed:type,GB:nsl_single,velocidad máxima: tipo	=	GB: nsl_single
maxspeed:type,GB:zone20,
loading_gauge,GC,indicador_de_carga	=	CG
structure_gauge,GC,calibre_estructura	=	CG
manufacturer,GE,fabricante	=	GE
pump_mechanism,gear,mecanismo de bomba	=	engranaje
source:addr,Gebäudeadressen des Kantons Bern © Amt für Geoinformation des Kantons Bern,
protection_title,Gebietsverbot,título de protección	=	Gebietsverbot
species:de,Gemeine Esche,
harbour:category,general,puerto:categoría	=	general
healthcare:speciality,general,sanidad:especialidad	=	general
shop,general,tienda	=	general
wholesale,general,mayorista	=	general
shop,general_store,tienda	=	almacén general
shop,general_stores,tienda	=	tiendas generales
substation,generation,subestación	=	generación
power,generator,energía	=	generador
transformer,generator,transformador	=	generador
created_by,geobaseNHN2osm,
site,geodesic,sitio	=	geodésico
office,geodesist,oficina	=	geodésico
man_made,geoglyph,artificial	=	geoglifo
source:geometry,geoportal.gov.pl,
source:geometry,"geoportal.gov.pl, GPS",
source:geometry,"geoportal.gov.pl,GPS",
source:geometry,geoportal.gov.pl:BDOT,
source:geometry,geoportal.gov.pl:ortofoto,
source:geometry,geoportal.gov.pl. GPS,
cuisine,georgian,cocina	=	georgiano
generator:source,geothermal,generador:fuente	=	geotermia
natural,geothermal,natural	=	geotermia
plant:source,geothermal,planta:fuente	=	geotermia
natural,geothermal_area,natural	=	área geotérmica
natural,geothermal_field,natural	=	campo geotérmico
building,ger,edificio	=	ger
healthcare:speciality,geriatrics,sanidad:especialidad	=	geriatría
cuisine,german,cocina	=	alemán
natural,geyser,natural	=	géiser
memorial,ghost_bike,monumento	=	bicicleta fantasma
shop,gift,tienda	=	regalo
genus,Ginkgo,género	=	Gingko
species,Ginkgo biloba,
species,Ginkgo␣biloba,especies	=	Ginkgo␣biloba
source:name,GIS Directorate of Central Informatics Organization Bahrain (www.bahrainlocator.gov.bh),
amenity,give_box,amenidad/servicio	=	dar caja
highway,give_way,carretera	=	Ceder el paso
road_marking,give_way,=
natural,glacier,natural	=	glaciar
building:material,glass,material de construcción	=	vidrio
material,glass,material	=	vidrio
roof:material,glass,techo: material	=	vidrio
shop,glass,tienda	=	vidrio
craft,glassblower,artesanía	=	soplador de vidrio
building,glasshouse,edificio	=	invernadero
craft,glaziery,artesanía	=	cristal
shop,glaziery,tienda	=	vidriería
genus,Gleditsia,género	=	gleditsia
species,Gleditsia triacanthos,
species,Gleditsia␣triacanthos,especies	=	Gleditsia␣triacanthos
aerodrome:type,gliding,aeródromo:tipo	=	deslizándose
valve,globe,válvula	=	globo
source:name,GNS,nombre de la fuente	=	GNS
shop,gold_buyer,tienda	=	comprador de oro
craft,goldsmith,artesanía	=	orfebre
club,golf,club	=	golf
shop,golf,tienda	=	golf
sport,golf,deporte	=	golf
shop,golf_cart,tienda	=	carro de golf
leisure,golf_course,ocio	=	campo_de_golf
aerialway,gondola,vía aérea	=	góndola
seamark:fog_signal:category,gong,seamark: señal de niebla: categoría	=	gong
building:condition,good,edificio: condición	=	bueno
condition,good,condición	=	bueno
lit:perceived,good,encendido: percibido	=	bueno
smoothness,good,suavidad	=	bueno
trail_visibility,good,rastro_visibilidad	=	bueno
aerialway,goods,vía aérea	=	bienes
man_made,goods_conveyor,artificial	=	transportador de mercancías
road_marking,gore_chevron,=
natural,gorge,natural	=	garganta
building,government,edificio	=	gobierno
office,government,oficina	=	gobierno
operator:type,government,operador:tipo	=	gobierno
building,government_office,edificio	=	oficina gubernamental
flag:type,governmental,bandera: tipo	=	gubernamental
landuse,governmental,uso del suelo	=	gubernamental
highway:class:pl,GP,
naptan:StopAreaType,GPBS,naftan:StopAreaType	=	GPBS
geobase:acquisitionTechnique,GPS,geobase: técnica de adquisición	=	GPS
created_by,GPSBabel-1.3.6,
source:ele,gpx,fuente:ele	=	gpx
maxspeed,GR:urban,máxima velocidad	=	GR:urbano
import,grabremote,importar	=	agarrar control remoto
listed_status,Grade II,
listed_status,Grade_I,estado listado	=	Grado I
listed_status,Grade␣II,listado_estado	=	Grado␣II
tracktype,grade1,tipo de pista	=	grado 1
tracktype,grade2,tipo de pista	=	grado 2
tracktype,grade3,tipo de pista	=	grado 3
tracktype,grade4,tipo de pista	=	grado 4
tracktype,grade5,tipo de pista	=	grado 5
tracktype,gradex,tipo de pista	=	gradox
man_made,graduation_tower,hecho por el hombre	=	torre de graduación
content,grain,contenido	=	grano
local_authority:IN,gram_panchayat,autoridad_local:IN	=	gram_panchayat
building,granary,edificio	=	granero
building,grandstand,edificio	=	tribuna
material,granite,material	=	granito
surface,granite,superficie	=	granito
material,granite_stone,material	=	Piedra de granito
crop,grape,cultivo	=	uva
office,graphic_design,oficina	=	diseño gráfico
crop,grass,cultivo	=	césped
landcover,grass,cubierta terrestre	=	césped
landuse,grass,uso del suelo	=	césped
natural,grass,natural	=	hierba
roof:material,grass,techo: material	=	hierba
surface,grass,"Una superficie de hierba está cubierta de hierba viva y vegetación, comúnmente encontrada en parques y áreas recreativas | superficie	=	césped"
zoning,grass,zonificación	=	césped
surface,grass_paver,superficie	=	pavimentadora_hierba
natural,grassland,"Un pastizal es un área cubierta predominantemente de hierbas y plantas herbáceas, con pocos o ningún árbol | natural	=	pradera"
inlet,grate,entrada	=	rallar
cemetery,grave,cementerio	=	tumba
archaeological_site,grave_field,sitio arqueológico	=	campo de tumbas
amenity,grave_yard,amenidad/servicio	=	cementerio
landuse,grave_yard,uso del suelo	=	cementerio
landcover,gravel,cubierta terrestre	=	grava
resource,gravel,recurso	=	grava
roof:material,gravel,techo: material	=	grava
surface,gravel,superficie	=	grava
observatory:type,gravitational,observatorio:tipo	=	gravitacional
building:colour,gray,edificio:color	=	gris
colour,gray,color	=	gris
source:geometry,GRB,
cuisine,greek,cocina	=	griego
denomination,greek_orthodox,
building:colour,green,edificio:color	=	verde
colour,green,color	=	verde
colour:arrow,green,color:flecha	=	verde
colour:back,green,color:espalda	=	verde
colour:text,green,color:texto	=	verde
fire_hydrant:position,green,hidrante_de_incendio:posición	=	verde
golf,green,golf	=	verde
light:colour,green,
seamark:beacon_lateral:colour,green,marca:baliza lateral:color	=	verde
seamark:beacon_special_purpose:colour,green,seamark:beacon propósito especial:color	=	verde
seamark:buoy_lateral:colour,green,seamark:boya_lateral:color	=	verde
seamark:buoy_special_purpose:colour,green,seamark:boya propósito especial:color	=	verde
seamark:light:colour,green,marca:luz:color	=	verde
seamark:topmark:colour,green,marca de mar:marca de tope:color	=	verde
highway,green_lane,autopista	=	carril verde
seamark:beacon_lateral:colour,green;red;green,marca:baliza lateral:color	=	verde;rojo;verde
seamark:buoy_lateral:colour,green;red;green,marca:boya lateral:color	=	verde;rojo;verde
seamark:beacon_lateral:colour,green;white;green;white,marca:baliza lateral:color	=	verde;blanco;verde;blanco
seamark:buoy_lateral:colour,green;white;green;white,marca:boya lateral:color	=	verde;blanco;verde;blanco
osmc:symbol,green:green:yellow_pointer,osmc:símbolo	=	verde:verde:puntero_amarillo
landcover,greenery,cubierta terrestre	=	verdor
landuse,greenery,uso del suelo	=	verdor
landuse,greenfield,uso del suelo	=	greenfield
shop,greengrocer,tienda	=	verdulero
wholesale,greengrocer,mayorista	=	verdulero
building,greenhouse,edificio	=	invernadero
landuse,greenhouse_horticulture,uso del suelo	=	invernadero_horticultura
building:colour,grey,edificio:color	=	gris
colour,grey,color	=	gris
seamark:beacon_special_purpose:colour,grey,seamark:beacon propósito especial:color	=	gris
seamark:topmark:colour,grey,marca de mar:marca de tope:color	=	gris
electricity,grid,
seamark:type,gridiron,marca de mar:tipo	=	parrilla
cuisine,grill,cocina	=	parrilla
shop,grill,tienda	=	parrilla
craft,grinding_mill,artesanía	=	molino_de_molienda
industrial,grinding_mill,industrial	=	molino_de_molienda
amenity,grit_bin,amenidad/servicio	=	grit_bin
maintenance,gritting,mantenimiento	=	arenilla
shop,grocery,tienda	=	tienda de comestibles
source:addr,grodziskmazowiecki.e-mapa.net,
cave,grotto,cueva	=	gruta
location,ground,localización	=	terrestre
marker,ground,marcador	=	terrestre
natural,ground,natural	=	terrestre
support,ground,apoyo	=	terrestre
surface,ground,superficie	=	terrestre
hazard,ground_clearance,peligro	=	claridad del piso
building,ground_station,edificio	=	estación terrestre
man_made,ground_station,hecho por el hombre	=	estación terrestre
power,grounding,poder	=	toma de tierra
shop,groundskeeping,tienda	=	mantenimiento de jardines
type,group,tipo	=	grupo
social_facility,group_home,instalaciones_sociales	=	inicio_del_grupo
man_made,groyne,artificial	=	rompeolas
seamark:shoreline_construction:category,groyne,seamark:litoral construcción:categoría	=	rompeolas
source:geometry,GSImaps/std,
railway:radio,gsm-r,ferrocarril:radio	=	gsm-r
*-tip/pista,guagua,ALERTA:Si quieres buscar guagua usa bus
building,guard_post,edificio	=	puesto de guardia
barrier,guard_rail,barrera	=	Barandilla
man_made,guard_stone,hecho por el hombre	=	piedra de guardia
building,guardhouse,edificio	=	cárcel militar
source:en,Guaynabo Municipality,
source:en,Guaynabo␣Municipality,fuente:es	=	Guaynabo␣Municipio
mooring,guest,amarradero	=	huésped
tourism,guest_house,turismo	=	Casa de invitados
source:addr,gugik.gov.pl,
office,guide,oficina	=	guía
information,guidepost,información	=	poste indicador
natural,gully,natural	=	quebrada
addr:village,Gumare,dirección:pueblo	=	Gumaré
shop,gun,tienda	=	pistola
bunker_type,gun_emplacement,tipo búnker	=	emplazamiento de armas
shop,guns,tienda	=	pistolas
building,gurdwara,edificio	=	Gurdwara
source:addr,GURS,fuente: dirección	=	GURS
source:construction_date,GURS,
source:geometry,GURS,fuente: geometría	=	GURS
man_made,guy,hecho por el hombre	=	chico
man_made,guy_insulator,hecho por el hombre	=	tipo aislante
man_made,guy_wire,hecho por el hombre	=	alambre tipo
design,guyed_h-frame,diseño	=	guyed_h-marco
tower:construction,guyed_lattice,torre:construcción	=	celosía arriostrada
tower:construction,guyed_tube,torre:construcción	=	tubo tensado
design,guyed_v-frame,diseño	=	guyed_v-marco
amenity,gym,amenidad/servicio	=	gimnasia
amenity,gym_(Don't_use),amenidad/servicio	=	gimnasio (no usar)
sport,gymnastics,deporte	=	gimnasia
healthcare:speciality,gynaecology,sanidad:especialidad	=	ginecología
cuisine,gyros,cocina = gyros (comiga griega)
design,h-frame,diseño	=	marco en h
barrier,ha-ha,barrera	=	ja ja
shop,haberdashery,tienda	=	mercería
leisure,hackerspace,tiempo libre	=	espacio hacker
healthcare:speciality,haematology,sanidad:especialidad	=	hematología
category,haffir,
barrier,haha,barrera	=	ja ja
genus:de,Hainbuche,
beauty,hair,belleza	=	pelo
beauty,hair_removal,belleza	=	depilación
shop,hairdresser,tienda	=	peluquero
wholesale,hairdresser,mayorista	=	peluquero
shop,hairdresser_supply,tienda	=	peluquería_suministros
curve,hairpin,curva	=	horquilla
source:name,Haiti_DMA_Topo,nombre de la fuente	=	Haití DMA Topo
crossing:barrier,half,cruce:barrera	=	mitad
roof:shape,half_hipped,techo:forma	=	medio cadera
roof:shape,half-hipped,techo: forma	=	a media cadera
owner,Halifax Regional Municipality,
owner,Halifax␣Regional␣Municipality,dueño	=	Halifax␣Regional␣Municipio
building,hall,edificio	=	salón
building,hall_of_residence,edificio	=	Sala de residencia
disused:railway,halt,en desuso: ferrocarril	=	detener
public_transport,halt,transporte público	=	detener
railway,halt,ferrocarril	=	detener
residential,halting_site,Residencial	=	sitio_detención
shop,ham,tienda	=	jamón
abandoned:place,hamlet,
place,hamlet,lugar	=	aldea
bath:type,hammam,baño:tipo	=	baño turco
athletics,hammer_throw,atletismo	=	lanzamiento de martillo
barrier,hampshire_gate,barrera	=	hampshire_gate
sport,handball,deporte	=	balonmano
craft,handicraft,artesanía	=	artesanía
man_made,handpump,artificial	=	bomba de mano
barrier,handrail,barrera	=	pretil
aeroway,hangar,vía aérea	=	hangar
building,hangar,edificio	=	hangar
lamp_operator,Hansestadt Rostock,
lamp_operator,Hansestadt␣Rostock,operador_de_lamparas	=	Hansestadt␣Rostock
sport,hapkido,deporte	=	hapkido
landuse,harbour,uso del suelo	=	puerto
seamark:type,harbour,marca de mar: tipo	=	puerto
water,harbour,agua	=	puerto
seamark:type,harbour_area,marca de mar: tipo	=	zona del puerto
seamark:type,harbour_basin,marca de mar: tipo	=	cuenca del puerto
seamark:beacon_lateral:category,harbour_left,marca:baliza lateral:categoria	=	puerto a la izquierda
border_type,harbour_limits,tipo de borde	=	límites del puerto
office,harbour_master,oficina	=	capitán de Puerto
seamark:building:function,harbour_master,marca:edificio:función	=	capitán de Puerto
seamark:beacon_lateral:category,harbour_right,marca:baliza lateral:categoria	=	derecho del puerto
building:material,hard,material de construcción	=	difícil
surface,hard,superficie	=	duro
bunker_type,hardened_aircraft_shelter,tipo búnker	=	refugio reforzado para aviones
shop,hardware,tienda	=	ferretería
wholesale,hardware,mayorista	=	hardware
crop,hay,cultivo	=	heno
boundary,hazard,Perímetro	=	peligro
whitewater,hazard,agua Blanca	=	peligro
trees,hazel_plants,árboles	=	avellana_plantas
usage,headrace,uso	=	carrera
boundary,health,Perímetro	=	salud
insurance,health,seguro	=	salud
shop,health,tienda	=	salud
type,health,tipo	=	salud
shop,health_food,tienda	=	Comida saludable
amenity,health_post,amenidad/servicio	=	puesto_de_salud
healthcare,health_post,cuidado de la salud	=	puesto de salud
government,healthcare,gobierno	=	cuidado de la salud
landuse,healthcare,uso del suelo	=	cuidado de la salud
office,healthcare,oficina	=	cuidado de la salud
man_made,heap,artificial	=	montón
shop,hearing_aid_dispenser,tienda	=	dispensador de audífonos
shop,hearing_aids,tienda	=	audífonos
type,heat,tipo	=	calor
generator:type,heat_pump,generador: tipo	=	bomba de calor
natural,heath,natural	=	brezo
utility,heating,utilidad	=	calefacción
industrial,heating_station,industrial	=	estación de calefacción
seamark:distance_mark:units,hectometres,marca de mar:marca de distancia:unidades	=	hectómetros
barrier,hedge,barrera	=	cobertura
landcover,hedge,cubierta terrestre	=	cobertura
barrier,hedge_bank,barrera	=	banco de cobertura
hedge,hedge_bank,cobertura	=	hedge_bank
historic:period,heian,histórico: período	=	Heian
barrier,height_restrictor,barrera	=	restrictor_de_altura
power,heliostat,poder	=	heliostato
aeroway,helipad,vía aérea	=	helipuerto
aeroway,heliport,vía aérea	=	helipuerto
gbfs:system_id,hellocycling,
source:address,Helsingborgs kommun,
source:address,Helsingborgs␣kommun,Dirección de la fuente	=	Helsingborgs␣kommun
healthcare:speciality,hepatology,sanidad:especialidad	=	hepatología
shop,herbalist,tienda	=	herbalorario
government,heritage,gobierno	=	patrimonio
historic,heritage,histórico	=	herencia
genus,Hevea,género	=	hevea
car:type,hgv,tipo de carro	=	vhg
logistics,hgv,logística	=	vhg
parking_space,hgv,plaza de aparcamiento	=	vhg
shop,hgv,tienda	=	vhg
shop,hifi,tienda	=	de alta fidelidad
NHD:RESOLUTION,High,
NHD:Resolution,High,NHD:Resolución	=	Alto
diplomatic,high_commission,diplomático	=	alta Comisión
embassy,high_commission,embajada	=	alta Comisión
athletics,high_jump,atletismo	=	salto alto
lamp_mount,high_mast,montaje_de_lampara	=	mástil alto
lamp_type,high_pressure_sodium,tipo_lampara	=	sodio de alta presión
light:method,high_pressure_sodium,luz:método	=	sodio de alta presión
sport,high_rope_course,deporte	=	curso de cuerda alta
historic,highwater_mark,histórico	=	alta marca de agua
landuse,highway,uso del suelo	=	carretera
office,highway,oficina	=	autopista
aeroway,highway_strip,vía aérea	=	franja de carretera
piste:type,hike,pista:tipo	=	caminata
checkpoint,hiking,control	=	senderismo
guidepost,hiking,poste indicador	=	senderismo
route,hiking,ruta	=	senderismo
sac_scale,hiking,saco_escala	=	senderismo
natural,hill,natural	=	Cerro
fortification_type,hill_fort,tipo de fortificación	=	fuerte en la colina
religion,hindu,religión	=	hindú
door,hinged,puerta	=	con bisagras
roof:shape,hipped,techo: forma	=	a cuatro aguas
species,hippocastanum,especies	=	hippocastanum
railway,hirail_access,ferrocarril	=	acceso hirail
source:geometry,HiRes aerial imagery,
source:position,HiRes aerial imagery,
boundary,historic,Perímetro	=	histórico
railway,historic,ferrocarril	=	histórico
route,historic,ruta	=	histórico
boundary,historic_parish,Perímetro	=	parroquia_histórica
railway,historical,ferrocarril	=	histórico
thc:designation,Historical Marker,
board_type,history,tipo_tablero	=	historia
museum,history,museo	=	historia
amenity,hitching_post,amenidad/servicio	=	poste de enganche
road_marking,HK:604[right],=
shop,hobby,tienda	=	pasatiempo
sport,hockey,deporte	=	hockey
aeroway,holding_position,vía aérea	=	holding_position
aeroway,holding_position_line,vía aérea	=	línea de posición de espera
disc_golf,hole,disco de golf	=	agujero
golf,hole,golf	=	agujero
hazard,hole,peligro	=	agujero
species:de,Holländische-Linde,
valve,hollow_jet,válvula	=	jet hueco
historic,hollow_way,histórico	=	camino_hueco
place_of_worship,holy_well,lugar de adoración	=	pozo santo
entrance,home,entrada	=	hogar
social_facility:for,homeless,social_facility:para	=	Vagabundo
healthcare:speciality,homeopathy,especialidad:de_salud	=	homeopatía
shop,honey,tienda	=	miel
species:en,Honey Locust,
man_made,hongsalmun,hecho por el hombre	=	hongsalmun
consulate,honorary_consul,consulado	=	cónsul honorario
diplomatic,honorary_consulate,diplomático	=	consulado honorario
shop,hookah,tienda	=	narguile
amenity,hookah_lounge,amenidad/servicio	=	salón_de_la_cachimba
crop,hop,cultivo	=	saltar
landuse,hop_garden,uso del suelo	=	jardín de lúpulo
trees,hop_plants,árboles	=	lúpulo_plantas
playground,hopscotch,parque infantil	=	rayuela
line_arrangement,horizontal,
seamark:beacon_cardinal:colour_pattern,horizontal,seamark: beacon cardinal: patrón de color	=	horizontal
seamark:beacon_isolated_danger:colour_pattern,horizontal,seamark:faro peligro aislado:patrón de color	=	horizontal
seamark:beacon_lateral:colour_pattern,horizontal,marca de mar: baliza lateral: patrón de color	=	horizontal
seamark:buoy_cardinal:colour_pattern,horizontal,seamark:buoy_cardinal:color_patrón	=	horizontal
seamark:buoy_isolated_danger:colour_pattern,horizontal,seamark:boya peligro aislado:patrón de color	=	horizontal
seamark:buoy_lateral:colour_pattern,horizontal,marca de mar: boya lateral: patrón de color	=	horizontal
seamark:buoy_special_purpose:colour_pattern,horizontal,marca de mar: boya propósito especial: patrón de color	=	horizontal
seamark:topmark:colour_pattern,horizontal,marca de mar: marca de tope: patrón de color	=	horizontal
survey_point:purpose,horizontal,punto de encuesta: propósito	=	horizontal
generator:type,horizontal_axis,generador:tipo	=	eje horizontal
playground,horizontal_bar,parque infantil	=	barra horizontal
seamark:fog_signal:category,horn,seamark: señal de niebla: categoría	=	bocina
barn,horreo,El hórreo es un típico gran almacén elevado típico de Asturias y Galicia
barn,hórreo,El hórreo es un típico gran almacén elevado típico de Asturias y Galicia
smoothness,horrible,suavidad	=	horrible
trail_visibility,horrible,rastro_visibilidad	=	horrible
route,horse,ruta	=	caballo
barrier,horse_jump,barrera	=	salto de caballo
amenity,horse_parking,amenidad/servicio	=	estacionamiento de caballos
sport,horse_racing,deporte	=	las carreras de caballos
hazard,horse_riders,peligro	=	jinetes
leisure,horse_riding,ocio	=	equitación (hípica)
barrier,horse_stile,barrera	=	montante de caballo
animal,horse_walker,animal	=	paseador de caballos
sport,horseshoes,deporte	=	herraduras
tower:type,hose,torre:tipo	=	manguera
amenity,hospice,amenidad/servicio	=	hospicio
healthcare,hospice,cuidado de la salud	=	hospicio
social_facility,hospice,instalación social	=	hospicio
amenity,hospital,"Un hospital es una instalación médica que proporciona atención sanitaria integral, tratamiento de emergencias y servicios médicos especializados | amenidad/servicio	=	hospital"
building,hospital,"Un edificio de hospital es una instalación médica que proporciona atención sanitaria, tratamiento y servicios médicos | edificio	=	hospital"
church:type,hospital,iglesia:tipo	=	hospital
healthcare,hospital,cuidado de la salud	=	hospital
tourism,hostel,turismo	=	Hostal
spring:type,hot,primavera:tipo	=	caliente
cuisine,hot_dog,cocina	=	Pancho
cuisine,hot_pot,cocina	=	olla caliente
bath:type,hot_spring,baño:tipo	=	primavera calurosa
leisure,hot_spring,tiempo libre	=	primavera calurosa
natural,hot_spring,natural	=	primavera calurosa
leisure,hot_tub,tiempo libre	=	Bañera de hidromasaje
content,hot_water,contenido	=	agua caliente
substance,hot_water,sustancia	=	agua caliente
man_made,hot_water_tank,hecho por el hombre	=	tanque de agua caliente
amenity,hotel,amenidad/servicio	=	hotel
building,hotel,Un edificio de hotel proporciona alojamiento temporal y servicios de hospedaje para viajeros y visitantes | edificio	=	hotel
tourism,hotel,turismo	=	hotel
cuisine,hotpot,cocina	=	estofado
building,house,Una casa es un edificio residencial diseñado para habitación y vida humana | edificio	=	casa
building:part,house,
construction,house,construcción	=	casa
destroyed:building,house,
historic,house,histórico	=	casa
landuse,house,uso del suelo	=	casa
building,houseboat,edificio	=	casa flotante
shop,household_linen,tienda	=	ropa de casa
shop,houseware,tienda	=	artículos para el hogar
park_ride,hov,paseo del Parque	=	hov
source:url,http://cea.vitoria-gasteiz.org,fuente:url	=	http://cea.vitoria-gasteiz.org
source:file,http://centrodedescargas.cnig.es/CentroDescargas/equipamiento/BD_Municipios-Entidades.zip,archivo fuente	=	http://centrodedescargas.cnig.es/CentroDescargas/equipamiento/BD_Municipios-Entidades.zip
source:file,http://centrodedescargas.cnig.es/CentroDescargas/equipamiento/NGBE_de_caracter_Provisional.zip,archivo fuente	=	http://centrodedescargas.cnig.es/CentroDescargas/equipamiento/NGBE_de_caracter_Provisional.zip
source_ref:name,http://data.gov.au/dataset/36f1ca48-ed2d-4a58-a15b-6fb4b97fdbd7,
source:geometry,http://gis.gabrovo.bg:6080/arcgis/rest/services/BaseMap/MapServer/7,
source:url,http://gis.naga.gov.ph/pmwiki/pmwiki.php/Main/Data,fuente:url	=	http://gis.naga.gov.ph/pmwiki/pmwiki.php/Main/Data
source:maxspeed,http://monolitos.montevideo.gub.uy/resoluci.nsf/WEB/Numero/954-13,
source_ref,http://nlftp.mlit.go.jp/ksj/jpgis/datalist/KsjTmplt-A13.html,
source_ref,http://nlftp.mlit.go.jp/ksj/jpgis/datalist/KsjTmplt-N02-v1_1.html,
source_ref,http://nlftp.mlit.go.jp/ksj/jpgis/datalist/KsjTmplt-P02-v2_0.html,
source_ref,http://nlftp.mlit.go.jp/ksj/jpgis/datalist/KsjTmplt-W05.html,
source_ref,http://nlftp.mlit.go.jp/ksj/jpgis/datalist/KsjTmplt-W09.html,
source:ref,http://wiki.openstreetmap.org/wiki/Import/Catalogue/Strassen_NRW,
source_ref,http://wiki.openstreetmap.org/wiki/JA:GSI_KIBAN/Using_GSI_KIBAN_WMS,
source_ref,http://wiki.osm.org/wiki/GSI_KIBAN,
source:lit,http://www.autobahn-bilder.de,
source:url,http://www.bilbao.eus/opendata,fuente:url	=	http://www.bilbao.eus/opendata
source:wfs,http://www.idee.es/IGN-WFS-Geodesia/ogcwebservice,fuente:wfs	=	http://www.idee.es/IGN-WFS-Geodesia/ogcwebservice
source_ref,http://www.linz.govt.nz/topography/topo-maps/,
contact:website,https://5ka.ru,
source:url,https://data.kinmen.gov.tw/Cus_OpenData_DealData.aspx?s=EE8E4A0BF2004468,
source:highway:class:pl,https://edziennik.gddkia.gov.pl/DU_GDDKIA/2025/7/akt.pdf,
source:hgv,https://gamccd.net/Documents/OSP_GaOversizeTrkRouteMap.pdf,
source:hgv,https://gis-idot.opendata.arcgis.com/datasets/IDOT::designated-truck-routes-state-jurisdiction-truck-route/explore?location=40.542466%2C-88.991188%2C14.60;https://www.gettingaroundillinois.com/MapViewer/?config=DTRconfig.json,
source:data,https://gis.ny.gov/gisdata,datos fuente	=	https://gis.ny.gov/gisdata
source:addr,https://gis.sccmo.opendata.arcgis.com/ (2018),
source:hgv:national_network,https://hepgis-usdot.hub.arcgis.com/apps/usdot::national-network-conventional-combination-trucks-map/explore,
source:maxweight,https://hub.arcgis.com/datasets/KYTC::kytc-truck-weight-classification/explore,
source:url,https://maps.lib.utexas.edu/maps/topo/nicaragua/,fuente:url	=	https://maps.lib.utexas.edu/maps/topo/nicaragua/
source:url,https://trouver.datasud.fr/dataset/marseille-eclairage,fuente:url	=	https://trouver.datasud.fr/dataset/marseille-eclairage
contact:twitter,https://twitter.com/Ozon_ru,
contact:vk,https://vk.com/ozon,
url,https://wiki.openstreetmap.org/Import_Borno_eHealth_Africa_Smaller_Settlements,URL	=	https://wiki.openstreetmap.org/Import Borno eHealth Africa Asentamientos más pequeños
source:hgv,https://www.dot.state.pa.us/public/pubsforms/Publications/TruckersMap.pdf,
heritage:website,https://www.duesseldorf.de/denkmalschutz/gasleuchten,
source:hgv:national_network,https://www.ecfr.gov/current/title-23/chapter-I/subchapter-G/part-658;https://hepgis-usdot.hub.arcgis.com/apps/usdot::national-network-conventional-combination-trucks-map,
source:addr,https://www.elliscad.com/gis-data/ (2024),
contact:facebook,https://www.facebook.com/ozon.ru,
source_ref:url,https://www.flickr.com/photos/openstreetmap-albania,
source_ref:url,https://www.flickr.com/photos/openstreetmap-albania/,fuente_ref:url	=	https://www.flickr.com/photos/openstreetmap-albania/
contact:website,https://www.hellocycling.jp,
source:url,https://www.hsinchu.gov.tw/OpenDataDetail.aspx?n=902&s=2663,
contact:instagram,https://www.instagram.com/ozonru,
source:url,https://www.klcg.gov.tw/tw/civil/2209-292163.html,
source:hgv,https://www.michigan.gov/mdot/-/media/Project/Websites/MDOT/Travel/Map/Truck-Operators-Map/Truck-Operators-Map.pdf,
source_ref,https://www.openstreetmap.org/user/aHaSaN/diary,
contact:website,https://www.ozon.ru,
contact:website,https://www.ozon.ru/,contacto:sitio web	=	https://www.ozon.ru/
operator:website,https://www.usps.com,
source:maxspeed,HU:urban,
seamark:type,hulk,marca de mar:tipo	=	casco
seamark:wreck:category,hull_showing,marca:naufragio:categoría	=	mostrando el casco
natural,human,natural	=	humano
healthcare:speciality,humanistic,sanidad:especialidad	=	humanista
natural,hummock,natural	=	montículo
traffic_calming,hump,calmar el tráfico	=	joroba
railway,hump_yard,ferrocarril	=	joroba
bridge:structure,humpback,puente:estructura	=	jorobado
genus,Humulus,género	=	húmulo
club,hunting,club	=	caza
shop,hunting,tienda	=	caza
amenity,hunting_stand,amenidad/servicio	=	puesto_de_caza
man_made,hunting_stand,hecho por el hombre	=	puesto de caza
building,hut,casa de piedra seca | edificio	=	cabaña
archaeological_site,hut_circle,sitio arqueológico	=	choza círculo
site_type,hut_circle,tipo de sitio	=	choza círculo
craft,hvac,artesanía	=	climatización
shop,hvac,tienda	=	climatización
wholesale,hvac,mayorista	=	climatización
amenity,hydrant,amenidad/servicio	=	boca de aguas
utility,hydrant,utilidad	=	boca de aguas
actuator,hydraulic_cylinder,solenoide	=	Cilindro hidráulico
generator:source,hydro,generador:fuente	=	hidro
plant:source,hydro,planta:fuente	=	hidro
power_source,hydro,fuente de alimentación	=	hidro
generator:type,hydrodynamic_screw,generador: tipo	=	tornillo hidrodinámico
shop,hydroponics,tienda	=	hidroponia
genus,Hylocereus,género	=	Hylocereus
tomb,hypogeum,tumba	=	hipogeo
crown_type,i,
seamark:beacon_lateral:system,iala-a,
seamark:buoy_lateral:system,iala-a,seamark:boya_lateral:sistema	=	iala-a
source:highway_classification,IBGE,
source:name,IBGE,
source:population,"IBGE, DOU de 31/08/2023",
hazard,ice,peligro	=	hielo
surface,ice,superficie	=	hielo
amenity,ice_cream,amenidad/servicio	=	helado
cuisine,ice_cream,cocina	=	helado
shop,ice_cream,tienda	=	helado
vending,ice_cream,venta	=	helado
cuisine,ice_cream;burger,cocina	=	helado;hamburguesa
vending,ice_cubes,venta	=	cubos de hielo
industrial,ice_factory,industrial	=	fábrica de hielo
sport,ice_hockey,deporte	=	hockey sobre hielo
man_made,ice_house,hecho por el hombre	=	casa de hielo
leisure,ice_rink,tiempo libre	=	Pista de hielo
surface,ice_road,superficie	=	camino de hielo
sport,ice_skating,deporte	=	patinaje sobre hielo
sport,ice_stock,deporte	=	caldo de hielo
is_in:country_code,ID,
source:name:oc,ieo-bdtopoc,fuente:nombre:oc	=	ieo-bdtopoc
denomination,iglesia_filipina_independiente,denominación	=	iglesia filipina independiente
species,Ilex␣aquifolium,especies	=	Ilex␣aquifolium
hazard,illegal_crossing,peligro	=	cruce ilegal
beacon:type,ILS,baliza:tipo	=	ILS
holding_position,ILS,posición de espera	=	ILS
holding_position:type,ILS,posición de espera:tipo	=	ILS
source:geometry,Imagen Catastro de España,
source:geometry,Imagen de Catastro de España,
healthcare:speciality,immunology,sanidad:especialidad	=	inmunología
smoothness,impassable,suavidad	=	infranqueable
historic:civilization,imperial_chinese,historico:civilizacion	=	chino_imperial
healthcare:speciality,implantology,especialidad:de_salud	=	implantología
maxspeed,implicit,máxima velocidad	=	implícito
source:maxspeed,implicit,fuente:maxspeed	=	implícito
source:name,ImproveOSM,
description,in the depot/yard,
railway:signal:position,in_track,
coastline:survey_quality,inadequate,litoral:calidad de levantamiento	=	inadecuado
tactile_paving,incorrect,pavimento táctil	=	incorrecto
survey_point:structure,indented_pin,punto de encuesta:estructura	=	pasador con sangría
cuisine,indian,cocina	=	indio
is_in:country,Indonesia,
cuisine,indonesian,cocina	=	indonesio
location,indoor,ubicación	=	interior
surveillance,indoor,
leisure,indoor_play,tiempo libre	=	juego de interior
abutters,industrial,colinda con	=	industrial
building,industrial,"Un edificio industrial es una instalación diseñada para fabricación, producción y operaciones industriales | edificio	=	industrial"
harbour:category,industrial,puerto:categoría	=	industrial
historic,industrial,histórico	=	industrial
landuse,industrial,"El uso industrial del suelo designa áreas para fabricación, producción, almacenamiento y actividades industriales | uso del suelo	=	industrial"
substation,industrial,subestación	=	industrial
usage,industrial,uso	=	industrial
source:population,INE,fuente:población	=	INE
source:population,ine.gob.bo;2016,fuente:población	=	ine.gob.bo;2016
healthcare:speciality,infectious_diseases,sanidad:especialidad	=	enfermedades infecciosas
baseball,infield,béisbol	=	dentro del campo
basin,infiltration,cuenca	=	infiltración
crossing,informal,
seamark:notice:function,information,seamark:aviso:función	=	información
tourism,information,turismo	=	información
craft,information_electronics,artesanía	=	electronica de informacion
swimming_pool,inground,piscina	=	enterrada
damage:assessment,initial,evaluación de daños	=	inicial
usage,injection,uso	=	inyección
vending,ink_cartridges,venta	=	cartuchos de tinta
route,inline_skates,ruta	=	patines en línea
building:usage:pl,Inny niemieszkalny,
building:usage:pl,inny niemieszkalny,
building:use:pl,Inny niemieszkalny,
building:usage:pl,Inny niemieszkalny lub podziemny,
building:use:pl,Inny␣niemieszkalny,edificio:uso:pl	=	Inny␣niemieszkalny
man_made,insect_hotel,artificial	=	insecto_hotel
source:population,INSEE 2024,
source:population,INSEE␣2022,fuente:población	=	INSEE␣2022
seamark:type,inshore_traffic_zone,marca de mar:tipo	=	zona de tráfico costero
postal_code:source,INSSE - SIRUTA,
postal_code:source,INSSE␣-␣SIRUTA,código_postal:fuente	=	INSSE␣-␣SIRUTA
artwork_type,installation,
heritage:operator,Institut für Denkmalschutz und Denkmalpflege Düsseldorf,
landuse,institutional,uso del suelo	=	institucional
railway:vacancy_detection,insulated_rail_joint,ferrocarril: detección de vacantes	=	junta de riel aislada
craft,insulation,artesanía	=	aislamiento
power,insulator,energía	=	aislante
office,insurance,oficina	=	seguro
shop,insurance,tienda	=	seguro
tower:type,intake,torre:tipo	=	consumo
industrial,integrated_circuit,industrial	=	circuito integrado
seamark:light:visibility,intensified,marca:luz:visibilidad	=	intensificado
healthcare:speciality,intensive,sanidad:especialidad	=	intensivo
embassy,interests_section,embajada	=	sección de intereses
shop,interior_decoration,tienda	=	decoración de interiores
craft,interior_decorator,artesanía	=	decorador de interiores
craft,interior_work,artesanía	=	trabajo interior
surface,interlock,superficie	=	entrelazar
generator:plant,intermediate,generador:planta	=	intermedio
holding_position,intermediate,posición de espera	=	intermedio
holding_position:type,intermediate,posición de espera:tipo	=	intermedio
piste:difficulty,intermediate,pista: dificultad	=	intermedio
railway:signal:main:function,intermediate,ferrocarril:señal:principal:función	=	intermedio
smoothness,intermediate,suavidad	=	enterrar
trail_visibility,intermediate,rastro_visibilidad	=	intermedio
stream,intermittent,corriente	=	intermitente
water,intermittent,agua	=	intermitente
healthcare:speciality,internal,sanidad:especialidad	=	interno
aerodrome:type,international,aeródromo:tipo	=	internacional
cuisine,international,cocina	=	internacional
passenger,international,pasajero	=	internacional
office,international_organization,oficina	=	organización Internacional
signal_station,international_port_traffic,estación de señales	=	tráfico portuario internacional
amenity,internet_cafe,amenidad/servicio	=	Café internet
company,internet_shop,empresa	=	tienda virtual
source:addr,interpolation,
source:addr:housenumber,interpolation,
junction,intersection,unión	=	intersección
NHS,Interstate,Servicio Nacional de Salud	=	Interestatal
lit,interval,iluminado	=	intervalo
culvert,inverted_siphon,alcantarilla	=	sifón invertido
power,inverter,poder	=	inversor
seamark:light:character,IQ,marca:luz:personaje	=	CI
is_in:country,Iran,
is_in,"Iraq , جمهورية العراق",
material,iron,material	=	planchar
building:material,iron_sheet,construir	=	hoja de hierro
building:roof,iron_sheet,edificio: techo	=	hoja de hierro
service,irregular,Servicio	=	irregular
water_source,irrigated,fuente de agua	=	irrigado
service,irrigation,Servicio	=	irrigación
usage,irrigation,uso	=	irrigación
crossing,island,cruce	=	isla
place,island,lugar	=	isla
traffic_calming,island,calmar el tráfico	=	isla
natural,islet,natural	=	isleta
place,islet,lugar	=	isleta
denomination,ismaili,denominación	=	ismaili
seamark:light:character,Iso,marca:luz:personaje	=	Yo asi
source:geometry,ISOK hillshade,
place,isolated_dwelling,lugar	=	vivienda_aislada
railway,isolated_track_section,ferrocarril	=	sección de vía aislada
natural,isthmus,natural	=	istmo
company,it,empresa	=	eso
government,it,gobierno	=	eso
office,it,oficina	=	informática
maxspeed,IT:rural,máxima velocidad	=	TI:rural
maxspeed,IT:urban,máxima velocidad	=	TI:urbano
maxspeed:type,IT:urban,
source:maxspeed,IT:urban,fuente:maxspeed	=	TI:urbano
cuisine,italian,cocina	=	italiano
cuisine,italian_pizza,cocina	=	pizza_italiana
cuisine,italian;pizza,cocina	=	italiano;pizza
seamark:light:character,IUQ,marca:luz:personaje	=	CIU
seamark:light:character,IVQ,marca:luz:personaje	=	IVQ
aerialway,j-bar,vía aérea	=	j-barra
aerialway:drag_lift,j-bar,vía aérea: elevador de arrastre	=	j-barra
religion,jain,religión	=	jainista
operator:en,Japan Post,
cuisine,japanese,cocina	=	japonés
species,japonica,especies	=	rosal japonés
ref:opendataparis:domanialit,JARDIN,ref:opendataparis:domanialit	=	JARDIN
cuisine,jause,cocina	=	jause
athletics,javelin_throw,atletismo	=	lanzamiento de jabalina
denomination,jehovahs_witness,
barrier,jersey_barrier,barrera	=	jersey_barrera
wall,jersey_barrier,pared	=	jersey_barrera
aeroway,jet_bridge,vía aérea	=	puente de chorro
shop,jetski,tienda	=	moto acuática
man_made,jetty,hecho por el hombre	=	embarcadero
craft,jeweller,artesanía	=	joyero
shop,jewellery,tienda	=	joyería
shop,jewelry,tienda	=	joyas
wholesale,jewelry,mayorista	=	joyas
religion,jewish,religión	=	judío
amenity,jobcentre,amenidad/servicio	=	centro de trabajo
denomination,jodo_shinshu,denominación	=	jodo shinshu
denomination,jodo_shu,denominación	=	jodo shu
carpenter,joiner,carpintero	=	carpintero
craft,joiner,artesanía	=	carpintero
railway:electricity,joint,ferrocarril:electricidad	=	articulación
created_by,JOSM,creado por	=	JOSM
operator:short:en,JP,
sport,judo,deporte	=	judo
junction,jughandle,unión	=	malabarista
genus,Juglans,género	=	Juglans
species,Juglans regia,
species,Juglans␣regia,especies	=	Juglans␣regia
cuisine,juice,cocina	=	jugo
amenity,juice_bar,amenidad/servicio	=	Bar de jugos
railway,junction,ferrocarril	=	unión
type,junction,tipo	=	unión
shop,junk_yard,tienda	=	depósito de chatarra
social_facility:for,juvenile,social_facility:para	=	juvenil
booth,K6,
denomination,kabbalah,denominación	=	kábala
waterway:type,KANAL_SEKUNDER,canal: tipo	=	KANAL_SEKUNDER
waterway:type,KANAL_TERSIER,canal: tipo	=	KANAL_TERSIER
generator:type,kaplan_turbine,generador: tipo	=	turbina kaplan
import_ref,kapor_names,import_ref	=	kapor_names
source:conscriptionnumber,kapor2,fuente: número de conscripción	=	kapor2
amenity,karaoke_box,amenidad/servicio	=	caja_karaoke
sport,karate,deporte	=	kárate
sport,karting,deporte	=	karting
addr:division,Kawempe,dirección:división	=	Kawempe
boat:type,kayak,barco:tipo	=	kayac
cuisine,kebab,cocina	=	brocheta
cuisine,kebab;pizza,cocina	=	kebab;pizza
defensive,keep,defensivo	=	mantener
source:addr,Kendall County,
barrier,kent_carriage_gap,barrera	=	brecha de carruaje de kent
alt_name,Kentucky Fried Chicken,
barrier,kerb,barrera	=	frenar
inlet,kerb_grate,entrada	=	rejilla de bordillo
inlet,kerb_opening,entrada	=	apertura de la acera
craft,key_cutter,artesanía	=	cortador_de_llaves
emergency,key_depot,emergencia	=	depósito de llaves
memorial,khachkar,monumento	=	jachkar
stone_type,khachkar,tipo de piedra	=	jachkar
amenity,kick-scooter_rental,amenidad/servicio	=	alquiler de patinetes
sport,kickboxing,deporte	=	kickboxing
attraction,kiddie_ride,atracción	=	paseo para niños
man_made,kiln,artificial	=	horno
seamark:distance_mark:units,kilometres,seamark:distance_mark:unidades	=	kilómetros
amenity,kindergarten,amenidad/servicio	=	jardín de infancia
building,kindergarten,edificio	=	jardín de infancia
healthcare:speciality,kinesitherapy,especialidad:de_salud	=	cinesiterapia
building,kingdom_hall,edificio	=	salón del Reino
amenity,kiosk,amenidad/servicio	=	quiosco
building,kiosk,edificio	=	quiosco
location,kiosk,localización	=	quiosco
shop,kiosk,tienda	=	quiosco
barrier,kissing_gate,barrera	=	besando_gate
amenity,kitchen,amenidad/servicio	=	cocina
building,kitchen,edificio	=	cocina
garden:style,kitchen,
shop,kitchen,tienda	=	cocina
shop,kitchenware,tienda	=	batería de cocina
sport,kitesurfing,deporte	=	surf de vela
ice_skates,kluning,patines de hielo	=	kluning
amenity,kneipp_water_cure,amenidad/servicio	=	kneipp_water_cure
amenity,Kneippbecken,amenidad/servicio	=	Kneippbecken
turning_circle,knuckle,
genus,Koelreuteria,género	=	Koelreuteria
species,Koelreuteria␣paniculata,especies	=	Koelreuteria␣paniculata
water,kolk,agua	=	kolk
heritage:operator,kons,patrimonio:operador	=	kons
cuisine,korean,cocina	=	coreano
sport,korfball,deporte	=	balon korf
sport,krachtbal,deporte	=	krachtbal
castle_type,kremlin,tipo castillo	=	kremlin
LINZ2OSM:dataset,kx_wellington_city_council,LINZ2OSM: conjunto de datos	=	kx_wellington_city_consejo
source:postal_code,La Poste - 12/2014,
denomination,la_luz_del_mundo,denominación	=	la luz del mundo
source:postal_code,La␣Poste␣-␣12/2014,fuente: código_postal	=	La␣Poste␣-␣12/2014
healthcare,laboratory,cuidado de la salud	=	laboratorio
room,laboratory,habitación	=	laboratorio
craft,lacquerer,artesanía	=	lacador
sport,lacrosse,deporte	=	lacrosse
crossing:markings,ladder,
emergency,ladder_site,emergencia	=	sitio de escalera
crossing:markings,ladder:skewed,
genus,Lagerstroemia,género	=	lagerstroemia
species,Lagerstroemia␣indica,especies	=	Lagerstroemia␣indica
water,lagoon,agua	=	laguna
species,Lagunaria␣patersonia,especies	=	Lagunaria␣patersonia
natural,lake,natural	=	lago
water,lake,agua	=	lago
LINZ:layer,lake_poly,LINZ:capa	=	lago_poly
NHD:FTYPE,LakePond,
gnis:ftype,LakePond,
nhd:ftype,LakePond,nhd: tipo f	=	lagoestanque
man_made,lamp,artificial	=	lámpara
post_box:type,lamp,post_box: tipo	=	lámpara
shop,lamps,tienda	=	lamparas
natural,land,natural	=	tierra
type,land_area,tipo	=	área terrestre
abandoned:landuse,landfill,abandonado: uso de la tierra	=	vertedero
disused:landuse,landfill,en desuso: uso de la tierra	=	vertedero
landuse,landfill,uso del suelo	=	vertedero
natural,landform,natural	=	forma de relieve
emergency,landing_site,emergencia	=	lugar de aterrizaje
aeroway,landingpad,vía aérea	=	pista de aterrizaje
denotation,landmark,denotación	=	punto de referencia
seamark,landmark,marca	=	punto de referencia
seamark:type,landmark,marca de mar:tipo	=	punto de referencia
source:position,Landsat,
leisure,landscape_reserve,tiempo libre	=	reserva paisajística
garden:type,landscaping,
hazard,landslide,peligro	=	deslizamiento de tierra
hazard_type,landslide,tipo de peligro	=	deslizamiento de tierra
natural,landslide,natural	=	deslizamiento de tierra
busway,lane,vía de autobús	=	carril
busway:left,lane,vía de autobús: izquierda	=	carril
busway:right,lane,vía de autobús: derecha	=	carril
cycleway,lane,carril bici	=	carril
cycleway:both,lane,carril bici:ambos	=	carril
cycleway:left,lane,ciclovía:izquierda	=	carril
cycleway:right,lane,carril bici: derecha	=	carril
fire_hydrant:position,lane,hidrante_de_incendio:posición	=	carril
highway,lane,autopista	=	carril
parking,lane,estacionamiento	=	carril
parking:both,lane,estacionamiento:ambos	=	carril
parking:left,lane,estacionamiento: izquierda	=	carril
parking:right,lane,estacionamiento: derecho	=	carril
road_marking,lane_divider,=
type,lane_restriction,tipo	=	restricción de carril
training,language,capacitación	=	idioma
amenity,language_school,amenidad/servicio	=	escuela de idiomas
light_source,lantern,fuente de luz	=	linterna
craft,lapidary,artesanía	=	lapidario
landmark,large_rock,punto de referencia	=	Roca grande
genus,Larix,género	=	larix
sport,laser_tag,deporte	=	etiqueta láser
golf,lateral_water_hazard,golf	=	lateral_water_hazard
seamark:beacon_special_purpose:shape,lattice,seamark:beacon propósito especial:forma	=	enrejado
structure,lattice,estructura	=	enrejado
tower:construction,lattice,torre:construcción	=	enrejado
tower:type,lattice,torre:tipo	=	enrejado
aeroway,launch_complex,vía aérea	=	complejo de lanzamiento
man_made,launch_pad,hecho por el hombre	=	plataforma de lanzamiento
aeroway,launchpad,vía aérea	=	plataforma de lanzamiento
military,launchpad,militar	=	plataforma de lanzamiento
seamark:small_craft_facility:category,launderette,seamark:instalación para embarcaciones pequeñas:categoría	=	lavandería
seamark:small_craft_facility:category,laundrette,seamark:instalación para embarcaciones pequeñas:categoría	=	lavandería
shop,laundromat,tienda	=	lavandería
shop,laundry,tienda	=	ropa sucia
vending,laundry_detergent,venta	=	detergente de lavandería
natural,lava,natural	=	lava
amenity,lavoir,amenidad/servicio	=	lavoir
office,lawyer,oficina	=	abogado
parking,layby,estacionamiento	=	apartado
network:type,lcn,tipo de red	=	lcn
emergency,leader_site,emergencia	=	sitio líder
seamark:beacon_special_purpose:category,leading,seamark:beacon propósito especial:categoría	=	principal
type,leading_light,tipo	=	Luz guía
type,leading_line,tipo	=	línea principal
leaf_type,leafless,tipo_hoja	=	sin hojas
roof:shape,lean_to,techo: forma	=	inclinarse
shelter_type,lean_to,refugio_tipo	=	inclinarse
tourism,lean_to,turismo	=	apoyarse en
dog,leashed,perro	=	atado
craft,leather,artesanía	=	cuero
shop,leather,tienda	=	cuero
cuisine,lebanese,cocina	=	libanés
lamp_type,LED,tipo_lampara	=	DIRIGIÓ
lamp_type,led,
light:method,LED,luz:método	=	DIRIGIÓ
hazard,leeches,peligro	=	sanguijuelas
naptan:PlusbusZoneRef,LEEDS,naptán:PlusbusZoneRef	=	LEEDS
footway,left,senda	=	izquierda
railway:signal:position,left,ferrocarril:señal:posición	=	izquierda
railway:turnout_side,left,ferrocarril:turnout_side	=	izquierda
side,left,lado	=	izquierda
sidewalk,left,acera	=	izquierda
turn:lanes,left,giro:carriles	=	izquierda
turn:lanes:both_ways,left,girar:carriles:ambos_senderos	=	izquierda
placement:forward,left_of:1,colocación:adelante	=	izquierda_de:1
placement,left_of:2,colocación	=	izquierda_de:2
placement,left_of:3,
road_marking,left;through,=
turn:lanes,left;through|right,
turn:lanes:backward,left;through|right,
turn:lanes:forward,left;through|right,
turn:lanes,left;through|through,
turn:lanes,left;through|through;right,
turn:lanes,left|,
turn:lanes:backward,left|,girar:carriles:atrás	=	izquierda|
turn:lanes:forward,left|,girar:carriles:adelante	=	izquierda|
turn:lanes,left||,giro:carriles	=	izquierda||
turn:lanes:backward,left||,girar:carriles:atrás	=	izquierda||
turn:lanes:forward,left||,girar:carriles:adelante	=	izquierda||
turn:lanes,left|||,giro:carriles	=	izquierda|||
turn:lanes,left|||right,giro:carriles	=	izquierda|||derecha
turn:lanes,left|left,
turn:lanes:backward,left|none,girar:carriles:atrás	=	izquierda|ninguno
turn:lanes:forward,left|none,girar:carriles:adelante	=	izquierda|ninguno
turn:lanes,left|none|none,giro:carriles	=	izquierda|ninguna|ninguna
turn:lanes:backward,left|none|none,
turn:lanes:forward,left|none|none,
turn:lanes,left|none|none|none,
turn:lanes,left|right,giro:carriles	=	izquierda|derecha
turn:lanes:backward,left|right,girar:carriles:atrás	=	izquierda|derecha
turn:lanes:forward,left|right,girar:carriles:adelante	=	izquierda|derecha
turn:lanes,left|through,giro:carriles	=	izquierda | a través
turn:lanes:backward,left|through,girar:carriles:atrás	=	izquierda | a través
turn:lanes:forward,left|through,girar:carriles:adelante	=	izquierda | a través
turn:lanes,left|through;right,giro:carriles	=	izquierda|a través;derecha
turn:lanes:backward,left|through;right,girar:carriles:atrás	=	izquierda|a través;derecha
turn:lanes:forward,left|through;right,girar:carriles:adelante	=	izquierda|a través;derecha
turn:lanes,left|through|right,
turn:lanes:forward,left|through|right,
turn:lanes,left|through|through,giro:carriles	=	izquierda|a través|a través
turn:lanes,left|through|through;right,giro:carriles	=	izquierda|a través|a través de;derecha
turn:lanes,left|through|through|right,giro:carriles	=	izquierda|a través|a través|derecha
government,legislative,gobierno	=	legislativo
building:foundation_height,less_than_1,=	menos que 1
building:age,less_than_10,edificio:edad	=	menos de 10
building:floor_area,less_than_500,edificio:área_piso	=	menos_de_500
amenity,letter_box,amenidad/servicio	=	buzón
man_made,levee,hecho por el hombre	=	dique
indoor,level,interior	=	nivel
disused:railway,level_crossing,en desuso: ferrocarril	=	paso a nivel
railway,level_crossing,ferrocarril	=	paso a nivel
handle,lever,manejar	=	palanca
heritage:operator,lfd,patrimonio:operador	=	lfd
seamark:light:character,LFl,marca:luz:personaje	=	LFl
source:addr,"LGL, www.lgl-bw.de",
source:geometry,"LGL, www.lgl-bw.de",
diplomatic,liaison,diplomático	=	enlace
liaison,liaison_office,enlace	=	oficina de Enlace
natural,liana,natural	=	liana
amenity,library,amenidad/servicio	=	biblioteca
amenity,library_dropoff,amenidad/servicio	=	entrega de la biblioteca
access,licence,acceso	=	licencia
fishing,licence,pescar	=	licencia
access,license,acceso	=	licencia
symbol,Liegende gelbe Raute auf weißem Grund,
amenity,life_ring,amenidad/servicio	=	anillo de vida
emergency,life_ring,emergencia	=	anillo de vida
seamark:rescue_station:category,lifeboat,seamark:estación de salvamento:categoría	=	bote salvavidas
seamark:rescue_station:category,lifeboat_on_mooring,seamark:estación de salvamento:categoría	=	bote salvavidas en amarre
amenity,lifeboat_station,amenidad/servicio	=	estación de botes salvavidas
emergency,lifeboat_station,emergencia	=	estación de botes salvavidas
cadet,lifeguard,cadete	=	Salvavidas
emergency,lifeguard,emergencia	=	Salvavidas
office,lifeguard,oficina	=	Salvavidas
emergency,lifeguard_base,emergencia	=	base de salvavidas
emergency,lifeguard_place,emergencia	=	lugar de salvavidas
emergency,lifeguard_platform,emergencia	=	plataforma de salvavidas
emergency,lifeguard_tower,emergencia	=	torre de salvavidas
bridge:movable,lift,puente: móvil	=	elevar
barrier,lift_gate,barrera	=	ascensor_puerta
bridge:support,lift_pier,puente: soporte	=	ascensor muelle
building:material,light,material de construcción	=	luz
material,light,material	=	ligero
railway:signal:combined:form,light,
railway:signal:distant:form,light,ferrocarril:señal:distante:forma	=	luz
railway:signal:main:form,light,ferrocarril:señal:principal:formulario	=	luz
railway:signal:minor:form,light,ferrocarril:señal:menor:formulario	=	luz
railway:signal:shunting:form,light,ferrocarril:señal:maniobra:formulario	=	luz
railway:signal:speed_limit:form,light,ferrocarril:señal:speed_limit:formulario	=	luz
railway:signal:speed_limit_distant:form,light,
seamark:type,light,marca de mar: tipo	=	ligero
seamark:type,light_float,marca de mar: tipo	=	flotador ligero
seamark:type,light_major,marca de mar:tipo	=	luz_mayor
seamark:type,light_minor,marca de mar:tipo	=	luz_menor
construction,light_rail,construcción	=	Tren Ligero
railway,light_rail,ferrocarril	=	Tren Ligero
route,light_rail,ruta	=	Tren Ligero
station,light_rail,estación	=	Tren Ligero
seamark:type,light_vessel,marca de mar: tipo	=	buque ligero
building:colour,lightgrey,
building,lighthouse,edificio	=	faro
man_made,lighthouse,artificial	=	faro
seamark,lighthouse,marca	=	faro
shop,lighting,tienda	=	Encendiendo
tower:type,lighting,torre:tipo	=	Encendiendo
tower:type,lightning_protection,torre:tipo	=	protección contra rayos
genus,Ligustrum,género	=	ligustro
species,Ligustrum␣lucidum,especies	=	Ligustrum␣lucidum
fortification_type,limes,tipo de fortificación	=	limas
material,limestone,material	=	caliza
ale_supply,limited,suministro de cerveza	=	limitado
changing_table,limited,mesa para cambiar pañales	=	limitado
lit,limited,iluminado	=	limitado
wheelchair,limited,silla de ruedas	=	limitado
seamark:notice:category,limited_headroom,marca:aviso:categoría	=	margen limitado
boundary,limited_traffic_zone,Perímetro	=	zona de tráfico limitado
genus:de,Linde,género:de	=	Linde
genus:en,Linden,género: es	=	Tilo
barrier,line,barrera	=	línea
communication,line,comunicación	=	línea
power,line,energía	=	línea
removed:power,line,eliminado: poder	=	línea
crossing:markings,lines,
political_division,linguistic_community,división política	=	comunidad lingüística
footway,link,senda	=	Enlace
house,link-detached,casa	=	enlace separado
club,linux,club	=	linux
cargo,liquid_bulk,carga	=	líquido a granel
genus,Liquidambar,género	=	Liquidámbar
species,Liquidambar styraciflua,
species,Liquidambar␣styraciflua,especies	=	Liquidambar␣styraciflua
genus,Liriodendron,género	=	liriodendro
species,Liriodendron␣tulipifera,especies	=	Liriodendron␣tulipifera
landuse,livestock,uso del suelo	=	ganado
museum,living_history,museo	=	historia viva
construction,living_street,construcción	=	calle viva
highway,living_street,carretera	=	vivir_calle
content,LNG,contenido	=	GNL
substance,LNG,sustancia	=	GNL
amenity,loading_dock,amenidad/servicio	=	muelle_de_carga
railway,loading_gauge,ferrocarril	=	indicador de carga
railway,loading_rack,ferrocarril	=	estante de carga
railway,loading_ramp,ferrocarril	=	rampa de carga
cuisine,local,cocina	=	local
hgv,local,
museum,local,museo	=	local
network:type,Local,tipo de red	=	Local
passenger,local,pasajero	=	local
priority,local,prioridad	=	local
traffic,local,tráfico	=	local
source:name,local knowledge,
boundary,local_authority,Perímetro	=	autoridad local
place,locality,lugar	=	localidad
seamark:signal_station_traffic:category,lock,seamark: tráfico de la estación de señales: categoría	=	cerrar
signal_station,lock,estación de señales	=	cerrar
water,lock,agua	=	cerrar
seamark:type,lock_basin,marca de mar: tipo	=	cuenca de bloqueo
waterway,lock_gate,camino acuático	=	lock_gate
amenity,locker,amenidad/servicio	=	armario
craft,locksmith,artesanía	=	cerrajero
shop,locksmith,tienda	=	cerrajero
historic,locomotive,histórico	=	locomotora
genus:en,Locust,género: es	=	Langosta
barrier,log,barrera	=	Iniciar sesión
landuse,logging,uso del suelo	=	Inicio sesión
source:name,logic_undp,
bicycle:type,logistics,bicicleta:tipo	=	logística
company,logistics,empresa	=	logística
industrial,logistics,industrial	=	logística
office,logistics,oficina	=	logística
megalith_type,long_barrow,tipo de megalito	=	carretilla larga
athletics,long_jump,atletismo	=	salto largo
sport,long_jump,deporte	=	salto largo
curve,loop,curva	=	círculo
hazard,loose_gravel,peligro	=	gravilla suelta
species,Lophostemon␣confertus,especies	=	Lophostemon␣confertus
seamark:radio_station:category,loran,seamark:emisora de radio:categoria	=	loran
office,lost_property,oficina	=	propiedad perdida
amenity,lost_property_office,amenidad/servicio	=	oficina de objetos perdidos
boundary,lot,Perímetro	=	lote
shop,lottery,tienda	=	lotería
utility,loudspeaker,utilidad	=	altoparlante
amenity,lounger,amenidad/servicio	=	haragán
place_of_worship,lourdes_grotto,lugar de adoración	=	gruta de lourdes
amenity,love_hotel,amenidad/servicio	=	Hotel del amor
standing,low,de pie	=	bajo
boundary,low_emission_zone,Perímetro	=	zona de baja emisión
hazard,low_flying_aircraft,peligro	=	aviones de bajo vuelo
lamp_type,low_pressure_sodium,tipo_lampara	=	sodio_baja_presion
bridge,low_water_crossing,puente	=	cruce_de_aguas_bajas
seamark:light:1:category,lower,seamark:luz:1:categoría	=	más bajo
seamark:light:category,lower,seamark:luz:categoría	=	más bajo
kerb,lowered,frenar	=	bajado
content,LPG,contenido	=	GLP
source:name,LPI NSW Base Map,
source:geometry,LPI NSW Imagery,
source:name,LPI_NSW_Base_Map,nombre de la fuente	=	Mapa base de LPI NSW
source:geometry,LPI_NSW_Imagery,fuente: geometría	=	Imágenes LPI NSW
source:maxspeed,LT:urban,
railway,lubricator,ferrocarril	=	lubricador
amenity,luggage_locker,amenidad/servicio	=	casillero de equipaje
species,Luma␣apiculata,especies	=	Luma␣apiculata
denomination,lutheran,
craft,luthier,artesanía	=	luthier
clothes,luxury,ropa	=	lujo
network:type,lwn,tipo de red	=	lwn
school:MG,lycée,escuela:MG	=	liceo
barrier,lych_gate,barrera	=	puerta lych
boules,lyonnaise,petanca	=	Leonesa
source:addr,Maa- ja Ruumiamet 2025,
source:addr,Maa-amet 2012,
source:addr,Maa-amet 2013,
source:addr,Maa-amet 2019,
genus,Macadamia,género	=	macadamia
trees,macadamia_trees,árboles	=	macadamia_trees
industrial,machine_shop,industrial	=	tienda de máquina
product,machinery,producto	=	maquinaria
aerialway,magic_carpet,vía aérea	=	alfombra mágica
survey_point:structure,magnet,punto de encuesta:estructura	=	imán
genus,Magnolia,género	=	Magnolia
species,Magnolia␣grandiflora,especies	=	Magnolia␣grandiflora
amenity,mailroom,amenidad/servicio	=	sala de correo
entrance,main,entrada	=	principal
railway:track_type,main,ferrocarril:tipo_de_vía	=	principal
transformer,main,transformador	=	principal
usage,main,uso	=	principal
water_source,main,fuente de agua	=	principal
entrance,main_entrance,entrada	=	entrada principal
LINZ:dataset,mainland,LINZ:conjunto de datos	=	continente
house,maisonette,casa	=	casita
crop,maize,cultivo	=	maíz
description,Maize,
HFCS,Major Collector,
HFCS,Major␣Collector,JMAF	=	Mayor␣Coleccionista
cuisine,malaysian,cocina	=	malasio
school:gender,male,escuela:género	=	masculino
shop,mall,tienda	=	centro comercial
site,mall,sitio	=	centro comercial
genus,Malus,género	=	Malus
species,Malus␣domestica,especies	=	Malus␣domestica
type,maneuver,tipo	=	maniobra
type,maneuvre,tipo	=	maniobra
genus,Mangifera,género	=	Mangifera
trees,mango_trees,árboles	=	árboles_de_mango
wetland,mangrove,humedal	=	mangle
man_made,manhole,artificial	=	agujero de hombre
type,manoeuvre,tipo	=	maniobra
castle_type,manor,tipo castillo	=	señorío
historic,manor,histórico	=	señorío
roof:shape,mansard,techo: forma	=	buhardilla
actuator,manual,solenoide	=	manual
mechanical_driver,manual,conductor mecanico	=	manual
pump,manual,bomba	=	manual
building,manufacture,edificio	=	fabricar
shop,manufactured_home,tienda	=	casa prefabricada
content,manure,contenido	=	estiércol
roof:shape,many,techo: forma	=	muchos
information,map,información	=	mapa
playground,map,parque infantil	=	mapa
source:addr,mapa.um.warszawa.pl,
source:position,"MapBox (0,0)",
source:destination,mapillary,origen Destino	=	mapillar
genus:en,Maple,género: es	=	Arce
shop,maps,tienda	=	mapas
source:outline,"Maps4BW (LGL-BW, www.lgl-bw.de)",
source:geometry,"maps4bw (LGL, www.lgl-be.de); Mapbox Satellite",
source:geometry,"maps4bw (LGL, www.lgl-bw.de)",
source:outline,"maps4bw (LGL, www.lgl-bw.de)",
source:geometry,"maps4bw (LGL, www.lgl-bw.de); Mapbox Satellite",
source:outline,"maps4bw (LGL, www.lgl-bw.de); Mapbox Satellite",
source:addr,"Maps4BW, LGL, www.lgl-bw.de",
source:geometry,"Maps4BW, LGL, www.lgl-bw.de",
source:outline,"maps4bw␣(LGL,␣www.lgl-bw.de);␣Mapbox␣Satellite","fuente: esquema	=	maps4bw␣(LGL,␣www.lgl-bw.de);␣Mapbox␣Satélite"
seamark:landmark:function,marabout,marca:punto de referencia:función	=	morabito
amenity,marae,amenidad/servicio	=	marae
building:material,marble,material de construcción	=	mármol
material,marble,material	=	mármol
harbour,marina,puerto	=	puerto pequeño
harbour:category,marina,puerto:categoría	=	puerto pequeño
leisure,marina,ocio	=	puerto pequeño
seamark:harbour:category,marina,marca:puerto:categoría	=	puerto pequeño
shop,marine,tienda	=	marina
seamark:type,marine_farm,marca de mar:tipo	=	granja_marina
emergency,marine_refuge,emergencia	=	refugio marino
emergency,marine_rescue,emergencia	=	rescate marino
military_service,marines,servicio militar	=	infantería de marina
boundary,maritime,Perímetro	=	marítimo
historic,maritime,histórico	=	marítimo
crossing,marked,cruce	=	marcado
parking:lane:both,marked,estacionamiento:carril:ambos	=	marcado
boundary,marker,Perímetro	=	marcador
pipeline,marker,tubería	=	marcador
power,marker,poder	=	marcador
crop,market_gardening,cultivo	=	mercado_jardineria
amenity,marketplace,amenidad/servicio	=	mercado
building,marketplace,edificio	=	mercado
aeroway,marking,vía aérea	=	calificación
building,marquee,edificio	=	marquesina
natural,marsh,natural	=	pantano
wetland,marsh,humedal	=	pantano
man_made,marsh_terrace,
sport,martial_arts,deporte	=	Artes marciales
building:material,masonry,material de construcción	=	albañilería
material,masonry,material	=	albañilería
place_of_worship,mass_rock,lugar de adoración	=	roca masiva
beauty,massage,belleza	=	masajes
shop,massage,tienda	=	masaje
healthcare:speciality,massage_therapy,especialidad:de_salud	=	Terapia de Masajes
source:hgv,MassGIS,fuente:hgv	=	MassGIS
source:maxspeed,massgis,
lamp_mount,mast,montaje_de_lampara	=	mástil
landmark,mast,punto de referencia	=	mástil
man_made,mast,artificial	=	mástil
seamark:landmark:category,mast,marca:punto de referencia:categoría	=	mástil
school:FR,maternelle,escuela:FR	=	maternelle
healthcare:speciality,maternity,especialidad:de_salud	=	maternidad
age,mature,años	=	maduro
tomb,mausoleum,tumba	=	mausoleo
source:geometry,Maxar (2021),
source:geometry,Maxar Premium Imagery (Beta),
source:geometry,Maxar_private;Ecopia.AI,
source:surface,MaxarPremium,fuente:superficie	=	MaxarPremium
healthcare:speciality,maxillofacial_surgery,sanidad:especialidad	=	cirugía Maxilofacial
enforcement,maxspeed,aplicación	=	máxima velocidad
man_made,maypole,artificial	=	mayo
attraction,maze,atracción	=	laberinto
leisure,maze,tiempo libre	=	laberinto
addr:ward,Mbagala,dirección: sala	=	Mbagala
addr:ward,Mbagala kuu,
addr:ward,Mbagala␣kuu,dirección: sala	=	Mbagala␣kuu
source:addr,mbialapodlaska.e-mapa.net,
source:addr,mdabrowagornicza.e-mapa.net,
man_made,MDF,artificial	=	MDF
ref,MDR,
source:ele,MDT5,fuente:ele	=	MDT5
landuse,meadow,uso del suelo	=	prado
natural,meadow,natural	=	prado
landuse,meadow_orchard,uso del suelo	=	huerto del prado
meadow,meadow_orchard,prado	=	prado_huerto
orchard,meadow_orchard,huerta	=	huerto del prado
substation,measurement,subestación	=	medición
man_made,measurement_station,hecho por el hombre	=	estación de medición
wholesale,meat,mayorista	=	carne
switch,mechanical,cambiar	=	mecánico
cooling:method,mechanical_draft,método de enfriamiento	=	tiro mecánico
survey_point:structure,medallion,punto de encuesta:estructura	=	medallón
traffic_calming,median,
barrier,median_strip,barrera	=	franja divisoria
office,medical,oficina	=	médico
shop,medical,tienda	=	médico
healthcare:speciality,medical_examination,sanidad:especialidad	=	revisión médica
healthcare,medical_imaging,cuidado de la salud	=	imagenes medicas
shop,medical_supply,tienda	=	suplemento médico
amenity,meditation_centre,amenidad/servicio	=	centro de meditación
cuisine,mediterranean,cocina	=	Mediterráneo
NHD:RESOLUTION,Medium,NHD:RESOLUCIÓN	=	Medio
archaeological_site,megalith,sitio arqueológico	=	megalito
site_type,megalith,tipo_sitio	=	megalito
species,Melaleuca␣armillaris,especies	=	Melaleuca␣armillaris
species,Melaleuca␣linariifolia,especies	=	Melaleuca␣linariifolia
species,Melaleuca␣styphelioides,especies	=	Melaleuca␣styphelioides
species,Melia␣azedarach,especies	=	Melia␣azedarach
private,members,privado	=	miembros
historic,memorial,histórico	=	monumento
memorial,memorial,monumento	=	monumento
seamark:landmark:category,memorial,marca:punto de referencia:categoría	=	monumento
landmark,memorial_plaque,punto de referencia	=	placa conmemorativa
megalith_type,menhir,tipo de megalito	=	menhir
social_facility:for,mental_health,social_facility:para	=	salud mental
dinner,menu,cena	=	menú
lamp_type,mercury,tipo_lampara	=	mercurio
water,mere,agua	=	mero
man_made,meridian_marker,hecho por el hombre	=	marcador de meridiano
created_by,Merkaartor 0.11,
created_by,Merkaartor 0.12,
created_by,Merkaartor 0.13,
created_by,Merkaartor_0.11,creado por	=	Merkaartor 0.11
natural,mesa,natural	=	colina baja
building:material,metal,material de construcción	=	metal
building:roof,metal,edificio: techo	=	metal
fence_type,metal,cerca_tipo	=	metal
material,metal,material	=	metal
roof:material,metal,techo: material	=	metal
surface,metal,superficie	=	metal
roof:material,metal sheet,
craft,metal_construction,artesanía	=	construcción de metal
surface,metal_grid,superficie	=	rejilla_metalica
building:material,metal_plates,material de construcción	=	Platos de metal
industrial,metal_processing,industrial	=	procesando metal
roof:material,metal_sheet,techo: material	=	lámina de metal
lamp_type,metal-halide,tipo_lampara	=	halogenuros metálicos
lamp_type,metal-halogenide,
building:material,metal;wood,material de construcción	=	metal;madera
material,metal;wood,material	=	metal;madera
roof:material,metal␣sheet,techo: material	=	metal␣chapa
historic,meteor_crater,histórico	=	cráter de meteorito
natural,meteor_crater,natural	=	cráter de meteorito
observatory:type,meteorological,observatorio:tipo	=	meteorológico
denomination,methodist,
cuisine,mexican,cocina	=	mexicano
heritage:operator,mhs,patrimonio:operador	=	mhs
healthcare:speciality,microbiology,sanidad:especialidad	=	microbiología
amenity,microwave,amenidad/servicio	=	microonda
placement,middle_of:1,colocación	=	medio_de:1
placement,middle_of:2,colocación	=	medio_de:2
placement,middle_of:3,
healthcare,midwife,cuidado de la salud	=	Partera
building:use:pl,mieszkalne,edificio:uso:pl	=	mieszkalne
building:usage:pl,Mieszkalny,
building:usage:pl,mieszkalny,
building:use:pl,Mieszkalny,edificio:uso:pl	=	Mieszkalny
highway,milestone,carretera	=	hito
historic,milestone,histórico	=	hito
railway,milestone,ferrocarril	=	hito
waterway,milestone,camino acuático	=	hito
access,military,
aerodrome:type,military,aeródromo:tipo	=	militar
building,military,edificio	=	militar
cadet,military,cadete	=	militar
flag:type,military,bandera: tipo	=	militar
foot,military,pie	=	militar
harbour:category,military,puerto:categoría	=	militar
landuse,military,uso del suelo	=	militar
museum,military,museo	=	militar
seamark:restricted_area:category,military,seamark:área restringida:categoría	=	militar
usage,military,uso	=	militar
seamark:type,military_area,marca de mar: tipo	=	zona militar
club,military_cadets,club	=	cadetes militares
boundary,military_district,Perímetro	=	distrito militar
shop,military_surplus,tienda	=	excedente militar
vending,milk,venta	=	Leche
amenity,milk_dispenser,amenidad/servicio	=	dispensador de leche
seamark:landmark:category,minaret,marca:punto de referencia:categoría	=	alminar
tower:type,minaret,torre:tipo	=	alminar
historic,mine,histórico	=	mía
industrial,mine,industrial	=	mía
landuse,mine,uso del suelo	=	mía
man_made,mine,artificial	=	mía
historic,mine_shaft,histórico	=	pozo de mina
hazard,minefield,peligro	=	campo de minas
site_type,mineral_extraction,tipo_sitio	=	extracción_de_minerales
man_made,mineshaft,artificial	=	pozo de mina
traffic_calming,mini_bumps,calmar el tráfico	=	mini_golpes
highway,mini_roundabout,carretera	=	mini_rotonda
railway,miniature,ferrocarril	=	miniatura
leisure,miniature_golf,tiempo libre	=	mini golf
sport,miniature_golf,deporte	=	mini golf
bus,minibus,autobús	=	microbús
route,minibus,ruta	=	microbús
archaeological_site,minilith,sitio arqueológico	=	minilito
site_type,minilith,tipo de sitio	=	minilito
lit:perceived,minimal,encendido: percibido	=	mínimo
source:ref,Ministerial Decision Γ25871/1963 (ΦΕΚ Β 319/23.07.1963),
source:ref,Ministerial Decision ΔΟΥ/οικ/5776/2015 (ΦΕΚ ΑΑΠ 253/21.12.2015),
government,ministry,gobierno	=	ministerio
construction,minor,construcción	=	menor
highway,minor,autopista	=	menor
railway:track_type,minor,
stop,minor,deténgase	=	menor
HFCS,Minor Arterial,
substation,minor_distribution,subestación	=	distribución_menor
power,minor_line,energía	=	línea_menor
HFCS,Minor␣Arterial,JMAF	=	Menor␣Arterial
craft,mint,artesanía	=	menta
source:name,minvskaddress,
source:addr,minvskaddress 2025-01,
building:material,mirror,material de construcción	=	espejo
military,missile,militar	=	misil
embassy,mission,embajada	=	misión
amenity,mist_spraying_cooler,amenidad/servicio	=	enfriador de pulverización de niebla
abutters,mixed,colinda con	=	mezclado
autonomy,mixed,autonomía	=	mezclado
building:material,mixed,material de construcción	=	mezclado
leaf_cycle,mixed,ciclo_hoja	=	mezclado
leaf_type,mixed,tipo_hoja	=	mezclado
railway:traffic_mode,mixed,ferrocarril:traffic_mode	=	mezclado
roof:shape,mixed,techo: forma	=	mezclado
school:gender,mixed,escuela:género	=	mezclado
waste,mixed,
wood,mixed,madera	=	mezclado
aerialway,mixed_lift,vía aérea	=	levantamiento mixto
building,mixed_use,edificio	=	Uso mixto
naptan:BusStopType,MKD,naptan:BusStopType	=	MKD
naptan:PlusbusZoneRef,MNCRPIC,naptán:PlusbusZoneRef	=	MNCRPIC
seamark:light:character,Mo,marca:luz:personaje	=	Mes
collection_times,Mo-Fr 08:00,
opening_hours,Mo-Fr 08:00-16:00,
collection_times,Mo-Fr 09:00; Sa 07:00,
collection_times,Mo-Fr␣08:00,tiempos_de_colección	=	lun-vie␣08:00
collection_times,Mo-Fr␣09:00;␣Sa␣07:00,tiempos_de_colección	=	lun-vie␣09:00;␣sáb␣07:00
collection_times,Mo-Sa 09:00,
water,moat,agua	=	foso
industrial,mobile_equipment,industrial	=	equipo móvil
building,mobile_home,edificio	=	casa móvil
shop,mobile_home,tienda	=	casa móvil
amenity,mobile_library,amenidad/servicio	=	biblioteca móvil
amenity,mobile_money_agent,amenidad/servicio	=	agente_dinero_movil
communication,mobile_phone,comunicación	=	teléfono móvil
shop,mobile_phone,tienda	=	teléfono móvil
shop,mobility_scooter,tienda	=	scooter
shop,model,tienda	=	modelo
sport,model_aerodrome,deporte	=	modelo_aeródromo
source:shape,Modified MS Footprints https://cugir.library.cornell.edu,
source:shape,Modified␣MS␣Footprints␣https://cugir.library.cornell.edu,fuente:forma	=	Modificado␣MS␣Footprints␣https://cugir.library.cornell.edu
seamark:light:category,moire,seamark:luz:categoría	=	muaré
nhd:fdate,Mon Mar 04 00:00:00 PST 2002,
nhd:fdate,Mon Mar 10 00:00:00 CST 2003,
nhd:fdate,Mon Mar 24 00:00:00 PDT 2008,
amenity,monastery,amenidad/servicio	=	monasterio
building,monastery,edificio	=	monasterio
garden:type,monastery,jardín:tipo	=	monasterio
historic,monastery,histórico	=	monasterio
church:type,monastic,iglesia:tipo	=	monástico
shop,money_lender,tienda	=	prestamista
amenity,money_transfer,amenidad/servicio	=	transferencia de dinero
shop,moneylender,tienda	=	prestamista
tower:type,monitoring,torre:tipo	=	supervisión
man_made,monitoring_station,artificial	=	estación_de_monitoreo
mooring,monobuoy,amarradero	=	monoboya
design,monopolar,diseño	=	monopolar
poles,monopole,
tower:construction,monopole,
construction,monorail,construcción	=	monocarril
railway,monorail,ferrocarril	=	monocarril
route,monorail,ruta	=	monocarril
station,monorail,estación	=	monocarril
historic,monument,histórico	=	Monumento
seamark:landmark:category,monument,marca:punto de referencia:categoría	=	Monumento
tower:type,monument,torre:tipo	=	Monumento
natural,moor,natural	=	Páramo
seamark:buoy_special_purpose:category,mooring,seamark:boya propósito especial:categoría	=	amarradero
seamark:type,mooring,marca de mar:tipo	=	amarradero
waterway,mooring,camino acuático	=	amarradero
geological,moraine,geológico	=	morena
glacier:part,moraine,glaciar: parte	=	morena
natural,moraine,natural	=	morena
denomination,mormon,denominación	=	mormón
amenity,mortuary,amenidad/servicio	=	mortuorio
genus,Morus,género	=	Morus
species,MORUS␣ALBA,especies	=	MORUS␣ALBA
building,mosque,edificio	=	mezquita
seamark:landmark:function,mosque,marca:punto de referencia:función	=	mezquita
natural,moss,natural	=	musgo
landcover,mostly_rock,cubierta terrestre	=	sobre todo_rock
source:addr,mostrowwielkopolski.e-mapa.net,
tourism,motel,turismo	=	motel
sport,motocross,deporte	=	motocross
sport,motor,deporte	=	motor
boat:type,motorboat,barco:tipo	=	motora
route,motorboat,ruta	=	motora
clothes,motorcycle,ropa	=	motocicleta
club,motorcycle,club	=	motocicleta
shop,motorcycle,tienda	=	motocicleta
taxi_type,motorcycle,tipo de taxi	=	motocicleta
taxi_vehicle,motorcycle,vehiculo taxi	=	motocicleta
trailer:type,motorcycle,remolque:tipo	=	motocicleta
barrier,motorcycle_barrier,barrera	=	barrera de motos
amenity,motorcycle_parking,amenidad/servicio	=	moto_estacionamiento
shop,motorcycle_parts,tienda	=	partes de motocicleta
amenity,motorcycle_rental,amenidad/servicio	=	alquiler de motos
shop,motorcycle_repair,tienda	=	reparación_de_motos
amenity,motorcycle_taxi,amenidad/servicio	=	mototaxi
shop,motorhome,tienda	=	casa rodante
caravan_site,motorhome_stopover,sitio de caravanas	=	escala de autocaravanas
shop,motorsports,tienda	=	automovilismo
construction,motorway,construcción	=	autopista
highway,motorway,carretera	=	autopista
proposed,motorway,
highway,motorway_junction,carretera	=	cruce_autopista
construction,motorway_link,construcción	=	enlace de autopista
highway,motorway_link,carretera	=	autopista_enlace
fortification_type,motte,tipo de fortificación	=	mota
man_made,mound,artificial	=	montículo
glacier:type,mountain,glaciar:tipo	=	montaña
sac_scale,mountain_hiking,saco_escala	=	Montañismo
natural,mountain_range,natural	=	cordillera
emergency,mountain_rescue,emergencia	=	rescate de montaña
man_made,mountaineers_mailbox,hecho por el hombre	=	buzón de montañeros
man_made,mounting_block,hecho por el hombre	=	bloque de montaje
bridge,movable,puente	=	móvil
vending,movies,venta	=	películas
office,moving_company,oficina	=	empresa de mudanzas
highway,moving_walkway,autopista	=	pasarela móvil
source:name,MRWA-514,
mapper,mspray9,mapeador	=	mspray9
gns:dsg,MT,gns:dsg	=	MONTE
bicycle,mtb,bicicleta	=	bicicleta de montaña
route,mtb,ruta	=	bicicleta de montaña
amenity,mtb_school,amenidad/servicio	=	escuela mtb
building:material,mud,material de construcción	=	lodo
natural,mud,natural	=	lodo
surface,mud,superficie	=	lodo
tidal,mud,de marea	=	lodo
wetland,mud,humedal	=	lodo
building:material,mud;wood,material de construcción	=	barro;madera
route,mudflat_hiking,ruta	=	senderismo marismas
sport,multi,deporte	=	multi
parking,multi-storey,estacionamiento	=	de muchos pisos
religion,multifaith,religión	=	multirreligioso
type,multilinestring,tipo	=	multilínea
type,multipolygon,tipo	=	multipolígono
flag:type,municipal,bandera: tipo	=	municipal
ownership,municipal,propiedad	=	municipal
place,municipality,lugar	=	municipio
source:street,municipality,fuente: calle	=	municipio
source:streetnumber,municipality,fuente:número de la calle	=	municipio
source:en,Municipality of Caguas,
source:en,Municipality␣of␣Caguas,fuente:es	=	Municipio␣de␣Caguas
bunker_type,munitions,tipo búnker	=	pertrechos
artwork_type,mural,tipo_de_obra	=	mural
genus,Musa,género	=	musa
building,museum,edificio	=	museo
tourism,museum,turismo	=	museo
club,music,club	=	música
shop,music,tienda	=	música
training,music,capacitación	=	música
amenity,music_school,amenidad/servicio	=	escuela de Musica
amenity,music_venue,amenidad/servicio	=	lugar de música
leisure,music_venue,tiempo libre	=	lugar de música
craft,musical_instrument,artesanía	=	instrumento musical
shop,musical_instrument,tienda	=	instrumento musical
shop,musical_instruments,tienda	=	instrumentos musicales
religion,muslim,religión	=	musulmán
man_made,mussel_raft,artificial	=	balsa_de_mejillones
network:short,MVV,
metcouncil:dfz,N,metcouncil:dfz	=	norte
metcouncil:site_hfn,N,metcouncil:sitio_hfn	=	norte
naptan:Bearing,N,
tiger:CPI,N,tigre: IPC	=	norte
tiger:PCICBSA,N,tigre:PCICBSA	=	norte
tiger:PCINECTA,N,tigre: PCINECTA	=	norte
roof:orientation:compass,N-S,techo:orientación:brújula	=	N-S
species,n.␣sp.,especies	=	n.␣sp.
KSJ2:filename,N03-090320_02_new.xml,KSJ2: nombre de archivo	=	N03-090320_02_nuevo.xml
KSJ2:filename,N03-090320_16_new.xml,KSJ2: nombre de archivo	=	N03-090320_16_nuevo.xml
beauty,nails,belleza	=	uñas
natural,naled,natural	=	naled
construction,narrow_gauge,construcción	=	vía estrecha
railway,narrow_gauge,ferrocarril	=	trocha_angosta
seamark:sea_area:category,narrows,marca:área del mar:categoría	=	se estrecha
fountain,nasone,fuente	=	nasone
border_type,nation,border_type	=	nación
boundary,national,Perímetro	=	nacional
flag:type,national,bandera:tipo	=	nacional
importance,national,importancia	=	nacional
ownership,national,
passenger,national,pasajero	=	nacional
priority,national,prioridad	=	nacional
traffic,national,tráfico	=	nacional
boundary,national_park,Perímetro	=	parque Nacional
source:en,"National-Land Numerical Information (Forest) 2006, MLIT Japan",
source:en,"National-Land␣Numerical␣Information␣(Forest)␣2006,␣MLIT␣Japan","fuente:es	=	National-Land␣Numerical␣Information␣(Bosque)␣2006,␣MLIT␣Japón"
crop,native_pasture,cultivo	=	pasto_nativo
LINZ:layer,native_poly,LINZ:capa	=	nativo_poli
tree_form,natural,árbol_forma	=	natural
content,natural_gas,contenido	=	gas natural
denotation,natural_monument,denotación	=	monumento natural
board_type,nature,tipo_tablero	=	naturaleza
museum,nature,museo	=	naturaleza
leisure,nature_reserve,ocio	=	reserva natural
protected_area,nature_reserve,área protegida	=	reserva natural
seamark:restricted_area:category,nature_reserve,seamark:área restringida:categoría	=	reserva natural
healthcare:speciality,naturopathy,especialidad:de_salud	=	naturopatía
seamark:small_craft_facility:category,nautical_club,seamark:instalación para embarcaciones pequeñas:categoría	=	club náutico
seamark:fog_signal:category,nautophone,seamark: señal de niebla: categoría	=	nautófono
military,naval_base,militar	=	base naval
police,naval_base,policía	=	base naval
seamark:type,navigation_line,marca de mar:tipo	=	línea_navegación
aeroway,navigationaid,vía aérea	=	Ayuda a la navegación
military_service,navy,servicio militar	=	Armada
route,ncn,ruta	=	ncn
beacon:type,NDB,baliza:tipo	=	NBD
naptan:Bearing,NE,
archaeological_site,necropolis,sitio arqueológico	=	necrópolis
site_type,necropolis,tipo_sitio	=	necrópolis
species,NECUNOSCUTA,especies	=	NECUNOSCUTA
valve,needle,válvula	=	aguja
leaf_type,needleleaved,tipo_hoja	=	con hojas de aguja
operational_status_quality,needs_maintenance,estado_operativo_calidad	=	necesita mantenimiento
TMC:Direction,negative,TMC:Dirección	=	negativo
place,neighbourhood,lugar	=	vecindario
historic:civilization,neolithic,historico:civilizacion	=	neolítico
healthcare:speciality,neonatology,sanidad:especialidad	=	neonatología
damage:event,nepal_earthquake_2015,daño:evento	=	nepal_terremoto_2015
healthcare:speciality,nephrology,sanidad:especialidad	=	nefrología
man_made,Nesting_site,hecho por el hombre	=	Sitio de anidación
sport,netball,deporte	=	baloncesto
type,network,tipo	=	red
healthcare:speciality,neurology,sanidad:especialidad	=	neurología
healthcare:speciality,neurophysiology,sanidad:especialidad	=	neurofisiología
healthcare:speciality,neuropsychiatry,sanidad:especialidad	=	neurosiquiatría
healthcare:speciality,neurosurgery,sanidad:especialidad	=	neurocirugía
shop,new_age,tienda	=	nueva era
species,New␣Tree␣Pit,especies	=	Nuevo␣Árbol␣Pozo
vending,news_papers,venta	=	periódicos
shop,newsagent,tienda	=	vendedor de periódicos
office,newspaper,oficina	=	periódico
vending,newspapers,venta	=	periódicos
operator:short,NGCP,
office,ngo,oficina	=	ong
denomination,nichiren,denominación	=	nichiren
heritage:operator,nid,patrimonio:operador	=	nido
is_in:country,Nigeria,
amenity,nightclub,amenidad/servicio	=	Club nocturno discoteca
species,nigra,especies	=	negra
addr:community,Nima,dirección:comunidad	=	nima
sport,nine_mens_morris,deporte	=	nueve mens morris
wood,nipa_palm,madera	=	palma nipa
source:hgv:state_network,NJDOT http://www.state.nj.us/transportation/about/rules/pdf/chapter32truckaccess.pdf,
source:hgv:state_network,NJDOT␣http://www.state.nj.us/transportation/about/rules/pdf/chapter32truckaccess.pdf,fuente: hgv: state_network	=	NJDOT␣http://www.state.nj.us/transportation/about/rules/pdf/chapter32truckaccess.pdf
zone:maxspeed,NL:30,zona:maxspeed	=	NL:30
zone:maxspeed,NL:60,zona:maxspeed	=	NL:60
political_division,NL:kamerkieskring,división política	=	NL:kamerkieskring
zone:traffic,NL:rural,zona:tráfico	=	ES:rural
political_division,NL:statenkieskring,división política	=	ES:statenkieskring
zone:traffic,NL:urban,zona:tráfico	=	ES:urbano
source:maxspeed,NL:zone30,
source:location,NLS.fi Topographic Database,
FMMP_modified,no,FMMP_modificado	=	no
FMMP_reviewed,no,FMMP_revisado	=	no
LINZ:reviewed,no,
LandPro08:reviewed,no,LandPro08:revisado	=	no
access,no,acceso	=	no
access:delivery,no,acceso:entrega	=	no
access:roof,no,acceso: techo	=	no
agricultural,no,agrícola	=	no
air_conditioning,no,
animated,no,animado	=	no
area,no,área	=	no
armrest,no,
atm,no,Cajero automático	=	no
automated,no,
backrest,no,respaldo	=	no
backup_generator,no,generador_de_respaldo	=	no
barrier,no,barrera	=	no
bench,no,mesa de trabajo	=	no
bicycle,no,bicicleta	=	no
bin,no,compartimiento	=	no
boat,no,barco	=	no
bridge,no,puente	=	no
building,no,edificio	=	no
building:fireproof,no,edificio: incombustible	=	no
bus,no,autobús	=	no
button_operated,no,botón_operado	=	no
canoe,no,
capacity:disabled,no,capacidad: deshabilitado	=	no
capacity:parent,no,capacidad: padre	=	no
capacity:women,no,capacidad:mujeres	=	no
car,no,auto	=	no
caravans,no,
carriage,no,carro	=	no
cash_in,no,
change:backward,no,cambio: al revés	=	no
change:forward,no,cambio:adelante	=	no
change:lanes:backward,no,cambiar:carriles:atrás	=	no
change:lanes:forward,no,cambiar:carriles:adelante	=	no
changing_table,no,mesa para cambiar pañales	=	no
collection_times:signed,no,horarios de recogida:firmado	=	no
covered,no,cubierto	=	no
crop,no,cultivo	=	no
crossing,no,cruce	=	no
crossing:barrier,no,cruce:barrera	=	no
crossing:bell,no,cruce:campana	=	no
crossing:island,no,cruce: isla	=	no
crossing:light,no,cruce: luz	=	no
crossing:markings,no,
crossing:signals,no,
cycleway,no,carril bici	=	no
cycleway:both,no,carril bici:ambos	=	no
cycleway:both:buffer,no,
cycleway:foot,no,carril bici: pie	=	no
cycleway:left,no,ciclovía:izquierda	=	no
cycleway:left:oneway,no,
cycleway:right,no,carril bici: derecha	=	no
cycleway:right:buffer,no,ciclovía:derecha:amortiguador	=	no
cycleway:right:oneway,no,ciclovía:derecha:sentido único	=	no
cycleway:right:segregated,no,
delivery,no,entrega	=	no
departures_board,no,salidas a bordo	=	no
diet:halal,no,
diet:kosher,no,
diet:vegan,no,
dispensing,no,dispensando	=	no
dog,no,perro	=	no
door,no,
drinking_water,no,agua potable	=	no
drive_through,no,servicio al carro	=	no
dual_carriageway,no,autovía	=	no
electrified,no,electrificado	=	no
emergency,no,emergencia	=	no
entrance,no,entrada	=	no
expressway,no,Autopista	=	no
fee,no,tarifa	=	no
female,no,
ferry,no,transportar	=	no
fire_hydrant:diameter:signed,no,
flashing_lights,no,
floating,no,
flood_prone,no,propenso a inundarse	=	no
flour_fortified,no,harina_fortificada	=	no
foot,no,pie	=	no
forklift,no,máquina elevadora	=	no
generator:solar:tracking,no,
geometry:reviewed,no,
goods,no,bienes	=	no
gutter,no,canal	=	no
handrail,no,pretil	=	no
hazmat,no,materiales peligrosos	=	no
hgv,no,vhg	=	no
hgv:national_network,no,
highspeed,no,alta velocidad	=	no
highway,no,autopista	=	no
historic,no,histórico	=	no
horse,no,caballo	=	no
indoor,no,interior	=	no
indoor_seating,no,
informal,no,
intermittent,no,intermitente	=	no
internet_access,no,acceso a Internet	=	no
internet_access:fee,no,internet_access:tarifa	=	no
irrigated,no,irrigado	=	no
kerb,no,frenar	=	no
lane_markings,no,marcas_de_carril	=	no
lit,no,iluminado	=	no
lockable,no,bloqueable	=	no
locked,no,bloqueado	=	no
luminous,no,luminoso	=	no
managed,no,administrado	=	no
maxheight:signed,no,
maxspeed,no,máxima velocidad	=	no
maxstay,no,
maxweight:signed,no,peso máximo: firmado	=	no
median,no,mediana	=	no
mofa,no,mofa	=	no
moped,no,ciclomotor	=	no
motor_vehicle,no,Vehículo de motor	=	no
motorboat,no,motora	=	no
motorcar,no,automóvil	=	no
motorcycle,no,motocicleta	=	no
motorroad,no,carretera	=	no
mtb,no,bicicleta de montaña	=	no
name:signed,no,nombre: firmado	=	no
naptan:verified,no,naptán: verificado	=	no
noexit,no,Sin salida	=	no
oneway,no,de una sola mano	=	no
oneway:bicycle,no,ida: bicicleta	=	no
oneway:bus,no,ida: autobús	=	no
oneway:mofa,no,unidireccional:mofa	=	no
oneway:moped,no,unidireccional: ciclomotor	=	no
oneway:motorcycle,no,ida: motocicleta	=	no
oneway:psv,no,unidireccional: psv	=	no
opening_hours:signed,no,horario_de_apertura:firmado	=	no
osmarender:render,no,osmarender:renderizar	=	no
osmarender:renderName,no,osmarender:representarNombre	=	no
osmarender:renderRef,no,osmarender:renderRef	=	no
outdoor_seating,no,asientos al aire libre	=	no
overtaking,no,adelantamiento	=	no
overtaking:hgv,no,
park_ride,no,paseo del Parque	=	no
parking,no,estacionamiento	=	no
parking:both,no,estacionamiento:ambos	=	no
parking:both:fee,no,
parking:fee,no,
parking:lane:both,no,estacionamiento:carril:ambos	=	no
parking:left,no,estacionamiento: izquierda	=	no
parking:left:fee,no,
parking:right,no,estacionamiento: derecho	=	no
parking:right:fee,no,
passenger,no,pasajero	=	no
passenger_information_display,no,pantalla_de_información_del_pasajero	=	no
passing_places,no,lugares de paso	=	no
payment:cards,no,
payment:cash,no,Pago en efectivo	=	no
payment:credit_cards,no,pago:credit_cards	=	no
payment:cryptocurrencies,no,
payment:debit_cards,no,pago:tarjetas_débito	=	no
payment:notes,no,
physically_present,no,fisicamente presente	=	no
pole,no,polo	=	no
power_supply,no,
psv,no,psv	=	no
pump,no,bomba	=	no
railway:atb,no,ferrocarril:atb	=	no
railway:atc,no,
railway:ballastless,no,ferrocarril: sin balasto	=	no
railway:ctc,no,
railway:etcs,no,ferrocarril:etc.	=	no
railway:evm,no,
railway:gnt,no,ferrocarril:gnt	=	no
railway:kvb,no,
railway:local_operated,no,ferrocarril:operado_localmente	=	no
railway:ls,no,ferrocarril:ls	=	no
railway:lzb,no,ferrocarril: lzb	=	no
railway:milestone:catenary_mast,no,ferrocarril: hito: catenary_mast	=	no
railway:milestone:emergency_brake_override,no,ferrocarril:hito:emergency_brake_override	=	no
railway:ptc,no,
railway:pzb,no,ferrocarril:pzb	=	no
railway:switch:electric,no,ferrocarril:interruptor:eléctrico	=	no
railway:tbl,no,ferrocarril:tbl	=	no
railway:tilting,no,
railway:tvm,no,
ramp,no,rampa	=	no
ramp:wheelchair,no,
recycling:glass,no,reciclaje:vidrio	=	no
recycling:plastic,no,
rednap:nodo,no,rednap: nodo	=	no
ref:signed,no,
reservation,no,
review,no,revisión	=	no
road_marking,no,=
roof:downpipe,no,techo: bajante	=	no
roundtrip,no,viaje ida y vuelta	=	no
salt,no,sal	=	no
school:selective,no,escuela: selectiva	=	no
seamark:radar_reflector,no,marca de mar: reflector de radar	=	no
seasonal,no,estacional	=	no
segregated,no,aislado	=	no
self_service,no,autoservicio	=	no
shelter,no,refugio	=	no
ship,no,Embarcacion	=	no
shop,no,tienda	=	no
shoulder,no,hombro	=	no
sidewalk,no,acera	=	no
sidewalk:both,no,
sidewalk:left,no,acera: izquierda	=	no
sidewalk:right,no,acera: derecha	=	no
ski,no,esquí	=	no
smoking,no,de fumar	=	no
snowmobile,no,motonieve	=	no
supervised,no,supervisado	=	no
survey_point:datum_aligned,no,punto de levantamiento:datum alineado	=	no
tactile_paving,no,pavimento_tactil	=	no
takeaway,no,
tidal,no,de marea	=	no
tiger:reviewed,no,tigre:revisado	=	no
tiger:separated,no,tigre: separado	=	no
toilets,no,baños	=	no
toilets:handwashing,no,baños: lavado de manos	=	no
toilets:wheelchair,no,aseos:silla de ruedas	=	no
toll,no,peaje	=	no
tourist_bus,no,
traffic_calming,no,calmar el tráfico	=	no
traffic_signals:sound,no,señales_de_tráfico:sonido	=	no
traffic_signals:vibration,no,señales_de_tráfico:vibración	=	no
trail_visibility,no,rastro_visibilidad	=	no
trailblazed,no,
train,no,tren	=	no
trolley_wire,no,
tunnel,no,túnel	=	no
vehicle,no,vehículo	=	no
wall,no,pared	=	no
wheelchair,no,silla de ruedas	=	no
wholesale,no,mayorista	=	No
winter_service,no,servicio_de_invierno	=	no
nysgissam:review,no matching street nearby,
seamark:restricted_area:restriction,no_anchorage,seamark:área restringida:restricción	=	sin anclaje
seamark:notice:category,no_anchoring,marca:aviso:categoría	=	sin anclaje
seamark:restricted_area:restriction,no_anchoring,seamark:área restringida:restricción	=	sin anclaje
seamark:notice:category,no_berthing,marca:aviso:categoría	=	sin atraque
seamark:restricted_area:restriction,no_boating,seamark:área restringida:restricción	=	sin paseos en bote
seamark:restricted_area:restriction,no_diving,seamark:área restringida:restricción	=	no bucear
seamark:buoy_special_purpose:category,no_entry,seamark:boya propósito especial:categoría	=	No hay entrada
seamark:notice:category,no_entry,marca:aviso:categoría	=	No hay entrada
seamark:restricted_area:restriction,no_entry,seamark:área restringida:restricción	=	No hay entrada
seamark:restricted_area:restriction,no_fishing,seamark:área restringida:restricción	=	no pescar
restriction,no_left_turn,restricción	=	no_girar_a_la_izquierda
parking:both:restriction,no_parking,
parking:lane:both,no_parking,estacionamiento:carril:ambos	=	No estacionar
parking:lane:left,no_parking,estacionamiento:carril:izquierda	=	No estacionar
parking:lane:right,no_parking,estacionamiento:carril:derecha	=	No estacionar
parking:left:restriction,no_parking,
parking:right:restriction,no_parking,
restriction,no_right_turn,restricción	=	sin giro a la derecha
restriction,no_right_turn_on_red,restricción	=	no girar a la derecha en rojo
parking:both:restriction,no_stopping,
parking:lane:both,no_stopping,estacionamiento:carril:ambos	=	sin parar
parking:lane:left,no_stopping,estacionamiento:carril:izquierda	=	sin parar
parking:lane:right,no_stopping,estacionamiento:carril:derecha	=	sin parar
parking:left:restriction,no_stopping,
parking:right:restriction,no_stopping,
restriction,no_straight_on,restricción	=	no_straight_on
restriction,no_u_turn,restricción	=	No tu turno
seamark:restricted_area:category,no_wake,seamark:área restringida:categoría	=	sin despertar
seamark:restricted_area:restriction,no_wake,seamark:área restringida:restricción	=	sin despertar
change:lanes,no|no,cambiar carriles	=	no|no
foot,no␣@␣(Mo-Su␣18:00-07:00),pie	=	no␣@␣(Lu-Do␣18:00-07:00)
nysgissam:review,no␣matching␣street␣nearby,nysgissam: revisión	=	sin␣coincidencia␣calle␣cercana
mechanical_coupling,nodding_donkey,acoplamiento mecánico	=	burro asintiendo
type,node,tipo	=	nodo
network:type,node_network,tipo de red	=	nodo_red
outlet,noise_barrier,toma de corriente	=	barrera de ruido
wall,noise_barrier,pared	=	barrera_ruido
seamark:restricted_area:category,noise_limit,seamark:área restringida:categoría	=	límite de ruido
source:name,Nomenclator Geográfico Básico de España,
source:name,Nomenclátor Geográfico de Municipios y Entidades de Población,
seamark:wreck:category,non-dangerous,marca:naufragio:categoría	=	no peligroso
office,non-governmental_organization,oficina	=	organización no gubernamental
canvec:STRUCTYPE,None,canvec:TIPO DE ESTRUCTURA	=	Ninguna
cycleway,none,carril bici	=	ninguno
footway,none,senda	=	ninguno
lit:perceived,none,encendido: percibido	=	ninguno
maxspeed,none,máxima velocidad	=	ninguna
religion,none,religión	=	ninguna
road_marking,none,=
sidewalk,none,acera	=	ninguna
maxweight:conditional,none @ destination,
maxweightrating:hgv:conditional,none @ destination,
turn:lanes,none|none|merge_to_left,giro:carriles	=	ninguno|ninguno|combinar_a_la_izquierda
turn:lanes,none|none|right,
turn:lanes,none|none|slight_right,giro:carriles	=	ninguno|ninguno|ligero_bien
cuisine,noodle,cocina	=	fideos
trees,nopal_plants,árboles	=	plantas_de_nopal
piste:type,nordic,pista: tipo	=	nórdico
route,nordic_walking,ruta	=	caminata nórdica
parking_space,normal,plaza de aparcamiento	=	normal
railway:signal:combined:height,normal,
railway:signal:distant:height,normal,ferrocarril:señal:distante:altura	=	normal
railway:signal:main:height,normal,ferrocarril:señal:principal:altura	=	normal
railway:signal:minor:height,normal,
railway:signal:shunting:height,normal,
railway:signal:speed_limit:height,normal,vía férrea:señal:límite_velocidad:altura	=	normal
railway:signal:speed_limit_distant:height,normal,ferrocarril:señal:velocidad_límite_distante:altura	=	normal
type,normal,tipo	=	normal
addr:street:prefix,North,
name:prefix,North,
seamark:buoy_cardinal:category,north,marca:boya cardenal:categoria	=	norte
species:en,Norway Maple,
species:en,Norway␣Maple,especies:es	=	Noruega␣Arce
seamark:distance_mark:category,not_installed,marca de mar: marca de distancia: categoría	=	no instalado
change:lanes:backward,not_left|yes,
change:lanes:forward,not_left|yes,
lawyer,notary,abogado	=	notario
office,notary,oficina	=	notario
board_type,notice,tipo_tablero	=	aviso
seamark:beacon_special_purpose:category,notice,seamark:beacon propósito especial:categoría	=	darse cuenta
seamark:type,notice,marca de mar: tipo	=	aviso
piste:difficulty,novice,pista: dificultad	=	principiante
source:geometry,NPWS_Estate,fuente: geometría	=	Finca NPWS
source:name,NPWS_Estate,nombre de la fuente	=	Finca NPWS
source:position,NPWS_Estate,fuente:posición	=	Finca NPWS
heritage:operator,nrhp,patrimonio:operador	=	nrhp
geobase:datasetName,NRN:British Columbia,
addr:source,NRW-Atlas,
source:geometry,NSW LPI Base Map,
source:name,NSW LPI Base Map,
source:geometry,NSW LPI Imagery,
source:geometry,NSW_LPI_Base_Map,fuente: geometría	=	Mapa base de LPI de Nueva Gales del Sur
source:name,NSW_LPI_Base_Map,nombre de la fuente	=	Mapa base de LPI de Nueva Gales del Sur
source:geometry,NSW_LPI_Imagery,fuente: geometría	=	Imágenes LPI de Nueva Gales del Sur
generator:source,nuclear,generador:fuente	=	nuclear
hazard,nuclear,peligro	=	nuclear
healthcare:speciality,nuclear,sanidad:especialidad	=	nuclear
plant:source,nuclear,planta:fuente	=	nuclear
power_source,nuclear,fuente de alimentación	=	nuclear
shelter_type,nuclear,tipo de refugio	=	nuclear
military,nuclear_explosion_site,militar	=	sitio_explosión_nuclear
club,nudism,club	=	nudismo
embassy,nunciature,embajada	=	nunciatura
megalith_type,nuraghe,tipo de megalito	=	nuraga
healthcare,nurse,cuidado de la salud	=	enfermero
amenity,nursery,amenidad/servicio	=	guardería
amenity,nursing_home,amenidad/servicio	=	asilo_de_ancianos
social_facility,nursing_home,instalaciones_sociales	=	asilo_de_ancianos
healthcare,nutrition_counseling,cuidado de la salud	=	asesoramiento nutricional
healthcare,nutrition_counselling,cuidado de la salud	=	asesoramiento nutricional
shop,nutrition_supplements,tienda	=	suplementos_nutricion
shop,nuts,tienda	=	nueces
naptan:Bearing,NW,
old_railway_operator,NYC,antiguo operador ferroviario	=	Nueva York
old_railway_operator,NYH&H,antiguo operador ferroviario	=	NYH&H
old_railway_operator,NYNH&H,antiguo operador ferroviario	=	NYNH&H
source:hgv:state_network,NYSDOT https://www.dot.ny.gov/divisions/operating/oom/transportation-systems/repository/2010%20trk%20access%20bk.pdf,
source:hgv:state_network,NYSDOT␣https://www.dot.ny.gov/divisions/operating/oom/transportation-systems/repository/2010%20trk%20access%20bk.pdf,fuente: hgv: state_network	=	NYSDOT␣https://www.dot.ny.gov/divisions/operating/oom/transportation-systems/repository/2010%20trk%20access%20bk.pdf
genus:en,Oak,
crop,oats,cultivo	=	avena
landmark,obelisk,punto de referencia	=	obelisco
man_made,obelisk,artificial	=	obelisco
memorial,obelisk,monumento	=	obelisco
memorial:type,obelisk,memorial: tipo	=	obelisco
seamark:landmark:category,obelisk,marca:punto de referencia:categoría	=	obelisco
tomb,obelisk,tumba	=	obelisco
railway,obliterated,ferrocarril	=	borrado
tower:type,observation,torre:tipo	=	observación
type,observation_spot,tipo	=	punto de observación
landuse,observatory,uso del suelo	=	observatorio
man_made,observatory,artificial	=	observatorio
waterway:type,observed,canal: tipo	=	observado
military,obstacle_course,militar	=	pista de obstáculos
sport,obstacle_course,deporte	=	pista de obstáculos
seamark:type,obstruction,marca de mar:tipo	=	obstrucción
seamark:light:character,Oc,marca:luz:personaje	=	Jefe
species,occidentalis,especies	=	occidentalis
healthcare:speciality,occupational,sanidad:especialidad	=	ocupacional
office,occupational_safety,oficina	=	seguridad Ocupacional
healthcare,occupational_therapist,cuidado de la salud	=	terapeuta ocupacional
place,ocean,lugar	=	Oceano
seamark:light:character,OcFl,marca:luz:personaje	=	OcFl
addr:city:en,October␣Gardens␣City,dirección:ciudad:es	=	Octubre␣Jardines␣Ciudad
seamark:buoy_special_purpose:category,odas,seamark:boya propósito especial:categoría	=	odas
addr:interpolation,odd,dirección:interpolación	=	extraño
source:old_ref:fap,ODOT http://www.dot.state.oh.us/Divisions/Planning/TechServ/prod_services/Pages/RI06.aspx http://www.dot.state.oh.us/Divisions/ContractAdmin/Contracts/Pages/NHS-FAP.aspx,
source:old_ref:fap,ODOT␣http://www.dot.state.oh.us/Divisions/Planning/TechServ/prod_services/Pages/RI06.aspx␣http://www.dot.state.oh.us/Divisions/ContractAdmin/Contracts/Pages/NHS-FAP.aspx,fuente:antigua_ref:fap	=	ODOT␣http://www.dot.state.oh.us/Divisions/Planning/TechServ/prod_services/Pages/RI06.aspx␣http://www.dot.state.oh.us/Divisions/ContractAdmin/Contracts/ Páginas/NHS-FAP.aspx
opening_hours:covid19,off,horario_de_apertura:covid19	=	apagado
amenity,office,amenidad/servicio	=	oficina
building,office,Un edificio de oficinas es una estructura comercial diseñada para administración empresarial y trabajo de oficina | edificio	=	oficina
construction,office,construcción	=	oficina
health_facility:type,office,establecimiento de salud:tipo	=	oficina
information,office,información	=	oficina
military,office,militar	=	oficina
pilotage,office,pilotaje	=	oficina
room,office,habitación	=	oficina
shop,office_supplies,tienda	=	material de oficina
police,offices,policía	=	oficinas
access,official,acceso	=	oficial
bicycle,official,bicicleta	=	oficial
foot,official,pie	=	oficial
waterway,offshore_field,camino acuático	=	campo costa afuera
man_made,offshore_platform,artificial	=	plataforma marina
source:name:br,ofis publik ar brezhoneg,
source:name:br,ofis␣publik␣ar␣brezhoneg,fuente:nombre:br	=	ofis␣publik␣ar␣brezhoneg
historic,ogham_stone,histórico	=	piedra ogham
highway,ohm:military:Trench,autopista	=	ohm:militar:trinchera
highway,ohm:ww1:militaryTrench,autopista	=	ohm:ww1:militaryTrinchera
content,oil,contenido	=	aceite
generator:source,oil,generador:fuente	=	petróleo
industrial,oil,industrial	=	aceite
plant:source,oil,planta:fuente	=	petróleo
power_source,oil,fuente de alimentación	=	petróleo
product,oil,producto	=	petróleo
substance,oil,sustancia	=	aceite
type,oil,tipo	=	petróleo
utility,oil,utilidad	=	petróleo
waste,oil,desperdiciar	=	petróleo
seamark:type,oil_barrier,marca de mar: tipo	=	barrera de aceite
man_made,oil_gas_separator,hecho por el hombre	=	separador de gas de aceite
craft,oil_mill,artesanía	=	almazara
industrial,oil_mill,industrial	=	almazara
trees,oil_palms,árboles	=	palmas_de_aceite
harbour:category,oil_platform,puerto:categoría	=	plataforma petrolera
man_made,oil_well,artificial	=	pozo de petróleo
operational_status_quality,ok,estado_operativo_calidad	=	OK
addr:subdistrict,Olaines pagasts,
genus,Olea,género	=	Olea
species,Olea europaea,
species,Olea␣europaea,especies	=	Olea␣europaea
species,Olea␣europea,especies	=	Olea␣europea
trees,olive_trees,árboles	=	Olivos
species:it,Olivo,especies:es	=	oliva
addr:street:en,Omar Ibn Al Khatab Street,
seamark:radio_station:category,omega,seamark:emisora de radio:categoria	=	omega
seamark:light:exhibition,on_demand,marca:luz:exposición	=	Bajo demanda
parking,on_kerb,estacionamiento	=	en la acera
parking:lane:both:parallel,on_street,estacionamiento:carril:ambos:paralelo	=	en la calle
parking:lane:hgv,on_street,estacionamiento:carril:hgv	=	en la calle
parking:lane:right:parallel,on_street,estacionamiento:carril:derecha:paralelo	=	en la calle
healthcare:speciality,oncology,sanidad:especialidad	=	oncología
notes,One Family Year-Round Residence,
design,one-level,diseño	=	un nivel
roof:shape,onion,techo: forma	=	cebolla
by_night,only,por la noche	=	solo
diet:kosher,only,dieta: kosher	=	solo
organic,only,orgánico	=	solamente
road_marking,only,=
second_hand,only,segunda mano	=	solamente
takeaway,only,quitar	=	solamente
wholesale,only,mayorista	=	solo
restriction,only_left_turn,restricción	=	solo_giro_a la_izquierda
restriction,only_right_turn,restricción	=	solo_girar_a_la_derecha
restriction,only_straight_on,restricción	=	solo_recto_en
heritage:operator,OnroerendErfgoed,patrimonio:operador	=	OnroerendErfgoed
source:postcode,ONS,fuente: código postal	=	ONS
bath:type,onsen,baño:tipo	=	onsen
opening_hours:covid19,open,horario_de_apertura:covid19	=	abierto
operational_status,open,estado operativo	=	abierto
museum,open_air,museo	=	aire libre
theatre:type,open_air,teatro:tipo	=	aire libre
source:building,OpenData Kreis Gütersloh - NAS,
source:building,OpenData Land Nordrhein-Westfalen - Hausumringe,
editor,opengislab 2018,
editor,"opengislab, caicedonia, edificios",
editor,"opengislab,␣caicedonia,␣edificios","editor	=	opengislab,␣caicedonia,␣edificios"
editor,opengislab␣2018,editor	=	opengislab␣2018
project,opensidewalks,proyecto	=	aceras abiertas
theatre:type,opera_house,teatro:tipo	=	teatro de la Ópera
operational_status,operational,estado operativo	=	Operacional
healthcare:speciality,ophthalmology,sanidad:especialidad	=	oftalmología
naptan:Indicator,Opp,
naptan:Indicator,opp,naptán: Indicador	=	oportunidad
cycleway,opposite,carril bici	=	opuesto
busway,opposite_lane,vía de autobús	=	carril opuesto
cycleway,opposite_lane,carril bici	=	carril_opuesto
cycleway:left,opposite_lane,ciclovía:izquierda	=	carril opuesto
cycleway:right,opposite_lane,carril bici: derecha	=	carril opuesto
cycleway,opposite_share_busway,carril bici	=	vía de autobús compartida opuesta
cycleway,opposite_shared_busway,carril bici	=	vía de autobús compartida opuesta
cycleway,opposite_track,carril bici	=	pista_opuesta
cycleway:left,opposite_track,ciclovía:izquierda	=	pista opuesta
cycleway:right,opposite_track,carril bici: derecha	=	pista opuesta
telescope:type,optical,telescopio:tipo	=	óptico
historic,optical_telegraph,histórico	=	telégrafo óptico
craft,optician,artesanía	=	óptico
shop,optician,tienda	=	óptico
bicycle,optional_sidepath,bicicleta	=	ruta_lateral_opcional
bicycle:backward,optional_sidepath,bicicleta: al revés	=	acera opcional
bicycle:forward,optional_sidepath,bicicleta:adelante	=	acera opcional
healthcare,optometrist,cuidado de la salud	=	optometrista
healthcare:speciality,optometry,especialidad:de_salud	=	optometría
genus,Opuntia,género	=	Opuntia
building:colour,orange,
colour,orange,color	=	naranja
light:colour,orange,color claro	=	naranja
ref:colour,orange,
seamark:beacon_special_purpose:colour,orange,seamark:beacon propósito especial:color	=	naranja
seamark:buoy_special_purpose:colour,orange,seamark:boya propósito especial:color	=	naranja
seamark:light:colour,orange,marca:luz:color	=	naranja
seamark:topmark:colour,orange,marca de mar:marca de tope:color	=	naranja
trees,orange_trees,árboles	=	naranjos
landuse,orchard,uso del suelo	=	huerta
craft,organ_builder,artesanía	=	constructor de órganos
shop,organic,tienda	=	orgánico
waste,organic,desperdiciar	=	orgánico
flag:type,organisation,bandera: tipo	=	organización
sport,orienteering,deporte	=	orientación
support,ornamental,apoyo	=	ornamental
source:geometry,Ortho HR IGN 2022,
healthcare:speciality,orthodontics,sanidad:especialidad	=	ortodoncia
denomination,orthodox,
denomination,orthodox_presbyterian_church,denominación	=	iglesia presbiteriana ortodoxa
geobase:acquisitionTechnique,Orthoimage,
healthcare:speciality,orthopaedics,sanidad:especialidad	=	ortopedia
source:addr:postcode,OS Open Data Codepoint,
source:addr:postcode,OS Opendata Codepoint,
source:name,OS OpenData Locator,
source:name,OS OpenData StreetView,
source:name,OS_OpenData_Locator,nombre de la fuente	=	Localizador de datos abiertos del sistema operativo
source:name,OS_OpenData_OS_Locator,nombre de la fuente	=	OS OpenData OS Locator
source:building,OS_OpenData_StreetView,fuente:edificio	=	OS_OpenData_StreetView
source:name,OS_OpenData_StreetView,nombre de la fuente	=	Sistema operativo OpenData StreetView
source:ref,OS_OpenData_StreetView,fuente: referencia	=	Sistema operativo OpenData StreetView
source:addr:postcode,OS␣Open␣Data␣Codepoint,fuente:dirección:código postal	=	OS␣Open␣Data␣Codepoint
source:addr:postcode,OS␣Opendata␣Codepoint,fuente:dirección:código postal	=	OS␣Opendata␣Codepoint
amenity,osmica,amenidad/servicio	=	osmica
created_by,Osmose_Editor,creado por	=	Editor de ósmosis
generator:source,osmotic,generador:fuente	=	osmótico
healthcare:speciality,osteopathy,sanidad:especialidad	=	osteópata
genus,Ostrya,género	=	Ostrya
building,other,edificio	=	otro
building:material,other,material de construcción	=	otro
project,OTI_HRI_COSMHA_STM020,proyecto	=	OTI_HRI_COSMHA_STM020
healthcare:speciality,otolaryngology,sanidad:especialidad	=	otorrinolaringología
healthcare:speciality,otorhinolaryngology,especialidad:de_salud	=	otorrinolaringología
operational_status,out_of_order,estado operativo	=	fuera de servicio
building,outbuilding,edificio	=	dependencia
geological,outcrop,geológico	=	afloramiento
location,outdoor,ubicación	=	exterior
shop,outdoor,tienda	=	exterior
surveillance,outdoor,vigilancia	=	exterior
swimming_pool,outdoor,piscina	=	exterior
telecom,outdoor_dslam,telecomunicaciones	=	baile al aire libre
shop,outdoor_power_equipment,tienda	=	equipo de energía al aire libre
leisure,outdoor_seating,ocio	=	asientos al aire libre
man_made,outfall,hecho por el hombre	=	desagüe
amenity,outfitter,amenidad/servicio	=	camisero
power,outlet,poder	=	toma de corriente
shop,outpost,tienda	=	avanzada
generator:plant,output,generador:planta	=	producción
social_facility,outreach,instalaciones_sociales	=	superar a
smoking,outside,de fumar	=	fuera de
toilets:position,outside,baños: posición	=	fuera de
location,overground,ubicación	=	de superficie
door,overhead,puerta	=	gastos generales
location,overhead,ubicación	=	gastos generales
seamark:restricted_area:restriction,overtaking_prohibited,seamark:área restringida:restricción	=	Prohibido adelantar
building:ownership,owner,edificio:propiedad	=	dueño
railway,owner_change,ferrocarril	=	cambio de propietario
water,oxbow,agua	=	meandro
man_made,oxidation_ditch,hecho por el hombre	=	zanja de oxidación
massgis:LEV_PROT,P,
species,P.␣Americana,especies	=	P.␣Americana
historic,pa,histórico	=	Pensilvania
product,packaging,producto	=	embalaje
wholesale,packaging,mayorista	=	embalaje
marker,paddle,marcador	=	paleta
sport,paddle_tennis,deporte	=	pádel
leisure,paddling_pool,tiempo libre	=	piscina infantil
meadow,paddock,prado	=	paddock
sport,padel,deporte	=	pádel
healthcare:speciality,paediatric_surgery,sanidad:especialidad	=	cirugía pediátrica
healthcare:speciality,paediatrics,sanidad:especialidad	=	pediatría
religion,pagan,religión	=	pagano
building,pagoda,edificio	=	pagoda
seamark:landmark:function,pagoda,marca:punto de referencia:función	=	pagoda
man_made,paifang,hecho por el hombre	=	paifang
shop,paint,tienda	=	pintar
wholesale,paint,mayorista	=	pintar
sport,paintball,deporte	=	bola de pintura
traffic_calming,painted_island,calmar el tráfico	=	isla pintada
traffic_calming,painted_table,calmar el tráfico	=	mesa pintada
craft,painter,artesanía	=	pintor
artwork_type,painting,tipo de obra de arte	=	pintura
flood_mark,painting,marca de inundación	=	pintura
building,pajaru,edificio	=	pajarú
cuisine,pakistani,cocina	=	pakistaní
building,palace,edificio	=	palacio
castle_type,palace,tipo castillo	=	palacio
geological,palaeontological_site,geológico	=	sitio paleontológico
natural,palaeontological_site,natural	=	sitio paleontológico
historic,paleontological_site,histórico	=	sitio paleontológico
healthcare:speciality,palliative,sanidad:especialidad	=	paliativo
genus,palm,género	=	palmera
leaf_type,palm,tipo_hoja	=	palmera
species,palm,especies	=	palmera
type,palm,tipo	=	palmera
wood,palm,madera	=	palmera
cuisine,pancake,cocina	=	tortita
horreo,panera,El hórreo es un típico gran almacén elevado típico de Asturias y Galicia
camera:type,panning,
trees,papaya_trees,árboles	=	árboles_de_papaya
wholesale,paper,mayorista	=	papel
craft,paperhanger,artesanía	=	empapelador
aeroway,papi,vía aérea	=	papi
navigationaid,papi,Ayuda a la navegación	=	papi
sport,parachuting,deporte	=	paracaidismo
sport,paragliding,deporte	=	parapente
ngbe:subgrupo,Parajes,ngbe: subgrupo	=	Parajes
orientation,parallel,
parking:both:orientation,parallel,
parking:lane:both,parallel,estacionamiento:carril:ambos	=	paralela
parking:lane:left,parallel,estacionamiento:carril:izquierda	=	paralela
parking:lane:right,parallel,estacionamiento:carril:derecha	=	paralela
parking:left:orientation,parallel,
parking:orientation,parallel,estacionamiento: orientación	=	paralela
parking:right:orientation,parallel,
boundary,parcel,Perímetro	=	parcela
amenity,parcel_locker,amenidad/servicio	=	paquete_casillero
amenity,parcel_lockers,amenidad/servicio	=	casilleros para paquetes
vending,parcel_mail_in,venta	=	paquete de correo en
vending,parcel_pickup,venta	=	recogida_paquete
vending,parcel_pickup;parcel_mail_in,venta	=	paquete_recogida;parcel_mail_in
amenity,parcel_postbox,amenidad/servicio	=	buzón de paquetes
parking_space,parent,plaza de aparcamiento	=	padre
church:type,parish,iglesia: tipo	=	parroquia
office,parish,oficina	=	parroquia
amenity,park,amenidad/servicio	=	parque
denotation,park,
leisure,park,ocio	=	parque
amenity,parking,"Una instalación de aparcamiento proporciona espacios designados para que los vehículos se aparquen, ya sea para uso a corto o largo plazo | amenidad/servicio	=	estacionamiento"
building,parking,edificio	=	estacionamiento
service,parking,Servicio	=	estacionamiento
site,parking,sitio	=	estacionamiento
surveillance:zone,parking,
service,parking_aisle,Servicio	=	estacionamiento_pasillo
amenity,parking_entrance,amenidad/servicio	=	estacionamiento_entrada
fire_hydrant:position,parking_lot,hidrante_de_incendio:posición	=	estacionamiento
aeroway,parking_position,vía aérea	=	estacionamiento_posición
amenity,parking_space,amenidad/servicio	=	plaza de aparcamiento
vending,parking_tickets,venta	=	multas de estacionamiento
amenity,parkink,amenidad/servicio	=	parque
leisure,parklet,tiempo libre	=	parklet
sport,parkour,deporte	=	parkour
government,parliament,gobierno	=	parlamento
craft,parquet_layer,artesanía	=	capa de parquet
seamark:light:visibility,part_obscured,marca:luz:visibilidad	=	parte oscurecida
access_control,partial,
tactile_paving,partial,pavimento táctil	=	parcial
service,parts,Servicio	=	partes
shop,party,tienda	=	fiesta
tunnel,passage,túnel	=	paso
megalith_type,passage_grave,tipo de megalito	=	tumba de paso
harbour:category,passenger,puerto:categoría	=	pasajero
railway:traffic_mode,passenger,ferrocarril:traffic_mode	=	pasajero
seamark:restricted_area:restriction,passing_or_overtaking_prohibited,seamark:área restringida:restricción	=	Prohibido pasar o adelantar
highway,passing_place,carretera	=	lugar_de_paso
cuisine,pasta,cocina	=	pasta
shop,pasta,tienda	=	pasta
religion,pastafarian,religión	=	pastafari
cuisine,pastry,cocina	=	Pastelería
shop,pastry,tienda	=	Pastelería
farmland,pasture,tierras de cultivo	=	pastar
landuse,pasture,uso del suelo	=	pastar
meadow,pasture,prado	=	pastar
abandoned:highway,path,
area:highway,path,zona:carretera	=	camino
construction,path,construcción	=	camino
disused:highway,path,
footway,path,senda	=	camino
golf,path,golf	=	sendero
highway,path,"Un camino es un sendero o paseo genérico para peatones, a menudo encontrado en parques, bosques o áreas rurales | carretera	=	sendero"
highway,Path/Examples,autopista	=	Ruta/Ejemplos
healthcare:speciality,pathology,sanidad:especialidad	=	patología
outdoor_seating,patio,asientos al aire libre	=	patio
genus,Paulownia,género	=	Paulownia
surface,paved,"Una superficie pavimentada está cubierta de materiales artificiales como piedra, ladrillo, hormigón o asfalto | superficie	=	pavimentado"
location,pavement,localización	=	pavimento
craft,paver,artesanía	=	adoquín
building,pavilion,edificio	=	pabellón
shelter_type,pavilion,refugio_tipo	=	pabellón
cycleway:surface,paving_stones,ciclovía:superficie	=	adoquines
footway:surface,paving_stones,acera:superficie	=	adoquines
material,paving_stones,material	=	adoquines
sidewalk:both:surface,paving_stones,acera:ambos:superficie	=	adoquines
sidewalk:left:surface,paving_stones,
sidewalk:right:surface,paving_stones,acera:derecha:superficie	=	adoquines
surface,paving_stones,superficie	=	adoquines
surface,paving_stones:20,superficie	=	adoquines: 20
surface,paving_stones:30,superficie	=	adoquines:30
shop,pawnbroker,tienda	=	prestamista
public_transport,pay_scale_area,transporte público	=	área de escala salarial
amenity,payment_centre,amenidad/servicio	=	centro_de_pago
amenity,payment_terminal,amenidad/servicio	=	terminal_de_pago
survey:name,PDC PhilAWARE,
survey:name,PDC␣PhilAWARE,encuesta:nombre	=	PDC␣PhilAWARE
natural,peak,natural	=	cima
landuse,peat_cutting,uso del suelo	=	corte de turba
tidal,pebbles,de marea	=	guijarros
surface,pebblestone,superficie	=	guijarro
sport,pedal_car_racing,deporte	=	carreras de coches de pedales
boat:type,pedalo,barco:tipo	=	hidropedal
marker,pedestal,marcador	=	pedestal
support,pedestal,apoyo	=	pedestal
area:highway,pedestrian,zona:carretera	=	peatonal
construction,pedestrian,construcción	=	peatonal
highway,pedestrian,carretera	=	peatonal
traffic_signals,pedestrian_crossing,
road_marking,pedestrian_crossing_rectangle,=
hazard,pedestrians,peligro	=	peatones
crossing_ref,pelican,cruce_ref	=	pelícano
sport,pelota,deporte	=	pelota vasca
generator:type,pelton_turbine,generador: tipo	=	turbina pelton
golf,penalty_area,golf	=	área de penal
natural,peninsula,natural	=	península
place,peninsula,lugar	=	península
source:hgv,PennDOT␣ftp://ftp.dot.state.pa.us/public/Bureaus/BOMO/MC/Publication411.pdf,fuente:hgv	=	PennDOT␣ftp://ftp.dot.state.pa.us/public/Bureaus/BOMO/MC/Publication411.pdf
usage,penstock,uso	=	compuerta
denomination,pentecostal,
shop,pépinière,tienda	=	pépiniere
seamark:beacon_lateral:shape,perch,marca:baliza lateral:forma	=	perca
stream,perennial,corriente	=	perenne
shop,perfumery,tienda	=	perfumería
pump_mechanism,peristaltic,mecanismo de bomba	=	peristáltico
building:material,permanent,material de construcción	=	permanente
building:state_of_the_house,permanent,edificio:estado_de_la_casa	=	permanente
diplomatic,permanent_mission,diplomático	=	misión permanente
access,permissive,acceso	=	permisivo
bicycle,permissive,bicicleta	=	permisivo
foot,permissive,pie	=	permisivo
hazmat:water,permissive,materiales peligrosos: agua	=	permisivo
horse,permissive,caballo	=	permisivo
motor_vehicle,permissive,Vehículo de motor	=	permisivo
toilets:access,permissive,aseos:acceso	=	permisivo
access,permit,acceso	=	permiso
bicycle,permit,bicicleta	=	permiso
foot,permit,pie	=	permiso
motor_vehicle,permit,Vehículo de motor	=	permiso
vehicle,permit,vehículo	=	permiso
orientation,perpendicular,
parking:lane:both,perpendicular,estacionamiento:carril:ambos	=	perpendicular
parking:orientation,perpendicular,estacionamiento: orientación	=	perpendicular
protected,perpetuity,protegido	=	perpetuidad
genus,Persea,género	=	persea
species,Persea␣americana␣Mill.,especies	=	Persea␣americana␣Mill.
type,person,tipo	=	persona
swimming_pool,personal,
office,personal_service,oficina	=	servicio personal
bunker_type,personnel_shelter,tipo búnker	=	refugio de personal
cuisine,peruvian,cocina	=	peruano
sport,pesäpallo,deporte	=	pesapallo
shop,pest_control,tienda	=	control de plagas
shop,pet,tienda	=	mascota
vending,pet_food,venta	=	alimentos para mascotas
shop,pet_grooming,tienda	=	aseo_de_mascotas
boules,petanque,petanca	=	petanca
sport,petanque,deporte	=	petanca
archaeological_site,petroglyph,sitio arqueológico	=	petroglifo
site_type,petroglyph,tipo de sitio	=	petroglifo
abandoned:man_made,petroleum_well,abandonado:hecho por el hombre	=	pozo_de_petroleo
man_made,petroleum_well,artificial	=	pozo_de_petroleo
zoo,petting_zoo,zoo	=	zoológico de animales acariciables
healthcare:speciality,pharmacology,sanidad:especialidad	=	farmacología
amenity,pharmacy,Una farmacia es una instalación sanitaria donde se dispensan medicamentos y se ofrece asesoramiento farmacéutico | amenidad/servicio	=	farmacia
healthcare,pharmacy,cuidado de la salud	=	farmacia
shop,pharmacy,tienda	=	farmacia
wholesale,pharmacy,mayorista	=	farmacia
transformer,phase_angle_regulator,transformador	=	regulador de ángulo de fase
theatre:genre,philharmonic,teatro:género	=	filarmónico
genus,Phoenix,género	=	Fénix
species,Phoenix␣canariensis,especies	=	Phoenix␣canariensis
species,Phoenix␣dactylifera,especies	=	Phoenix␣dactylifera
species,Phoenix␣dactylifera␣L.,especies	=	Phoenix␣dactylifera␣L.
electronics_repair,phone,reparacion electronica	=	teléfono
emergency,phone,emergencia	=	teléfono
lines,phone,líneas	=	teléfono
railway,phone,ferrocarril	=	teléfono
shop,photo,tienda	=	foto
vending,photo,venta	=	foto
amenity,photo_booth,amenidad/servicio	=	cabina de fotos
shop,photo_studio,tienda	=	estudio fotográfico
craft,photographer,artesanía	=	fotógrafo
craft,photographic_laboratory,artesanía	=	laboratorio_fotografico
shop,photography,tienda	=	fotografía
vending,photos,venta	=	fotos
generator:method,photovoltaic,generador:método	=	fotovoltaica
plant:method,photovoltaic,planta:método	=	fotovoltaica
healthcare:speciality,physiatry,sanidad:especialidad	=	fisiatría
type,physical,tipo	=	físico
office,physician,oficina	=	médico
healthcare,physiotherapist,cuidado de la salud	=	fisioterapeuta
healthcare:speciality,physiotherapy,especialidad:de_salud	=	fisioterapia
amenity,piano,amenidad/servicio	=	piano
craft,piano_tuner,artesanía	=	afinador de piano
genus,Picea,género	=	picea
species,Picea␣abies,especies	=	Picea abies
species,Picea␣glauca,especies	=	Picea␣glauca
species,Picea␣pungens,especies	=	Picea␣pungens
sport,pickeball,deporte	=	pickeball
sport,pickleball,deporte	=	pepinillo
leisure,picnic,tiempo libre	=	picnic
shelter_type,picnic_shelter,refugio_tipo	=	picnic_refugio
leisure,picnic_site,tiempo libre	=	sitio de picnic
tourism,picnic_site,turismo	=	sitio de picnic
leisure,picnic_table,ocio	=	mesa de picnic
cycleway:both:lane,pictogram,
cycleway:right:lane,pictogram,
cuisine,pie,cocina	=	tarta
bridge:support,pier,puente: soporte	=	muelle
man_made,pier,artificial	=	muelle
sport,pilates,deporte	=	pilates
seamark:beacon_cardinal:shape,pile,seamark:baliza cardenal:forma	=	pila
seamark:beacon_lateral:shape,pile,marca:baliza lateral:forma	=	pila
seamark:beacon_safe_water:shape,pile,seamark:baliza agua segura:forma	=	pila
seamark:beacon_special_purpose:shape,pile,seamark:beacon propósito especial:forma	=	pila
seamark:mooring:category,pile,marca:amarre:categoria	=	pila
seamark:type,pile,marca de mar: tipo	=	montón
fire_hydrant:type,pillar,hidrante_de_incendio:tipo	=	pilar
landmark,pillar,punto de referencia	=	pilar
man_made,pillar,hecho por el hombre	=	pilar
post_box:type,pillar,post_box: tipo	=	pilar
seamark:buoy_cardinal:shape,pillar,marca de mar: boya cardinal: forma	=	pilar
seamark:buoy_isolated_danger:shape,pillar,marca:boya aislado peligro:forma	=	pilar
seamark:buoy_lateral:shape,pillar,marca:boya lateral:forma	=	pilar
seamark:buoy_safe_water:shape,pillar,marca:boya agua segura:forma	=	pilar
seamark:buoy_special_purpose:shape,pillar,seamark:boya propósito especial:forma	=	pilar
survey_point:structure,pillar,punto de encuesta:estructura	=	pilar
tomb,pillar,tumba	=	pilar
bunker_type,pillbox,tipo_búnker	=	fortín
historic,pillory,histórico	=	picota
seamark:type,pilot_boarding,marca de mar: tipo	=	abordaje piloto
golf,pin,golf	=	alfiler
line_attachment,pin,línea_adjunto	=	alfiler
survey_point:structure,pin,punto de encuesta:estructura	=	alfiler
trees,pineapple_plants,árboles	=	plantas_de_pina
genus,Pinus,género	=	pino
species,Pinus mugo,
species,Pinus pinea,
species,pinus_mugo,especies	=	pinus_mugo
species,Pinus␣mugo,especies	=	Pinus␣mugo
species,Pinus␣nigra,especies	=	Pinus nigra
species,Pinus␣nigra␣nigra,especies	=	Pinus␣nigra␣nigra
species,Pinus␣nigra␣var.␣Austriaca,especies	=	Pinus␣nigra␣var.␣Austriaca
species,Pinus␣pinea,especies	=	Pinus␣pinea
species,Pinus␣radiata,especies	=	Pinus␣radiata
species,PINUS␣SILVESTRIS,especies	=	PINUS␣SILVESTRIS
species,Pinus␣strobus,especies	=	Pinus␣strobus
species,Pinus␣sylvestris,especies	=	Pinus␣sylvestris
fire_hydrant:type,pipe,boca de incendios:tipo	=	tubo
abandoned:man_made,pipeline,
man_made,pipeline,artificial	=	tubería
route,pipeline,ruta	=	tubería
subject,pipeline,
seamark:type,pipeline_area,marca de mar: tipo	=	área de tubería
seamark:type,pipeline_overhead,marca de mar: tipo	=	gastos generales de la tubería
seamark:type,pipeline_submarine,marca de mar:tipo	=	oleoducto_submarino
driveway,pipestem,entrada de coches	=	vástago de tubería
service,pipestem,Servicio	=	vástago de tubería
wall,pise,pared	=	pise
wall,pise:value,pared	=	pise:valor
highway,piste,autopista	=	pista
landuse,piste,uso del suelo	=	pista
route,piste,ruta	=	pista
site,piste,sitio	=	pista
piste:type,piste:halfpipe,pista:tipo	=	pista: medio tubo
pump_mechanism,piston,mecanismo de bomba	=	pistón
sinkhole,pit,sumidero	=	foso
trees,pitaya_plants,árboles	=	pitaya_plantas
leisure,pitch,ocio	=	tono
building:roof:shape,pitched,edificio:techo:forma	=	inclinado
roof:shape,pitched,techo: forma	=	inclinado
toilets:disposal,pitlatrine,inodoros: eliminación	=	letrina de pozo
irrigation,pivot,irrigación	=	pivote
bridge:support,pivot_pier,puente: soporte	=	muelle de pivote
cuisine,pizza,cocina	=	pizza
vending,pizza,venta	=	pizza
waste,pizza_box,desperdiciar	=	caja de pizza
cuisine,pizza;italian,cocina	=	pizza;italiana
cuisine,pizza;kebab,cocina	=	pizza; kebab
operator:short,PKP PLK,
operator:wikipedia,pl:InPost,
workrules,PL:Ir-1,
source:maxspeed,PL:living_street,
maxspeed:type,PL:rural,velocidad máxima: tipo	=	PL:rural
source:maxspeed,PL:rural,
maxspeed:type,PL:urban,velocidad máxima: tipo	=	PL:urbano
source:maxspeed,PL:urban,
source:maxspeed,PL:zone30,
species,Pla,especies	=	Plá
addr:street:type,Place,
boundary,place,Perímetro	=	lugar
amenity,place_of_mourning,amenidad/servicio	=	lugar de luto
amenity,place_of_worship,amenidad/servicio	=	lugar de adoración
amenity,planetarium,amenidad/servicio	=	planetario
building,planned,edificio	=	planificado
highway,planned,autopista	=	planificado
construction:power,plant,construcción: poder	=	planta
natural,plant,natural	=	planta
power,plant,energía	=	planta
shop,plant_hire,tienda	=	alquiler de plantas
landuse,plant_nursery,uso del suelo	=	vivero de plantas
landuse,plantation,uso del suelo	=	plantación
barrier,planter,barrera	=	plantador
man_made,planter,artificial	=	plantador
board_type,plants,
flood_mark,plaque,marca de inundación	=	placa
memorial,plaque,monumento	=	placa
memorial:type,plaque,memorial:tipo	=	placa
survey_point:structure,plaque,punto de encuesta:estructura	=	placa
building:material,plaster,material de construcción	=	yeso
building:material,plastered,material de construcción	=	borracho
building:structure,plastered,Estructura de construcción	=	borracho
craft,plasterer,artesanía	=	yesero
building:material,plastering_inner_wall_only,material de construcción	=	enyesado_pared_interior_solo
building:material,plastic,material de construcción	=	el plastico
material,plastic,material	=	el plastico
roof:material,plastic,techo: material	=	el plastico
surface,plastic,superficie	=	el plastico
healthcare:speciality,plastic_surgery,sanidad:especialidad	=	cirugía plástica
genus:de,Platane,
species,platanoides,especies	=	platanoides
genus,Platanus,género	=	Platanus
species,Platanus × hispanica,
species,Platanus acerifolia,
species,Platanus x acerifolia,
species,Platanus x hispanica,
species,Platanus␣×␣hispanica,especies	=	Platanus␣×␣hispanica
species,Platanus␣acerifolia,especies	=	Platanus␣acerifolia
species,Platanus␣acerifolia␣x,especies	=	Platanus␣acerifolia␣x
species,Platanus␣orientalis,especies	=	Platanus␣orientalis
species,Platanus␣x␣acerifolia,especies	=	Platanus␣x␣acerifolia
species,PLATANUS␣X␣ACERIFOLIA␣(SIN␣P.␣HYBRIDA),especies	=	PLATANUS␣X␣ACERIFOLIA␣(SIN␣P.␣HYBRIDA)
species,Platanus␣x␣hispanica,especies	=	Platanus␣x␣hispanica
marker,plate,marcador	=	placa
memorial:type,plate,memorial: tipo	=	placa
natural,plateau,natural	=	meseta
highway,platform,carretera	=	plataforma
location,platform,localización	=	plataforma
public_transport,platform,transporte público	=	plataforma
railway,platform,ferrocarril	=	plataforma
seamark:type,platform,marca de mar:tipo	=	plataforma
railway,platform_edge,ferrocarril	=	plataforma_borde
aerialway,platter,vía aérea	=	plato
aerialway:drag_lift,platter,vía aérea: elevador de arrastre	=	plato
species,platyphyllos,especies	=	platyphyllos
leisure,playground,ocio	=	patio de juegos
playground:theme,playground,patio de recreo: tema	=	patio de juegos
playground,playhouse,parque infantil	=	teatro
seamark:fixme,please_fix_position,marca de mar: arreglarme	=	por favor corrija la posición
allotments,plot,asignaciones	=	gráfico
building,plot,edificio	=	trama
landuse,plot,uso del suelo	=	trama
place,plot,lugar	=	gráfico
valve,plug,válvula	=	enchufar
craft,plumber,artesanía	=	fontanero
source:name,pmgsy,
source:population,pmgsy,
source:geometry,PMLP,
actuator,pneumatic_cylinder,solenoide	=	cilindro neumático
amenity,po_box,amenidad/servicio	=	apartado de correos
species,Poa,especies	=	Poá
healthcare,podiatrist,cuidado de la salud	=	podólogo
healthcare:speciality,podiatry,sanidad:especialidad	=	podología
TMC:cid_58:tabcd_1:Class,Point,TMC:cid_58:tabcd_1:Clase	=	Punto
man_made,polder,hecho por el hombre	=	pólder
place,polder,lugar	=	pólder
camera:mount,pole,cámara: montaje	=	polo
fence_type,pole,=	polo
lamp_mount,pole,montaje_de_lampara	=	polo
location,pole,localización	=	polo
man_made,pole,artificial	=	polo
power,pole,energía	=	polo
public_transport,pole,transporte público	=	polo
seamark:beacon_lateral:shape,pole,marca:baliza lateral:forma	=	polo
seamark:beacon_special_purpose:shape,pole,seamark:beacon propósito especial:forma	=	polo
support,pole,apoyo	=	polo
survey_point:structure,pole,punto de encuesta:estructura	=	polo
telecom,pole,telecomunicaciones	=	polo
sport,pole_dance,deporte	=	baile de tubo
athletics,pole_vault,atletismo	=	salto con pértiga
power,pole/Gallery,poder	=	polo/Galería
support,poles,apoyo	=	postes
trailblazed,poles,pionero	=	postes
amenity,police,amenidad/servicio	=	policía
cadet,police,cadete	=	policía
cuisine,polish,cocina	=	polaco
boundary,political,Perímetro	=	político
office,political_party,oficina	=	partido político
office,politician,oficina	=	político
amenity,polling_station,amenidad/servicio	=	centro electoral
sport,polo,deporte	=	polo
created_by,polyshp2osm,
species,Pon,especies	=	pon
species,Pon1,especies	=	pon1
landuse,pond,uso del suelo	=	estanque
man_made,pond,
water,pond,agua	=	estanque
sinkhole,ponor,sumidero	=	ponor
seamark:type,pontoon,marca de mar: tipo	=	pontón
building:condition,poor,edificio: condición	=	pobre
lit:perceived,poor,encendido: percibido	=	pobre
tower:type,popinjay,torre:tipo	=	petimetre
GNS:dsg_name,populated place,
GNS:dsg_string,populated place,
GNS:dsg_name,populated␣place,GNS:nombre_dsg	=	lugar␣poblado
GNS:dsg_string,populated␣place,GNS:cadena_dsg	=	lugar␣poblado
genus,Populus,género	=	populus
species,Populus nigra,
species,Populus␣alba,especies	=	Populus␣alba
species,"Populus␣alba␣""Bolleana""","especies	=	Populus␣alba␣""Bolleana"""
species,Populus␣nigra,especies	=	Populus␣nigra
species,Populus␣pyramidalis,especies	=	Populus␣pyramidalis
species,Populus␣sp.,especies	=	Populus sp.
species,Populus␣x␣canadensis,especies	=	Populus␣x␣canadensis
notas,"por favor respete las licencias de información y de los créditos correspondientes a las fuentes originales, y a osm en sus trabajos. #LeyLleras",
building,porch,edificio	=	porche
building:part,porch,edificio: parte	=	porche
industrial,port,industrial	=	Puerto
landuse,port,uso del suelo	=	Puerto
seamark:beacon_lateral:category,port,marca:baliza lateral:categoria	=	Puerto
seamark:buoy_lateral:category,port,seamark:boya_lateral:categoría	=	Puerto
canoe,portage,canoa	=	porteo
waterway,portage,camino acuático	=	porteo
design,portal,diseño	=	portal
power,portal,energía	=	portal
crane:type,portal_crane,grua:tipo	=	grúa portal
cuisine,portuguese,cocina	=	portugués
sett:style,portuguese,conjunto: estilo	=	portugués
tiger:reviewed,position,tigre:revisado	=	posición
TMC:Direction,positive,TMC:Dirección	=	positivo
railway:bidirectional,possible,ferrocarril:bidireccional	=	posible
marker,post,marcador	=	correo
seamark:mooring:category,post,marca:amarre:categoria	=	correo
support,post,apoyo	=	publicar
building:age,post_2000,edificio:edad	=	post_2000
amenity,post_box,amenidad/servicio	=	buzón
amenity,post_depot,amenidad/servicio	=	post_depot
amenity,post_office,amenidad/servicio	=	oficina de correos
post_office,post_partner,oficina de correos	=	compañero de publicación
boundary,postal_code,Perímetro	=	código postal
street_cabinet,postal_service,gabinete de la calle	=	servicio Postal
advertising,poster_box,publicidad	=	poster_box
addr:inclusion,potential,dirección: inclusión	=	potencial
created_by,Potlatch 0.10b,
created_by,Potlatch 0.10f,
created_by,Potlatch 0.9c,
created_by,Potlatch_0.10b,creado por	=	Potlatch 0.10b
created_by,Potlatch_0.9c,creado por	=	Potlatch 0.9c
craft,pottery,artesanía	=	cerámica
shop,pottery,tienda	=	cerámica
building,poultry_house,edificio	=	gallinero
route,power,ruta	=	energía
seamark:cable_overhead:category,power,seamark:sobrecarga de cable:categoría	=	poder
seamark:cable_submarine:category,power,seamark:cable submarino:categoría	=	poder
street_cabinet,power,calle_gabinete	=	energía
type,power,tipo	=	poder
utility,power,utilidad	=	energía
man_made,power_hydro,hecho por el hombre	=	energía hidroeléctrica
man_made,power_nuclear,hecho por el hombre	=	energía nuclear
support,power_pole,apoyo	=	poste de energía
building,power_substation,edificio	=	subestación_de_energía
railway,power_supply,ferrocarril	=	fuente de alimentación
man_made,power_wind,hecho por el hombre	=	energía eólica
pump,powered,bomba	=	motorizado
GNS:dsg_code,PPL,GNS: código_dsg	=	LPP
species,Pr1,especies	=	Pr1
leisure,practice_pitch,tiempo libre	=	campo de práctica
building:age,pre_2000,edificio:edad	=	antes de 2000
seamark:type,precautionary_area,marca de mar: tipo	=	zona de precaución
seamark:beacon_lateral:category,preferred_channel_port,marca:baliza lateral:categoria	=	puerto de canal preferido
seamark:buoy_lateral:category,preferred_channel_port,marca:boya lateral:categoria	=	puerto de canal preferido
seamark:beacon_lateral:category,preferred_channel_starboard,marca:baliza lateral:categoria	=	canal preferido estribor
seamark:buoy_lateral:category,preferred_channel_starboard,marca:boya lateral:categoria	=	canal preferido estribor
historic:civilization,prehistoric,historico:civilizacion	=	prehistórico
amenity,prep_school,amenidad/servicio	=	preparatoria
denomination,presbyterian,
building,presbytery,edificio	=	presbiterio
amenity,preschool,amenidad/servicio	=	preescolar
school:MG,prescolaire,escuela:MG	=	prescolar
school:MG,préscolaire,escuela:MG	=	precolaire
construction,preserved,construcción	=	Preservado
railway,preserved,ferrocarril	=	Preservado
waterway,pressurised,camino acuático	=	presurizado
school:FR,primaire,escuela:FR	=	principal
school:MG,primaire,escuela:MG	=	principal
area:highway,primary,zona:carretera	=	primario
construction,primary,construcción	=	primario
ferry,primary,transportar	=	primario
highway,primary,"Una carretera principal es una autopista importante que conecta destinos importantes, formando la red vial principal | carretera	=	primario"
school,primary,
description,Primary Health Centre,
healthcare:speciality,primary_care,especialidad:de_salud	=	atención primaria
construction,primary_link,construcción	=	enlace principal
highway,primary_link,carretera	=	enlace_principal
sby:bldgtype,Primary␣Structure,sby: tipo de edificio	=	Primaria␣Estructura
HFCS,Principal Arterial,
HFCS,Principal Arterial - Other,
HFCS,Principal␣Arterial,JMAF	=	Principal␣Arterial
HFCS,Principal␣Arterial␣-␣Other,JMAF	=	Principal␣Arterial␣-␣Otro
craft,print_shop,artesanía	=	tienda de impresión
amenity,printer,amenidad/servicio	=	impresora
craft,printer,artesanía	=	impresora
shop,printer_ink,tienda	=	tinta de impresora
shop,printing,tienda	=	impresión
craft,printmaker,artesanía	=	grabador
highway,priority,autopista	=	prioridad
gritting,priority_1,arenilla	=	Prioridad 1
abandoned:amenity,prison,abandonado: amenidad/servicio	=	prisión
amenity,prison,amenidad/servicio	=	prisión
building,prison,edificio	=	prisión
landuse,prison,uso del suelo	=	prisión
abandoned:amenity,prison_camp,abandonado: amenidad/servicio	=	campo de prisioneros
amenity,prison_camp,amenidad/servicio	=	campo de prisioneros
access,private,acceso	=	privado
aerodrome:type,private,aeródromo:tipo	=	privado
bicycle,private,bicicleta	=	privado
foot,private,pie	=	privado
garden:type,private,jardín:tipo	=	privado
horse,private,caballo	=	privado
land_property,private,propiedad de la tierra	=	privado
mooring,private,amarradero	=	privado
motor_vehicle,private,Vehículo de motor	=	privado
motorcar,private,automóvil	=	privado
operator:type,private,operador:tipo	=	privado
ownership,private,propiedad	=	privado
parking_space,private,plaza de aparcamiento	=	privado
seamark:light:status,private,seamark:luz:estado	=	privado
vehicle,private,vehículo	=	privado
office,private_investigator,oficina	=	investigador privado
healthcare:speciality,proctology,sanidad:especialidad	=	proctología
seamark:type,production_area,marca de mar: tipo	=	área de producción
building:use:pl,"produkcyjne, usługowe i gospodarcze dla rolnictwa",
building:use:pl,"produkcyjne,␣usługowe␣i␣gospodarcze␣dla␣rolnictwa","edificio:uso:pl	=	produkcyjne,␣usługowe␣i␣gospodarcze␣dla␣rolnictwa"
building:use:pl,"Produkcyjny, usługowy lub gospodarczy dla rolnictwa",
building:use:pl,"Produkcyjny,␣usługowy␣lub␣gospodarczy␣dla␣rolnictwa","edificio:uso:pl	=	Produkcyjny,␣usługowy␣lub␣gospodarczy␣dla␣rolnictwa"
pump_mechanism,progressive_cavity,mecanismo de bomba	=	cavidad progresiva
seamark:notice:function,prohibition,seamark:aviso:función	=	prohibición
source:name:br,proper translation,
source:name:br,proper␣translation,fuente:nombre:br	=	traducción␣propia
barrier,property_boundary,barrera	=	propiedad_límite
office,property_management,oficina	=	propiedad administrativa
amenity,proposed,amenidad/servicio	=	propuesto
building,proposed,edificio	=	propuesto
cycleway,proposed,carril bici	=	propuesto
highway,proposed,carretera	=	propuesto
lcn,proposed,lcn	=	propuesto
railway,proposed,ferrocarril	=	propuesto
state,proposed,
government,prosecutor,gobierno	=	fiscal
boundary,protected_area,Perímetro	=	área protegida
seamark:type,protected_area,marca de mar: tipo	=	área protegida
denomination,protestant,
type,provides_feature,tipo	=	proporciona_característica
place,province,lugar	=	provincia
ngbe:version,provisional,ngbe: versión	=	provisional
shop,provisions,tienda	=	provisiones
old_railway_operator,PRR,antiguo_operador_ferroviario	=	RRP
railway,PRT,ferrocarril	=	PRT
genus,Prunus,género	=	prunus
species,Prunus avium,
species,Prunus cerasifera,
species,Prunus serrulata,
species,Prunus␣avium,especies	=	Prunus␣avium
species,Prunus␣cerasifera,especies	=	Prunus␣cerasifera
species,PRUNUS␣CERASIFERA␣'PISSARDII',especies	=	PRUNUS␣CERASIFERA␣'PISSARDII'
species,"Prunus␣cerasifera␣""Pissardii""","especies	=	Prunus␣cerasifera␣""Pissardii"""
species,Prunus␣domestica,especies	=	Prunus␣domestica
species,Prunus␣padus,especies	=	Prunus␣padus
species,Prunus␣serrulata,especies	=	Prunus␣serrulata
species,Prunus␣sp,especies	=	Prunus␣sp
species,Prunus␣sp.,especies	=	Prunus␣sp.
species,Prunus␣virginiana,especies	=	Prunus␣virginiana
building:type:pl,Przyziemie budynku nieognioodpornego,
building:type:pl,Przyziemie budynku ognioodpornego,
ewmapa:warstwa,"Przyziemie budynku ognioodpornego, podpory, podcienia z pomiaru w terenie",
ewmapa:warstwa,"Przyziemie budynku ognioodpornego, podpory, podcienia z rastra",
ewmapa:warstwa,Przyziemie lub obrys budynku,
building:type:pl,Przyziemie␣budynku␣nieognioodpornego,edificio:tipo:pl	=	Przyziemie␣budynku␣nieognioodpornego
building:type:pl,Przyziemie␣budynku␣ognioodpornego,edificio:tipo:pl	=	Przyziemie␣budynku␣ognioodpornego
ewmapa:warstwa,Przyziemie␣lub␣obrys␣budynku,ewmapa:warstwa	=	Przyziemie␣lub␣obrys␣budynku
species,pseudoplatanus,especies	=	pseudoplatano
genus,Pseudotsuga,género	=	pseudotsuga
species,Pseudotsuga␣menziesii,especies	=	Pseudotsuga␣menziesii
source:geometry,PSMA_Admin_Boundaries,fuente: geometría	=	Límites de administración de PSMA
healthcare:speciality,psychiatry,sanidad:especialidad	=	psiquiatría | especialidad:de_salud	=	psiquiatría
shop,psychic,tienda	=	psíquico-tarot-futuro
healthcare:speciality,psychology,especialidad:de_salud	=	psicología
healthcare,psychotherapist,cuidado de la salud	=	psicoterapeuta (psicólogo)
healthcare:speciality,psychotherapist,especialidad:de_salud	=	psicoterapeuta
amenity,pub,amenidad/servicio	=	pub
building,pub,edificio	=	pub
access,public,acceso	=	público
building,public,edificio	=	público
land_property,public,propiedad de la tierra	=	público
operator:type,public,operador:tipo	=	público
ownership,public,
surveillance,public,vigilancia	=	público
type,Public,tipo	=	Público
amenity,public_bath,amenidad/servicio	=	Baño público
amenity,public_bookcase,amenidad/servicio	=	public_bookcase
designation,public_bridleway,designacion	=	public_bridleway
amenity,public_building,amenidad/servicio	=	edificio publico
seamark:radio_station:category,public_communication,seamark:emisora de radio:categoria	=	comunicación publica
designation,public_footpath,designacion	=	public_footpath
board_type,public_transport,
shelter_type,public_transport,refugio_tipo	=	transporte público
type,public_transport,tipo	=	transporte público
vending,public_transport_plans,venta	=	planes de transporte publico
vending,public_transport_tickets,venta	=	billetes_transporte_publico
landuse,public_works,uso del suelo	=	trabajos públicos
office,publisher,oficina	=	editor
line_attachment,pulley,archivo adjunto de línea	=	polea
healthcare:speciality,pulmonology,sanidad:especialidad	=	neumología
pump_mechanism,pulser,mecanismo de bomba	=	pulsador
man_made,pump,hecho por el hombre	=	bomba
seamark:small_craft_facility:category,pump-out,seamark:instalación para embarcaciones pequeñas:categoría	=	achicar
man_made,pumping_rig,artificial	=	plataforma_de_bombeo
man_made,pumping_station,artificial	=	gasolinera
whitewater,put_in,agua Blanca	=	meter en
whitewater,put_in;egress,agua Blanca	=	poner en; egreso
name:en,Pyaterochka,
aerialway,pylon,vía aérea	=	pilón
bridge:support,pylon,puente: soporte	=	pilón
seamark:type,pylon,marca de mar: tipo	=	pilón
tomb,pyramid,tumba	=	pirámide
roof:shape,pyramidal,techo: forma	=	piramidal
shop,pyrotechnics,tienda	=	pirotécnica
genus,Pyrus,género	=	Piro
species,Pyrus calleryana,
species,Pyrus␣calleryana,especies	=	Pyrus␣calleryana
species,Pyrus␣calleryana␣'Chanticclere,especies	=	Pyrus␣calleryana␣'Chanticclere
species,Pyrus␣communis,especies	=	Pyrus␣communis
seamark:light:character,Q,marca:luz:personaje	=	q
seamark:light:character,Q+LFl,marca:luz:personaje	=	Q+LFl
brand:wikidata,Q1032001,
operator:wikidata,Q1032001,
operator:wikidata,Q1060049,
manufacturer:wikidata,Q108485435,
operator:wikidata,Q110319893,
operator:wikidata,Q11089971,
network:wikidata,Q111611112,
operator:wikidata,Q111843687,
operator:wikidata,Q11509260,
operator:wikidata,Q115224013,
network:wikidata,Q117309,red: wikidata	=	Q117309
operator:wikidata,Q117706368,
operator:wikidata,Q122870674,
genus:wikidata,Q127849,
operator:wikidata,Q1321054,
name:etymology:wikidata,Q1394,
operator:wikidata,Q1430055,
operator:wikidata,Q1465461,
operator:wikidata,Q1501071,
network:wikidata,Q1503488,
network:wikidata,Q1553051,
species:wikidata,Q156907,
species:wikidata,Q156944,
operator:wikidata,Q157645,operador:wikidata	=	Q157645
species:wikidata,Q161374,
species:wikidata,Q163760,
operator:wikidata,Q167840,
operator:wikidata,Q1706317,
operator:wikidata,Q193755,
operator:wikidata,Q209078,
operator:wikidata,Q21011154,
operator:wikidata,Q21605526,
operator:wikidata,Q2178795,
operator:wikidata,Q2397198,
operator:wikidata,Q2397965,
network:wikidata,Q2516485,
network:wikidata,Q259000,
operator:wikidata,Q267122,
species:wikidata,Q26745,
species:wikidata,Q26899,
network:wikidata,Q27926285,
operator:wikidata,Q28197109,
subject:wikidata,Q30,
operator:wikidata,Q3050566,
network:wikidata,Q314042,
operator:wikidata,Q3143709,
operator:wikidata,Q3182097,
operator:wikidata,Q3278475,
network:wikidata,Q3307442,
operator:wikidata,Q3307442,
royal_cypher:wikidata,Q33102113,
operator:wikidata,Q341090,
network:wikidata,Q343136,
network:wikidata,Q3512080,
operator:wikidata,Q3550346,
network:wikidata,Q3553869,
operator:wikidata,Q3587594,
operator:wikidata,Q366922,
operator:wikidata,Q373724,
operator:wikidata,Q3764,
genus:wikidata,Q42292,
flag:wikidata,Q42537,
name:etymology:wikidata,Q42976,
network:wikidata,Q448199,
network:wikidata,Q4859793,
network:wikidata,Q5001345,
operator:wikidata,Q5760006,
heritage:operator:wikidata,Q59161646,
network:wikidata,Q614819,red: wikidata	=	Q614819
operator:wikidata,Q614819,
operator:wikidata,Q624798,
operator:wikidata,Q638098,
operator:wikidata,Q668687,
operator:wikidata,Q6817918,
operator:wikidata,Q682520,
operator:wikidata,Q7058492,
operator:wikidata,Q725793,
network:wikidata,Q7392689,
network:wikidata,Q7833625,
operator:wikidata,Q7834923,
operator:wikidata,Q787714,
operator:wikidata,Q7988183,
name:etymology:wikidata,Q8027,
network:wikidata,Q8066998,
operator:wikidata,Q856783,
network:wikidata,Q91231927,
network:wikidata,Q928178,
canal,qanat,canal	=	qanat
man_made,qanat,hecho por el hombre	=	qanat
name:en,Qanat,
source:name,Qatar Ministry of Municipality and Environment (http://geoportal.gisqatar.org.qa),
wires,quad,alambres	=	patio
rental,quadracycle,alquiler	=	cuatriciclo
roof:shape,quadruple_saltbox,techo: forma	=	quadruple_saltbox
office,quango,oficina	=	organismo estatal semiautónomo
abandoned:landuse,quarry,abandonado: uso de la tierra	=	cantera
disused:landuse,quarry,en desuso: uso de la tierra	=	cantera
historic,quarry,histórico	=	cantera
industrial,quarry,industrial	=	cantera
landuse,quarry,uso del suelo	=	cantera
place,quarter,lugar	=	cuarto
man_made,quay,artificial	=	muelle
is_in,"Québec,Canada",
genus,Quercus,género	=	quercus
species,Quercus ilex,
species,Quercus robur,
species,Quercus rubra,
species,Quercus_suber,especies	=	Quercus_suber
species,Quercus␣alba,especies	=	Quercus␣alba
species,Quercus␣bicolor,especies	=	Quercus␣bicolor
species,Quercus␣cerris,especies	=	Quercus␣cerris
species,Quercus␣ilex,especies	=	Quercus␣ilex
species,Quercus␣macrocarpa,especies	=	Quercus␣macrocarpa
species,Quercus␣palustris,especies	=	Quercus␣palustris
species,Quercus␣robur,especies	=	Quercus␣robur
species,Quercus␣rubra,especies	=	Quercus␣rubra
hazard,queues_likely,peligro	=	colas probables
hazard,quicksand,peligro	=	arena movediza
building,quonset_hut,edificio	=	choza quonset
species,Qur,especies	=	Corán
construction,raceway,construcción	=	pista de rodadura
highway,raceway,carretera	=	pista de rodadura
seamark:beacon_special_purpose:category,racing,seamark:beacon propósito especial:categoría	=	carreras
seamark:buoy_special_purpose:category,racing,seamark:boya propósito especial:categoría	=	carreras
bicycle_parking,rack,Parking de bicicletas	=	estante
seamark:radar_transponder:category,racon,seamark:transpondedor de radar:categoría	=	racón
sport,racquet,deporte	=	raqueta
tower:type,radar,torre:tipo	=	Radar
seamark:type,radar_line,marca de mar: tipo	=	línea de radar
seamark:type,radar_range,marca de mar: tipo	=	rango de radar
seamark:type,radar_reflector,marca de mar: tipo	=	reflector de radar
landmark,radar_scanner,punto de referencia	=	escáner de radar
seamark:landmark:category,radar_scanner,marca:punto de referencia:categoría	=	escáner de radar
seamark:type,radar_station,marca de mar: tipo	=	estación de radar
seamark:type,radar_transponder,marca de mar: tipo	=	transpondedor de radar
landuse,radio,uso del suelo	=	radio
railway,radio,ferrocarril	=	radio
studio,radio,estudio	=	radio
telescope:type,radio,telescopio:tipo	=	radio
seamark:type,radio_station,marca de mar: tipo	=	estación de radio
healthcare:speciality,radiology,sanidad:especialidad	=	radiología
shop,radiotechnics,tienda	=	radiotecnia
healthcare:speciality,radiotherapy,sanidad:especialidad	=	radioterapia
abandoned:railway,rail,abandonado:ferrocarril	=	carril
construction,rail,construcción	=	carril
construction:railway,rail,construcción:ferrocarril	=	carril
disused:railway,rail,en desuso: ferrocarril	=	carril
electrified,rail,electrificado	=	carril
proposed,rail,
proposed:railway,rail,
railway,rail,ferrocarril	=	carril
razed:railway,rail,arrasado: ferrocarril	=	carril
railway,rail_brake,ferrocarril	=	freno_de_carril
fence_type,railing,=	barandilla
road_marking,railroad_crossing,=
building,railway,edificio	=	ferrocarril
historic,railway,histórico	=	ferrocarril
landuse,railway,uso del suelo	=	ferrocarril
logistics,railway,logística	=	ferrocarril
museum,railway,museo	=	ferrocarril
route,railway,ruta	=	ferrocarril
historic,railway_car,histórico	=	vagón de ferrocarril
railway,railway_crossing,ferrocarril	=	cruce ferroviario
substance,rainwater,sustancia	=	agua de lluvia
kerb,raised,frenar	=	aumentó
hunting,raised_hide,caza	=	cuero levantado
addr:division,Rajshahi,
pump_mechanism,ram,mecanismo de bomba	=	RAM
damage:organization,ramani_huria,daños: organización	=	ramani_huria
radar_transponder,ramark,transpondedor de radar	=	marca
seamark:radar_transponder:category,ramark,seamark:transpondedor de radar:categoría	=	marca
cuisine,ramen,cocina	=	ramen
historic,rampart,histórico	=	muralla
military,range,militar	=	alcance
police,range,policía	=	alcance
amenity,ranger_station,amenidad/servicio	=	estación de guardabosques
crop,rape,cultivo	=	violación
water,rapids,agua	=	rápidos
waterway,rapids,camino acuático	=	rápidos
vending,raw_milk,venta	=	leche cruda
highway,razed,autopista	=	arrasado
power,razed,poder	=	arrasado
railway,razed,ferrocarril	=	arrasado
sport,rc_car,deporte	=	coche RC
roof:material,rcc,techo: material	=	rcc
heritage:operator,rce,patrimonio:operador	=	rce
network:type,rcn,tipo de red	=	rcn
tiger:name_type_2,Rd,tigre:nombre_tipo_2	=	Calle
office,real_estate_agent,oficina	=	agente de bienes raíces
departures_board,realtime,salidas a bordo	=	tiempo real
office,realtor,oficina	=	corredor de bienes raíces
seamark:light:category,rear,seamark:luz:categoría	=	trasero
camp_site,reception,camping	=	recepción
office,reception,oficina	=	recepción
amenity,reception_desk,amenidad/servicio	=	recepción
generator:type,reciprocating_engine,generador: tipo	=	motor alternativo
mechanical_driver,reciprocating_solenoid,conductor mecanico	=	solenoide alternativo
seamark:notice:function,recommendation,seamark:aviso:función	=	recomendación
4wd_only,recommended,
seamark:type,recommended_route_centreline,marca de mar: tipo	=	línea central de la ruta recomendada
seamark:type,recommended_track,marca de mar: tipo	=	pista_recomendada
seamark:type,recommended_traffic_lane,marca de mar: tipo	=	carril de tráfico recomendado
protected_area,recreation,área protegida	=	recreación
leisure,recreation_centre,tiempo libre	=	centro de recreación
landuse,recreation_ground,uso del suelo	=	recreo_tierra
leisure,recreation_ground,ocio	=	recreo_tierra
seamark:buoy_special_purpose:category,recreation_zone,seamark:boya propósito especial:categoría	=	zona de recreo
shop,recreational_vehicle,tienda	=	vehículo recreacional
seamark:topmark:shape,rectangle,marca de mar:marca de tope:forma	=	rectángulo
shape,rectangular,
church:type,rectoral,iglesia:tipo	=	rectoral
amenity,recycling,amenidad/servicio	=	reciclaje
industrial,recycling,industrial	=	reciclaje
amenity,recycling/Quality_Assurance,amenidad/servicio	=	reciclaje/Garantía de calidad
bonnet:colour,red,
building:colour,red,edificio:color	=	rojo
colour,red,color	=	rojo
ref:colour,red,
seamark:beacon_lateral:colour,red,marca:baliza lateral:color	=	rojo
seamark:beacon_special_purpose:colour,red,seamark:beacon propósito especial:color	=	rojo
seamark:buoy_lateral:colour,red,seamark:boya_lateral:color	=	rojo
seamark:buoy_special_purpose:colour,red,seamark:boya propósito especial:color	=	rojo
seamark:light:colour,red,marca:luz:color	=	rojo
seamark:topmark:colour,red,marca de mar:marca de tope:color	=	rojo
surface:colour,red,
species:en,Red Maple,
leisure,Red_Light_District,tiempo libre	=	Barrio rojo
seamark:topmark:colour,red;green,marca de mar:marca de tope:color	=	rojo verde
seamark:beacon_lateral:colour,red;green;red,marca:baliza lateral:color	=	rojo;verde;rojo
seamark:buoy_lateral:colour,red;green;red,marca:boya lateral:color	=	rojo;verde;rojo
seamark:beacon_lateral:colour,red;green;red;green,marca:baliza lateral:color	=	rojo;verde;rojo;verde
seamark:buoy_lateral:colour,red;green;red;green,marca:boya lateral:color	=	rojo;verde;rojo;verde
seamark:beacon_safe_water:colour,red;white,seamark:baliza agua segura:color	=	rojo blanco
seamark:buoy_safe_water:colour,red;white,marca:boya agua segura:color	=	rojo blanco
seamark:beacon_lateral:colour,red;white;red;white,marca:baliza lateral:color	=	rojo;blanco;rojo;blanco
seamark:buoy_lateral:colour,red;white;red;white,marca:boya lateral:color	=	rojo;blanco;rojo;blanco
building:material,reed,material de construcción	=	Junco
wetland,reedbed,humedal	=	cañaveral
natural,reef,natural	=	arrecife
sub_sea,reef,submarino	=	arrecife
industrial,refinery,industrial	=	refinería
water,reflecting_pool,agua	=	piscina reflectante
seamark:buoy_lateral:reflectivity,reflector,marca:boya lateral:reflectividad	=	reflector
denomination,reformed,denominación	=	reformado
amenity,refugee_housing,amenidad/servicio	=	vivienda para refugiados
amenity,refugee_site,amenidad/servicio	=	sitio_de_refugiados
map_size,region,Tamaño de mapa	=	región
place,region,lugar	=	región
owner,Région wallonne,
aerodrome:type,regional,aeródromo:tipo	=	regional
cuisine,regional,cocina	=	regional
flag:type,regional,bandera: tipo	=	regional
importance,regional,importancia	=	regional
passenger,regional,pasajero	=	regional
priority,regional,prioridad	=	regional
service,regional,Servicio	=	regional
traffic,regional,tráfico	=	regional
boundary,regional_park,Perímetro	=	parque regional
office,register,oficina	=	registro
amenity,register_office,amenidad/servicio	=	oficina de Registro
government,register_office,gobierno	=	oficina de Registro
railway:bidirectional,regular,ferrocarril:bidireccional	=	regular
seamark:notice:function,regulation,seamark:aviso:función	=	regulación
healthcare,rehabilitation,cuidado de la salud	=	rehabilitación
amenity,rehearsal_studio,amenidad/servicio	=	estudio de ensayo
building:material,reinforced_concrete,material de construcción	=	concreto reforzado
material,reinforced_concrete,material	=	concreto reforzado
building:structure,reinforced_masonry,Estructura de construcción	=	mampostería_reforzada
man_made,reinforced_slope,artificial	=	pendiente_reforzada
amenity,relay_box,amenidad/servicio	=	caja de relés
artwork_type,relief,tipo de obra de arte	=	alivio
ngbe:grupo,Relieve,ngbe:grupo	=	Relevar
office,religion,oficina	=	religión
shop,religion,tienda	=	religión
building,religious,edificio	=	religioso
flag:type,religious,bandera: tipo	=	religioso
landuse,religious,uso del suelo	=	religioso
operator:type,religious,
boundary,religious_administration,Perímetro	=	administración_religiosa
building,remote_digital_terminal,edificio	=	terminal digital remoto
telecom,remote_digital_terminal,telecomunicaciones	=	terminal digital remoto
telecom,remote_terminal,telecomunicaciones	=	terminal remota
bollard,removable,noray	=	retirable
source:addr,Rennes Métropole,
boat,rental,bote	=	alquiler
office,rental,oficina	=	alquiler
shop,rental,tienda	=	alquiler
service,repair,Servicio	=	reparar
shop,repair,tienda	=	reparar
nysgissam:review,repeat address,
nysgissam:review,repeat␣address,nysgissam: revisión	=	repetir␣dirección
liaison,representative_office,enlace	=	Oficina representativa
zoo,reptile,zoo	=	reptil
headlight,required,faro	=	requerido
reservation,required,
amenity,rescue_box,amenidad/servicio	=	caja de rescate
emergency,rescue_box,emergencia	=	caja de rescate
amenity,rescue_station,amenidad/servicio	=	estación de rescate
seamark:type,rescue_station,marca de mar: tipo	=	estación de rescate
landuse,research,uso del suelo	=	investigar
office,research,oficina	=	investigar
amenity,research_institute,amenidad/servicio	=	Instituto de Investigación
landuse,reservoir,uso del suelo	=	reservorio
man_made,reservoir,artificial	=	reservorio
water,reservoir,agua	=	reservorio
man_made,reservoir_covered,artificial	=	embalse_cubierto
landuse,reservoir_watershed,uso del suelo	=	embalse_cuenca
bak:fac_type2,RESIDENCE,bak: fac_type2	=	RESIDENCIA
consulate,residence,consulado	=	residencia
embassy,residence,embajada	=	residencia
building,residences,edificio	=	residencias
abutters,residential,colinda con	=	Residencial
area:highway,residential,zona:carretera	=	Residencial
bak:fac_type1,RESIDENTIAL,bak: fac_type1	=	RESIDENCIAL
building,residential,Un edificio residencial es una estructura diseñada específicamente para alojar personas y familias | edificio	=	Residencial
building:part,residential,edificio:parte	=	Residencial
building:use,residential,edificio:uso	=	Residencial
construction,residential,construcción	=	Residencial
garden:type,residential,jardín:tipo	=	Residencial
highway,residential,"Una carretera residencial es una calle o carretera situada dentro de un área residencial, diseñada para tráfico local | carretera	=	Residencial"
house,residential,
landuse,residential,"El uso residencial del suelo designa áreas destinadas principalmente a vivienda, vida y desarrollo residencial | uso del suelo	=	Residencial"
proposed,residential,propuesto	=	Residencial
type,residential,tipo	=	Residencial
highway,residential_link,autopista	=	enlace residencial
building:use,residential;industrial,edificio:uso	=	residencial; industrial
building,Residential␣building,edificio	=	Edificio␣residencial
access,residents,acceso	=	residentes
leisure,resort,ocio	=	complejo
tourism,resort,turismo	=	complejo
service,resource␣extraction,Servicio	=	extracción de recursos
highway,rest_area,carretera	=	zona de descanso
service,rest_area,Servicio	=	zona de descanso
amenity,restaurant,Un restaurante es un establecimiento empresarial donde las personas pagan por comer comidas preparadas y bebidas en un ambiente de comedor | amenidad/servicio	=	restaurante
disused:amenity,restaurant,
room,restaurant,habitación	=	restaurante
craft,restoration,artesanía	=	restauracion
access,restricted,acceso	=	restringido
operational_status_quality,restricted,estado_operativo_calidad	=	restringido
seamark:type,restricted_area,marca de mar:tipo	=	área restringida
designation,restricted_byway,designación	=	camino restringido
seamark:restricted_area:restriction,restricted_fairway_depth,seamark:área restringida:restricción	=	profundidad de calle restringida
seamark:restricted_area:restriction,restricted_speed,seamark:área restringida:restricción	=	velocidad restringida
seamark:notice:function,restriction,seamark:aviso:función	=	restricción
type,restriction,tipo	=	restricción
abutters,retail,colinda con	=	venta minorista
building,retail,Un edificio comercial es una estructura comercial utilizada para vender bienes y servicios a los clientes | edificio	=	venta minorista
building:part,retail,
landuse,retail,uso del suelo	=	venta minorista
barrier,retaining_wall,barrera	=	muro de contención
basin,retention,cuenca	=	retencion
amenity,retirement_home,amenidad/servicio	=	casa de retiro
bridge:movable,retractable,puente: móvil	=	retráctil
seamark:type,retro_reflector,marca de mar: tipo	=	reflector retro
oneway,reversible,de una sola mano	=	reversible
source:lake,Review by So9q using LM Topographic Map,
healthcare:speciality,rheumatology,sanidad:especialidad	=	reumatología
seamark:topmark:shape,rhombus,marca de mar:marca de tope:forma	=	rombo
species,RHUS␣TYPHINA,especies	=	RHUS␣TYPHINA
crop,rice,cultivo	=	arroz
produce,rice,
product,rice,producto	=	arroz
shop,rice,tienda	=	arroz
industrial,rice_mill,industrial	=	molino de arroz
natural,ridge,natural	=	cresta
building,riding_hall,edificio	=	sala_de_equitación
craft,rigger,artesanía	=	aparejador
bus_bay,right,
cycleway,right,carril bici	=	derecho
footway,right,senda	=	derecho
railway:signal:position,right,ferrocarril:señal:posición	=	Correcto
railway:turnout_side,right,ferrocarril:turnout_side	=	Correcto
road_marking,right,=
shoulder,right,hombro	=	Correcto
side,right,lado	=	Correcto
sidewalk,right,acera	=	Correcto
turn,right,
turn:lanes,right,giro:carriles	=	Correcto
placement,right_of:1,colocación	=	derecho_de:1
placement,right_of:2,colocación	=	derecha_de:2
road_marking,right;through,=
busbar,rigid,barra colectora	=	rígido
animal_hitch,ring,enganche de animales	=	anillo
mooring,ring,amarradero	=	anillo
megalith_type,ring_cairn,tipo de megalito	=	mojón de anillos
fortification_type,ring_ditch,tipo de fortificación	=	zanja circular
fortification_type,ringfort,tipo de fortificación	=	fortificación
site_type,ringfort,tipo de sitio	=	fortificación
bollard,rising,noray	=	creciente
water,river,agua	=	río
water_source,river,fuente de agua	=	río
waterway,river,camino acuático	=	río
LINZ:layer,river_cl,LINZ:capa	=	río_cl
natural,river_terrace,natural	=	terraza del río
natural,riverbank,natural	=	orilla del río
waterway,riverbank,camino acuático	=	orilla del río
natural,riverbed,natural	=	cauce
waterway,riverbed,camino acuático	=	cauce
network:short,RMV,
maxspeed,RO:rural,máxima velocidad	=	RO:rural
maxspeed,RO:trunk,máxima velocidad	=	RO: tronco
maxspeed,RO:urban,máxima velocidad	=	RO:urbano
maxspeed:type,RO:urban,
construction,road,construcción	=	la carretera
highway,road,carretera	=	la carretera
historic,road,histórico	=	la carretera
road_marking,road,=
route,road,ruta	=	la carretera
hazard,road_narrows,peligro	=	Carretera angosta
hazard,roadworks,peligro	=	obras de carretera
genus,Robinia,género	=	robinia
species,Robinia pseudoacacia,
species,ROBINIA␣PSEUDACACIA,especies	=	ROBINIA␣PSEUDACACIA
species,Robinia␣pseudoacacia,especies	=	Robinia␣pseudoacacia
species,"Robinia␣pseudoacacia␣""Bessoniana""","especies	=	Robinia␣pseudoacacia␣""Bessoniana"""
aerospace:product,robot,aeroespacial: producto	=	robot
company,robot,empresa	=	robot
shop,robot,tienda	=	robot
species,robur,especies	=	Robar
footway:surface,rock,acera:superficie	=	roca
material,rock,material	=	roca
natural,rock,natural	=	roca
seamark:type,rock,marca de mar: tipo	=	roca
sidewalk:both:surface,rock,acera:ambos:superficie	=	roca
surface,rock,superficie	=	roca
natural,rock_overhang,natural	=	voladizo de roca
landmark,rock_pinnacle,punto de referencia	=	pináculo de roca
shelter_type,rock_shelter,refugio_tipo	=	refugio_rocoso
tomb,rock-cut,tumba	=	corte de roca
aerospace:product,rocket,aeroespacial: producto	=	cohete
natural,rocks,natural	=	rocas
surface,rocks,superficie	=	rocas
surface,rocky,superficie	=	rocoso
kerb,rolled,
attraction,roller_coaster,atracción	=	montaña rusa
sport,roller_hockey,deporte	=	hockey sobre patines
sport,roller_skating,deporte	=	patinaje sobre ruedas
denomination,roman_catholic,
archaeological_site,roman_circus,sitio arqueológico	=	circo romano
site_type,roman_circus,tipo de sitio	=	circo romano
surface,roman_paving,superficie	=	pavimento romano
historic,roman_road,histórico	=	camino_romano
archaeological_site,roman_villa,sitio arqueológico	=	villa romana
site_type,roman_villa,tipo de sitio	=	villa romana
fountain,roman_wolf,fuente	=	lobo romano
is_in:country,România,
building,roof,edificio	=	techo
building:part,roof,edificio:parte	=	techo
generator:place,roof,generador:lugar	=	techo
location,roof,ubicación	=	techo
building:material,roof_tiles,material de construcción	=	tejas
roof:material,roof_tiles,techo: material	=	tejas
craft,roofer,artesanía	=	techador
location,rooftop,localización	=	techo
parking,rooftop,estacionamiento	=	techo
indoor,room,interior	=	habitación
barrier,rope,barrera	=	cuerda
pump_mechanism,rope,mecanismo de bomba	=	cuerda
aerialway,rope_tow,vía aérea	=	remolque de cuerda
aerialway,ropetow,vía aérea	=	remolque de cuerda
harbour:category,RoRo,puerto:categoría	=	transbordo rodado
port,roro,Puerto	=	roró
source:addr,rosreestr.ru,
genus:de,Rosskastanie,género:de	=	Rosskastanie
species:de,Rosskastanie,especies:de	=	Rosskastanie
pump_mechanism,rotary_vane,mecanismo de bomba	=	paleta rotativa
radio_transponder:category,rotating_pattern,transpondedor de radio:categoría	=	patrón giratorio
golf,rough,golf	=	bruto
roof:shape,round,techo:forma	=	redondo
tumulus,round_tomb,túmulo	=	tumba_redonda
hazard,roundabout,peligro	=	rotonda
junction,roundabout,unión	=	rotonda
playground,roundabout,parque infantil	=	rotonda
building,roundhouse,edificio	=	rotonda
railway,roundhouse,ferrocarril	=	rotonda
climbing,route,escalada	=	ruta
type,route,tipo	=	ruta
climbing,route_bottom,
information,route_marker,información	=	ruta_marcador
type,route_master,tipo	=	ruta_maestra
building,row_houses,edificio	=	casas en hilera
boat:type,rowing,barco:tipo	=	remo
sport,rowing,deporte	=	remo
species,Roystonea␣regia,especies	=	Roystonea␣regia
source:maxaxleload,Rozporządzenie Ministra Infrastruktury i Budownictwa z dnia 21 kwietnia 2017 r,
species,Rp,especies	=	Rp
maxspeed,RS:urban,
source:ref,rsd_cr,fuente: referencia	=	rsd_cr
maxspeed,RU:living_street,máxima velocidad	=	RU: calle_vivienda
maxspeed,RU:motorway,máxima velocidad	=	RU: autopista
brand:wikipedia,ru:Ozon.ru,
maxspeed,RU:rural,máxima velocidad	=	RU:rural
maxspeed,RU:urban,máxima velocidad	=	RU:urbano
source:maxspeed,RU:urban,fuente:maxspeed	=	RU:urbano
official_status,ru:деревня,estado_oficial	=	ru:деревня
official_status,ru:посёлок,
brand:wikipedia,ru:Пятёрочка,
official_status,ru:село,estado_oficial	=	ru: село
surface,rubber,superficie	=	caucho
trees,rubber_trees,árboles	=	Arboles de goma
waste,rubble,desperdiciar	=	escombros
sport,rugby,deporte	=	rugby
sport,rugby_league,deporte	=	Liga de Rugby
sport,rugby_union,deporte	=	sindicato de rugby
building,ruin,edificio	=	ruina
building,ruins,edificio	=	restos
historic,ruins,histórico	=	restos
traffic_calming,rumble_strip,calmar el tráfico	=	rumble_strip
generator:method,run-of-the-river,generador:método	=	corriente del río
plant:method,run-of-the-river,planta:método	=	corriente del río
historic,rune_stone,histórico	=	piedra rúnica
athletics,running,atletismo	=	corriendo
route,running,ruta	=	corriendo
sport,running,deporte	=	correr
aeroway,runway,vía aérea	=	pista
holding_position,runway,posición de espera	=	pista
holding_position:type,runway,posición de espera:tipo	=	pista
residential,rural,Residencial	=	rural
cuisine,russian,cocina	=	ruso
denomination,russian_orthodox,
amenity,rv_storage,amenidad/servicio	=	almacenamiento de vehículos recreativos
navigationaid,rwc,
navigationaid,rwe,
crop,rye,cultivo	=	centeno
direction,S,dirección	=	S
highway:class:pl,S,
naptan:Bearing,S,
ngbe:tipotexto,S,ngbe:tipotexto	=	S
radar_transponder:band,S,transpondedor de radar: banda	=	S
tiger:mtfcc,S1400,tigre:mtfcc	=	S1400
natural,saddle,natural	=	sillín
craft,saddler,artesanía	=	talabartero
zoo,safari_park,zoo	=	parque Safari
boundary,safety_region,Perímetro	=	región de seguridad
sport,safety_training,deporte	=	entrenamiento de seguridad
boat:type,sailing,barco:tipo	=	navegación
club,sailing,club	=	navegación
sport,sailing,deporte	=	navegación
leisure,sailing_club,tiempo libre	=	Club Náutico
amenity,sailing_school,amenidad/servicio	=	escuela de vela
craft,sailmaker,artesanía	=	velero
note:post_town,Saint Louis,
note:post_town,Saint␣Louis,nota:post_town	=	San␣Louis
old_railway_operator,SAL,antiguo operador ferroviario	=	SAL
genus,Salix,género	=	Salix
species,Salix␣alba,especies	=	Salix␣alba
species,SALIX␣BABYLONICA,especies	=	SALIX␣BABILONICA
barrier,sally_port,barrera	=	sally_port
shop,salon,tienda	=	salón
content,salt,contenido	=	sal
industrial,salt_pond,industrial	=	estanque de sal
landuse,salt_pond,uso del suelo	=	estanque_sal
water,salt_pool,agua	=	sal_piscina
roof:shape,saltbox,techo:forma	=	caja de sal
wetland,saltern,humedal	=	salina
maintenance,salting,mantenimiento	=	salazón
wetland,saltmarsh,humedal	=	salina
opening_hours:covid19,same,horario_de_apertura:covid19	=	mismo
healthcare,sample_collection,cuidado de la salud	=	coleccion de muestra
amenity,sanatorium,amenidad/servicio	=	sanatorio
cycleway:surface,sand,ciclovía:superficie	=	arena
landcover,sand,cubierta terrestre	=	arena
material,sand,material	=	arena
natural,sand,natural	=	arena
resource,sand,recurso	=	arena
surface,sand,superficie	=	arena
seamark:type,sand_waves,marca de mar: tipo	=	olas de arena
playground,sandpit,parque infantil	=	mina de arena
building:material,sandstone,material de construcción	=	arenisca
material,sandstone,material	=	arenisca
seamark:type,sandwaves,marca de mar: tipo	=	olas de arena
cuisine,sandwich,cocina	=	emparedado
cuisine,sandwich;bakery,cocina	=	sándwich; panadería
wholesale,sanitary,mayorista	=	sanitario
amenity,sanitary_dump_station,amenidad/servicio	=	estación_de_descarga_sanitaria
waterway,sanitary_dump_station,camino acuático	=	vertedero sanitario
is_in:city,Santa Rosa de Cabal,
is_in,"Santa Rosa de Cabal, Risaralda, Colombia",
tomb,sarcophagus,tumba	=	sarcófago
nhd:fdate,Sat Apr 05 00:00:00 PDT 2008,
nhd:fdate,Sat Dec 15 00:00:00 PST 2007,
source:geometry,Satellite photogrammetry,
man_made,satellite_dish,artificial	=	antena parabólica
amenity,sauna,amenidad/servicio	=	sauna
leisure,sauna,ocio	=	sauna
craft,sawmill,artesanía	=	aserradero
industrial,sawmill,industrial	=	aserradero
mooring,sbm,amarradero	=	sbm
craft,scaffolder,artesanía	=	andamio
source:tracer,scanaerial,fuente: rastreador	=	scanaerial
LINZ:layer,scattered_scrub_poly,LINZ:capa	=	dispersos_scrub_poly
operator:short,SCE,
amenity,sceptic_tank,amenidad/servicio	=	tanque escéptico
aminety,sceptic_tank,amina	=	tanque escéptico
source:highway,schema_br2013,fuente:carretera	=	esquema_br2013
map_type,scheme,tipo de mapa	=	esquema
genus,Schinus,género	=	Esquinus
species,Schinus␣molle,especies	=	Schinus␣molle
protection_title,Schongebiet,título de protección	=	Schöngebiet
amenity,school,Una escuela es una institución educativa donde estudiantes de varias edades aprenden materias académicas y prácticas | amenidad/servicio	=	escuela
animal,school,animal	=	escuela
building,school,Un edificio escolar es una instalación educativa donde los estudiantes aprenden y estudien diversas materias | edificio	=	escuela
bus,school,autobús	=	escuela
education,school,educación	=	escuela
landuse,school,uso del suelo	=	escuela
military,school,militar	=	escuela
man_made,school_sentry,hecho por el hombre	=	centinela de la escuela
hazard,school_zone,peligro	=	zona escolar
leisure,schoolyard,tiempo libre	=	patio
religion,scientologist,religión	=	cienciólogo
fortification_type,sconce,tipo de fortificación	=	candelabro de pared
motorcycle:type,scooter,motocicleta:tipo	=	scooter
shop,scooter,tienda	=	scooter
amenity,scooter_rental,amenidad/servicio	=	alquiler de scooters
denomination,scottish_episcopal_church,denominación	=	iglesia episcopal escocesa
club,scout,club	=	explorar
industrial,scrap_yard,industrial	=	Depósito de chatarra
natural,scree,natural	=	piedra
advertising,screen,publicidad	=	pantalla
inlet,screen,entrada	=	pantalla
outlet,screen,toma de corriente	=	pantalla
pump_mechanism,screw,mecanismo de bomba	=	tornillo
landcover,scrub,cubierta terrestre	=	maleza
landuse,scrub,uso del suelo	=	maleza
natural,scrub,natural	=	maleza
LINZ:layer,scrub_poly,LINZ:capa	=	Scrub_poly
club,scuba_diving,club	=	submarinismo
shop,scuba_diving,tienda	=	submarinismo
sport,scuba_diving,deporte	=	submarinismo
craft,sculptor,artesanía	=	escultor
advertising,sculpture,publicidad	=	escultura
artwork_type,sculpture,tipo_de_obra	=	escultura
memorial,sculpture,monumento	=	escultura
school:type_idn,sd,escuela: type_idn	=	Dakota del Sur
direction,SE,dirección	=	SE
naptan:Bearing,SE,
place,sea,lugar	=	mar
seamark:type,sea_area,marca de mar: tipo	=	zona del mar
seamark:type,seabed_area,marca de mar: tipo	=	área del lecho marino
cuisine,seafood,cocina	=	mariscos
shop,seafood,tienda	=	mariscos
wholesale,Seafood,mayorista	=	Mariscos
wholesale,seafood,mayorista	=	mariscos
seamark:type,seaplane_landing_area,marca de mar: tipo	=	zona de aterrizaje de hidroaviones
harbour:category,seaport,puerto:categoría	=	puerto marítimo
water_source,seasonal,fuente de agua	=	estacional
amenity,seat,amenidad/servicio	=	asiento
wall,seawall,pared	=	rompeolas
waterway,seaway,camino acuático	=	vía marítima
shop,second_hand,tienda	=	segunda mano
area:highway,secondary,zona:carretera	=	secundario
construction,secondary,construcción	=	secundario
entrance,secondary,entrada	=	secundario
ferry,secondary,transportar	=	secundario
highway,secondary,"Una carretera secundaria conecta pueblos más pequeños, villas y destinos regionales, apoyando el transporte local | carretera	=	secundario"
construction,secondary_link,construcción	=	enlace secundario
highway,secondary_link,carretera	=	enlace_secundario
cutline,section,línea de corte	=	sección
cemetery,sector,cementerio	=	sector
office,security,oficina	=	seguridad
shop,security,tienda	=	seguridad
amenity,security_booth,amenidad/servicio	=	cabina de seguridad
building,security_booth,edificio	=	cabina de seguridad
waterway,security_lock,camino acuático	=	Candado de seguridad
CLC:explanation,See http://wiki.openstreetmap.org/wiki/Romania_CLC_Import.,
CLC:explanation,See␣http://wiki.openstreetmap.org/wiki/Romania_CLC_Import.,CLC:explicación	=	Consulte␣http://wiki.openstreetmap.org/wiki/Romania_CLC_Import.
playground,seesaw,parque infantil	=	balancín
cycleway,segregated,carril bici	=	aislado
religion,Self-Realization_Fellowship,religión	=	Beca de autorrealización
building,semi,edificio	=	semi
leaf_cycle,semi_deciduous,ciclo_hoja	=	semi_deciduo
leaf_cycle,semi_evergreen,ciclo_hoja	=	semi_siempreverde
house,semi-detached,casa	=	Semi separado
age,semi-mature,años	=	semi-maduro
building:material,semi-permanent,material de construcción	=	semi-permanente
building,semidetached_house,edificio	=	casa_adosada
social_facility:for,senior,social_facility:para	=	sénior
source:position,Sentinel-2,
cycleway,separate,carril bici	=	separado
cycleway:both,separate,
cycleway:left,separate,ciclovía:izquierda	=	separado
cycleway:right,separate,carril bici: derecha	=	separado
junction,separate,unión	=	separado
parking:both,separate,
parking:lane:both,separate,estacionamiento:carril:ambos	=	separado
ramp,separate,rampa	=	separado
ramp:wheelchair,separate,
road_marking,separate,=
sidewalk,separate,acera	=	separado
sidewalk:both,separate,acera: ambos	=	separado
sidewalk:left,separate,acera: izquierda	=	separado
sidewalk:right,separate,acera: derecha	=	separado
seamark:type,separation_boundary,marca de mar: tipo	=	límite de separación
seamark:type,separation_crossing,marca de mar: tipo	=	cruce de separación
seamark:type,separation_lane,marca de mar: tipo	=	carril de separación
seamark:type,separation_line,marca de mar: tipo	=	línea de separación
seamark:type,separation_roundabout,marca de mar: tipo	=	rotonda de separación
seamark:type,separation_zone,marca de mar: tipo	=	zona de separación
amenity,septic_tank,amenidad/servicio	=	tanque séptico
man_made,septic_tank,hecho por el hombre	=	tanque séptico
compensator,series_capacitor,compensador	=	condensador en serie
compensator,series_reactor,compensador	=	reactor en serie
curves,serpentine,curvas	=	serpentina
drink:viez,served,bebida: viez	=	servido
area:highway,service,zona:carretera	=	Servicio
building,service,edificio	=	Servicio
construction,service,construcción	=	Servicio
entrance,service,entrada	=	Servicio
highway,service,"Un camino de servicio proporciona acceso a edificios, instalaciones y propiedades, a menudo para entrega o mantenimiento | carretera	=	servir"
telecom,service_device,telecomunicaciones	=	dispositivo de servicio
railway,service_station,ferrocarril	=	estación de servicio
camp_site,serviced,camping	=	atendido
highway,services,carretera	=	servicios
source:name,services.land.vic.gov.au,
emergency,ses_station,emergencia	=	estacion ses
surface,sett,superficie	=	asentar
archaeological_site,settlement,sitio arqueológico	=	asentamiento
site_type,settlement,tipo_sitio	=	asentamiento
basin,settling,cuenca	=	asentamiento
seveso,seuil_bas,severo	=	seuil bas
seveso,seuil_haut,severo	=	seuil alto
official_name:en,Seven-Eleven,nombre_oficial:es	=	Siete once
content,sewage,contenido	=	aguas residuales
man_made,sewage,hecho por el hombre	=	aguas residuales
reservoir_type,sewage,tipo_depósito	=	aguas residuales
substance,sewage,sustancia	=	aguas residuales
manhole,sewer,agujero de hombre	=	alcantarillado
utility,sewerage,utilidad	=	alcantarillado
craft,sewing,artesanía	=	de coser
shop,sewing,tienda	=	mercería
vending,sex_toys,venta	=	juguetes sexuales
water,shallow,agua	=	poco profundo
cycleway,share_busway,carril bici	=	compartir_busway
cycleway:left,share_busway,ciclovía:izquierda	=	compartir vía de autobús
cycleway:right,share_busway,carril bici: derecha	=	compartir vía de autobús
route,share_taxi,ruta	=	compartir_taxi
cycleway,shared,carril bici	=	compartido
cycleway,shared_busway,carril bici	=	vía de autobús compartida
cycleway,shared_lane,carril bici	=	carril_compartido
cycleway:both,shared_lane,carril bici:ambos	=	carril compartido
cycleway:left,shared_lane,ciclovía:izquierda	=	carril compartido
cycleway:right,shared_lane,carril bici: derecha	=	carril_compartido
cycleway,shared_line,carril bici	=	línea compartida
waste,sharps,desperdiciar	=	objetos punzantes
road_marking,sharrow,=
bicycle_parking,shed,Parking de bicicletas	=	cobertizo
building,shed,edificio	=	cobertizo
construction,shed,construcción	=	cobertizo
roof:shape,shed,techo: forma	=	cobertizo
parking,sheds,estacionamiento	=	cobertizos
artwork_subject,sheela-na-gig,tema de la obra de arte	=	sheela-na-concierto
amenity,shelter,amenidad/servicio	=	refugio
building,shelter,edificio	=	abrigo
emergency:social_facility,shelter,emergencia:instalación social	=	abrigo
social_facility,shelter,instalaciones_sociales	=	abrigo
building,shepherd_shelter,edificio	=	refugio de pastores
historic,shieling,histórico	=	blindaje
place,shieling,lugar	=	blindaje
natural,shingle,natural	=	guijarros
denomination,shingon_shu,denominación	=	Shingon shu
religion,shinto,religión	=	sintoísmo
seamark:landmark:function,shinto_shrine,marca:punto de referencia:función	=	Santuario sintoísta
building,ship,edificio	=	Embarcacion
historic,ship,histórico	=	Embarcacion
shop,ship_chandler,tienda	=	abastecedor de buques
delivery,shipment,entrega	=	envío
harbour:category,shipyard,puerto:categoría	=	astillero
industrial,shipyard,industrial	=	astillero
castle_type,shiro,tipo castillo	=	Shiro
natural,shoal,natural	=	banco
seamark:sea_area:category,shoal,marca:área del mar:categoría	=	banco
shop,shoe_repair,tienda	=	reparación de zapatos
craft,shoemaker,artesanía	=	zapatero
shop,shoes,tienda	=	Zapatos
sport,shooting,deporte	=	tiroteo
leisure,shooting_ground,tiempo libre	=	campo de tiro
hazard,shooting_range,peligro	=	rango de disparo
sport,shooting_range,deporte	=	rango de disparo
sport,shooting/Archived_proposal,deporte	=	rodaje/propuesta archivada
amenity,shop,amenidad/servicio	=	tienda
building,shop,edificio	=	tienda
entrance,shop,entrada	=	tienda
room,shop,habitación	=	tienda
shop,shopping_centre,tienda	=	centro comercial
seamark:mooring:category,shore_rope,marca:amarre:categoria	=	cuerda de orilla
seamark:type,shoreline_construction,marca de mar:tipo	=	costa_construccion
crop,short_rotation_forestry,cultivo	=	silvicultura de ciclo corto
athletics,shot_put,atletismo	=	lanzamiento de peso
sport,shot-put,deporte	=	lanzamiento de peso
cycleway,shoulder,carril bici	=	hombro
cycleway:both,shoulder,
cycleway:right,shoulder,
amenity,shower,amenidad/servicio	=	ducha
emergency,shower,emergencia	=	ducha
seamark:small_craft_facility:category,showers,seamark:instalación para embarcaciones pequeñas:categoría	=	duchas
recreation_ground,showground,terreno de recreo	=	recinto ferial
created_by,shp2osm,
created_by,shpupload,
aquaculture,shrimp,acuicultura	=	camarón
building,shrine,edificio	=	santuario
landcover,shrub,cubierta terrestre	=	arbusto
natural,shrub,natural	=	arbusto
natural,shrubbery,natural	=	arbustos
landcover,shrubland,cubierta terrestre	=	matorral
landcover,shrubs,cubierta terrestre	=	arbustos
landuse,shrubs,uso del suelo	=	arbustos
sport,shuffleboard,deporte	=	juego de tejo
compensator,shunt_capacitor,compensador	=	condensador de derivación
compensator,shunt_reactor,compensador	=	reactor de derivación
emergency,siamese,emergencia	=	siamés
roof:shape,side_hipped,techo:forma	=	de costado
hazard,side_winds,peligro	=	vientos laterales
cycleway,sidepath,carril bici	=	camino lateral
sidewalk,sidepath,acera	=	camino lateral
cycleway,sidewalk,carril bici	=	acera
fire_hydrant:position,sidewalk,hidrante_de_incendio:posición	=	acera
footway,sidewalk,senda	=	acera
path,sidewalk,camino	=	acera
service,siding,Servicio	=	vía muerta
manufacturer,Siemens,
advertising,sign,publicidad	=	signo
information,sign,información	=	signo
maxspeed:type,sign,velocidad máxima: tipo	=	señal
railway:signal:electricity:form,sign,
railway:signal:minor:form,sign,
railway:signal:speed_limit:form,sign,ferrocarril:señal:speed_limit:formulario	=	señal
railway:signal:speed_limit_distant:form,sign,
railway:signal:stop:form,sign,
source:maxspeed,sign,
source:maxspeed:backward,sign,fuente:maxspeed:hacia atrás	=	señal
source:maxspeed:forward,sign,fuente:maxspeed:adelante	=	señal
railway,signal,ferrocarril	=	señal
traffic_signals,signal,Señales de tráfico	=	señal
railway,signal_box,ferrocarril	=	caja de señal
seamark:type,signal_station_traffic,marca de mar:tipo	=	señal_estación_tráfico
seamark:type,signal_station_warning,marca de mar:tipo	=	señal_estación_advertencia
maxspeed,signals,máxima velocidad	=	señales
craft,signmaker,artesanía	=	fabricante de la muestra
religion,sikh,religión	=	sij
content,silage,contenido	=	ensilaje
building:material,silicate␣brick,material de construcción	=	silicato␣ladrillo
building,silo,edificio	=	silo
man_made,silo,artificial	=	silo
colour,silver,
vending,SIM_cards,venta	=	tarjetas SIM
vending,SIM-cards,venta	=	tarjetas SIM
guidepost,simple,poste indicador	=	simple
bridge,simple_brunnel,puente	=	Brunel simple
bridge:structure,simple-suspension,puente:estructura	=	suspensión simple
denotation,single,
lift_gate:type,single,
swing_gate:type,single,
wires,single,alambres	=	único
generator:solar:tracking,single_axis,
residential,single_family,Residencial	=	unifamiliar
building:category_of_the_house,single_house,edificio:categoria_de_la_casa	=	casa sola
lbcs:function:name,Single␣family␣residence␣(detached),lbcs:función:nombre	=	Residencia␣unifamiliar␣(independiente)
natural,sinkhole,natural	=	sumidero
emergency,siren,emergencia	=	sirena
seamark:fog_signal:category,siren,seamark: señal de niebla: categoría	=	sirena
tower:type,siren,torre:tipo	=	sirena
fitness_station,sit-up,estación de fitness	=	abdominales
key,site,llave	=	sitio
map_size,site,Tamaño de mapa	=	sitio
railway,site,ferrocarril	=	sitio
type,site,tipo	=	sitio
protection_title,Site_of_Special_Scientific_Interest,título de protección	=	Sitio de Especial Interés Científico
wires,sixfold,alambres	=	seis veces
source:maxspeed,SK:urban,
shop,skate,tienda	=	patinar
sport,skateboard,deporte	=	patineta
sport,skating,deporte	=	Patinaje
rental,ski,alquiler	=	esquí
route,ski,ruta	=	esquí
shop,ski,tienda	=	esquí
man_made,ski_jump,hecho por el hombre	=	salto con esquís
piste:type,ski_jump,pista: tipo	=	salto con esquís
piste:type,ski_jump_landing,pista:tipo	=	aterrizaje de salto de esquí
sport,ski_jumping,deporte	=	salto en ski
leisure,ski_playground,tiempo libre	=	parque de esquí
amenity,ski_rental,amenidad/servicio	=	alquiler de esquí
amenity,ski_school,amenidad/servicio	=	escuela de Esqui
sport,skiing,deporte	=	esquiar
roof:shape,skillion,techo:forma	=	habilidad
beauty,skin_care,belleza	=	cuidado de la piel
piste:type,skitour,pista:tipo	=	esquí
highway,skyway,autopista	=	ruta aérea
roof:material,slate,techo: material	=	pizarra
industrial,slaughterhouse,industrial	=	matadero
playground,sledding,parque infantil	=	trineo
playground,slide,parque infantil	=	diapositiva
turn:lanes,slide_left,giro:carriles	=	deslizar hacia la izquierda
turn:lanes,slide_right,giro:carriles	=	desliza hacia la derecha
door,sliding,puerta	=	corredizo
barrier,sliding_beam,barrera	=	haz deslizante
barrier,sliding_gate,barrera	=	puerta corredera
hazard,slippery,peligro	=	resbaladizo
emergency,slipway,emergencia	=	grada
leisure,slipway,ocio	=	grada
seamark:small_craft_facility:category,slipway,seamark:instalación para embarcaciones pequeñas:categoría	=	grada
service,slipway,Servicio	=	grada
natural,slope,natural	=	Pendiente
roof:shape,sloped,techo: forma	=	inclinado
waterway,sluice_gate,camino acuático	=	compuerta
content,slurry,contenido	=	estiércol líquido
man_made,slurry_basin,hecho por el hombre	=	cuenca de lodos
building,slurry_tank,edificio	=	tanque_de_purina
seamark:type,small_craft_facility,marca de mar:tipo	=	instalaciones_de_pequeñas_artesanias
generator:output:electricity,small_installation,generador:salida:electricidad	=	pequeña_instalación
building,smithy,edificio	=	herrería
amenity,smoking_area,amenidad/servicio	=	Área de fumadores
shop,snack,tienda	=	merienda
sport,snooker,deporte	=	snooker
surface,snow,superficie	=	nieve
avalanche_protection,snow_bridge,protección contra avalanchas	=	puente de nieve
man_made,snow_cannon,artificial	=	cañón_de_nieve
man_made,snow_fence,artificial	=	valla para nieves
man_made,snow_net,hecho por el hombre	=	red de nieve
amenity,snow_removal_station,amenidad/servicio	=	estación de remoción de nieve
route,snowmobile,ruta	=	motonieve
shop,snowmobile,tienda	=	motonieve
waterway,soakhole,camino acuático	=	sumidero
sport,soccer,deporte	=	fútbol
leisure,soccer_golf,tiempo libre	=	golf de futbol
sport,soccer;basketball,"deporte	=	fútbol, baloncesto"
club,social,club	=	social
amenity,social_centre,amenidad/servicio	=	centro_social
amenity,social_club,amenidad/servicio	=	Club Social
leisure,social_club,tiempo libre	=	Club Social
amenity,social_facility,amenidad/servicio	=	instalaciones_sociales
outlet,sock,toma de corriente	=	calcetín
lamp_type,sodium,tipo_lampara	=	sodio
light:method,sodium,luz:método	=	sodio
lamp_type,sodium_vapor,tipo_lampara	=	vapor_de_sodio
baseball,softball,béisbol	=	sofbol
sport,softball,deporte	=	sofbol
company,software_development,empresa	=	desarrollo de software
material,soil,material	=	tierra
surface,soil,superficie	=	tierra
species,Soj,especies	=	Soj
generator:source,solar,generador:fuente	=	solar
plant:source,solar,planta:fuente	=	solar
lamp_type,solar_lamp,tipo_lampara	=	lámpara_solar
generator:type,solar_photovoltaic_panel,generador:tipo	=	panel_fotovoltaico_solar
plant:type,solar_photovoltaic_panel,planta: tipo	=	panel solar fotovoltaico
generator:type,solar_thermal_collector,generador:tipo	=	colector_térmico_solar
shop,solarium,tienda	=	solárium
structure,solid,estructura	=	sólido
road_marking,solid_crossing_edge,=
road_marking,solid_lane_divider,=
road_marking,solid_line,=
road_marking,solid_parking_space_divider,=
road_marking,solid_road_edge,=
road_marking,solid_stop_line,= | señalización vial	=	solid_stop_line
road_marking,solid_stop_line;stop,=
lamp_type,SON,tipo_lampara	=	HIJO
genus,Sophora,género	=	Sófora
species,Sophora␣japonica,especies	=	Sophora␣japonica
genus,Sorbus,género	=	sorbo
species,Sorbus␣aria,especies	=	Sorbus␣aria
species,Sorbus␣aucuparia,especies	=	Sorbus␣aucuparia
species,Sorbus␣domestica,especies	=	Sorbus␣domestica
species,Sorbus␣intermedia,especies	=	Sorbus␣intermedia
denomination,soto,denominación	=	Soto
seamark:type,sounding,marca de mar: tipo	=	sondeo
cuisine,soup,cocina	=	sopa
social_facility,soup_kitchen,instalación social	=	comedor de beneficencia
addr:street:prefix,South,
name:prefix,South,
seamark:buoy_cardinal:category,south,marca:boya cardenal:categoria	=	sur
old_railway_operator,Southern,antiguo operador ferroviario	=	Del Sur
shop,souvenir,tienda	=	recuerdo
lamp_type,SOX,tipo_lampara	=	medias
crop,soy,cultivo	=	soja
old_railway_operator,SP,antiguo operador ferroviario	=	SP
old_railway_operator,SP&S,antiguo operador ferroviario	=	SP&S
amenity,spa,amenidad/servicio	=	spa
beauty,spa,belleza	=	spa
tourism,spa_resort,turismo	=	complejo de spa
aerospace:product,spacecraft_propulsion,aeroespacial: producto	=	propulsión de naves espaciales
logistics,spaceflight,logística	=	vuelo espacial
aeroway,spaceport,vía aérea	=	puerto espacial
cuisine,spanish,cocina	=	Español
seamark:buoy_cardinal:shape,spar,marca de mar: boya cardinal: forma	=	espato
seamark:buoy_isolated_danger:shape,spar,marca:boya aislado peligro:forma	=	espato
seamark:buoy_lateral:shape,spar,marca:boya_lateral:forma	=	espato
seamark:buoy_safe_water:shape,spar,marca:boya agua segura:forma	=	espato
seamark:buoy_special_purpose:shape,spar,seamark:boya propósito especial:forma	=	espato
shop,spare_parts,tienda	=	piezas de repuesto
wood:density,sparse,madera:densidad	=	escaso
source:geometry,Spatial Services GMBH,
boundary,special_economic_zone,Perímetro	=	zona economica especial
school,special_education_needs,escuela	=	necesidades educativas especiales
healthcare,speech_therapist,cuidado de la salud	=	logopeda
highway,speed_camera,carretera	=	Camara rápida
highway,speed_display,autopista	=	pantalla_velocidad
seamark:notice:category,speed_limit,marca:aviso:categoría	=	Límite de velocidad
traffic_sign,speedometer_test,señal de tráfico	=	prueba de velocímetro
sport,speedway,deporte	=	pista de carreras
seamark:topmark:shape,sphere,marca de mar:marca de tope:forma	=	esfera
seamark:buoy_cardinal:shape,spherical,marca de mar: boya cardinal: forma	=	esférico
seamark:buoy_isolated_danger:shape,spherical,marca:boya aislado peligro:forma	=	esférico
seamark:buoy_lateral:shape,spherical,marca:boya lateral:forma	=	esférico
seamark:buoy_safe_water:shape,spherical,marca:boya agua segura:forma	=	esférico
seamark:buoy_special_purpose:shape,spherical,seamark:boya propósito especial:forma	=	esférico
shop,spices,tienda	=	especias
barrier,spikes,barrera	=	Picos
usage,spillway,uso	=	aliviadero
waterway,spillway,camino acuático	=	aliviadero
landmark,spire,punto de referencia	=	aguja
seamark:landmark:category,spire,marca:punto de referencia:categoría	=	aguja
religion,spiritualist,religión	=	espiritista
species:de,Spitz-Ahorn,
species:de,Spitzahorn,especies:de	=	Spitzacuerno
playground,splash_pad,parque infantil	=	splash_pad
line_management,split,manejo de linea	=	separar
fence_type,split_rail,=	split_rail
mooring,spm,amarradero	=	spm
man_made,spoil_heap,artificial	=	spoil_heap
valve,spool,válvula	=	carrete
building,sport,edificio	=	deporte
club,sport,club	=	deporte
training,sport,capacitación	=	deporte
amenity,sport_school,amenidad/servicio	=	escuela de deportes
motorcycle:type,sportbike,motocicleta:tipo	=	Bicicleta de deporte
clothes,sports,ropa	=	Deportes
shop,sports,tienda	=	Deportes
building,sports_centre,edificio	=	centro deportivo
leisure,sports_centre,ocio	=	centro deportivo
building,sports_hall,edificio	=	pabellón de deportes
leisure,sports_hall,ocio	=	pabellón de deportes
natural,spring,natural	=	primavera
seamark:type,spring,marca de mar: tipo	=	primavera
man_made,spring_box,hecho por el hombre	=	caja de resorte
seasonal,spring;summer;autumn,estacional	=	primavera verano Otoño
playground,springy,parque infantil	=	elástico
emergency,sprinkler,emergencia	=	aspersor
emergency,sprinkler_connection,emergencia	=	conexión de rociadores
athletics,sprint,atletismo	=	pique
genus:en,Spruce,género: es	=	Abeto
junction,spui,unión	=	spui
service,spur,Servicio	=	estimular
railway,spur_junction,ferrocarril	=	spur_junction
paving_stones:shape,square,
place,square,lugar	=	cuadrado
seamark:topmark:shape,square,marca de mar:marca de tope:forma	=	cuadrado
format,squared_stone,
sport,squash,deporte	=	calabaza
toilets:position,squat,
ref,SS676,árbitro	=	SS676
direction,SSE,dirección	=	SSE
direction,SSW,
source:addr,St. Louis County GIS Service Center (https://data.stlouisco.com/pages/open-data 2019-08),
building,stable,edificio	=	estable
building:use,stable,edificio: uso	=	estable
amenity,stables,amenidad/servicio	=	establos
source:addr,Staðfangaskrá,
building,stadium,edificio	=	estadio
leisure,stadium,ocio	=	estadio
lamp_operator,Stadtwerke Düsseldorf,
lamp_operator,Stadtwerke␣Düsseldorf,operador_de_lamparas	=	Stadtwerke␣Düsseldorf
parking_space,staff,plaza de aparcamiento	=	personal
addr:county,Stafford County,
amenity,stage,amenidad/servicio	=	etapa
entrance,staircase,entrada	=	escalera
room,stairs,habitación	=	escaleras
shop,stairs,tienda	=	escaleras
seamark:beacon_isolated_danger:shape,stake,seamark:baliza_aislada_peligro:forma	=	apostar
seamark:beacon_lateral:shape,stake,seamark:baliza_lateral:forma	=	apostar
vending,stamps,venta	=	sellos
craft,stand_builder,artesanía	=	constructor de puestos
camp_site,standard,camping	=	estándar
emergency,standpipe,emergencia	=	tubo vertical
bicycle_parking,stands,Parking de bicicletas	=	soportes
seamark:beacon_lateral:category,starboard,marca:baliza lateral:categoria	=	estribor
seamark:buoy_lateral:category,starboard,seamark:boya_lateral:categoría	=	estribor
official_name,Starbucks Coffee,
official_name,Starbucks␣Coffee,nombre oficial	=	Starbucks␣Café
source:geometry,Starostwo Powiatowe Wieruszów,
source:addr,StatCan Open Data,
compensator,statcom,compensador	=	estadocom
ownership,state,propiedad	=	estado
place,state,lugar	=	Expresar
operator:en,State Grid Corporation of China,
source:name,"State of Queensland (Department of Natural Resources, Mines and Energy) 2019",
castle_type,stately,tipo castillo	=	majestuoso
building,static_caravan,edificio	=	estática_caravana
landuse,static_caravan,uso del suelo	=	estática_caravana
compensator,static_var,compensador	=	variable estática
abandoned:railway,station,abandonado:ferrocarril	=	estación
aerialway,station,vía aérea	=	estación
disused:railway,station,en desuso: ferrocarril	=	estación
historic:railway,station,histórico:ferrocarril	=	estación
power,station,poder	=	estación
public_transport,station,transporte público	=	estación
railway,station,ferrocarril	=	estación
roller_coaster,station,montaña rusa	=	oficina de Registro
railway,station/Proposal,ferrocarril	=	estación/Propuesta
shop,stationery,tienda	=	papelería
wholesale,stationery,mayorista	=	papelería
worship,stations_of_the_cross,Adoración	=	estaciones de la Cruz
government,statistics,gobierno	=	Estadísticas
source:maxspeed,Stats19,
artwork_type,statue,tipo_de_obra	=	estatua
landmark,statue,punto de referencia	=	estatua
memorial,statue,monumento	=	estatua
memorial:type,statue,memorial: tipo	=	estatua
seamark:landmark:category,statue,marca:punto de referencia:categoría	=	estatua
cuisine,steak_house,cocina	=	asador
generator:type,steam_generator,generador:tipo	=	generador de vapor
generator:type,steam_turbine,generador: tipo	=	turbina de vapor
plant:type,steam_turbine,planta: tipo	=	turbina de vapor
building:material,steel,material de construcción	=	acero
material,steel,material	=	acero
product,steel,producto	=	acero
wholesale,steel,mayorista	=	acero
industrial,steelmaking,industrial	=	fabricación de acero
athletics,steeplechase,atletismo	=	carrera de obstáculos
barrier,steeplechase_jump,barrera	=	salto de carrera de obstáculos
information,stele,información	=	estela
man_made,stele,artificial	=	estela
memorial,stele,monumento	=	estela
memorial:type,stele,memorial: tipo	=	estela
barrier,step,barrera	=	paso
stile,stepover,escalera para pasar una cerca	=	paso a paso
ford,stepping_stones,vado	=	peldaños
surface,stepping_stones,superficie	=	peldaños
area:highway,steps,zona:carretera	=	pasos
construction,steps,construcción	=	pasos
highway,steps,carretera	=	pasos
species:de,Stiel-Eiche,
source:wheelchair,STIF 2019-01,
source:wheelchair,STIF␣2019-01,fuente: silla de ruedas	=	STIF␣2019-01
barrier,stile,barrera	=	escalera para pasar una cerca
building,stilt_house,edificio	=	casa sobre pilotes
farmyard,stockyard,patio	=	corral de ganado
memorial,stolperstein,monumento	=	stolperstein
memorial:type,stolperstein,memorial: tipo	=	stolperstein
healthcare:speciality,stomatology,sanidad:especialidad	=	estomatología
artwork_type,stone,tipo de obra de arte	=	piedra
building:material,stone,material de construcción	=	piedra
historic,stone,histórico	=	piedra
marker,stone,marcador	=	piedra
material,stone,material	=	piedra
memorial,stone,monumento	=	piedra
natural,stone,natural	=	piedra
roof:material,stone,techo: material	=	piedra
surface,stone,superficie	=	piedra
wall,stone,pared	=	piedra
fountain,stone_block,fuente	=	bloque de piedra
megalith_type,stone_circle,tipo de megalito	=	círculo de piedra
megalith_type,stone_ship,tipo de megalito	=	barco de piedra
wall,stone_wall,pared	=	Pared de piedra
craft,stonemason,artesanía	=	albañil
amenity,stool,amenidad/servicio	=	heces
highway,stop,carretera	=	deténgase
railway,stop,ferrocarril	=	deténgase
road_marking,stop,=
traffic_sign,stop,señal de tráfico	=	parada
type,stop,tipo	=	parada
public_transport,stop_area,transporte público	=	parada_área
site,stop_area,sitio	=	parada_área
public_transport,stop_area_group,transporte público	=	parada_area_grupo
road_marking,stop_line,=
public_transport,stop_position,transporte público	=	parada_posición
aeroway,stopway,vía aérea	=	parada
building,storage,edificio	=	almacenamiento
police,storage,policía	=	almacenamiento
room,storage,habitación	=	almacenamiento
shop,storage_rental,tienda	=	alquiler_de_almacenamiento
building,storage_tank,edificio	=	tanque de almacenamiento
man_made,storage_tank,artificial	=	tanque de almacenamiento
building,store,edificio	=	Tienda
birds_nest,stork,nido de Pájaro	=	cigüeña
memorial,storm_surge_post,monumento	=	puesto de marejada ciclónica
couplings:type,Storz,acoplamientos:tipo	=	Storz
craft,stove_fitter,artesanía	=	montador de estufas
NHS,STRAHNET,Servicio Nacional de Salud	=	STRAHNET
line_management,straight,manejo de linea	=	directo
lamp_mount,straight_mast,montaje_de_lampara	=	mástil_recto
natural,strait,natural	=	estrecho
rental,strandkorb,alquiler	=	Strandkorb
constituency,Strategic Routes,
constituency,Strategic␣Routes,distrito electoral	=	Rutas Estratégicas
crop,strawberry,cultivo	=	fresa
generator:method,stream,generador:método	=	corriente
water,stream,agua	=	corriente
waterway,stream,camino acuático	=	corriente
waterway,stream_end,camino acuático	=	stream_end
water,stream_pool,agua	=	stream_pool
waterway,stream/Archive,camino acuático	=	transmisión/archivo
NHD:FTYPE,StreamRiver,
NHD:FType,StreamRiver,NHD: Tipo F	=	ArroyoRío
gnis:ftype,StreamRiver,
nhd:ftype,StreamRiver,
addr:street:type,Street,
denotation,street,
highway,street,autopista	=	calle
landuse,street,uso del suelo	=	calle
map_type,street,tipo de mapa	=	calle
parking_space,street,plaza de aparcamiento	=	calle
type,street,tipo	=	calle
visibility,street,visibilidad	=	calle
addr:street:en,Street 1,
addr:street:en,Street 2,
addr:street:en,Street 3,
man_made,street_cabinet,artificial	=	calle_gabinete
telecom,street_cabinet,telecomunicaciones	=	gabinete de la calle
support,street_furniture:transit_shelter,apoyo	=	street_furniture:transit_shelter
amenity,street_lamp,amenidad/servicio	=	farola
camera:mount,street_lamp,
highway,street_lamp,carretera	=	farola
amenity,street_light,amenidad/servicio	=	luz de la calle
utility,street_lighting,utilidad	=	alumbrado público
parking,street_side,estacionamiento	=	lado de la calle
parking:both,street_side,estacionamiento:ambos	=	lado de la calle
parking:left,street_side,estacionamiento: izquierda	=	lado de la calle
parking:right,street_side,estacionamiento: derecho	=	lado de la calle
shop,street_vendor,tienda	=	vendedor ambulante
wetland,string_bog,humedal	=	cadena_bog
seamark:light:category,strip_light,seamark:luz:categoría	=	luz de tira
amenity,stripclub,amenidad/servicio	=	club de striptease
seamark:light:category,striplight,seamark:luz:categoría	=	luz de tira
amenity,stroller_parking,amenidad/servicio	=	cochecito de estacionamiento
playground,structure,parque infantil	=	estructura
cuisine,strudel,cocina	=	strudel
amenity,student_accommodation,amenidad/servicio	=	alojamiento para estudiantes
access,students,acceso	=	estudiantes
private,students,privado	=	estudiantes
amenity,studio,amenidad/servicio	=	estudio
man_made,stupa,hecho por el hombre	=	estupa
building,sty,edificio	=	orzuelo
genus,Styphnolobium,género	=	Styphnolobium
power,sub_station,poder	=	sub_estación
description,SubCentre,
place,subcounty,lugar	=	subcondado
man_made,submarine_cable,hecho por el hombre	=	cable submarino
seamark:type,submarine_transit_lane,marca de mar: tipo	=	carril de tránsito submarino
seamark:rock:water_level,submerged,seamark:rock:water_level	=	sumergido
bridge:movable,submersible,puente: móvil	=	sumergible
liaison,subnational,enlace	=	subnacional
seamark:light:category,subsidiary,seamark:luz:categoría	=	subsidiario
line,substation,línea	=	subestación
pipeline,substation,tubería	=	subestación
power,substation,energía	=	subestación
locality,subtownland,localidad	=	suburbio
place,suburb,lugar	=	suburbio
passenger,suburban,pasajero	=	suburbano
traffic,suburban,tráfico	=	suburbano
construction,subway,construcción	=	subterraneo
railway,subway,ferrocarril	=	subterraneo
route,subway,ruta	=	subterraneo
station,subway,estación	=	subterraneo
railway,subway_entrance,ferrocarril	=	entrada_metro
emergency,suction_point,emergencia	=	punto_de_succión
crop,sugar,cultivo	=	azúcar
product,sugar,producto	=	azúcar
species:en,Sugar Maple,
species:en,Sugar␣Maple,especies:es	=	Azúcar␣Arce
crop,sugarcane,cultivo	=	Caña de azúcar
seasonal,summer,estacional	=	verano
leisure,summer_camp,tiempo libre	=	campamento de verano
building,summer_cottage,edificio	=	casa de verano
building,summer_house,edificio	=	Casa de verano
attraction,summer_toboggan,atracción	=	trineo_de_verano
man_made,summit_cross,hecho por el hombre	=	cruz de la cumbre
sport,sumo,deporte	=	sumo
barrier,sump_buster,barrera	=	destructor de sumidero
nhd:fdate,Sun May 13 00:00:00 PDT 2007,
nhd:fdate,Sun Sep 23 00:00:00 PDT 2007,
craft,sun_protection,artesanía	=	proteccion solar
shelter_type,sun_shelter,refugio_tipo	=	sol_refugio
leisure,sunbathing,tiempo libre	=	broncearse
crop,sunflower,cultivo	=	girasol
denomination,sunni,
opening_hours,sunrise-sunset,horario de apertura	=	la salida del sol puesta de sol
lit,"sunset-00:00,05:00-sunrise␣UTC","iluminado	=	atardecer-00:00,05:00-amanecer␣UTC"
light:lit,sunset-sunrise,Luz encendida	=	Atardecer Amanecer
lit,sunset-sunrise,iluminado	=	Atardecer Amanecer
seamark:buoy_special_purpose:shape,super-buoy,seamark:boya propósito especial:forma	=	superboya
building,supermarket,edificio	=	supermercado
shop,supermarket,tienda	=	supermercado
wholesale,supermarket,mayorista	=	supermercado
type,superroute,tipo	=	superruta
office,supervised_injection_site,oficina	=	sitio de inyección supervisado
seamark:pipeline_submarine:category,supply,
roller_coaster,support,montaña rusa	=	apoyo
shop,surf,tienda	=	navegar
amenity,surf_school,amenidad/servicio	=	escuela de surf
crossing:markings,surface,
location,surface,ubicación	=	superficie
parking,surface,estacionamiento	=	superficie
sport,surfing,deporte	=	surf
pipeline,surge_tank,tubería	=	tanque de compensación
healthcare:speciality,surgery,sanidad:especialidad	=	cirugía
healthcare:speciality,surgical_oncology,sanidad:especialidad	=	oncología quirúrgica
man_made,surveillance,artificial	=	vigilancia
addr.source:housenumber,survey,addr.source:numero de casa	=	encuesta
addr.source:street,survey,dirección.fuente:calle	=	encuesta
source:addr,survey,
source:addr:housenumber,survey,
source:addr:street,survey,
source:damage,survey,fuente: daño	=	encuesta
source:maxspeed,survey,
source:name,survey,nombre de la fuente	=	encuesta
man_made,survey_point,artificial	=	punto_encuesta
source:maxspeed,survey;image,fuente:maxspeed	=	encuesta;imagen
office,surveyor,oficina	=	topógrafo
cuisine,sushi,cocina	=	Sushi
lamp_mount,suspended,montaje_de_lampara	=	suspendido
bridge:structure,suspension,puente:estructura	=	suspensión
line_attachment,suspension,línea_adjunto	=	suspensión
tower:type,suspension,torre:tipo	=	suspensión
network:wikipedia,sv:Västtrafik,
direction,SW,dirección	=	SUDOESTE
naptan:Bearing,SW,
water,swale,agua	=	cenagal
wetland,swamp,humedal	=	pantano
LINZ:layer,swamp_poly,LINZ:capa	=	pantano_poly
NHD:FTYPE,SwampMarsh,NHD:FTYPE	=	PantanoMarsh
craft,sweep,artesanía	=	barrer
vending,sweets,venta	=	dulces
waterway,swept_area,camino acuático	=	área barrida
sport,swimming,deporte	=	natación
leisure,swimming_area,tiempo libre	=	zona de baño
amenity,swimming_pool,amenidad/servicio	=	alberca
leisure,swimming_pool,ocio	=	piscina
shop,swimming_pool,tienda	=	alberca
amenity,swimming_school,amenidad/servicio	=	escuela de natacion
clothes,swimwear,ropa	=	trajes de baño
bridge:movable,swing,puente: móvil	=	ritmo
playground,swing,parque infantil	=	ritmo
barrier,swing_gate,barrera	=	portón abatible
amenity,swingerclub,amenidad/servicio	=	club swinger
pole,switch,
power,switch,energía	=	cambiar
railway,switch,ferrocarril	=	cambiar
power,switchgear,poder	=	Subestación de control
seamark:radio_station:category,syledis,seamark:emisora de radio:categoria	=	syledis
species,sylvatica,especies	=	silvatica
wiki:symbol,Symbol_SWV_Örtlicher_Weg.svg,
trailblazed,symbols,pionero	=	simbolos
building,synagogue,edificio	=	sinagoga
compensator,synchronous_condenser,compensador	=	condensador síncrono
genus,Syringa,género	=	Jeringuilla
species,Syringa␣reticulata,especies	=	Jeringa␣reticulada
vending,syringes,venta	=	jeringas
shop,systembolaget,tienda	=	sistemabolaget
healthcare:speciality,systemic,sanidad:especialidad	=	sistémico
cai_scale,T,escala cai	=	T
aerialway,t-bar,vía aérea	=	barra en T
aerialway:drag_lift,t-bar,vía aérea: elevador de arrastre	=	barra en T
amenity,table,amenidad/servicio	=	mesa
tomb,table,tumba	=	mesa
traffic_calming,table,calmar el tráfico	=	mesa
sport,table_soccer,deporte	=	Futbolín
sport,table_tennis,deporte	=	Tenis de mesa
leisure,table_tennis_table,tiempo libre	=	mesa de tennis
beacon:type,TACAN,baliza:tipo	=	TACAN
information,tactile_map,información	=	mapa táctil
information,tactile_model,información	=	modelo táctil
sport,taekwondo,deporte	=	taekwondo
man_made,tailings_pond,hecho por el hombre	=	estanque de relaves
craft,tailor,artesanía	=	Sastre
shop,tailor,tienda	=	Sastre
usage,tailrace,uso	=	carrera de cola
drink:viez,takeaway,bebida: viez	=	quitar
building,tank,edificio	=	tanque
historic,tank,histórico	=	tanque
man_made,tank,artificial	=	tanque
seamark:type,tank,marca de mar: tipo	=	tanque
barrier,tank_trap,barrera	=	tanque_trampa
harbour:category,tanker,puerto:categoría	=	petrolero
beauty,tanning,belleza	=	bronceado
leisure,tanning_salon,tiempo libre	=	Salón de bronceado
religion,taoist,religión	=	taoísta
cuisine,tapas,cocina	=	tapas
man_made,tar_kiln,artificial	=	tar_kiln
roof:material,tar_paper,techo: material	=	papel de alquitrán
surface,tarmac,superficie	=	pista
surface,tarmacadam,superficie	=	tarmacadam
advertising,tarp,publicidad	=	lona
surface,tartan,superficie	=	tartán
shop,tattoo,tienda	=	tatuaje
government,tax,gobierno	=	impuesto
office,tax,oficina	=	impuesto
office,tax_advisor,oficina	=	asesor fiscal
amenity,taxi,amenidad/servicio	=	taxi
amenity,taxi_point,amenidad/servicio	=	punto de taxi
aeroway,taxilane,vía aérea	=	Carril de Taxi
aeroway,taxiway,vía aérea	=	calle de rodaje
light:aviation,taxiway_centre,
genus,Taxus,género	=	Taxus
species,Taxus␣baccata,especies	=	Taxus␣baccata
damage:Chido:event,TC-2024-000225-COM,
navigationaid,tdz,
crop,tea,cultivo	=	té
shop,tea,tienda	=	té
cuisine,tea_house,cocina	=	casa de te
trees,tea_plants,árboles	=	plantas_de_te
cuisine,tea_shop,cocina	=	tienda de té
cuisine,teahouse,cocina	=	casa de te
sport,team_handball,deporte	=	equipo_balonmano
building,tech_cab,edificio	=	cabina de tecnología
bunker_type,technical,tipo búnker	=	técnico
emergency_service,technical,servicio de emergencia	=	técnico
room,technical,habitación	=	técnico
historic,technical_monument,histórico	=	monumento_técnico
railway,technical_station,ferrocarril	=	estación_técnica
museum,technology,museo	=	tecnología
disc_golf,tee,disco de golf	=	tee
golf,tee,golf	=	tee
playground,teenshelter,parque infantil	=	refugio para adolescentes
landcover,tees,cubierta terrestre	=	camisetas
manhole,telecom,agujero de hombre	=	telecomunicaciones
street_cabinet,telecom,calle_gabinete	=	telecomunicaciones
type,telecom,tipo	=	telecomunicaciones
utility,telecom,utilidad	=	telecomunicaciones
utility,telecom;power,
office,telecommunication,oficina	=	telecomunicación
shop,telecommunication,tienda	=	telecomunicación
signal_station,telegraph,estación de señales	=	telégrafo
amenity,telephone,amenidad/servicio	=	teléfono
seamark:cable_overhead:category,telephone,seamark:sobrecarga de cable:categoría	=	teléfono
man_made,telephone_box,artificial	=	cabina telefónica
man_made,telephone_exchange,hecho por el hombre	=	central telefónica
man_made,telephone_office,artificial	=	teléfono_oficina
vending,telephone_vouchers,venta	=	vales telefónicos
man_made,telescope,artificial	=	telescopio
amenity,television,amenidad/servicio	=	televisión
studio,television,estudio	=	televisión
utility,television,utilidad	=	televisión
man_made,tell,hecho por el hombre	=	contar
seamark:landmark:function,tempel,marca:punto de referencia:función	=	templo
building,temple,edificio	=	templo
seamark:landmark:function,temple,marca:punto de referencia:función	=	templo
seamark:light:status,temporary,seamark:luz:estado	=	temporario
sport,tennis,deporte	=	tenis
building,tent,edificio	=	carpa
trees,tequila_agave,árboles	=	tequila_agave
aeroway,terminal,vía aérea	=	Terminal
information,terminal,información	=	Terminal
internet_access,terminal,acceso a Internet	=	Terminal
power,terminal,energía	=	Terminal
hgv:national_network,terminal_access,hgv:red_nacional	=	acceso_terminal
line_management,termination,manejo de linea	=	terminación
tower:type,termination,torre:tipo	=	terminación
natural,termite_mound,natural	=	montículo de termitas
building,terrace,edificio	=	terraza
house,terrace,casa	=	terraza
outdoor_seating,terrace,asientos al aire libre	=	terraza
residential,terrace,Residencial	=	terraza
building,terrace_house,edificio	=	terraza de la casa
house,terraced,casa	=	adosado
building,terraced_house,edificio	=	Casa adosada
border_type,territorial,tipo de borde	=	territorial
area:highway,tertiary,zona:carretera	=	terciario
construction,tertiary,construcción	=	terciario
ferry,tertiary,transportar	=	terciario
highway,tertiary,"Una carretera terciaria sirve destinos y comunidades locales, proporcionando acceso a áreas residenciales y comerciales | carretera	=	terciario"
construction,tertiary_link,construcción	=	enlace terciario
highway,tertiary_link,carretera	=	enlace_terciario
teryt:updated_by,teryt2osm combine.py v. 43,
teryt:updated_by,teryt2osm␣combine.py␣v.␣43,teryt:actualizado_por	=	teryt2osm␣combine.py␣v.␣43
usage,test,uso	=	prueba
playground,tetherball,parque infantil	=	tetherball
sport,tetherball,deporte	=	tetherball
cuisine,tex-mex,cocina	=	de Texas y Mexico
books,textbook,libros	=	libro de texto
species,Tg1,especies	=	Tg1
species,Tgc,especies	=	Tgc
cuisine,thai,cocina	=	tailandés
massage,thai,masaje	=	tailandés
roof:material,thatch,techo: material	=	paja
amenity,theatre,amenidad/servicio	=	teatro
tourism,theme_park,turismo	=	parque temático
office,therapist,oficina	=	terapeuta
denomination,theravada,
bath:type,thermal,baño:tipo	=	térmico
generator:method,thermal,generador:método	=	térmico
plant:method,thermal,planta:método	=	térmico
description,"these 'kanal' are oil palm drainage trenches/etc and does not fit into the tag waterway=canal; inaccessible by boats, hence the tag waterway=ditch is more appropriate",
megalith_type,tholos,tipo de megalito	=	tholos
healthcare:speciality,thoracic_surgery,sanidad:especialidad	=	cirugía Torácica
design,three-level,diseño	=	tres niveles
historic,threshing_floor,histórico	=	trilla
man_made,threshing_floor,artificial	=	trilla
road_marking,through,=
turn:lanes,through,giro:carriles	=	mediante
turn:lanes:backward,through,girar:carriles:atrás	=	mediante
turn:lanes:forward,through,girar:carriles:adelante	=	mediante
road_marking,through;right,=
turn:lanes:forward,through;right,
turn:lanes,through|right,giro:carriles	=	a través|a la derecha
turn:lanes:backward,through|right,girar:carriles:atrás	=	a través|a la derecha
turn:lanes:forward,through|right,girar:carriles:adelante	=	a través|a la derecha
turn:lanes,through|through,giro:carriles	=	a través|a través
turn:lanes,through|through;right,giro:carriles	=	a través|a través;a la derecha
turn:lanes,through|through|right,giro:carriles	=	a través|a través|derecha
turn:lanes,through|through|slight_right,giro:carriles	=	a través|a través|slight_right
nhd:fdate,Thu Dec 27 00:00:00 PST 2007,
nhd:fdate,Thu Feb 28 00:00:00 PST 2008,
nhd:fdate,Thu Mar 28 00:00:00 PST 2002,
nhd:fdate,Thu May 27 00:00:00 PDT 2010,
nhd:fdate,Thu May 29 00:00:00 PDT 2008,
nhd:fdate,Thu Sep 27 00:00:00 PDT 2007,
genus,Thuja,género	=	tuya
species,Thuja␣occidentalis,especies	=	Thuja␣occidentalis
species,THUJA␣ORIENTALIS,especies	=	THUJA␣ORIENTALIS
object:city,Tiana,
denomination,tiantai,denominación	=	tiantai
shop,ticket,tienda	=	boleto
amenity,ticket_booth,amenidad/servicio	=	taquilla
amenity,ticket_validator,amenidad/servicio	=	validador_de_tickets
shop,tickets,tienda	=	Entradas
dock,tidal,muelle	=	de marea
generator:source,tidal,generador:fuente	=	de marea
natural,tidal,natural	=	de marea
water,tidal,agua	=	de marea
waterway,tidal_channel,camino acuático	=	canal_de_marea
wetland,tidalflat,humedal	=	plano de marea
signal_station,tide_gauge,estación de señales	=	mareógrafo
signal_station,tide_scale,estación de señales	=	escala de mareas
tiger:source,tiger_import_dch_v0.6_20070808,tigre:fuente	=	tiger_import_dch_v0.6_20070808
tiger:source,tiger_import_dch_v0.6_20070809,
tiger:source,tiger_import_dch_v0.6_20070810,
tiger:source,tiger_import_dch_v0.6_20070812,
tiger:source,tiger_import_dch_v0.6_20070813,
tiger:source,tiger_import_dch_v0.6_20070828,
tiger:source,tiger_import_dch_v0.6_20070829,
tiger:source,tiger_import_dch_v0.6_20070830,
building:roof,tile,edificio: techo	=	teja
roof:material,tile,techo: material	=	teja
craft,tiler,artesanía	=	solador
building:roof,tiles,edificio: techo	=	losas
roof:material,tiles,techo: material	=	losas
shop,tiles,tienda	=	losas
genus,Tilia,género	=	tilia
species,Tilia,especies	=	tilia
species,Tilia cordata,
species,Tilia platyphyllos,
species,Tilia tomentosa,
species,Tilia x europaea,
species,Tilia␣americana,especies	=	Tilia␣americana
species,Tilia␣cordata,especies	=	Tilia␣cordata
species,Tilia␣euchlora␣x,especies	=	Tilia␣euchlora␣x
species,Tilia␣Europaea,especies	=	Tilia␣Europaea
species,"Tilia␣europaea␣""Pallida""","especies	=	Tilia␣europaea␣""Pallida"""
species,Tilia␣platyphyllos,especies	=	Tilia␣platyphyllos
species,Tilia␣sp,especies	=	Tilia␣sp
species,Tilia␣sp.,especies	=	Tilia␣sp.
species,Tilia␣tomentosa,especies	=	Tilia␣tomentosa
species,TILIA␣TOMENTOSA␣(SIN.␣T.␣ARGENTEA),especies	=	TILIA␣TOMENTOSA␣(SIN.␣T.␣ARGENTEA)
species,Tilia␣x␣euchlora,especies	=	Tilia␣x␣euchlora
species,Tilia␣x␣europaea,especies	=	Tilia␣x␣europaea
species,Tilia␣x␣europea,especies	=	Tilia␣x␣europea
species,Tilp,especies	=	inclinación
bridge:movable,tilt,puente: móvil	=	inclinación
produce,timber,producir	=	madera
trade,timber,comercio	=	madera
building:material,timber_framing,material de construcción	=	estructura_de_madera
cafe,time_cafe,cafetería	=	café del tiempo
seamark:radio_station:category,time_signal,seamark:emisora de radio:categoria	=	señal de tiempo
cafe,time-cafe,cafetería	=	tiempo-cafe
departures_board,timetable,salidas a bordo	=	calendario
boundary,timezone,Perímetro	=	zona horaria
building:material,tin,material de construcción	=	estaño
building:roof,tin,edificio: techo	=	estaño
roof:material,tin,techo: material	=	estaño
craft,tinsmith,artesanía	=	hojalatero
wall,tire_barrier,pared	=	barrera de neumáticos
source:hgv:national_network,Title 23: Highways Part 658 http://ecfr.gpoaccess.gov/cgi/t/text/text-idx?c=ecfr&rgn=div5&view=text&node=23:1.0.1.7.33&idno=23,
type,TMC,tipo	=	TMC
type,tmc:point,tipo	=	tmc:punto
shop,tobacco,tienda	=	tabaco
sport,toboggan,deporte	=	tobogán
amenity,toilet,amenidad/servicio	=	inodoro
room,toilet,habitación	=	inodoro
amenity,toilets,amenidad/servicio	=	baños
building,toilets,edificio	=	baños
room,toilets,habitación	=	baños
seamark:small_craft_facility:category,toilets,seamark:instalación para embarcaciones pequeñas:categoría	=	baños
vending,toll,venta	=	peaje
barrier,toll_booth,barrera	=	cabina de peaje
highway,toll_booth,autopista	=	cabina de peaje
highway,toll_gantry,autopista	=	peaje_gantry
building,tomb,edificio	=	tumba
historic,tomb,histórico	=	tumba
man_made,tomb,hecho por el hombre	=	tumba
man_made,tombstone,hecho por el hombre	=	lápida sepulcral
species,tomentosa,especies	=	tomentosa
shop,tool_hire,tienda	=	alquiler de herramientas
craft,toolmaker,artesanía	=	fabricante de herramientas
shop,tools,tienda	=	herramientas
wholesale,tools,mayorista	=	herramientas
seamark:type,topmark,marca de mar: tipo	=	marca de tope
map_type,topo,tipo de mapa	=	topo
ngbe:tema,Toponimia,ngbe:tema	=	toponimia
seamark:radio_station:category,toran,seamark:emisora de radio:categoria	=	toran
fountain,toret,fuente	=	toret
ceremonial_gate,torii,
man_made,torii,artificial	=	Torii
advertising,totem,publicidad	=	tótem
crossing_ref,toucan,cruce_ref	=	tucán
sport,touch_football,deporte	=	tocar futbol
club,tourism,club	=	turismo
harbour:category,tourism,puerto:categoría	=	turismo
usage,tourism,uso	=	turismo
tourism,tourism-attraction,turismo	=	atracción turística
office,tourist_accommodation,oficina	=	alojamiento turistico
amenity,tourist_bus_parking,amenidad/servicio	=	aparcamiento de autobuses turísticos
highway,tourist_bus_stop,autopista	=	parada de autobús turístico
aeroway,tower,vía aérea	=	torre
building,tower,edificio	=	torre
historic,tower,histórico	=	torre
landmark,tower,punto de referencia	=	torre
lifeguard,tower,Salvavidas	=	torre
man_made,tower,artificial	=	torre
power,tower,energía	=	torre
seamark:beacon_cardinal:shape,tower,seamark:baliza cardenal:forma	=	torre
seamark:beacon_isolated_danger:shape,tower,seamark:faro peligro aislado:forma	=	torre
seamark:beacon_lateral:shape,tower,marca:baliza lateral:forma	=	torre
seamark:beacon_safe_water:shape,tower,seamark:baliza agua segura:forma	=	torre
seamark:beacon_special_purpose:shape,tower,seamark:beacon propósito especial:forma	=	torre
seamark:landmark:category,tower,marca:punto de referencia:categoría	=	torre
crane:type,tower_crane,grua:tipo	=	grúa torre
power,tower/Gallery,poder	=	torre/Galería
border_type,town,border_type	=	pueblo
building:place,town,
place,town,lugar	=	pueblo
place:CN,town,lugar:CN	=	pueblo
surveillance:zone,town,vigilancia: zona	=	pueblo
amenity,townhall,amenidad/servicio	=	Ayuntamiento
building,townhall,edificio	=	Ayuntamiento
building,townhouse,edificio	=	casa adosada
locality,townland,localidad	=	ciudad
shop,toy,tienda	=	juguete
amenity,toy_library,amenidad/servicio	=	ludoteca
shop,toys,tienda	=	juguetes
vending,toys,venta	=	juguetes
genus,Trachycarpus,género	=	traquicarpo
species,Trachycarpus␣fortunei,especies	=	Trachycarpus␣fortunei
abandoned:highway,track,abandonado:carretera	=	pista
construction,track,construcción	=	pista
cycleway,track,carril bici	=	pista
cycleway:both,track,
cycleway:left,track,ciclovía:izquierda	=	pista
cycleway:right,track,carril bici: derecha	=	pista
detail,track,detalle	=	pista
disused:highway,track,
highway,track,"Una pista es una carretera o camino, a menudo sin pavimentar, utilizado para acceso vehicular o peatonal en áreas rurales o todoterreno | carretera	=	pista"
leisure,track,ocio	=	pista
roller_coaster,track,montaña rusa	=	pista
LINZ:layer,track_cl,LINZ:capa	=	pista_cl
railway,track_scale,ferrocarril	=	escala de pista
converted_by,Track2osm,convertido_por	=	seguimiento2osm
route,tracks,ruta	=	pistas
substation,traction,subestación	=	tracción
transformer,traction,transformador	=	tracción
shop,tractor,tienda	=	tractor
shop,trade,tienda	=	comercio
amenity,trade_school,amenidad/servicio	=	escuela de comercio
building:material,traditional,material de construcción	=	tradicional
building:roof,traditional,edificio: techo	=	tradicional
healthcare:speciality,traditional_chinese_medicine,especialidad:de_salud	=	medicina tradicional china
signal_station,traffic,estación de señales	=	tráfico
surveillance,traffic,
surveillance:zone,traffic,vigilancia: zona	=	tráfico
highway,traffic_calming,autopista	=	calmar el tráfico
area:highway,traffic_island,zona:carretera	=	Isla de tráfico
barrier,traffic_island,barrera	=	Isla de tráfico
footway,traffic_island,senda	=	Isla de tráfico
landuse,traffic_island,uso del suelo	=	Isla de tráfico
traffic_signals,traffic_lights,Señales de tráfico	=	semáforos
highway,traffic_mirror,carretera	=	tráfico_espejo
amenity,traffic_park,amenidad/servicio	=	parque de tráfico
road_marking,traffic_sign,=
crossing,traffic_signals,cruce	=	Señales de tráfico
hazard,traffic_signals,peligro	=	Señales de tráfico
highway,traffic_signals,carretera	=	Señales de tráfico
level_crossing,traffic_signals,paso a nivel	=	Señales de tráfico
type,traffic_signals_set,tipo	=	conjunto de señales de tráfico
highway,trail,autopista	=	sendero
surface,trail,superficie	=	sendero
information,trail_blaze,información	=	rastro de fuego
tourism,trail_riding_rest,turismo	=	descanso para montar a caballo
tourism,trail_riding_station,turismo	=	trail_riding_station
rental,trailer,alquiler	=	remolque
shop,trailer,tienda	=	remolque
amenity,trailer_park,amenidad/servicio	=	parque de remolques
residential,trailer_park,Residencial	=	parque de remolques
highway,trailhead,autopista	=	comienzo del sendero
attraction,train,atracción	=	tren
route,train,ruta	=	tren
building,train_station,edificio	=	estación de tren
railway,train_station_entrance,ferrocarril	=	entrada_estación_de_tren
amenity,training,amenidad/servicio	=	capacitación
military,training_area,militar	=	área de entrenamiento
police,training_area,policía	=	área de entrenamiento
seamark:shoreline_construction:category,training_wall,seamark:litoral construcción:categoría	=	muro de entrenamiento
wall,training_wall,pared	=	muro de entrenamiento
construction,tram,construcción	=	tranvía
embedded_rails,tram,
railway,tram,ferrocarril	=	tranvía
route,tram,ruta	=	tranvía
railway,tram_crossing,ferrocarril	=	tram_crossing
railway,tram_level_crossing,ferrocarril	=	tram_level_crossing
traffic_signals,tram_priority,Señales de tráfico	=	prioridad de tranvía
railway,tram_stop,ferrocarril	=	parada de tranvía
playground,trampoline,parque infantil	=	trampolín
sport,trampoline,deporte	=	trampolín
leisure,trampoline_park,tiempo libre	=	parque de trampolines
power,transformer,energía	=	transformador
building,transformer_tower,edificio	=	transformador_torre
route,transhumance,ruta	=	trashumancia
type,transit,tipo	=	tránsito
line_management,transition,manejo de linea	=	transición
placement,transition,colocación	=	transición
pole,transition,polo	=	transición
substation,transition,subestación	=	transición
tower:type,transition,torre:tipo	=	transición
meadow,transitional,prado	=	transicional
office,translator,oficina	=	traductor
seamark:cable_overhead:category,transmission,seamark:sobrecarga de cable:categoría	=	transmisión
substation,transmission,subestación	=	transmisión
usage,transmission,uso	=	transmisión
healthcare:speciality,transplant,sanidad:especialidad	=	trasplante
company,transport,empresa	=	transporte
museum,transport,museo	=	transporte
office,transport,oficina	=	transporte
building,transportation,edificio	=	transportación
usage,transportation,uso	=	transportación
bridge:movable,transporter,puente: móvil	=	transportador
building:usage:pl,Transportu i łączności,
building:usage:pl,transportu i łączności,
building:use:pl,Transportu i łączności,
building:usage:pl,Transportu lub łączności,
building:usage:pl,transportu␣i␣łączności,edificio: uso: pl	=	transportu␣i␣łączności
building:use:pl,Transportu␣i␣łączności,edificio:uso:pl	=	Transportu␣i␣łączności
line_management,transpose,manejo de linea	=	transponer
tower:type,transposing,torre:tipo	=	transponer
waste,trash,desperdicio	=	basura
healthcare:speciality,trauma,sanidad:especialidad	=	traumatólogo
shop,travel_agency,tienda	=	agencia de viajes
office,travel_agent,oficina	=	agente de viajes
crane:type,travel_lift,grua:tipo	=	ascensor de viaje
railway,traverser,ferrocarril	=	atravesador
boundary,treaty,Perímetro	=	tratado
barrier,tree,barrera	=	árbol
natural,tree,"Un árbol es una planta leñosa perenne con tronco, ramas y hojas que crece naturalmente en el medio ambiente | natural	=	árbol"
plant,tree,planta	=	árbol
support,tree,apoyo	=	árbol
natural,tree_group,natural	=	árbol_grupo
building,tree_house,edificio	=	casa del árbol
LINZ:layer,tree_pnt,LINZ:capa	=	árbol_pnt
natural,tree_row,natural	=	hilera_de_árboles
historic,tree_shrine,histórico	=	santuario del árbol
natural,tree_stump,natural	=	tocón de árbol
natural,tree/Archived_proposal,natural	=	árbol/propuesta archivada
natural,"tree/List_of_Genus,_Leaf_cycle,_Leaf_type","natural	=	árbol/Lista de Género, Ciclo de la hoja, Tipo de hoja"
landcover,trees,cubierta terrestre	=	árboles
landuse,trees,uso del suelo	=	árboles
military,trench,militar	=	zanja
bridge,trestle,puente	=	caballete
design,triangle,diseño	=	triángulo
type,triangulation,tipo	=	triangulación
wires,triple,alambres	=	triple
athletics,triple_jump,atletismo	=	salto triple
animated,trivision_blades,animado	=	cuchillas de trivisión
amenity,trolley_bay,amenidad/servicio	=	carrito_bay
route,trolleybus,ruta	=	trolebús
shop,trophy,tienda	=	trofeo
healthcare:speciality,tropical,sanidad:especialidad	=	tropical
shop,truck,tienda	=	camión
shop,truck_repair,tienda	=	reparación de camiones
source:hgv,Truck␣Route␣Ordinance␣https://www.phoenix.gov/streetssite/Documents/truckmap.pdf,
building,TRUE,edificio	=	CIERTO
oneway,TRUE,de una sola mano	=	CIERTO
sport,trugo,deporte	=	trugo
building,trullo,edificio	=	trullo
area:highway,trunk,zona:carretera	=	maletero
construction,trunk,construcción	=	maletero
ferry,trunk,transportar	=	maletero
highway,trunk,carretera	=	tronco
support,trunk,apoyo	=	maletero
area:highway,trunk_link,zona:carretera	=	enlace troncal
construction,trunk_link,construcción	=	enlace troncal
highway,trunk_link,carretera	=	enlace_tronco
bridge:structure,truss,puente:estructura	=	braguero
loading_gauge,TSI_GA,
loading_gauge,TSI_GB,
loading_gauge,TSI_GB1,
loading_gauge,TSI_GC,
structure,tubular,estructura	=	tubular
nhd:fdate,Tue Mar 04 00:00:00 PST 2008,
nhd:fdate,Tue May 01 00:00:00 PDT 2007,
nhd:fdate,Tue Sep 25 00:00:00 PDT 2007,
amenity,tuition,amenidad/servicio	=	matrícula
building,tulou,edificio	=	tulou
archaeological_site,tumulus,sitio arqueológico	=	túmulo
site_type,tumulus,tipo_sitio	=	túmulo
tomb,tumulus,tumba	=	túmulo
natural,tundra,natural	=	tundra
landform,tundra_polygon,
car:repair,tuning,reparación de autos	=	Afinación
location,tunnel,localización	=	túnel
man_made,tunnel,artificial	=	túnel
seamark:type,tunnel,marca de mar: tipo	=	túnel
type,tunnel,tipo	=	túnel
playground,tunnel_tube,parque infantil	=	tubo de tunel
landuse,turbary,uso del suelo	=	turbante
cuisine,turkish,cocina	=	turco
leisure,turkish_bath,tiempo libre	=	baño turco
hazard,turn,peligro	=	giro
road_marking,turn_dashes,=
craft,turner,artesanía	=	tornero
seamark:type,turning_basin,marca de mar: tipo	=	lavabo giratorio
area:highway,turning_circle,zona:carretera	=	radio de giro
highway,turning_circle,carretera	=	radio de giro
highway,turning_loop,carretera	=	giro_bucle
waterway,turning_point,camino acuático	=	punto de retorno
seamark:restricted_area:restriction,turning_prohibited,seamark:área restringida:restricción	=	giro prohibido
type,turnlanes:lengths,tipo	=	carriles de giro: longitudes
type,turnlanes:turns,tipo	=	carriles de giro: giros
seamark:buoy_lateral:category,turnoff_left,marca:boya lateral:categoria	=	desvío a la izquierda
seamark:buoy_lateral:category,turnoff_right,marca:boya lateral:categoria	=	desvío a la derecha
hazard,turns,peligro	=	vueltas
barrier,turnstile,barrera	=	torniquete
railway,turntable,ferrocarril	=	placa giratoria
office,tutoring,oficina	=	tutoría
addr:county,Tuttlingen,dirección: condado	=	Tuttlingen
design,two-level,diseño	=	dos niveles
seamark:type,two-way_route,marca de mar: tipo	=	ruta de dos sentidos
navigationaid,txc,
source:hgv,"TxDOT’s Sign Guidelines and Applications Manual, Chapter 5, Section 6 Truck Routes https://onlinemanuals.txdot.gov/TxDOTOnlineManuals/TxDOTManuals/smk/truck_routes.htm",
navigationaid,txe,
barrier,tyres,barrera	=	neumáticos
service,tyres,Servicio	=	neumáticos
shop,tyres,tienda	=	neumáticos
railway:track_ref,U,
maxspeed,UA:rural,máxima velocidad	=	UA:rural
maxspeed,UA:urban,máxima velocidad	=	AU:urbano
genus,Ulmus,género	=	Ulmus
species,Ulmus␣americana,especies	=	Ulmus␣americana
species,Ulmus␣carpinifolia,especies	=	Ulmus␣carpinifolia
species,Ulmus␣glabra,especies	=	Ulmus␣glabra
species,Ulmus␣minor,especies	=	Ulmus␣menor
species,Ulmus␣parvifolia,especies	=	Ulmus␣parvifolia
species,Ulmus␣pumila,especies	=	Ulmus␣pumila
sport,ultimate,deporte	=	último
vending,umbrellas,venta	=	sombrillas
building,unclassified,edificio	=	desclasificado
construction,unclassified,construcción	=	desclasificado
ferry,unclassified,transportar	=	desclasificado
highway,unclassified,Una carretera sin clasificar es una carretera menor que no ha recibido una clasificación funcional específica | carretera	=	desclasificado
crossing,uncontrolled,cruce	=	sin control
junction,uncontrolled,unión	=	sin control
level_crossing,uncontrolled,paso a nivel	=	sin control
building,undefined,edificio	=	indefinido
fire_hydrant:type,underground,hidrante_de_incendio:tipo	=	bajo tierra
location,underground,ubicación	=	bajo tierra
parking,underground,estacionamiento	=	bajo tierra
power,underground_cable,poder	=	cable subterráneo
location,underwater,localización	=	submarino
clothes,underwear,ropa	=	ropa interior
shop,underwear,tienda	=	ropa interior
hazard,unexploded_ordnance,peligro	=	munición sin explotar
surface,unhewn_cobblestone,superficie	=	adoquines sin tallar
building,unidentified,edificio	=	no identificado
clothes,uniforms,ropa	=	uniformes
seamark:light:visibility,unintensified,marca:luz:visibilidad	=	no intensificado
office,union,oficina	=	Unión
clothes,unisex,ropa	=	unisexo
religion,unitarian_universalist,religión	=	unitario universalista
flag:name,United States,
subject,United States,
amenity,university,amenidad/servicio	=	Universidad
building,university,edificio	=	Universidad
office,university,oficina	=	Universidad
operator:type,university,
residential,university,Residencial	=	Universidad
access,unknown,acceso	=	desconocido
bicycle,unknown,bicicleta	=	desconocido
building,unknown,edificio	=	desconocido
crossing,unknown,cruce	=	desconocido
foot,unknown,pie	=	desconocido
genus,unknown,género	=	desconocido
horse,unknown,
wheelchair,unknown,
dog,unleashed,perro	=	soltado
source:maxspeed,Unless otherwise posted speed limit 25 MPH in Oklahoma City; OKC code § 32-166.,
maxstay,unlimited,
crossing,unmarked,cruce	=	no notificado
cycleway,unmarked_lane,carril bici	=	carril_sin_marcar
bus,unofficial,autobús	=	no oficial
footway:surface,unpaved,acera:superficie	=	sin pavimentar
surface,unpaved,"Una superficie sin pavimentar está hecha de materiales naturales como grava, tierra o hierba, sin pavimento artificial | superficie	=	sin pavimentar"
surface,unpaved_minor,superficie	=	sin pavimentar_menor
seamark:light:status,unreliable,seamark:luz:estado	=	no fidedigno
operational_status_quality,unspecified,estado_operativo_calidad	=	no especificado
construction,unsurfaced,construcción	=	sin superficie
highway,unsurfaced,autopista	=	sin superficie
heritage:operator,UntereDenkmalbehörde,patrimonio:operador	=	UntereDenkmalbehörde
direction,up,dirección	=	hasta
incline,up,inclinación	=	arriba
old_railway_operator,UP,antiguo operador ferroviario	=	HASTA
incline,up/down,inclinación	=	arriba abajo
craft,upholsterer,artesanía	=	tapicero
seamark:light:1:category,upper,seamark:luz:1:categoría	=	Superior
seamark:light:category,upper,seamark:luz:categoría	=	Superior
seamark:topmark:shape,upright_cross,marca de mar:marca de tope:forma	=	cruz vertical
seamark:topmark:shape,upright-cross,marca de mar:marca de tope:forma	=	cruz vertical
seamark:light:character,UQ,marca:luz:personaje	=	UQ
boundary,urban,Perímetro	=	urbano
bus,urban,autobús	=	urbano
denotation,urban,denotación	=	urbano
passenger,urban,pasajero	=	urbano
residential,urban,Residencial	=	urbano
traffic,urban,tráfico	=	urbano
HFCS,Urban Collector,
HFCS,Urban Minor Arterial,
HFCS,Urban Principal Arterial,
HFCS,Urban Principal Arterial - Other,
HFCS,Urban␣Collector,JMAF	=	Urban␣Coleccionista
HFCS,Urban␣Minor␣Arterial,JMAF	=	Urbano␣Menor␣Arterial
HFCS,Urban␣Principal␣Arterial,JMAF	=	Urbano␣Principal␣Arterial
HFCS,Urban␣Principal␣Arterial␣-␣Other,JMAF	=	Urbano␣Principal␣Arterial␣-␣Otro
healthcare:speciality,urology,sanidad:especialidad	=	urología
source:addr,Urząd Miasta Gdańsk,
country,US,
cycle_network,US,red de bicicletas	=	NOSOTROS
ref,US 1,
source:population,US Census,
cycle_network,US:CA:SF,red de bicicletas	=	EE. UU.: CA: SF
cycle_network,US:GA,red de bicicletas	=	EE. UU.: Georgia
cycle_network,US:LA:NO,red de bicicletas	=	EE. UU.: LA: NO
traffic_sign,US:MD:M1-5,señal de tráfico	=	EE. UU.: Doctor en Medicina: M1-5
cycle_network,US:NC,red de bicicletas	=	EE. UU.: Carolina del Norte
cycle_network,US:NM,red de bicicletas	=	EE. UU.: NM
cycle_network,US:NY,red de bicicletas	=	EE. UU.: Nueva York
cycle_network,US:OH,red de bicicletas	=	EE. UU.: OH
cycle_network,US:PA,red de bicicletas	=	EE. UU.: Pensilvania
traffic_sign,US:R1-1,
cycle_network,US:US,red de bicicletas	=	EE. UU.: EE. UU.
cycle_network,US:USA,red de bicicletas	=	EE. UU.: EE. UU.
access,use_sidepath,acceso	=	usar camino lateral
bicycle,use_sidepath,bicicleta	=	use_sidepath
bicycle:backward,use_sidepath,bicicleta: al revés	=	usar camino lateral
bicycle:forward,use_sidepath,bicicleta:adelante	=	usar camino lateral
foot,use_sidepath,pie	=	use_sidepath
mofa,use_sidepath,mofa	=	use_sidepath
moped,use_sidepath,ciclomotor	=	use_sidepath
operator:short,USGS,
operator:short,USPS,
short_name,USPS,nombre corto	=	USPS
building,utility,edificio	=	utilidad
service,utility,Servicio	=	utilidad
man_made,utility_pole,artificial	=	poste de electricidad
LINZ:source_version,V16,LINZ:versión_fuente	=	V16
source:geometry,VA building footprints,
railway,vacancy_detection,ferrocarril	=	vacancy_detection
shop,vacant,tienda	=	vacante
healthcare:speciality,vaccination,sanidad:especialidad	=	vacunación
healthcare,vaccination_centre,cuidado de la salud	=	centro de vacunación
genus,Vaccinium,género	=	vaccinio
genus,Vachellia,género	=	Vachelia
amenity,vacuum_cleaner,amenidad/servicio	=	aspiradora
shop,vacuum_cleaner,tienda	=	aspiradora
object:city,Valdivia,objeto:ciudad	=	Valdivia
natural,valley,natural	=	Valle
inlet,valve,entrada	=	válvula
outlet,valve,toma de corriente	=	válvula
pipeline,valve,tubería	=	válvula
access,variable,acceso	=	variable
traffic_sign,variable_message,señal de tráfico	=	mensaje variable
shop,variety_store,tienda	=	Tienda de variedades
healthcare:speciality,vascular_surgery,sanidad:especialidad	=	Cirugía vascular
navigationaid,vasi,Ayuda a la navegación	=	Vasi
tomb,vault,tumba	=	bóveda
network:short,VBB,
geobase:acquisitionTechnique,Vector Data,
crop,vegetable,cultivo	=	vegetal
crop,vegetables,cultivo	=	vegetales
wholesale,vegetables,mayorista	=	verduras
seamark:type,vegetation,marca de mar: tipo	=	vegetación
historic,vehicle,histórico	=	vehículo
memorial,vehicle,monumento	=	vehículo
amenity,vehicle_inspection,amenidad/servicio	=	Inspeccion de vehiculo
amenity,vehicle_ramp,amenidad/servicio	=	rampa para vehículos
seamark:type,vehicle_transfer,marca de mar: tipo	=	transferencia de vehiculo
shop,vehicles,tienda	=	vehículos
amenity,vending_machine,amenidad/servicio	=	máquina expendedora
healthcare:speciality,venereology,sanidad:especialidad	=	venereología
historic,venta,histórico	=	venta
man_made,ventilation_shaft,artificial	=	ducto de ventilación
railway,ventilation_shaft,ferrocarril	=	ducto de ventilación
site,venue,sitio	=	evento
building,veranda,edificio	=	veranda
seamark:beacon_safe_water:colour_pattern,vertical,seamark:beacon agua segura:patrón de color	=	vertical
seamark:buoy_safe_water:colour_pattern,vertical,marca de mar: boya de agua segura: patrón de color	=	vertical
seamark:buoy_special_purpose:colour_pattern,vertical,marca de mar: boya propósito especial: patrón de color	=	vertical
seamark:topmark:colour_pattern,vertical,marca de mar: marca de tope: patrón de color	=	vertical
survey_point:purpose,vertical,punto de encuesta: propósito	=	vertical
generator:type,vertical_axis,generador: tipo	=	eje vertical
smoothness,very_bad,suavidad	=	muy mal
smoothness,very_horrible,suavidad	=	muy horrible
standing,very_low,de pie	=	muy bajo
manufacturer,Vestas,fabricante	=	Vestas
club,veterans,club	=	veteranos
amenity,veterinary,amenidad/servicio	=	veterinario
amenity,veterinary_pharmacy,amenidad/servicio	=	farmacia veterinaria
highway,via_ferrata,autopista	=	via_ferrata
bridge,viaduct,puente	=	viaducto
railway,viaduct,ferrocarril	=	viaducto
source:ref,Vialidad,fuente: referencia	=	Vialidad
boundary,vice_county,Perímetro	=	vice condado
source:name,Vicmap.Transport:services.land.vic.gov.au,
shop,video,tienda	=	video
studio,video,estudio	=	video
leisure,video_arcade,tiempo libre	=	sala de videojuegos
shop,video_games,tienda	=	videojuegos
man_made,video_wall,hecho por el hombre	=	pared de video
cuisine,vietnamese,cocina	=	vietnamita
tourism,viewpoint,turismo	=	punto de vista
product,viez,producto	=	mira
fountain,viktorija_zdenac,fuente	=	viktorija zdenac
building:place,village,edificio:lugar	=	aldea
place,village,lugar	=	aldea
place:CN,village,lugar:CN	=	aldea
type,Village,tipo	=	Pueblo
landuse,village_green,uso del suelo	=	aldea_verde
community_centre,village_hall,
leisure,village_swing,tiempo libre	=	columpio del pueblo
landuse,vineyard,uso del suelo	=	viñedo
clothes,vintage,ropa	=	antiguo
seamark:light:colour,violet,marca:luz:color	=	Violeta
statue,virgin,estatua	=	virgen
woodland,virgin,bosque	=	virgen
seamark:type,virtual_aton,marca de mar: tipo	=	atón virtual
office,visa,oficina	=	visa
mooring,visitor,amarradero	=	visitante
seamark:small_craft_facility:category,visitor_berth,seamark:instalación para embarcaciones pequeñas:categoría	=	amarre para visitantes
information,visitor_centre,información	=	centro de Visitantes
amenity,vivarium,amenidad/servicio	=	vivero
geological,volcanic_caldera,geológico	=	caldera volcánica
geological,volcanic_caldera_rim,geológico	=	borde de la caldera volcánica
geological,volcanic_geyser,geológico	=	géiser volcánico
geological,volcanic_lava_channel,geológico	=	canal de lava volcánica
geological,volcanic_lava_field,geológico	=	campo de lava volcánica
geological,volcanic_lava_tube,geológico	=	tubo de lava volcánica
geological,volcanic_vent,geológico	=	respiradero volcánico
natural,volcano,natural	=	volcán
sport,volleyball,deporte	=	vóleibol
compensator,voltage_regulator,compensador	=	regulador de voltaje
religion,voodoo,religión	=	vudú
beacon:type,VOR,baliza:tipo	=	VOR
addr:municipality,Vordingborg,dirección: municipio	=	Vordingborg
seamark:light:character,VQ,marca:luz:personaje	=	VQ
seamark:light:character,VQ+LFl,marca:luz:personaje	=	VQ+LFl
network:short,VRN,
direction,W,
naptan:Bearing,W,naptán: Teniendo	=	W
GNS:dsg_code,WAD,GNS: código_dsg	=	TACO
GNS:dsg_name,wadi,GNS:nombre_dsg	=	cauce
waterway,wadi,camino acuático	=	cauce
cuisine,waffle,cocina	=	gofre
sport,wakeboarding,deporte	=	wakeboard
maxspeed,walk,máxima velocidad	=	caminar
barrier,wall,barrera	=	pared
building,wall,edificio	=	pared
camera:mount,wall,cámara: montaje	=	pared
fire_hydrant:type,wall,boca de incendios:tipo	=	pared
historic,wall,histórico	=	pared
indoor,wall,interior	=	pared
lamp_mount,wall,montaje_de_lampara	=	pared
post_box:type,wall,post_box: tipo	=	pared
seamark:mooring:category,wall,marca:amarre:categoria	=	pared
seamark:type,wall,marca de mar: tipo	=	pared
support,wall,apoyo	=	pared
bicycle_parking,wall_loops,Parking de bicicletas	=	bucles_de_pared
support,wall_mounted,=	montado en la pared
advertising,wall_painting,publicidad	=	pintura mural
fountain,wallace,fuente	=	Wallace
natural,wallow,natural	=	revolcarse por
damage:event,war,daño:evento	=	guerra
damage:type,war,tipo de daño	=	guerra
cemetery,war_cemetery,cementerio	=	cementerio de guerra
tomb,war_grave,tumba	=	tumba de guerra
memorial,war_memorial,monumento	=	memorial_de_la_guerra
building,warehouse,edificio	=	depósito
industrial,warehouse,industrial	=	depósito
seamark:beacon_special_purpose:category,warning,seamark:beacon propósito especial:categoría	=	advertencia
seamark:buoy_special_purpose:category,warning,seamark:boya propósito especial:categoría	=	advertencia
railway,wash,ferrocarril	=	lavar
amenity,washing_machine,amenidad/servicio	=	lavadora
addr:county,Washington,
genus,Washingtonia,género	=	Washingtonia
species,Washingtonia␣filifera,especies	=	Washingtonia␣filifera
species,Washingtonia␣robusta,especies	=	Washingtonia␣robusta
addr:county,Washoe,
hazard,washout,peligro	=	lavado
generator:source,waste,generador:fuente	=	desperdiciar
plant:source,waste,planta:fuente	=	desperdiciar
power_source,waste,fuente de alimentación	=	desperdiciar
utility,waste,utilidad	=	desperdiciar
amenity,waste_basket,amenidad/servicio	=	papelera
boundary,waste_collection,Perímetro	=	coleccion de basura
amenity,waste_disposal,amenidad/servicio	=	deposito de basura
amenity,waste_dump_site,amenidad/servicio	=	sitio_de_vertedero_de_residuos
amenity,waste_transfer_station,amenidad/servicio	=	estación_de_transferencia_de_residuos
landuse,wasteland,uso del suelo	=	yermo
content,wastewater,contenido	=	aguas residuales
substance,wastewater,sustancia	=	aguas residuales
water,wastewater,agua	=	aguas residuales
man_made,wastewater_basin,hecho por el hombre	=	cuenca de aguas residuales
man_made,wastewater_plant,artificial	=	planta_de_aguas_residuales
shop,watches,tienda	=	relojes
craft,watchmaker,artesanía	=	relojero
tower:type,watchtower,torre:tipo	=	torre de vigilancia
addr:type,water,dirección: tipo	=	agua
amenity,water,amenidad/servicio	=	agua
content,water,contenido	=	agua
landcover,water,cubierta terrestre	=	agua
natural,water,"Un cuerpo de agua es cualquier acumulación significativa de agua, como un lago, río, arroyo u océano | natural	=	agua"
seamark:small_craft_facility:category,water,seamark:instalación para embarcaciones pequeñas:categoría	=	agua
shop,water,tienda	=	agua
substance,water,sustancia	=	agua
type,water,tipo	=	agua
utility,water,utilidad	=	agua
vending,water,venta	=	agua
man_made,water_canal,artificial	=	canal_de_agua
railway,water_crane,ferrocarril	=	grúa de agua
golf,water_hazard,golf	=	obstáculo de agua
leisure,water_park,ocio	=	parque acuatico
amenity,water_point,amenidad/servicio	=	punto_de_agua
waterway,water_point,camino acuático	=	punto de agua
sport,water_polo,deporte	=	Polo acuático
boundary,water_protection_area,Perímetro	=	área de protección del agua
basin,water_regeneration,cuenca	=	regeneración de agua
emergency,water_rescue_station,emergencia	=	estación de rescate de agua
sport,water_ski,deporte	=	esquí acuático
attraction,water_slide,atracción	=	tobogán
shop,water_sports,tienda	=	Deportes acuáticos
sport,water_sports,deporte	=	Deportes acuáticos
reservoir_type,water_storage,tipo_depósito	=	almacenamiento de agua
emergency,water_tank,emergencia	=	depósito de agua
man_made,water_tank,artificial	=	depósito de agua
man_made,water_tap,artificial	=	grifo de agua
seamark:small_craft_facility:category,water_tap,seamark:instalación para embarcaciones pequeñas:categoría	=	grifo de agua
building,water_tower,edificio	=	Torre de agua
man_made,water_tower,artificial	=	Torre de agua
railway,water_tower,ferrocarril	=	Torre de agua
seamark:type,water_turbulence,marca de mar: tipo	=	turbulencia del agua
office,water_utility,oficina	=	servicio de agua
man_made,water_well,artificial	=	Pozo
craft,water_well_drilling,artesanía	=	perforación de pozos de agua
man_made,water_works,artificial	=	abastecimiento
generator:method,water-pumped-storage,generador:método	=	almacenamiento por bombeo de agua
plant:method,water-pumped-storage,planta:método	=	almacenamiento por bombeo de agua
generator:method,water-storage,generador:método	=	almacenamiento de agua
plant:method,water-storage,planta:método	=	almacenamiento de agua
waterway,waterfall,camino acuático	=	cascada
amenity,watering_place,amenidad/servicio	=	Lugar de riego
man_made,watermill,artificial	=	molino de agua
type,watershed,tipo	=	cuenca
substance,waterwaste,sustancia	=	desperdicio de agua
man_made,waterway,artificial	=	camino acuático
route,waterway,ruta	=	camino acuático
type,waterway,tipo	=	camino acuático
seamark:type,waterway_gauge,marca de mar: tipo	=	calibre de la vía fluvial
seamark:beacon_lateral:category,waterway_left,marca:baliza lateral:categoria	=	canal izquierdo
seamark:buoy_lateral:category,waterway_left,marca:boya lateral:categoria	=	canal izquierdo
seamark:beacon_lateral:category,waterway_right,marca:baliza lateral:categoria	=	canal derecho
seamark:buoy_lateral:category,waterway_right,marca:boya lateral:categoria	=	canal derecho
seamark:buoy_lateral:category,waterway_separation,marca:boya lateral:categoria	=	separación de vías fluviales
building:material,wattle_and_daub,material de construcción	=	acacias y barro
generator:source,wave,generador:fuente	=	ola
beauty,waxing,belleza	=	cera
osm_type,way,tipo_osm	=	camino
historic,wayside_chapel,histórico	=	capilla_del_camino
historic,wayside_cross,histórico	=	wayside_cross
building,wayside_shrine,edificio	=	santuario_del_camino
historic,wayside_shrine,histórico	=	santuario_del_camino
LINZ2OSM:layer,wcc_buildings,LINZ2OSM:capa	=	wcc_edificios
shop,weapons,tienda	=	armas
signal_station,weather,estación de señales	=	clima
shelter_type,weather_shelter,refugio_tipo	=	refugio_del_tiempo
craft,weaver,artesanía	=	tejedor
source:geometry,webewid.powiatstarogard.pl,
nhd:fdate,Wed Jun 02 00:00:00 PDT 2010,
nhd:fdate,Wed May 09 00:00:00 PDT 2007,
nhd:fdate,Wed May 26 00:00:00 PDT 2010,
nhd:fdate,Wed Sep 26 00:00:00 PDT 2007,
nhd:fdate,Wed␣Sep␣26␣00:00:00␣PDT␣2007,nhd:fecha	=	miércoles␣septiembre␣26␣00:00:00␣PDT␣2007
clothes,wedding,ropa	=	boda
office,wedding_planner,oficina	=	planificador de la boda
barrier,wedge,barrera	=	cuña
seamark:type,weed,marca de mar: tipo	=	hierba
amenity,weighbridge,amenidad/servicio	=	báscula de puente
healthcare:speciality,weight_loss,especialidad:de_salud	=	pérdida de peso
sport,weightlifting,deporte	=	levantamiento de pesas
waterway,weir,camino acuático	=	presa
board_type,welcome_sign,
craft,welder,artesanía	=	soldador
landuse,well,uso del suelo	=	bien
man_made,well,hecho por el hombre	=	bien
megalith_type,well,tipo de megalito	=	bien
industrial,well_cluster,industrial	=	grupo de pozos
leisure,wellness,tiempo libre	=	bienestar
shop,wellness,tienda	=	bienestar
industrial,wellsite,industrial	=	pozo
landuse,wellsite,uso del suelo	=	pozo
addr:street:prefix,West,
name:prefix,West,
seamark:buoy_cardinal:category,west,marca:boya cardenal:categoria	=	Oeste
operator:en,West Japan Railway Company,
operator:en,West␣Japan␣Railway␣Company,operador:es	=	West␣Japan␣Railway␣Company
operator:old,Western Power Distribution,
addr:district:en,Western␣Al␣Omraneya,dirección:distrito:es	=	Occidental␣Al␣Omraneya
operator:old,Western␣Power␣Distribution,operador:viejo	=	Distribución␣de␣Energía␣Occidental
pillar:type,wet_barrel,pilar:tipo	=	barril_mojado
wetland,wet_meadow,humedal	=	prado_mojado
emergency,wet_riser,emergencia	=	elevador húmedo
seasonal,wet_season,estacional	=	temporada húmeda
natural,wetland,natural	=	humedal
shelter_type,Wetterpilz,tipo de refugio	=	Wetterpilz
crop,wheat,cultivo	=	trigo
handle,wheel,manejar	=	rueda
amenity,whirlpool,amenidad/servicio	=	torbellino
distillery,whisky,destilería	=	whisky
seamark:fog_signal:category,whistle,seamark: señal de niebla: categoría	=	silbar
building:colour,white,edificio:color	=	blanco
colour,white,color	=	blanco
colour:arrow,white,color:flecha	=	blanco
colour:back,white,color:espalda	=	blanco
colour:text,white,color:texto	=	blanco
light:colour,white,color claro	=	blanco
ref:colour_tx,white,ref:color_tx	=	blanco
seamark:beacon_special_purpose:colour,white,seamark:beacon propósito especial:color	=	blanco
seamark:buoy_special_purpose:colour,white,seamark:boya propósito especial:color	=	blanco
seamark:light:colour,white,marca:luz:color	=	blanco
seamark:topmark:colour,white,marca de mar:marca de tope:color	=	blanco
seamark:topmark:colour,white;black;white,marca de mar:marca de tope:color	=	blanco;negro;blanco
seamark:topmark:colour,white;green,marca de mar:marca de tope:color	=	blanco verde
landuse,wholesale,uso del suelo	=	venta al por mayor
shop,wholesale,tienda	=	venta al por mayor (mayorista)
barrier,wicket_gate,barrera	=	Portillo
source:addr,wieliczka.e-mapa.net,
shop,wigs,tienda	=	pelucas
source:population,wikipedia,
tourism,wilderness_hut,turismo	=	refugio no atendido con fuego
board_type,wildlife,
man_made,wildlife_crossing,artificial	=	vida silvestre_cruzando
leisure,wildlife_hide,tiempo libre	=	escondite de vida silvestre
shelter_type,wildlife_hide,tipo de refugio	=	escondite de vida silvestre
man_made,wildlife_opening,hecho por el hombre	=	apertura de vida silvestre
zoo,wildlife_park,zoo	=	parque de vida silvestre
generator:source,wind,generador:fuente	=	viento
plant:source,wind,planta:fuente	=	viento
power_source,wind,fuente de alimentación	=	viento
site,wind_farm,sitio	=	Granja eólica
generator:method,wind_turbine,generador:método	=	turbina eólica
animated,winding_posters,animado	=	devanado pósters
building,windmill,edificio	=	molino
landmark,windmill,punto de referencia	=	molino
man_made,windmill,artificial	=	molino
seamark:landmark:category,windmill,marca:punto de referencia:categoría	=	molino
landmark,windmotor,punto de referencia	=	motor de viento
seamark:landmark:category,windmotor,marca:punto de referencia:categoría	=	motor de viento
building,window,edificio	=	ventana
shop,window,tienda	=	ventana
shop,window_blind,tienda	=	persiana de la ventana
craft,window_construction,artesanía	=	ventana_construccion
shop,window_tinting,tienda	=	tintado de ventanas
shop,windows,tienda	=	ventanas
man_made,windpump,artificial	=	aerobomba
aeroway,windsock,vía aérea	=	manga de viento
landmark,windsock,punto de referencia	=	manga de viento
seamark:landmark:category,windsock,marca:punto de referencia:categoría	=	manga de viento
sport,windsurfing,deporte	=	windsurf
content,wine,contenido	=	vino
shop,wine,tienda	=	vino
tourism,wine_cellar,turismo	=	bodega
crop,WINE␣GRAPES,cultivo	=	VINO␣UVAS
amenity,winery,amenidad/servicio	=	lagar
craft,winery,artesanía	=	lagar
industrial,winery,industrial	=	lagar
shop,winery,tienda	=	lagar
cuisine,wings,cocina	=	alas
seasonal,winter,estacional	=	invierno
landuse,winter_sport,uso del suelo	=	deporte de invierno
landuse,winter_sports,uso del suelo	=	Deportes de invierno
species:de,Winter-Linde,
fence_type,wire,=	cable
support,wire,apoyo	=	cable
barrier,wire_fence,barrera	=	cerca de alambre
internet_access,wired,acceso a Internet	=	cableado
NHD:FLOWDIR,With Digitized,
NHD:FLOWDIR,With␣Digitized,NHD:FLUJO DIR	=	Con␣Digitalizado
seamark:beacon_lateral:shape,withy,marca:baliza lateral:forma	=	con
internet_access,wlan,acceso a Internet	=	wifi
clothes,women,ropa	=	mujeres
clothes,women;men,ropa	=	mujeres Hombres
clothes,women;men;children,ropa	=	mujeres;hombres;niños
building:material,wood,material de construcción	=	madera
fence_type,wood,=	madera
floor:material,wood,piso: material	=	madera
landuse,wood,uso del suelo	=	madera
material,wood,material	=	madera
natural,wood,"Un bosque es un área forestal cubierta de árboles y vegetación leñosa, típicament más grande que una arboleda | natural	=	madera"
roof:material,wood,techo: material	=	madera
surface,wood,superficie	=	madera
trade,wood,comercio	=	madera
wholesale,wood,mayorista	=	madera
landuse,wood_(Don't_use),uso del suelo	=	madera (no usar)
barrier,wood_fence,barrera	=	valla de madera
material,wood;metal,material	=	madera;metal
surface,woodchips,superficie	=	astillas de madera
massgis:IT_VALDESC,WOODED SWAMP DECIDUOUS,
shop,wool,tienda	=	lana
man_made,works,artificial	=	obras
amenity,workshop,amenidad/servicio	=	taller
railway,workshop,ferrocarril	=	taller
social_facility,workshop,instalaciones_sociales	=	taller
route,worship,ruta	=	Adoración
historic,wreck,histórico	=	naufragio
seamark:type,wreck,marca de mar:tipo	=	naufragio
sport,wrestling,deporte	=	lucha
railway:signal:traversable:type,written_default_speed;dictated_default_speed,
source:addr,WroclawGIS,
source:building,WroclawGIS,fuente:edificio	=	BreslaviaGIS
massgis:IT_VALC,WS1,
network:short,WT,
source_ref,www.rgc.cd,
source:addr,"www.sii.cl, Cartografía Digital SII Mapas",
source:ref,www.ssc.sk,fuente: referencia	=	www.ssc.sk
radar_transponder:band,X,transpondedor de radar: banda	=	X
seamark:topmark:shape,x-shape,marca de mar:marca de tope:forma	=	en forma de x
species,x␣carnea,especies	=	x␣carnea
species,x␣europaea,especies	=	x␣europaea
species,x␣hispanica,especies	=	x␣hispana
start_date,xxxx,fecha de inicio	=	xxxx
building,Y,edificio	=	Y
junction,y_junction,unión	=	unión_y
harbour:category,yacht,puerto:categoría	=	yate
amenity,yacht_club,amenidad/servicio	=	Club de yate
railway,yard,ferrocarril	=	yarda
service,yard,Servicio	=	yarda
religion,yazidi,religión	=	yazidi
building:colour,yellow,edificio:color	=	amarillo
colour,yellow,color	=	amarillo
colour:back,yellow,color:espalda	=	amarillo
crossing:markings:colour,yellow,
ref:colour,yellow,
seamark:beacon_special_purpose:colour,yellow,seamark:beacon propósito especial:color	=	amarillo
seamark:buoy_special_purpose:colour,yellow,seamark:boya propósito especial:color	=	amarillo
seamark:light:colour,yellow,marca:luz:color	=	amarillo
seamark:topmark:colour,yellow,marca de mar:marca de tope:color	=	amarillo
road_marking,yellow_divider,=
seamark:beacon_cardinal:colour,yellow;black,seamark:baliza cardenal:color	=	amarillo; negro
seamark:buoy_cardinal:colour,yellow;black,marca:boya cardenal:color	=	amarillo; negro
seamark:beacon_cardinal:colour,yellow;black;yellow,seamark:baliza cardenal:color	=	amarillo;negro;amarillo
seamark:buoy_cardinal:colour,yellow;black;yellow,marca:boya cardenal:color	=	amarillo;negro;amarillo
osmc:symbol,yellow::yellow_diamond,osmc:símbolo	=	amarillo::diamante_amarillo
osmc:symbol,yellow:white:yellow_diamond,
wheelchair,yes/no,silla de ruedas	=	sí No
highway,yield,autopista	=	producir
sport,yoga,deporte	=	yoga
age,young,años	=	joven
wood:age,young,madera: edad	=	joven
club,youth,club	=	juventud
playground,youth_bench,parque infantil	=	banco juvenil
amenity,youth_centre,amenidad/servicio	=	Centro juvenil
community_centre,youth_centre,centro Comunitario	=	Centro juvenil
club,youth_movement,club	=	Movimiento juvenil
government,youth_welfare_department,gobierno	=	departamento de bienestar juvenil
source:name,ZBGIS,
crossing,zebra,cruce	=	cebra
crossing:markings,zebra,cruce:marcas	=	cebra
crossing_ref,zebra,cruce_ref	=	cebra
road_marking,zebra,=
crossing:markings,zebra:bicolour,
crossing:markings,zebra:paired,
genus,Zelkova,género	=	Zelkova
species,Zelkova␣serrata,especies	=	Zelkova␣serrata
content,zement,contenido	=	zemento
roof:material,zink,techo: material	=	zinc
aerialway,zip_line,vía aérea	=	tirolesa
playground,zipwire,parque infantil	=	tirolina
tourism,zoo,turismo	=	zoo
religion,zoroastrian,religión	=	zoroastriano
generator:type,zuppinger_water_wheel,generador: tipo	=	rueda de agua zuppinger
sport,zurkhaneh_sport,deporte	=	deporte zurkhaneh
source:population,Белстат,
name:prefix,вёска,
name:prefix:be,вёска,
access:citizenship,двухбуквенный_код_страны_по_ISO-3166-1,acceso:ciudadanía	=	двухбуквенный код страны по ISO-3166-1
name:prefix:ru,деревня,
source:addr,ЕГРН,fuente: dirección	=	ЕГРН
source:geometry,ЕГРН,
fire_hydrant:diameter,К-150,
name:ru,Пятёрочка,
status,река,
name:prefix,село,
source:position,Спутниковые снимки Esri,
name:prefix:ru,урочище,
name:prefix,урочышча,
name:prefix:be,урочышча,
description,Цей ліхтар нанесено згідно даних Рівненської топокарти в листопаді 2021 року,
name:uk,Центральна вулиця,
name:ru,Центральная улица,
addr:place,المجاورة 1,
addr:city:ar,الــوادي,
network:ko,경기도 시내버스,
ncat,광역시도로,
ncat,국도,
ncat,지방도,
brand:ja,セブン-イレブン,
name:ja,セブン-イレブン,
yh:TYPE,その他一般道,
brand:ja,ハローサイクリング,
network:ja,ハローサイクリング,
brand:ja,ファミリーマート,
name:ja,ファミリーマート,
yh:TYPE,一般都道府県道,
addr:hamlet,三和里,
fire_hydrant:description,五角型開關,
yh:TOTYUMONO,供用中,
KSJ2:PRC_label,北海道,
note:ja,国土数値情報（公共施設データ）平成19年　国土交通省,
source:ja,国土数値情報（森林地域データ）平成18年　国土交通省,
note:ja,国土数値情報(河川データ)平成18年国土交通省,
note:ja,国土数値情報(河川データ)平成21年度 国土交通省,
note:ja,国土数値情報（湖沼データ）平成17年　国土交通省,
note:ja,国土数値情報（鉄道データ）平成19年　国土交通省,
operator:zh,国家电网,
yh:STRUCTURE,地上,
fire_hydrant:type:zh,地下式消防栓,
KSJ2:PubFacAdmin,市区町村,
KSJ2:ODC,数値地図25000空間データ基盤,
KSJ2:ODC,数値地図25000空間データ基盤;管内図（縮尺＜＝50000）,
operator:ja,日本郵便,
operator:ja,東日本旅客鉄道,
operator:ja,東海旅客鉄道,
KSJ2:DFC_label,森林地域,
yh:TYPE,構内道路,
yh:STRUCTURE,橋,
addr:street,民生路,
KSJ2:PubFacAdmin,民間,
yh:TYPE,海岸線,
KSJ2:ODC,管内図（縮尺＜＝50000）,
operator:ja,西日本旅客鉄道,
yh:STRUCTURE,通常水涯線,
operator:short,郵便局,
operator:short:ja,郵便局,
addr:district,龜山區,
