key,value,definition
road_marking,bus_stop,señalización_vial    parada_de_autobús
road_marking,dash,señalización_vial    raya
road_marking,dashed_crossing_edge,señalización_vial    borde_de_cruce_ discontinuo
road_marking,dashed_give_way_line,señalización_vial    línea_de_ceda_el_paso_ discontinua
road_marking,dirt_road,señalización_vial    camino_de_tierra
road_marking,GB:1001,señalización_vial    GB:1001
road_marking,GB:1003A,señalización_vial    GB:1003A
road_marking,GB:1062,marcación_vial    GB:1062
road_marking,give_way,marcación_vial    ceda_el_paso
road_marking,gore_chevron,marcación_vial    gore_chevron
road_marking,HK:604[right],marcación_vial    HK:604[derecha]
road_marking,lane_divider,marcación_vial    divisor_de_carril
road_marking,left;through,marcación_vial    izquierda;cruce
road_marking,no,marcación_vial    no
road_marking,none,marcación_vial    ninguna
road_marking,only,marcación_vial    solo
road_marking,pedestrian_crossing_rectangle,marcación_vial    paso_de_peatones_rectángulo
road_marking,railroad_crossing,marcación_vial    cruce_ferroviario
road_marking,right,marcación_vial    derecha
road_marking,right;through,marcación_vial    derecha;cruce
road_marking,road,marcación_vial    carretera
road_marking,separate,marcación_vial    separada
road_marking,sharrow,marcación_vial    sharrow
road_marking,solid_crossing_edge,marcación_vial    borde_cruce_sólido
road_marking,solid_lane_divider,marcación_vial    divisor_carril_sólido
road_marking,solid_line,marcación_vial    línea_sólida
road_marking,solid_parking_space_divider,marcación_vial    divisor_espacio_aparcamiento_sólido
road_marking,solid_road_edge,marcación_vial    borde_carretera_sólido
road_marking,solid_stop_line;stop,marcación_vial    línea_sólida_de_stop;stop
road_marking,stop,marcación_vial    stop
road_marking,stop_line,marcación_vial    línea_de_stop
road_marking,through,marcación_vial    paso
road_marking,through;right,marcación_vial    paso;derecha
road_marking,traffic_sign,marcación_vial    señal_de_tráfico
road_marking,turn_dashes,marcación_vial    rayas_de_giro
road_marking,yellow_divider,marcación_vial    divisor_amarillo
road_marking,zebra,marcación_vial    cebra
levels,1,niveles    1
par,3,par    3
par,4,par    4
par,5,par    5
fence_type,railing,=	barandilla
fence_type,wire,=	cable
fence_type,wood,=	madera
building:foundation_height,less_than_1,=	menos que 1
fence_type,pole,=	polo
fence_type,split_rail,=	split_rail
road_marking,solid_stop_line,= | señalización vial	=	solid_stop_line
abandoned:amenity,prison_camp,abandonado: amenidad/servicio	=	campo de prisioneros
abandoned:amenity,prison,abandonado: amenidad/servicio	=	prisión
abandoned:landuse,quarry,abandonado: uso de la tierra	=	cantera
abandoned:landuse,landfill,abandonado: uso de la tierra	=	vertedero
abandoned:highway,track,abandonado:carretera	=	pista
abandoned:railway,rail,abandonado:ferrocarril	=	carril
abandoned:railway,station,abandonado:ferrocarril	=	estación
abandoned:man_made,petroleum_well,abandonado:hecho por el hombre	=	pozo_de_petroleo
lawyer,notary,abogado	=	notario
access,agricultural,acceso	=	agrícola
access,bdouble,acceso	=	bdoble
access,customers,acceso	=	clientes
access,discouraged,acceso	=	desanimado
access,unknown,acceso	=	desconocido
access,designated,acceso	=	designado
access,dismount,acceso	=	desmontar
access,destination,acceso	=	destino
access,employees,acceso	=	empleados
access,delivery,acceso	=	entrega
access,students,acceso	=	estudiantes
access,licence,acceso	=	licencia
access,license,acceso	=	licencia
access,no,acceso	=	no
access,official,acceso	=	oficial
access,permissive,acceso	=	permisivo
access,permit,acceso	=	permiso
access,private,acceso	=	privado
access,public,acceso	=	público
access,residents,acceso	=	residentes
access,restricted,acceso	=	restringido
access,forestry,acceso	=	silvicultura
access,use_sidepath,acceso	=	usar camino lateral
access,variable,acceso	=	variable
access,exclusion_zone,acceso	=	Zona de exclusión
internet_access,wired,acceso a Internet	=	cableado
internet_access,no,acceso a Internet	=	no
internet_access,terminal,acceso a Internet	=	Terminal
internet_access,wlan,acceso a Internet	=	wifi
access:roof,no,acceso: techo	=	no
access:citizenship,двухбуквенный_код_страны_по_ISO-3166-1,acceso:ciudadanía	=	двухбуквенный код страны по ISO-3166-1
access:delivery,no,acceso:entrega	=	no
sidewalk,both,acera	=	ambas cosas
sidewalk,sidepath,acera	=	camino lateral
sidewalk,right,acera	=	Correcto
sidewalk,left,acera	=	izquierda
sidewalk,none,acera	=	ninguna
sidewalk,no,acera	=	no
sidewalk,separate,acera	=	separado
sidewalk:both,separate,acera: ambos	=	separado
sidewalk:right,no,acera: derecha	=	no
sidewalk:right,separate,acera: derecha	=	separado
sidewalk:left,no,acera: izquierda	=	no
sidewalk:left,separate,acera: izquierda	=	separado
sidewalk:both:surface,paving_stones,acera:ambos:superficie	=	adoquines
sidewalk:both:surface,asphalt,acera:ambos:superficie	=	asfalto
sidewalk:both:surface,rock,acera:ambos:superficie	=	roca
sidewalk:right:surface,paving_stones,acera:derecha:superficie	=	adoquines
sidewalk:right:surface,asphalt,acera:derecha:superficie	=	asfalto
footway:surface,paving_stones,acera:superficie	=	adoquines
footway:surface,asphalt,acera:superficie	=	asfalto
footway:surface,rock,acera:superficie	=	roca
footway:surface,unpaved,acera:superficie	=	sin pavimentar
mechanical_coupling,nodding_donkey,acoplamiento mecánico	=	burro asintiendo
couplings,1,acoplamientos	=	*
couplings,2,acoplamientos	=	*
couplings,3,acoplamientos	=	*
couplings:type,Storz,acoplamientos:tipo	=	Storz
aquaculture,shrimp,acuicultura	=	camarón
addr.source:housenumber,survey,addr.source:numero de casa	=	encuesta
overtaking,no,adelantamiento	=	no
managed,no,administrado	=	no
worship,stations_of_the_cross,Adoración	=	estaciones de la Cruz
aerodrome:type,airfield,aeródromo:tipo	=	aeródromo
aerodrome:type,gliding,aeródromo:tipo	=	deslizándose
aerodrome:type,international,aeródromo:tipo	=	internacional
aerodrome:type,military,aeródromo:tipo	=	militar
aerodrome:type,private,aeródromo:tipo	=	privado
aerodrome:type,regional,aeródromo:tipo	=	regional
aerospace:product,rocket,aeroespacial: producto	=	cohete
aerospace:product,spacecraft_propulsion,aeroespacial: producto	=	propulsión de naves espaciales
aerospace:product,robot,aeroespacial: producto	=	robot
agricultural,no,agrícola	=	no
water,ditch,agua	=	abandone
water,wastewater,agua	=	aguas residuales
water,canal,agua	=	canal
water,swale,agua	=	cenagal
water,lock,agua	=	cerrar
water,stream,agua	=	corriente
water,basin,agua	=	cuenca
water,tidal,agua	=	de marea
water,pond,agua	=	estanque
water,fishpond,agua	=	estanque de peces
water,moat,agua	=	foso
water,drain,agua	=	fuga
water,intermittent,agua	=	intermitente
water,kolk,agua	=	kolk
water,lake,agua	=	lago
water,lagoon,agua	=	laguna
water,oxbow,agua	=	meandro
water,mere,agua	=	mero
water,dock,agua	=	muelle
water,fish_pass,agua	=	pase de pescado
water,reflecting_pool,agua	=	piscina reflectante
water,shallow,agua	=	poco profundo
water,harbour,agua	=	puerto
water,rapids,agua	=	rápidos
water,reservoir,agua	=	reservorio
water,river,agua	=	río
water,salt_pool,agua	=	sal_piscina
water,stream_pool,agua	=	stream_pool
whitewater,put_in,agua Blanca	=	meter en
whitewater,hazard,agua Blanca	=	peligro
whitewater,put_in;egress,agua Blanca	=	poner en; egreso
whitewater,egress,agua Blanca	=	salida
drinking_water,boil,agua potable	=	hervir
drinking_water,no,agua potable	=	no
manhole,sewer,agujero de hombre	=	alcantarillado
manhole,drain,agujero de hombre	=	fuga
manhole,telecom,agujero de hombre	=	telecomunicaciones
segregated,no,aislado	=	no
wires,fivefold,alambres	=	cinco veces
wires,double,alambres	=	doble
wires,eightfold,alambres	=	ocho veces
wires,quad,alambres	=	patio
wires,sixfold,alambres	=	seis veces
wires,triple,alambres	=	triple
wires,single,alambres	=	único
culvert,inverted_siphon,alcantarilla	=	sifón invertido
*-tip/pista,guagua,ALERTA:Si quieres buscar guagua usa bus
rental,appliance,alquiler	=	aparato
rental,boat,alquiler	=	bote
rental,quadracycle,alquiler	=	cuatriciclo
rental,ski,alquiler	=	esquí
rental,event,alquiler	=	evento
rental,trailer,alquiler	=	remolque
rental,clothes,alquiler	=	ropa
rental,strandkorb,alquiler	=	Strandkorb
bicycle_rental,docking_station,alquiler de bicicletas	=	estación de acoplamiento
highspeed,no,alta velocidad	=	no
maxheight,*,Altura máxima	=	*
maxheight,default,Altura máxima	=	por defecto
mooring,ring,amarradero	=	anillo
mooring,commercial,amarradero	=	comercial
mooring,cruise,amarradero	=	crucero
mooring,declaration,amarradero	=	declaración
mooring,guest,amarradero	=	huésped
mooring,monobuoy,amarradero	=	monoboya
mooring,private,amarradero	=	privado
mooring,sbm,amarradero	=	sbm
mooring,spm,amarradero	=	spm
mooring,ferry,amarradero	=	transportar
mooring,visitor,amarradero	=	visitante
amenity,administration,amenidad/servicio	=	administración
amenity,customs,amenidad/servicio	=	aduanas
amenity,mobile_money_agent,amenidad/servicio	=	agente_dinero_movil
amenity,water,amenidad/servicio	=	agua
amenity,drinking_water,amenidad/servicio	=	agua potable
amenity,compressed_air,amenidad/servicio	=	aire comprimido
amenity,swimming_pool,amenidad/servicio	=	alberca
amenity,rv_storage,amenidad/servicio	=	almacenamiento de vehículos recreativos
amenity,student_accommodation,amenidad/servicio	=	alojamiento para estudiantes
amenity,animal_boarding,amenidad/servicio	=	alojamiento_de_animales
amenity,bicycle_rental,amenidad/servicio	=	alquiler de bicicletas
amenity,canoe_hire,amenidad/servicio	=	alquiler de canoas
amenity,car_rental,amenidad/servicio	=	alquiler de coches
amenity,ski_rental,amenidad/servicio	=	alquiler de esquí
amenity,motorcycle_rental,amenidad/servicio	=	alquiler de motos
amenity,kick-scooter_rental,amenidad/servicio	=	alquiler de patinetes
amenity,scooter_rental,amenidad/servicio	=	alquiler de scooters
amenity,boat_rental,amenidad/servicio	=	alquiler_de_barcos
amenity,life_ring,amenidad/servicio	=	anillo de vida
amenity,tourist_bus_parking,amenidad/servicio	=	aparcamiento de autobuses turísticos
amenity,po_box,amenidad/servicio	=	apartado de correos
amenity,archive,amenidad/servicio	=	archivo
amenity,smoking_area,amenidad/servicio	=	Área de fumadores
amenity,locker,amenidad/servicio	=	armario
amenity,financial_advice,amenidad/servicio	=	asesoría financiera
amenity,seat,amenidad/servicio	=	asiento
amenity,nursing_home,amenidad/servicio	=	asilo_de_ancianos
amenity,vacuum_cleaner,amenidad/servicio	=	aspiradora
amenity,audiologist,amenidad/servicio	=	audiólogo
amenity,car_sharing,amenidad/servicio	=	auto compartido
amenity,driving_school,amenidad/servicio	=	autoescuela
amenity,townhall,amenidad/servicio	=	Ayuntamiento
amenity,fish_spa,amenidad/servicio	=	balneario de pescado
amenity,blood_bank,amenidad/servicio	=	Banco de Sangre
amenity,bird_bath,amenidad/servicio	=	baño de pájaros
amenity,public_bath,amenidad/servicio	=	Baño público
amenity,toilets,amenidad/servicio	=	baños
amenity,bar,amenidad/servicio	=	bar
amenity,juice_bar,amenidad/servicio	=	Bar de jugos
amenity,bbq,amenidad/servicio	=	barbacoa
amenity,boat_sharing,amenidad/servicio	=	barco compartido
amenity,boat_storage,amenidad/servicio	=	barco_almacenamiento
amenity,body_scale,amenidad/servicio	=	báscula corporal
amenity,weighbridge,amenidad/servicio	=	báscula de puente
amenity,library,amenidad/servicio	=	biblioteca
amenity,bicycle_library,amenidad/servicio	=	biblioteca de bicicletas
amenity,mobile_library,amenidad/servicio	=	biblioteca móvil
amenity,biergarten,amenidad/servicio	=	biergarten
amenity,hydrant,amenidad/servicio	=	boca de aguas
amenity,fire_hydrant,amenidad/servicio	=	boca de incendio
amenity,bts,amenidad/servicio	=	BTS
amenity,brothel,amenidad/servicio	=	burdel
amenity,letter_box,amenidad/servicio	=	buzón
amenity,post_box,amenidad/servicio	=	buzón
amenity,parcel_postbox,amenidad/servicio	=	buzón de paquetes
amenity,photo_booth,amenidad/servicio	=	cabina de fotos
amenity,security_booth,amenidad/servicio	=	cabina de seguridad
amenity,internet_cafe,amenidad/servicio	=	Café internet
amenity,bear_box,amenidad/servicio	=	caja de oso
amenity,relay_box,amenidad/servicio	=	caja de relés
amenity,rescue_box,amenidad/servicio	=	caja de rescate
amenity,karaoke_box,amenidad/servicio	=	caja_karaoke
amenity,atm,amenidad/servicio	=	Cajero automático
amenity,bureau_de_change,amenidad/servicio	=	cambio de moneda
amenity,outfitter,amenidad/servicio	=	camisero
amenity,prison_camp,amenidad/servicio	=	campo de prisioneros
amenity,canteen,amenidad/servicio	=	cantina
amenity,training,amenidad/servicio	=	capacitación
amenity,ev_charging,amenidad/servicio	=	carga ev
amenity,trolley_bay,amenidad/servicio	=	carrito_bay
amenity,clubhouse,amenidad/servicio	=	casa club
amenity,retirement_home,amenidad/servicio	=	casa de retiro
amenity,luggage_locker,amenidad/servicio	=	casillero de equipaje
amenity,parcel_lockers,amenidad/servicio	=	casilleros para paquetes
amenity,casino,amenidad/servicio	=	casino
amenity,grave_yard,amenidad/servicio	=	cementerio
amenity,community_centre,amenidad/servicio	=	centro Comunitario
amenity,culture_center,amenidad/servicio	=	Centro cultural
amenity,conference_centre,amenidad/servicio	=	centro de conferencias
amenity,convention_centre,amenidad/servicio	=	Centro de convención
amenity,events_centre,amenidad/servicio	=	centro de eventos
amenity,exhibition_centre,amenidad/servicio	=	centro de exposiciones
amenity,meditation_centre,amenidad/servicio	=	centro de meditación
amenity,jobcentre,amenidad/servicio	=	centro de trabajo
amenity,polling_station,amenidad/servicio	=	centro electoral
amenity,youth_centre,amenidad/servicio	=	Centro juvenil
amenity,dive_centre,amenidad/servicio	=	centro_de_buceo
amenity,arts_centre,amenidad/servicio	=	centro_de_las_artes
amenity,payment_centre,amenidad/servicio	=	centro_de_pago
amenity,social_centre,amenidad/servicio	=	centro_social
amenity,cinema,amenidad/servicio	=	cine
amenity,clinic,amenidad/servicio	=	clínica
amenity,club,amenidad/servicio	=	club
amenity,stripclub,amenidad/servicio	=	club de striptease
amenity,yacht_club,amenidad/servicio	=	Club de yate
amenity,nightclub,amenidad/servicio	=	Club nocturno discoteca
amenity,social_club,amenidad/servicio	=	Club Social
amenity,swingerclub,amenidad/servicio	=	club swinger
amenity,bikeshed,amenidad/servicio	=	cobertizo para bicicletas
amenity,car_pooling,amenidad/servicio	=	coche_compartido
amenity,stroller_parking,amenidad/servicio	=	cochecito de estacionamiento
amenity,kitchen,amenidad/servicio	=	cocina
amenity,college,amenidad/servicio	=	colega
amenity,fuel,amenidad/servicio	=	combustible
amenity,fast_food,amenidad/servicio	=	comida rápida
amenity,food_sharing,amenidad/servicio	=	compartir comida
amenity,bicycle_trailer_sharing,amenidad/servicio	=	compartir remolque de bicicleta
amenity,freeshop,amenidad/servicio	=	compra gratis
amenity,consulate,amenidad/servicio	=	consulado
amenity,checkpoint,amenidad/servicio	=	control
amenity,crematorium,amenidad/servicio	=	crematorio
amenity,crematory,amenidad/servicio	=	crematorio
amenity,animal_breeding,amenidad/servicio	=	cría_de_animales
amenity,crypt,amenidad/servicio	=	cripta
amenity,crucifix,amenidad/servicio	=	crucifijo
amenity,dog_waste_bin,amenidad/servicio	=	cubo de basura para perros
amenity,childcare,amenidad/servicio	=	cuidado de niños
amenity,give_box,amenidad/servicio	=	dar caja
amenity,dentist,amenidad/servicio	=	dentista
amenity,waste_disposal,amenidad/servicio	=	deposito de basura
amenity,milk_dispenser,amenidad/servicio	=	dispensador de leche
amenity,dojo,amenidad/servicio	=	dojo
amenity,donation,amenidad/servicio	=	donación
amenity,dormitory,amenidad/servicio	=	dormitorio
amenity,shower,amenidad/servicio	=	ducha
amenity,foot_shower,amenidad/servicio	=	ducha de pies
amenity,public_building,amenidad/servicio	=	edificio publico
amenity,education,amenidad/servicio	=	educación
amenity,animal_effluent_disposal,amenidad/servicio	=	eliminación de efluentes animales
amenity,embassy,amenidad/servicio	=	embajada
amenity,disused,amenidad/servicio	=	en desuso
amenity,mist_spraying_cooler,amenidad/servicio	=	enfriador de pulverización de niebla
amenity,animal_hitch,amenidad/servicio	=	enganche de animales
amenity,library_dropoff,amenidad/servicio	=	entrega de la biblioteca
amenity,animal_training,amenidad/servicio	=	entrenamiento de animales
amenity,driver_training,amenidad/servicio	=	entrenamiento_del_conductor
amenity,baby_hatch,amenidad/servicio	=	escotilla de bebe
amenity,dancing_school,amenidad/servicio	=	escuela de baile
amenity,trade_school,amenidad/servicio	=	escuela de comercio
amenity,sport_school,amenidad/servicio	=	escuela de deportes
amenity,ski_school,amenidad/servicio	=	escuela de Esqui
amenity,language_school,amenidad/servicio	=	escuela de idiomas
amenity,music_school,amenidad/servicio	=	escuela de Musica
amenity,swimming_school,amenidad/servicio	=	escuela de natacion
amenity,surf_school,amenidad/servicio	=	escuela de surf
amenity,sailing_school,amenidad/servicio	=	escuela de vela
amenity,flight_school,amenidad/servicio	=	escuela de vuelo
amenity,mtb_school,amenidad/servicio	=	escuela mtb
amenity,coworking_space,amenidad/servicio	=	espacio de trabajo conjunto
amenity,stables,amenidad/servicio	=	establos
amenity,ambulance_station,amenidad/servicio	=	estación de ambulancia
amenity,bus_station,amenidad/servicio	=	estación de autobuses
amenity,fire_station,amenidad/servicio	=	estación de bomberos
amenity,lifeboat_station,amenidad/servicio	=	estación de botes salvavidas
amenity,charging_station,amenidad/servicio	=	Estación de carga
amenity,device_charging_station,amenidad/servicio	=	estación de carga de dispositivos
amenity,charging_station/Tesla_Motors,amenidad/servicio	=	estación de carga/Tesla Motors
amenity,fitness_station,amenidad/servicio	=	estación de fitness
amenity,ranger_station,amenidad/servicio	=	estación de guardabosques
amenity,coast_radar_station,amenidad/servicio	=	estación de radar costera
amenity,snow_removal_station,amenidad/servicio	=	estación de remoción de nieve
amenity,rescue_station,amenidad/servicio	=	estación de rescate
amenity,sanitary_dump_station,amenidad/servicio	=	estación_de_descarga_sanitaria
amenity,bicycle_repair_station,amenidad/servicio	=	estación_de_reparación_de_bicicletas
amenity,waste_transfer_station,amenidad/servicio	=	estación_de_transferencia_de_residuos
amenity,bike_parking,amenidad/servicio	=	estacionamiento de bicicletas
amenity,buggy_parking,amenidad/servicio	=	estacionamiento de buggy
amenity,horse_parking,amenidad/servicio	=	estacionamiento de caballos
amenity,dog_parking,amenidad/servicio	=	estacionamiento para perros
amenity,parking_entrance,amenidad/servicio	=	estacionamiento_entrada
amenity,studio,amenidad/servicio	=	estudio
amenity,rehearsal_studio,amenidad/servicio	=	estudio de ensayo
amenity,stage,amenidad/servicio	=	etapa
amenity,events_venue,amenidad/servicio	=	eventos_lugar
amenity,veterinary_pharmacy,amenidad/servicio	=	farmacia veterinaria
amenity,street_lamp,amenidad/servicio	=	farola
amenity,fountain,amenidad/servicio	=	fuente
amenity,garages,amenidad/servicio	=	garajes
amenity,gym,amenidad/servicio	=	gimnasia
amenity,gym_(Don't_use),amenidad/servicio	=	gimnasio (no usar)
amenity,grit_bin,amenidad/servicio	=	grit_bin
amenity,coast_guard,amenidad/servicio	=	guardacostas
amenity,cloakroom,amenidad/servicio	=	guardarropa
amenity,nursery,amenidad/servicio	=	guardería
amenity,lounger,amenidad/servicio	=	haragán
amenity,stool,amenidad/servicio	=	heces
amenity,ice_cream,amenidad/servicio	=	helado
amenity,baking_oven,amenidad/servicio	=	horno de cocción
amenity,hospice,amenidad/servicio	=	hospicio
amenity,printer,amenidad/servicio	=	impresora
amenity,toilet,amenidad/servicio	=	inodoro
amenity,dog_toilet,amenidad/servicio	=	inodoro para perros
amenity,vehicle_inspection,amenidad/servicio	=	Inspeccion de vehiculo
amenity,social_facility,amenidad/servicio	=	instalaciones_sociales
amenity,research_institute,amenidad/servicio	=	Instituto de Investigación
amenity,kindergarten,amenidad/servicio	=	jardín de infancia
amenity,gambling,amenidad/servicio	=	juego
amenity,game_feeding,amenidad/servicio	=	juego_alimentacion
amenity,kneipp_water_cure,amenidad/servicio	=	kneipp_water_cure
amenity,Kneippbecken,amenidad/servicio	=	Kneippbecken
amenity,fab_lab,amenidad/servicio	=	laboratorio fabuloso
amenity,winery,amenidad/servicio	=	lagar
amenity,carpet_washing,amenidad/servicio	=	lavado de alfombras
amenity,car_wash,amenidad/servicio	=	lavado de autos
amenity,carwash,amenidad/servicio	=	lavado de autos
amenity,washing_machine,amenidad/servicio	=	lavadora
amenity,lavoir,amenidad/servicio	=	lavoir
amenity,alm,amenidad/servicio	=	limosna
amenity,air_filling,amenidad/servicio	=	llenado de aire
amenity,toy_library,amenidad/servicio	=	ludoteca
amenity,place_of_worship,amenidad/servicio	=	lugar de adoración
amenity,place_of_mourning,amenidad/servicio	=	lugar de luto
amenity,music_venue,amenidad/servicio	=	lugar de música
amenity,watering_place,amenidad/servicio	=	Lugar de riego
amenity,feeding_place,amenidad/servicio	=	lugar_de_alimentacion
amenity,street_light,amenidad/servicio	=	luz de la calle
amenity,vending_machine,amenidad/servicio	=	máquina expendedora
amenity,marae,amenidad/servicio	=	marae
amenity,tuition,amenidad/servicio	=	matrícula
amenity,doctor,amenidad/servicio	=	médico
amenity,doctors,amenidad/servicio	=	medicos
amenity,courier,amenidad/servicio	=	mensajero
amenity,marketplace,amenidad/servicio	=	mercado
amenity,table,amenidad/servicio	=	mesa
amenity,microwave,amenidad/servicio	=	microonda
amenity,monastery,amenidad/servicio	=	monasterio
amenity,mortuary,amenidad/servicio	=	mortuorio
amenity,motorcycle_parking,amenidad/servicio	=	moto_estacionamiento
amenity,motorcycle_taxi,amenidad/servicio	=	mototaxi
amenity,loading_dock,amenidad/servicio	=	muelle_de_carga
amenity,fridge,amenidad/servicio	=	nevera
amenity,artwork,amenidad/servicio	=	obra de arte
amenity,office,amenidad/servicio	=	oficina
amenity,post_office,amenidad/servicio	=	oficina de correos
amenity,lost_property_office,amenidad/servicio	=	oficina de objetos perdidos
amenity,register_office,amenidad/servicio	=	oficina de Registro
amenity,osmica,amenidad/servicio	=	osmica
amenity,courthouse,amenidad/servicio	=	palacio de justicia
amenity,waste_basket,amenidad/servicio	=	papelera
amenity,dog_bin,amenidad/servicio	=	papelera para perros
amenity,parcel_locker,amenidad/servicio	=	paquete_casillero
amenity,bus_stop,amenidad/servicio	=	parada de autobús
amenity,bicycle_parking,amenidad/servicio	=	Parking de bicicletas
amenity,park,amenidad/servicio	=	parque
amenity,parkink,amenidad/servicio	=	parque
amenity,trailer_park,amenidad/servicio	=	parque de remolques
amenity,traffic_park,amenidad/servicio	=	parque de tráfico
amenity,building_yard,amenidad/servicio	=	patio de construcción
amenity,piano,amenidad/servicio	=	piano
amenity,planetarium,amenidad/servicio	=	planetario
amenity,parking_space,amenidad/servicio	=	plaza de aparcamiento
amenity,police,amenidad/servicio	=	policía
amenity,post_depot,amenidad/servicio	=	post_depot
amenity,hitching_post,amenidad/servicio	=	poste de enganche
amenity,preschool,amenidad/servicio	=	preescolar
amenity,prep_school,amenidad/servicio	=	preparatoria
amenity,first_aid,amenidad/servicio	=	primeros auxilios
amenity,firstaid,amenidad/servicio	=	primeros auxilios
amenity,prison,amenidad/servicio	=	prisión
amenity,binoculars,amenidad/servicio	=	prismáticos
amenity,proposed,amenidad/servicio	=	propuesto
amenity,pub,amenidad/servicio	=	pub
amenity,public_bookcase,amenidad/servicio	=	public_bookcase
amenity,citymap_post,amenidad/servicio	=	publicación del mapa de la ciudad
amenity,advertising,amenidad/servicio	=	publicidad
amenity,concession_stand,amenidad/servicio	=	puesto de comida
amenity,hunting_stand,amenidad/servicio	=	puesto_de_caza
amenity,health_post,amenidad/servicio	=	puesto_de_salud
amenity,exercise_point,amenidad/servicio	=	punto de ejercicio
amenity,taxi_point,amenidad/servicio	=	punto de taxi
amenity,water_point,amenidad/servicio	=	punto_de_agua
amenity,kiosk,amenidad/servicio	=	quiosco
amenity,vehicle_ramp,amenidad/servicio	=	rampa para vehículos
amenity,reception_desk,amenidad/servicio	=	recepción
amenity,recycling,amenidad/servicio	=	reciclaje
amenity,recycling/Quality_Assurance,amenidad/servicio	=	reciclaje/Garantía de calidad
amenity,shelter,amenidad/servicio	=	refugio
amenity,animal_shelter,amenidad/servicio	=	refugio de animales
amenity,clock,amenidad/servicio	=	reloj
amenity,car_repair,amenidad/servicio	=	reparación de autos
amenity,concert_hall,amenidad/servicio	=	sala de conciertos
amenity,mailroom,amenidad/servicio	=	sala de correo
amenity,hookah_lounge,amenidad/servicio	=	salón_de_la_cachimba
amenity,funeral_hall,amenidad/servicio	=	salón_funerario
amenity,sanatorium,amenidad/servicio	=	sanatorio
amenity,sauna,amenidad/servicio	=	sauna
amenity,dryer,amenidad/servicio	=	secadora
amenity,clothes_dryer,amenidad/servicio	=	secadora de ropa
amenity,emergency_service,amenidad/servicio	=	servicio de emergencia
amenity,chair,amenidad/servicio	=	silla
amenity,refugee_site,amenidad/servicio	=	sitio_de_refugiados
amenity,waste_dump_site,amenidad/servicio	=	sitio_de_vertedero_de_residuos
amenity,spa,amenidad/servicio	=	spa
amenity,dead_pub,amenidad/servicio	=	taberna muerta
amenity,workshop,amenidad/servicio	=	taller
amenity,sceptic_tank,amenidad/servicio	=	tanque escéptico
amenity,septic_tank,amenidad/servicio	=	tanque séptico
amenity,ticket_booth,amenidad/servicio	=	taquilla
amenity,taxi,amenidad/servicio	=	taxi
amenity,theatre,amenidad/servicio	=	teatro
amenity,telephone,amenidad/servicio	=	teléfono
amenity,emergency_phone,amenidad/servicio	=	Teléfono de emergencia
amenity,television,amenidad/servicio	=	televisión
amenity,ferry_terminal,amenidad/servicio	=	terminal del ferry
amenity,payment_terminal,amenidad/servicio	=	terminal_de_pago
amenity,festival_grounds,amenidad/servicio	=	terrenos del festival
amenity,shop,amenidad/servicio	=	tienda
amenity,whirlpool,amenidad/servicio	=	torbellino
amenity,avalanche_transceiver,amenidad/servicio	=	transceptor de avalancha
amenity,money_transfer,amenidad/servicio	=	transferencia de dinero
amenity,university,amenidad/servicio	=	Universidad
amenity,ticket_validator,amenidad/servicio	=	validador_de_tickets
amenity,dressing_room,amenidad/servicio	=	Vestidor
amenity,changing_room,amenidad/servicio	=	vestuario
amenity,veterinary,amenidad/servicio	=	veterinario
amenity,vivarium,amenidad/servicio	=	vivero
amenity,refugee_housing,amenidad/servicio	=	vivienda para refugiados
amenity,food_court,amenidad/servicio	=	zona de comidas
amenity,driver_training_area,amenidad/servicio	=	zona de formación de conductores
amenity,bench,amenidad/servicio = banco para sentarse
amenity,love_hotel,"amenidad/servicio = Casa de citas , habitaciones por horas"
aminety,sceptic_tank,amina	=	tanque escéptico
width,*,ancho	=	*
est_width,3.0m〜5.5m,ancho_est	=	*
maxwidth,*,anchura máxima	=	*
animated,trivision_blades,animado	=	cuchillas de trivisión
animated,winding_posters,animado	=	devanado pósters
animated,no,animado	=	no
animal,school,animal	=	escuela
animal,horse_walker,animal	=	paseador de caballos
age,young,años	=	joven
age,mature,años	=	maduro
age,semi-mature,años	=	semi-maduro
old_railway_operator,Southern,antiguo operador ferroviario	=	Del Sur
old_railway_operator,UP,antiguo operador ferroviario	=	HASTA
old_railway_operator,ACL,antiguo operador ferroviario	=	LCA
old_railway_operator,NYC,antiguo operador ferroviario	=	Nueva York
old_railway_operator,NYH&H,antiguo operador ferroviario	=	NYH&H
old_railway_operator,NYNH&H,antiguo operador ferroviario	=	NYNH&H
old_railway_operator,SAL,antiguo operador ferroviario	=	SAL
old_railway_operator,SP,antiguo operador ferroviario	=	SP
old_railway_operator,SP&S,antiguo operador ferroviario	=	SP&S
old_railway_operator,PRR,antiguo_operador_ferroviario	=	RRP
enforcement,maxspeed,aplicación	=	máxima velocidad
motorcycle_friendly,customary,apto para motocicletas	=	acostumbrado
ref,*,árbitro	=	*
ref,SS676,árbitro	=	SS676
tree_form,natural,árbol_forma	=	natural
trees,almond_trees,árboles	=	almendros
trees,cashew_trees,árboles	=	anacardos
trees,cacao_trees,árboles	=	arboles de cacao
trees,durian_trees,árboles	=	árboles de durián
trees,rubber_trees,árboles	=	Arboles de goma
trees,apple_trees,árboles	=	Árboles de manzana
trees,avocado_trees,árboles	=	arboles_de_aguacate
trees,mango_trees,árboles	=	árboles_de_mango
trees,papaya_trees,árboles	=	árboles_de_papaya
trees,hazel_plants,árboles	=	avellana_plantas
trees,blueberry_plants,árboles	=	blueberry_plants
trees,coffea_plants,árboles	=	cafe_plantas
trees,cherry_trees,árboles	=	cerezos
trees,hop_plants,árboles	=	lúpulo_plantas
trees,macadamia_trees,árboles	=	macadamia_trees
trees,orange_trees,árboles	=	naranjos
trees,olive_trees,árboles	=	Olivos
trees,oil_palms,árboles	=	palmas_de_aceite
trees,date_palms,árboles	=	palmeras datileras
trees,coconut_palms,árboles	=	palmeras_de_coco
trees,pitaya_plants,árboles	=	pitaya_plantas
trees,banana_plants,árboles	=	plantas_de_banano
trees,nopal_plants,árboles	=	plantas_de_nopal
trees,pineapple_plants,árboles	=	plantas_de_pina
trees,tea_plants,árboles	=	plantas_de_te
trees,tequila_agave,árboles	=	tequila_agave
line_attachment,pulley,archivo adjunto de línea	=	polea
source:file,http://centrodedescargas.cnig.es/CentroDescargas/equipamiento/BD_Municipios-Entidades.zip,archivo fuente	=	http://centrodedescargas.cnig.es/CentroDescargas/equipamiento/BD_Municipios-Entidades.zip
source:file,http://centrodedescargas.cnig.es/CentroDescargas/equipamiento/NGBE_de_caracter_Provisional.zip,archivo fuente	=	http://centrodedescargas.cnig.es/CentroDescargas/equipamiento/NGBE_de_caracter_Provisional.zip
area,no,área	=	no
protected_area,recreation,área protegida	=	recreación
protected_area,nature_reserve,área protegida	=	reserva natural
land_area,administrative,área terrestre	=	administrativo
gritting,priority_1,arenilla	=	Prioridad 1
hoops,2,aros	=	*
razed:railway,rail,arrasado: ferrocarril	=	carril
fixme,*,arreglarme	=	*
craft,paver,artesanía	=	adoquín
craft,piano_tuner,artesanía	=	afinador de piano
craft,insulation,artesanía	=	aislamiento
craft,stonemason,artesanía	=	albañil
craft,oil_mill,artesanía	=	almazara
craft,scaffolder,artesanía	=	andamio
craft,rigger,artesanía	=	aparejador
craft,beekeeper,artesanía	=	apicultor
craft,handicraft,artesanía	=	artesanía
craft,sawmill,artesanía	=	aserradero
craft,sweep,artesanía	=	barrer
craft,embroiderer,artesanía	=	bordadora
craft,basket_maker,artesanía	=	canasta de mercado
craft,carpet_layer,artesanía	=	capa de alfombra
craft,parquet_layer,artesanía	=	capa de parquet
craft,carpenter,artesanía	=	carpintero
craft,joiner,artesanía	=	carpintero
craft,caterer,artesanía	=	catering
craft,pottery,artesanía	=	cerámica
craft,locksmith,artesanía	=	cerrajero
craft,brewery,artesanía	=	cervecería
craft,hvac,artesanía	=	climatización
craft,cooper,artesanía	=	cobre
craft,confectionery,artesanía	=	confitería
craft,metal_construction,artesanía	=	construcción de metal
craft,door_construction,artesanía	=	construcción de puertas
craft,builder,artesanía	=	constructor
craft,boatbuilder,artesanía	=	constructor de botes
craft,organ_builder,artesanía	=	constructor de órganos
craft,stand_builder,artesanía	=	constructor de puestos
craft,key_cutter,artesanía	=	cortador_de_llaves
craft,glaziery,artesanía	=	cristal
craft,leather,artesanía	=	cuero
craft,sewing,artesanía	=	de coser
craft,interior_decorator,artesanía	=	decorador de interiores
craft,chimney_sweeper,artesanía	=	deshollinador
craft,distillery,artesanía	=	destilería
craft,cabinet_maker,artesanía	=	ebanista
craft,electrican,artesanía	=	electricista
craft,electrician,artesanía	=	electricista
craft,information_electronics,artesanía	=	electronica de informacion
craft,paperhanger,artesanía	=	empapelador
craft,bookbinder,artesanía	=	encuadernador
craft,sculptor,artesanía	=	escultor
craft,toolmaker,artesanía	=	fabricante de herramientas
craft,signmaker,artesanía	=	fabricante de la muestra
craft,plumber,artesanía	=	fontanero
craft,photographer,artesanía	=	fotógrafo
craft,engraver,artesanía	=	grabador
craft,printmaker,artesanía	=	grabador
craft,blacksmith,artesanía	=	herrero
craft,tinsmith,artesanía	=	hojalatero
craft,printer,artesanía	=	impresora
craft,musical_instrument,artesanía	=	instrumento musical
craft,gardener,artesanía	=	jardinero
craft,jeweller,artesanía	=	joyero
craft,photographic_laboratory,artesanía	=	laboratorio_fotografico
craft,lacquerer,artesanía	=	lacador
craft,winery,artesanía	=	lagar
craft,lapidary,artesanía	=	lapidario
craft,carpet_cleaner,artesanía	=	limpiador de alfombra
craft,floorer,artesanía	=	limpiador de piso
craft,cleaning,artesanía	=	limpieza
craft,luthier,artesanía	=	luthier
craft,mint,artesanía	=	menta
craft,dressmaker,artesanía	=	modista
craft,grinding_mill,artesanía	=	molino_de_molienda
craft,stove_fitter,artesanía	=	montador de estufas
craft,agricultural_engines,artesanía	=	motores_agrícolas
craft,optician,artesanía	=	óptico
craft,goldsmith,artesanía	=	orfebre
craft,bakery,artesanía	=	panadería
craft,water_well_drilling,artesanía	=	perforación de pozos de agua
craft,painter,artesanía	=	pintor
craft,car_painter,artesanía	=	pintor de coches
craft,sun_protection,artesanía	=	proteccion solar
craft,cheese,artesanía	=	queso
craft,clockmaker,artesanía	=	relojero
craft,watchmaker,artesanía	=	relojero
craft,car_repair,artesanía	=	reparación de autos
craft,bag_repair,artesanía	=	reparación de bolsas
craft,electronics_repair,artesanía	=	reparación_electrónica
craft,restoration,artesanía	=	restauracion
craft,tailor,artesanía	=	Sastre
craft,tiler,artesanía	=	solador
craft,welder,artesanía	=	soldador
craft,glassblower,artesanía	=	soplador de vidrio
craft,saddler,artesanía	=	talabartero
craft,atelier,artesanía	=	taller
craft,upholsterer,artesanía	=	tapicero
craft,roofer,artesanía	=	techador
craft,dental_technician,artesanía	=	técnico dental
craft,weaver,artesanía	=	tejedor
craft,print_shop,artesanía	=	tienda de impresión
craft,turner,artesanía	=	tornero
craft,interior_work,artesanía	=	trabajo interior
craft,sailmaker,artesanía	=	velero
craft,window_construction,artesanía	=	ventana_construccion
craft,plasterer,artesanía	=	yesero
craft,shoemaker,artesanía	=	zapatero
man_made,water_works,artificial	=	abastecimiento
man_made,windpump,artificial	=	aerobomba
man_made,manhole,artificial	=	agujero de hombre
man_made,antenna,artificial	=	antena
man_made,satellite_dish,artificial	=	antena parabólica
man_made,flagpole,artificial	=	asta de bandera
man_made,mussel_raft,artificial	=	balsa_de_mejillones
man_made,handpump,artificial	=	bomba de mano
man_made,bunker_silo,artificial	=	búnker_silo
man_made,telephone_box,artificial	=	cabina telefónica
man_made,street_cabinet,artificial	=	calle_gabinete
man_made,waterway,artificial	=	camino acuático
man_made,bioswale,artificial	=	canal biologico
man_made,water_canal,artificial	=	canal_de_agua
man_made,snow_cannon,artificial	=	cañón_de_nieve
man_made,chimney,artificial	=	Chimenea
man_made,clearcut,artificial	=	claro
man_made,column,artificial	=	columna
man_made,cross,artificial	=	cruz
man_made,basin,artificial	=	cuenca
man_made,dolphin,artificial	=	delfín
man_made,water_tank,artificial	=	depósito de agua
man_made,dyke,artificial	=	dique
man_made,ventilation_shaft,artificial	=	ducto de ventilación
man_made,reservoir_covered,artificial	=	embalse_cubierto
man_made,chiller,artificial	=	enfriador
man_made,cooling,artificial	=	enfriamiento
man_made,adit,artificial	=	entrada
man_made,cellar_entrance,artificial	=	entrada_bodega
man_made,monitoring_station,artificial	=	estación_de_monitoreo
man_made,stele,artificial	=	estela
man_made,excavation,artificial	=	excavación
man_made,beacon,artificial	=	Faro
man_made,lighthouse,artificial	=	faro
man_made,pumping_station,artificial	=	gasolinera
man_made,gasometer,artificial	=	gasómetro
man_made,geoglyph,artificial	=	geoglifo
man_made,water_tap,artificial	=	grifo de agua
man_made,crane,artificial	=	grua
man_made,beam,artificial	=	haz
man_made,kiln,artificial	=	horno
man_made,insect_hotel,artificial	=	insecto_hotel
man_made,lamp,artificial	=	lámpara
man_made,cutline,artificial	=	línea de corte
man_made,flare,artificial	=	llamarada
man_made,mast,artificial	=	mástil
man_made,maypole,artificial	=	mayo
man_made,MDF,artificial	=	MDF
man_made,mine,artificial	=	mía
man_made,cairn,artificial	=	mojón
man_made,windmill,artificial	=	molino
man_made,watermill,artificial	=	molino de agua
man_made,mound,artificial	=	montículo
man_made,heap,artificial	=	montón
man_made,pier,artificial	=	muelle
man_made,quay,artificial	=	muelle
man_made,obelisk,artificial	=	obelisco
man_made,works,artificial	=	obras
man_made,observatory,artificial	=	observatorio
man_made,canopy,artificial	=	pabellón
man_made,dovecote,artificial	=	palomar
man_made,reinforced_slope,artificial	=	pendiente_reforzada
man_made,wastewater_plant,artificial	=	planta_de_aguas_residuales
man_made,planter,artificial	=	plantador
man_made,offshore_platform,artificial	=	plataforma marina
man_made,pumping_rig,artificial	=	plataforma_de_bombeo
man_made,pole,artificial	=	polo
man_made,gantry,artificial	=	portal
man_made,utility_pole,artificial	=	poste de electricidad
man_made,borehole,artificial	=	pozo
man_made,water_well,artificial	=	Pozo
man_made,mineshaft,artificial	=	pozo de mina
man_made,oil_well,artificial	=	pozo de petróleo
man_made,gas_well,artificial	=	pozo_de_gas
man_made,petroleum_well,artificial	=	pozo_de_petroleo
man_made,avalanche_protection,artificial	=	protección_avalancha
man_made,advertising,artificial	=	publicidad
man_made,bridge,artificial	=	puente
man_made,survey_point,artificial	=	punto_encuesta
man_made,reservoir,artificial	=	reservorio
man_made,breakwater,artificial	=	rompeolas
man_made,groyne,artificial	=	rompeolas
man_made,silo,artificial	=	silo
man_made,spoil_heap,artificial	=	spoil_heap
man_made,tank,artificial	=	tanque
man_made,storage_tank,artificial	=	tanque de almacenamiento
man_made,tar_kiln,artificial	=	tar_kiln
man_made,telephone_office,artificial	=	teléfono_oficina
man_made,telescope,artificial	=	telescopio
man_made,embankment,artificial	=	terraplén
man_made,torii,artificial	=	Torii
man_made,tower,artificial	=	torre
man_made,water_tower,artificial	=	Torre de agua
man_made,cooling_tower,artificial	=	Torre de enfriamiento
man_made,communications_tower,artificial	=	torre_de_comunicaciones
man_made,goods_conveyor,artificial	=	transportador de mercancías
man_made,threshing_floor,artificial	=	trilla
man_made,pipeline,artificial	=	tubería
man_made,tunnel,artificial	=	túnel
man_made,snow_fence,artificial	=	valla para nieves
man_made,wildlife_crossing,artificial	=	vida silvestre_cruzando
man_made,surveillance,artificial	=	vigilancia
man_made,courtyard,artificial = patio | claustro
toilets:num_chambers,*,aseos:número de tazas = *
toilets:wheelchair,no,aseos:silla de ruedas	=	no
seats,2,asientos	=	*
seats,3,asientos	=	*
seats,4,asientos	=	*
seats,5,asientos	=	*
seats,6,asientos	=	*
outdoor_seating,no,asientos al aire libre	=	no
outdoor_seating,patio,asientos al aire libre	=	patio
outdoor_seating,terrace,asientos al aire libre	=	terraza
allotments,plot,asignaciones	=	gráfico
at_bev:addr_date,*,at_bev:dir_fecha	=	*
athletics,cross_country,atletismo	=	a campo traviesa
athletics,steeplechase,atletismo	=	carrera de obstáculos
athletics,running,atletismo	=	corriendo
athletics,discus_throw,atletismo	=	lanzamiento de disco
athletics,javelin_throw,atletismo	=	lanzamiento de jabalina
athletics,hammer_throw,atletismo	=	lanzamiento de martillo
athletics,shot_put,atletismo	=	lanzamiento de peso
athletics,sprint,atletismo	=	pique
athletics,high_jump,atletismo	=	salto alto
athletics,pole_vault,atletismo	=	salto con pértiga
athletics,long_jump,atletismo	=	salto largo
athletics,triple_jump,atletismo	=	salto triple
attraction,animal,atracción	=	animal
attraction,amusement_ride,atracción	=	atracción de feria
attraction,carousel,atracción	=	carrusel
attraction,maze,atracción	=	laberinto
attraction,roller_coaster,atracción	=	montaña rusa
attraction,alpine_coaster,atracción	=	montaña rusa alpina
attraction,boat_ride,atracción	=	paseo en bote
attraction,kiddie_ride,atracción	=	paseo para niños
attraction,big_wheel,atracción	=	rueda grande
attraction,water_slide,atracción	=	tobogán
attraction,train,atracción	=	tren
attraction,summer_toboggan,atracción	=	trineo_de_verano
attribution,*,atribución	=	*
attribution,"2001_Her_Majesty_the_Queen_in_Right_of_Manitoba,_as_represented_by_the_Minister_of_Conservation._All_rights_reserved.",atribución	=	*
car,no,auto	=	no
bus,designated,autobús	=	designado
bus,school,autobús	=	escuela
bus,minibus,autobús	=	microbús
bus,no,autobús	=	no
bus,unofficial,autobús	=	no oficial
bus,urban,autobús	=	urbano
motorcar,agricultural,automóvil	=	agrícola
motorcar,designated,automóvil	=	designado
motorcar,destination,automóvil	=	destino
motorcar,no,automóvil	=	no
motorcar,private,automóvil	=	privado
autonomy,excluded,autonomía	=	excluido
autonomy,exclusive,autonomía	=	exclusivo
autonomy,mixed,autonomía	=	mezclado
highway,abandoned,autopista	=	abandonado
highway,access,autopista	=	acceso
highway,razed,autopista	=	arrasado
highway,bazaar,autopista	=	bazar
highway,bus_guideway,autopista	=	bus_guideway
highway,toll_booth,autopista	=	cabina de peaje
highway,street,autopista	=	calle
highway,lane,autopista	=	carril
highway,green_lane,autopista	=	carril verde
highway,trailhead,autopista	=	comienzo del sendero
highway,emergency_bay,autopista	=	emergencia_bahía
highway,disused,autopista	=	en desuso
highway,cycleway_link,autopista	=	enlace de carril bici
highway,residential_link,autopista	=	enlace residencial
highway,escape,autopista	=	Escapar
highway,minor,autopista	=	menor
expressway,no,Autopista	=	no
highway,no,autopista	=	no
highway,ohm:military:Trench,autopista	=	ohm:militar:trinchera
highway,ohm:ww1:militaryTrench,autopista	=	ohm:ww1:militaryTrinchera
highway,speed_display,autopista	=	pantalla_velocidad
highway,tourist_bus_stop,autopista	=	parada de autobús turístico
highway,moving_walkway,autopista	=	pasarela móvil
highway,toll_gantry,autopista	=	peaje_gantry
highway,piste,autopista	=	pista
highway,planned,autopista	=	planificado
highway,gate,autopista	=	portón
highway,priority,autopista	=	prioridad
highway,yield,autopista	=	producir
highway,cattle_grid,autopista	=	rejilla de retención
highway,skyway,autopista	=	ruta aérea
highway,Path/Examples,autopista	=	Ruta/Ejemplos
highway,trail,autopista	=	sendero
highway,unsurfaced,autopista	=	sin superficie
highway,conveyor,autopista	=	transportador
highway,ford,autopista	=	vado
highway,busway,autopista	=	vía de autobús
highway,via_ferrata,autopista	=	via_ferrata
local_authority:IN,gram_panchayat,autoridad_local:IN	=	gram_panchayat
self_service,no,autoservicio	=	no
dual_carriageway,no,autovía	=	no
navigationaid,papi,Ayuda a la navegación	=	papi
navigationaid,als,Ayuda a la navegación	=	también
navigationaid,vasi,Ayuda a la navegación	=	Vasi
townhall:type,city,ayuntamiento:tipo	=	ciudad
bay,fjord,bahía	=	fiordo
bak:fac_type1,RESIDENTIAL,bak: fac_type1	=	RESIDENCIAL
bak:fac_type2,RESIDENCE,bak: fac_type2	=	RESIDENCIA
beacon:type,DVOR,baliza:tipo	=	DVOR
beacon:type,ILS,baliza:tipo	=	ILS
beacon:type,NDB,baliza:tipo	=	NBD
beacon:type,TACAN,baliza:tipo	=	TACAN
beacon:type,VOR,baliza:tipo	=	VOR
flag:type,athletic,bandera: tipo	=	atlético
flag:type,governmental,bandera: tipo	=	gubernamental
flag:type,military,bandera: tipo	=	militar
flag:type,municipal,bandera: tipo	=	municipal
flag:type,organisation,bandera: tipo	=	organización
flag:type,regional,bandera: tipo	=	regional
flag:type,religious,bandera: tipo	=	religioso
flag:type,national,bandera:tipo	=	nacional
flag:type,advertising,bandera:tipo	=	publicidad
bath:type,hammam,baño:tipo	=	baño turco
bath:type,onsen,baño:tipo	=	onsen
bath:type,hot_spring,baño:tipo	=	primavera calurosa
bath:type,thermal,baño:tipo	=	térmico
boat,no,barco	=	no
boat:type,dinghy,barco:tipo	=	bote
boat:type,canoe,barco:tipo	=	canoa
boat:type,pedalo,barco:tipo	=	hidropedal
boat:type,kayak,barco:tipo	=	kayac
boat:type,motorboat,barco:tipo	=	motora
boat:type,sailing,barco:tipo	=	navegación
boat:type,rowing,barco:tipo	=	remo
busbar,flexible,barra colectora	=	flexible
busbar,rigid,barra colectora	=	rígido
barrier,ditch,barrera	=	abandone
barrier,tree,barrera	=	árbol
barrier,lift_gate,barrera	=	ascensor_puerta
barrier,boom,barrera	=	auge
barrier,hedge_bank,barrera	=	banco de cobertura
barrier,bar,barrera	=	bar
barrier,guard_rail,barrera	=	Barandilla
barrier,motorcycle_barrier,barrera	=	barrera de motos
barrier,barricade,barrera	=	barricada
barrier,berm,barrera	=	berma
barrier,kissing_gate,barrera	=	besando_gate
barrier,block,barrera	=	bloquear
barrier,kent_carriage_gap,barrera	=	brecha de carruaje de kent
barrier,toll_booth,barrera	=	cabina de peaje
barrier,cable_barrier,barrera	=	cable_barrera
barrier,chain,barrera	=	cadena
barrier,wire_fence,barrera	=	cerca de alambre
barrier,cycle_barrier,barrera	=	ciclo_barrera
barrier,hedge,barrera	=	cobertura
barrier,border_control,barrera	=	control fronterizo
barrier,chicane,barrera	=	crítica
barrier,rope,barrera	=	cuerda
barrier,wedge,barrera	=	cuña
barrier,coupure,barrera	=	cupure
barrier,sump_buster,barrera	=	destructor de sumidero
barrier,entrance,barrera	=	entrada
barrier,chech_hedgehog,barrera	=	erizo chech
barrier,czech_hedgehog,barrera	=	erizo checo
barrier,stile,barrera	=	escalera para pasar una cerca
barrier,debris,barrera	=	escombros
barrier,median_strip,barrera	=	franja divisoria
barrier,curb,barrera	=	frenar
barrier,kerb,barrera	=	frenar
barrier,bump_gate,barrera	=	golpe_puerta
barrier,hampshire_gate,barrera	=	hampshire_gate
barrier,sliding_beam,barrera	=	haz deslizante
barrier,log,barrera	=	Iniciar sesión
barrier,traffic_island,barrera	=	Isla de tráfico
barrier,ha-ha,barrera	=	ja ja
barrier,haha,barrera	=	ja ja
barrier,jersey_barrier,barrera	=	jersey_barrera
barrier,field_boundary,barrera	=	límite_del_campo
barrier,line,barrera	=	línea
barrier,horse_stile,barrera	=	montante de caballo
barrier,city_wall,barrera	=	Muralla
barrier,retaining_wall,barrera	=	muro de contención
barrier,tyres,barrera	=	neumáticos
barrier,no,barrera	=	no
barrier,bollard,barrera	=	noray
barrier,wall,barrera	=	pared
barrier,step,barrera	=	paso
barrier,spikes,barrera	=	Picos
barrier,planter,barrera	=	plantador
barrier,wicket_gate,barrera	=	Portillo
barrier,gate,barrera	=	portón
barrier,swing_gate,barrera	=	portón abatible
barrier,handrail,barrera	=	pretil
barrier,property_boundary,barrera	=	propiedad_límite
barrier,avalanche_protection,barrera	=	protección_avalancha
barrier,door,barrera	=	puerta
barrier,sliding_gate,barrera	=	puerta corredera
barrier,lych_gate,barrera	=	puerta lych
barrier,foldable_pie_slice,barrera	=	rebanada de pastel plegable
barrier,cattle_grid,barrera	=	rejilla de retención
barrier,height_restrictor,barrera	=	restrictor_de_altura
barrier,sally_port,barrera	=	sally_port
barrier,horse_jump,barrera	=	salto de caballo
barrier,steeplechase_jump,barrera	=	salto de carrera de obstáculos
barrier,barrier_board,barrera	=	tablero de barrera
barrier,tank_trap,barrera	=	tanque_trampa
barrier,embankment,barrera	=	terraplén
barrier,turnstile,barrera	=	torniquete
barrier,full-height_turnstile,barrera	=	torniquete_de_altura_completa
barrier,bus_trap,barrera	=	trampa de autobús
barrier,fence,barrera	=	valla
barrier,wood_fence,barrera	=	valla de madera
swing_gate:type,double,barrera abatible=doble
swing_gate:type,single,barrera abatible=única
drink:coffee,*,beber café	=	*
drink:wine,*,beber vino	=	*
drink:viez,draught,bebida: viez	=	Barril
drink:viez,bottled,bebida: viez	=	embotellado
drink:viez,takeaway,bebida: viez	=	quitar
drink:viez,served,bebida: viez	=	servido
baseball,infield,béisbol	=	dentro del campo
baseball,softball,béisbol	=	sofbol
beauty,tanning,belleza	=	bronceado
beauty,waxing,belleza	=	cera
beauty,cosmetics,belleza	=	cosméticos
beauty,skin_care,belleza	=	cuidado de la piel
beauty,hair_removal,belleza	=	depilación
beauty,massage,belleza	=	masajes
beauty,hair,belleza	=	pelo
beauty,eyelash,belleza	=	pestañas
beauty,spa,belleza	=	spa
beauty,nails,belleza	=	uñas
bicycle,mtb,bicicleta	=	bicicleta de montaña
bicycle,customers,bicicleta	=	clientes
bicycle,unknown,bicicleta	=	desconocido
bicycle,designated,bicicleta	=	designado
bicycle,dismount,bicicleta	=	desmontar
bicycle,destination,bicicleta	=	destino
bicycle,no,bicicleta	=	no
bicycle,official,bicicleta	=	oficial
bicycle,permissive,bicicleta	=	permisivo
bicycle,permit,bicicleta	=	permiso
bicycle,private,bicicleta	=	privado
bicycle,optional_sidepath,bicicleta	=	ruta_lateral_opcional
bicycle,use_sidepath,bicicleta	=	use_sidepath
mtb,designated,bicicleta de montaña	=	designado
mtb,no,bicicleta de montaña	=	no
bicycle:backward,optional_sidepath,bicicleta: al revés	=	acera opcional
bicycle:backward,use_sidepath,bicicleta: al revés	=	usar camino lateral
bicycle:forward,optional_sidepath,bicicleta:adelante	=	acera opcional
bicycle:forward,use_sidepath,bicicleta:adelante	=	usar camino lateral
bicycle:type,logistics,bicicleta:tipo	=	logística
goods,no,bienes	=	no
lockable,no,bloqueable	=	no
locked,no,bloqueado	=	no
bmo:type,D,bmo: tipo	=	D
fire_hydrant:type,wall,boca de incendios:tipo	=	pared
fire_hydrant:type,pipe,boca de incendios:tipo	=	tubo
pump,manual,bomba	=	manual
pump,powered,bomba	=	motorizado
pump,no,bomba	=	no
border_type,city,border_type	=	ciudad
border_type,county,border_type	=	condado
border_type,freguesia,border_type	=	freguesia
border_type,nation,border_type	=	nación
border_type,town,border_type	=	pueblo
woodland,virgin,bosque	=	virgen
boat,rental,bote	=	alquiler
button_operated,no,botón_operado	=	no
tourist_bus,no,bus turístico=no
shop,cell_phones,Buscar shop=mobile_phone	=	Buscar shop=mobile_phone
shop,communication,Buscar shop=telecommunication	=	Buscar shop=telecommunication
horse,designated,caballo	=	designado
horse,dismount,caballo	=	desmontar
horse,no,caballo	=	no
horse,permissive,caballo	=	permisivo
horse,private,caballo	=	privado
cables,1,cabos	=	*
cables,3,cabos	=	*
cables,6,cabos	=	*
cadet,*,cadete	=	*
cadet,ambulance,cadete	=	ambulancia
cadet,fire,cadete	=	fuego
cadet,military,cadete	=	militar
cadet,police,cadete	=	policía
cadet,lifeguard,cadete	=	Salvavidas
cadet,emergency_services,cadete	=	servicios de emergencia
cafe,time_cafe,cafetería	=	café del tiempo
cafe,time-cafe,cafetería	=	tiempo-cafe
atm,no,Cajero automático	=	no
structure_gauge,GC,calibre_estructura	=	CG
street_cabinet,power,calle_gabinete	=	energía
street_cabinet,telecom,calle_gabinete	=	telecomunicaciones
chamber,fisherfolk,cámara	=	cofradía de pescadores
surveillance,outdoor,cámara de vigilancia	=	exterior
surveillance,public,cámara de vigilancia	=	público
surveillance:type,camera,cámara de vigilancia:tipo	=	cámara
surveillance:type,ALPR,cámara de vigilancia:tipo = ALPR
surveillance,indoor,cámara de vigilancia=interior
surveillance,traffic,cámara de vigilancia=tráfico
camera:mount,wall,cámara: montaje	=	pared
camera:mount,pole,cámara: montaje	=	polo
camera:type,fixed,cámara: tipo	=	fijado
camera:type,dome,cámara: tipo	=	Hazme
change:lanes,no|no,cambiar carriles	=	no|no
change:lanes:forward,no,cambiar:carriles:adelante	=	no
change:lanes:backward,no,cambiar:carriles:atrás	=	no
change:backward,no,cambio: al revés	=	no
change:forward,no,cambio:adelante	=	no
path,sidewalk,camino	=	acera
path,desire,camino	=	deseo
camp_site,serviced,camping	=	atendido
camp_site,basic,camping	=	básico
camp_site,camp_pitch,camping	=	campo de campamento
camp_site,deluxe,camping	=	de lujo
camp_site,standard,camping	=	estándar
camp_site,reception,camping	=	recepción
prison_camp,concentration_camp,campo de prisioneros	=	campo de concentración
prison_camp,extermination_camp,campo de prisioneros	=	campo de exterminio
gutter,no,canal	=	no
canal,qanat,canal	=	qanat
waterway:type,KANAL_SEKUNDER,canal: tipo	=	KANAL_SEKUNDER
waterway:type,KANAL_TERSIER,canal: tipo	=	KANAL_TERSIER
waterway:type,observed,canal: tipo	=	observado
canoe,portage,canoa	=	porteo
canvec:CODE,1760011,canvec:CÓDIGO	=	*
canvec:STRUCTYPE,None,canvec:TIPO DE ESTRUCTURA	=	Ninguna
layer,-1,capa	=	*
layer,0,capa	=	*
layer,1,capa	=	*
layer,*,capa	=	*
capacity,1,capacidad	=	*
capacity,*,capacidad	=	*
capacity:disabled,0,capacidad: deshabilitado	=	*
capacity:disabled,1,capacidad: deshabilitado	=	*
capacity:disabled,2,capacidad: deshabilitado	=	*
capacity:disabled,no,capacidad: deshabilitado	=	no
capacity:parent,no,capacidad: padre	=	no
capacity:women,no,capacidad:mujeres	=	no
capacity:persons,100-250,capacidad:personas	=	*
capacity:persons,50-100,capacidad:personas	=	*
training,art,capacitación	=	Arte
training,aviation,capacitación	=	aviación
training,computer,capacitación	=	computadora
training,driving,capacitación	=	conduciendo
training,sport,capacitación	=	deporte
training,language,capacitación	=	idioma
training,music,capacitación	=	música
capital,4,capital	=	*
capital,5,capital	=	*
capital,6,capital	=	*
capital,8,capital	=	*
cargo,container,carga	=	envase
cargo,liquid_bulk,carga	=	líquido a granel
carpenter,joiner,carpintero	=	carpintero
highway,elevator,carretera	=	ascensor
highway,motorway,carretera	=	autopista
highway,motorway_link,carretera	=	autopista_enlace
highway,speed_camera,carretera	=	Camara rápida
highway,bridleway,carretera	=	camino de herradura
highway,give_way,carretera	=	Ceder el paso
highway,construction,carretera	=	construcción
highway,corridor,carretera	=	corredor
highway,crossing,carretera	=	cruce
highway,motorway_junction,carretera	=	cruce_autopista
highway,stop,carretera	=	deténgase
highway,primary_link,carretera	=	enlace_principal
highway,secondary_link,carretera	=	enlace_secundario
highway,tertiary_link,carretera	=	enlace_terciario
highway,trunk_link,carretera	=	enlace_tronco
highway,street_lamp,carretera	=	farola
highway,turning_loop,carretera	=	giro_bucle
highway,milestone,carretera	=	hito
highway,road,carretera	=	la carretera
highway,passing_place,carretera	=	lugar_de_paso
highway,mini_roundabout,carretera	=	mini_rotonda
motorroad,no,carretera	=	no
highway,bus_stop,carretera	=	parada de autobús
highway,steps,carretera	=	pasos
highway,pedestrian,carretera	=	peatonal
highway,raceway,carretera	=	pista de rodadura
highway,platform,carretera	=	plataforma
highway,proposed,carretera	=	propuesto
highway,emergency_access_point,carretera	=	punto_de_acceso_de_emergencia
highway,turning_circle,carretera	=	radio de giro
highway,traffic_signals,carretera	=	Señales de tráfico
highway,services,carretera	=	servicios
highway,traffic_mirror,carretera	=	tráfico_espejo
highway,trunk,carretera	=	tronco
highway,living_street,carretera	=	vivir_calle
highway,rest_area,carretera	=	zona de descanso
highway,traffic_calming,carretera = pacificación tráfico
priority_road,designated,carretera_prioritaria	=	designado
highway:category:pl,1,carretera:categoría:pl	=	*
highway:category:pl,2,carretera:categoría:pl	=	*
highway:category:pl,3,carretera:categoría:pl	=	*
highway:class:pl,GP,carretera:clase:pl = *
highway:class:pl,S,carretera:clase:pl = *
lane,buffered,carril	=	amortiguado
cycleway,sidewalk,carril bici	=	acera
cycleway,segregated,carril bici	=	aislado
cycleway,both,carril bici	=	ambas cosas
cycleway,asl,carril bici	=	asl
cycleway,bike_box,carril bici	=	caja de bicicleta
cycleway,sidepath,carril bici	=	camino lateral
cycleway,lane,carril bici	=	carril
cycleway,shared_lane,carril bici	=	carril_compartido
cycleway,opposite_lane,carril bici	=	carril_opuesto
cycleway,unmarked_lane,carril bici	=	carril_sin_marcar
cycleway,shared,carril bici	=	compartido
cycleway,share_busway,carril bici	=	compartir_busway
cycleway,crossing,carril bici	=	cruce
cycleway,right,carril bici	=	derecho
cycleway,shoulder,carril bici	=	hombro
cycleway,shared_line,carril bici	=	línea compartida
cycleway,none,carril bici	=	ninguno
cycleway,no,carril bici	=	no
cycleway,opposite,carril bici	=	opuesto
cycleway,track,carril bici	=	pista
cycleway,opposite_track,carril bici	=	pista_opuesta
cycleway,proposed,carril bici	=	propuesto
cycleway,separate,carril bici	=	separado
cycleway,shared_busway,carril bici	=	vía de autobús compartida
cycleway,opposite_share_busway,carril bici	=	vía de autobús compartida opuesta
cycleway,opposite_shared_busway,carril bici	=	vía de autobús compartida opuesta
cycleway:right,lane,carril bici: derecha	=	carril
cycleway:right,opposite_lane,carril bici: derecha	=	carril opuesto
cycleway:right,shared_lane,carril bici: derecha	=	carril_compartido
cycleway:right,share_busway,carril bici: derecha	=	compartir vía de autobús
cycleway:right,no,carril bici: derecha	=	no
cycleway:right,track,carril bici: derecha	=	pista
cycleway:right,opposite_track,carril bici: derecha	=	pista opuesta
cycleway:right,separate,carril bici: derecha	=	separado
cycleway:foot,designated,carril bici: pie	=	designado
cycleway:foot,no,carril bici: pie	=	no
cycleway:both,lane,carril bici:ambos	=	carril
cycleway:both,shared_lane,carril bici:ambos	=	carril compartido
cycleway:both,no,carril bici:ambos	=	no
lanes,1,carriles	=	*
lanes,2,carriles	=	*
lanes,3,carriles	=	*
lanes,4,carriles	=	*
lanes,5,carriles	=	*
lanes,6,carriles	=	*
lanes,7,carriles	=	*
lanes:forward,1,carriles: adelante	=	*
lanes:forward,2,carriles: adelante	=	*
lanes:forward,3,carriles: adelante	=	*
lanes:forward,4,carriles: adelante	=	*
lanes:backward,1,carriles: al revés	=	*
lanes:backward,2,carriles: al revés	=	*
lanes:backward,3,carriles: al revés	=	*
lanes:backward,4,carriles: al revés	=	*
lanes:psv,1,carriles: psv	=	*
lanes:both_ways,1,carriles:ambos_senderos	=	*
carriage,no,carro	=	no
golf_cart,designated,carro de golf	=	designado
house,terraced,casa	=	adosado
house,bungalow,casa	=	bungalow
house,maisonette,casa	=	casita
house,link-detached,casa	=	enlace separado
house,semi-detached,casa	=	Semi separado
house,detached,casa	=	separado
house,terrace,casa	=	terraza
guest_house,bed_and_breakfast,Casa de invitados	=	cama y desayuno
building,hut,casa de piedra seca | edificio	=	cabaña
trolley_wire,no,"catenaria, hilo eléctrico en bus=no"
hunting,raised_hide,caza	=	cuero levantado
cemetery,burial_forest,cementerio	=	bosque funerario
cemetery,war_cemetery,cementerio	=	cementerio de guerra
cemetery,cillín,cementerio	=	cillín
cemetery,sector,cementerio	=	sector
cemetery,grave,cementerio	=	tumba
dinner,a_la_carte,cena	=	a la carta
dinner,menu,cena	=	menú
community_centre,club_home,centro Comunitario	=	casa club
community_centre,youth_centre,centro Comunitario	=	Centro juvenil
health_facility:MG,CHRR,centro de salud:MG	=	CHRR
health_facility:MG,CHU,centro de salud:MG	=	CHU
health_facility:MG,CHRD,centro de salud:MG	=	CRD
health_facility:MG,CSB1,centro de salud:MG	=	CSB1
health_facility:MG,CSB2,centro de salud:MG	=	CSB2
fence_type,barbed_wire,cerca_tipo	=	alambre_de_púas
fence_type,bars,cerca_tipo	=	barras
fence_type,chain_link,cerca_tipo	=	eslabón de la cadena
fence_type,concrete,cerca_tipo	=	hormigón
fence_type,metal,cerca_tipo	=	metal
cyclability,*,ciclabilidad	=	*
leaf_cycle,deciduous,ciclo_hoja	=	caduco
leaf_cycle,evergreen,ciclo_hoja	=	hojas perennes
leaf_cycle,mixed,ciclo_hoja	=	mezclado
leaf_cycle,semi_deciduous,ciclo_hoja	=	semi_deciduo
leaf_cycle,semi_evergreen,ciclo_hoja	=	semi_siempreverde
moped,designated,ciclomotor	=	designado
moped,no,ciclomotor	=	no
moped,use_sidepath,ciclomotor	=	use_sidepath
cycleway:both:lane,advisory,ciclovía:ambos:carril	=	consultivo
cycleway:both:lane,exclusive,ciclovía:ambos:carril	=	exclusivo
cycleway:right:buffer,no,ciclovía:derecha:amortiguador	=	no
cycleway:right:lane,advisory,ciclovía:derecha:carril	=	consultivo
cycleway:right:lane,exclusive,ciclovía:derecha:carril	=	exclusivo
cycleway:right:oneway,no,ciclovía:derecha:sentido único	=	no
cycleway:left,lane,ciclovía:izquierda	=	carril
cycleway:left,shared_lane,ciclovía:izquierda	=	carril compartido
cycleway:left,opposite_lane,ciclovía:izquierda	=	carril opuesto
cycleway:left,share_busway,ciclovía:izquierda	=	compartir vía de autobús
cycleway:left,no,ciclovía:izquierda	=	no
cycleway:left,track,ciclovía:izquierda	=	pista
cycleway:left,opposite_track,ciclovía:izquierda	=	pista opuesta
cycleway:left,separate,ciclovía:izquierda	=	separado
cycleway:surface,paving_stones,ciclovía:superficie	=	adoquines
cycleway:surface,sand,ciclovía:superficie	=	arena
cycleway:surface,asphalt,ciclovía:superficie	=	asfalto
circuits,1,circuitos	=	*
circuits,2,circuitos	=	*
circumference,0.15,circunferencia	=	*
circumference,0.16,circunferencia	=	*
circumference,0.25,circunferencia	=	*
circumference,0.3,circunferencia	=	*
circumference,0.45,circunferencia	=	*
protect_class,2,clase de protección	=	*
protect_class,3,clase de protección	=	*
protect_class,5,clase de protección	=	*
protect_class,6,clase de protección	=	*
protect_class,11,clase de protección	=	*
protect_class,13,clase de protección	=	*
protect_class,19,clase de protección	=	*
protect_class,21,clase de protección	=	*
protect_class,1a,clase de protección	=	1a
protect_class,1b,clase de protección	=	1b
class:bicycle:mtb,1,clase:bicicleta:mtb	=	*
clc:year,2006,clc: año	=	*
CLC:code,112,CLC: código	=	*
clc:code,312,clc:código	=	*
clc:code,313,clc:código	=	*
CLC:explanation,See_http://wiki.openstreetmap.org/wiki/Romania_CLC_Import.,CLC:explicación	=	Consulte_http://wiki.openstreetmap.org/wiki/Romania_CLC_Import.
club,chess,club	=	ajedrez
club,art,club	=	Arte
club,automobile,club	=	automóvil
club,bicycle,club	=	bicicleta
club,cadet,club	=	cadete
club,military_cadets,club	=	cadetes militares
club,hunting,club	=	caza
club,computer,club	=	computadora
club,sport,club	=	deporte
club,scout,club	=	explorar
club,golf,club	=	golf
club,card_games,club	=	juegos de cartas
club,youth,club	=	juventud
club,linux,club	=	linux
club,freemasonry,club	=	masonería
club,motorcycle,club	=	motocicleta
club,youth_movement,club	=	Movimiento juvenil
club,music,club	=	música
club,sailing,club	=	navegación
club,nudism,club	=	nudismo
club,fishing,club	=	pescar
club,amateur_radio,club	=	radioaficionados
club,social,club	=	social
club,scuba_diving,club	=	submarinismo
club,tourism,club	=	turismo
club,fan,club	=	ventilador
club,veterans,club	=	veteranos
hedge,hedge_bank,cobertura	=	hedge_bank
cuisine,african,cocina	=	africano
cuisine,wings,cocina	=	alas
cuisine,dumplings,cocina	=	albóndigas
cuisine,german,cocina	=	alemán
cuisine,american,cocina	=	americano
cuisine,arab,cocina	=	árabe
cuisine,steak_house,cocina	=	asador
cuisine,asian,cocina	=	asiático
cuisine,dumpling,cocina	=	bola de masa hervida
cuisine,brazilian,cocina	=	brasileño
cuisine,kebab,cocina	=	brocheta
cuisine,coffee_shop,cocina	=	cafetería
cuisine,caribbean,cocina	=	caribe
cuisine,tea_house,cocina	=	casa de te
cuisine,teahouse,cocina	=	casa de te
cuisine,catalan,cocina	=	catalán
cuisine,chinese,cocina	=	chino
cuisine,korean,cocina	=	coreano
cuisine,crepe,cocina	=	crepe
cuisine,curry,cocina	=	curry
cuisine,couscous,cocina	=	cuscús
cuisine,tex-mex,cocina	=	de Texas y Mexico
cuisine,brunch,cocina	=	desalmuerzo
cuisine,breakfast,cocina	=	desayuno
cuisine,breakfast;pancake,cocina	=	desayuno; panqueque
cuisine,donut;coffee_shop,cocina	=	donut;cafetería
cuisine,empanada,cocina	=	empanada
cuisine,sandwich,cocina	=	emparedado
cuisine,spanish,cocina	=	Español
cuisine,hotpot,cocina	=	estofado
cuisine,noodle,cocina	=	fideos
cuisine,filipino,cocina	=	filipino
cuisine,french,cocina	=	francés
cuisine,friture,cocina	=	fritura
cuisine,georgian,cocina	=	georgiano
cuisine,waffle,cocina	=	gofre
cuisine,greek,cocina	=	griego
cuisine,burger,cocina	=	hamburguesa
cuisine,ice_cream,cocina	=	helado
cuisine,ice_cream;burger,cocina	=	helado;hamburguesa
cuisine,indian,cocina	=	indio
cuisine,indonesian,cocina	=	indonesio
cuisine,international,cocina	=	internacional
cuisine,italian,cocina	=	italiano
cuisine,italian;pizza,cocina	=	italiano;pizza
cuisine,japanese,cocina	=	japonés
cuisine,jause,cocina	=	jause
cuisine,juice,cocina	=	jugo
cuisine,kebab;pizza,cocina	=	kebab;pizza
cuisine,lebanese,cocina	=	libanés
cuisine,local,cocina	=	local
cuisine,malaysian,cocina	=	malasio
cuisine,seafood,cocina	=	mariscos
cuisine,mediterranean,cocina	=	Mediterráneo
cuisine,mexican,cocina	=	mexicano
cuisine,hot_pot,cocina	=	olla caliente
cuisine,pakistani,cocina	=	pakistaní
cuisine,hot_dog,cocina	=	Pancho
cuisine,barbecue,cocina	=	parilla
cuisine,grill,cocina	=	parrilla
cuisine,pasta,cocina	=	pasta
cuisine,cake,cocina	=	pastel
cuisine,pastry,cocina	=	Pastelería
cuisine,peruvian,cocina	=	peruano
cuisine,fish_and_chips,cocina	=	pescado y papas fritas
cuisine,fish,cocina	=	pez
cuisine,pizza,cocina	=	pizza
cuisine,italian_pizza,cocina	=	pizza_italiana
cuisine,pizza;kebab,cocina	=	pizza; kebab
cuisine,pizza;italian,cocina	=	pizza;italiana
cuisine,polish,cocina	=	polaco
cuisine,chicken,cocina	=	pollo
cuisine,portuguese,cocina	=	portugués
cuisine,dessert,cocina	=	postre
cuisine,ramen,cocina	=	ramen
cuisine,regional,cocina	=	regional
cuisine,bagel,cocina	=	rosquilla
cuisine,donut,cocina	=	rosquilla
cuisine,russian,cocina	=	ruso
cuisine,sandwich;bakery,cocina	=	sándwich; panadería
cuisine,soup,cocina	=	sopa
cuisine,strudel,cocina	=	strudel
cuisine,sushi,cocina	=	Sushi
cuisine,thai,cocina	=	tailandés
cuisine,tapas,cocina	=	tapas
cuisine,pie,cocina	=	tarta
cuisine,beef_bowl,cocina	=	tazón de carne
cuisine,bubble_tea,cocina	=	Té de burbujas
cuisine,tea_shop,cocina	=	tienda de té
cuisine,pancake,cocina	=	tortita
cuisine,turkish,cocina	=	turco
cuisine,vietnamese,cocina	=	vietnamita
cuisine,gyros,cocina = gyros (comiga griega)
cuisine,churro,cocina=churros ( churrería )
fcode,45800,código f	=	*
postal_code:source,INSSE_-_SIRUTA,código_postal:fuente	=	INSSE_-_SIRUTA
emergency_telephone_code,112,código_teléfono_emergencia	=	*
abutters,industrial,colinda con	=	industrial
abutters,mixed,colinda con	=	mezclado
abutters,residential,colinda con	=	Residencial
abutters,retail,colinda con	=	venta minorista
placement,right_of:2,colocación	=	derecha_de:2
placement,right_of:1,colocación	=	derecho_de:1
placement,left_of:2,colocación	=	izquierda_de:2
placement,middle_of:1,colocación	=	medio_de:1
placement,middle_of:2,colocación	=	medio_de:2
placement,transition,colocación	=	transición
placement:forward,left_of:1,colocación:adelante	=	izquierda_de:1
colour,#000000,color	=	*
colour,#ff0000,color	=	*
colour,yellow,color	=	amarillo
colour,blue,color	=	azul
colour,white,color	=	blanco
colour,gray,color	=	gris
colour,grey,color	=	gris
colour,brown,color	=	marrón
colour,orange,color	=	naranja
colour,black,color	=	negro
colour,red,color	=	rojo
colour,green,color	=	verde
light:colour,white,color claro	=	blanco
light:colour,orange,color claro	=	naranja
colour:back,yellow,color:espalda	=	amarillo
colour:back,blue,color:espalda	=	azul
colour:back,white,color:espalda	=	blanco
colour:back,green,color:espalda	=	verde
colour:arrow,white,color:flecha	=	blanco
colour:arrow,black,color:flecha	=	negro
colour:arrow,green,color:flecha	=	verde
colour:text,white,color:texto	=	blanco
colour:text,black,color:texto	=	negro
colour:text,green,color:texto	=	verde
comment,*,comentario	=	*
comment,convertido_a_OSM_usando_http://GaleNUx.com,comentario	=	convertido_a_OSM_usando_http://GaleNUx.com
trade,timber,comercio	=	madera
trade,wood,comercio	=	madera
trade,building_supplies,comercio	=	materiales de construcción
trade,agricultural_supplies,comercio	=	suministros agrícolas
fast_food,cafeteria,comida rápida	=	cafetería
trailhead,*,comienzo del sendero	=	*
bin,no,compartimiento	=	no
compensator,shunt_capacitor,compensador	=	condensador de derivación
compensator,series_capacitor,compensador	=	condensador en serie
compensator,synchronous_condenser,compensador	=	condensador síncrono
compensator,statcom,compensador	=	estadocom
compensator,filter,compensador	=	filtrar
compensator,shunt_reactor,compensador	=	reactor de derivación
compensator,series_reactor,compensador	=	reactor en serie
compensator,voltage_regulator,compensador	=	regulador de voltaje
compensator,static_var,compensador	=	variable estática
check_date,2021-07-01,comprobar Fecha	=	*
communication,line,comunicación	=	línea
communication,mobile_phone,comunicación	=	teléfono móvil
communication:radio,fm,comunicación:radio	=	FM
communication:television,dvb-t,comunicación:televisión	=	dvb-t
communication:television,dvb-t2,comunicación:televisión	=	dvb-t2
condition,good,condición	=	bueno
condition,deficient,condición	=	deficiente
condition,fair,condición	=	justa
mechanical_driver,manual,conductor mecanico	=	manual
mechanical_driver,combustion_engine,conductor mecanico	=	motor de combustión
mechanical_driver,electric_motor,conductor mecanico	=	motor eléctrico
mechanical_driver,reciprocating_solenoid,conductor mecanico	=	solenoide alternativo
dataset,buildings,conjunto de datos	=	edificios
sett:style,portuguese,conjunto: estilo	=	portugués
construction,*,construcción	=	*
construction,apartments,construcción	=	apartamentos
construction,motorway,construcción	=	autopista
construction,living_street,construcción	=	calle viva
construction,path,construcción	=	camino
construction,byway,construcción	=	camino apartado
construction,bridleway,construcción	=	camino de herradura
construction,rail,construcción	=	carril
construction,cycleway,construcción	=	carril bici
construction,house,construcción	=	casa
construction,shed,construcción	=	cobertizo
construction,unclassified,construcción	=	desclasificado
construction,motorway_link,construcción	=	enlace de autopista
construction,primary_link,construcción	=	enlace principal
construction,secondary_link,construcción	=	enlace secundario
construction,tertiary_link,construcción	=	enlace terciario
construction,trunk_link,construcción	=	enlace troncal
construction,road,construcción	=	la carretera
construction,trunk,construcción	=	maletero
construction,minor,construcción	=	menor
construction,monorail,construcción	=	monocarril
construction,office,construcción	=	oficina
construction,steps,construcción	=	pasos
construction,pedestrian,construcción	=	peatonal
construction,track,construcción	=	pista
construction,raceway,construcción	=	pista de rodadura
construction,preserved,construcción	=	Preservado
construction,primary,construcción	=	primario
construction,residential,construcción	=	Residencial
construction,secondary,construcción	=	secundario
construction,footway,construcción	=	senda
construction,service,construcción	=	Servicio
construction,unsurfaced,construcción	=	sin superficie
construction,subway,construcción	=	subterraneo
construction,tertiary,construcción	=	terciario
construction,tram,construcción	=	tranvía
construction,light_rail,construcción	=	Tren Ligero
construction,narrow_gauge,construcción	=	vía estrecha
construction:electrified,contact_line,construcción: electrificado	=	línea_de_contacto
construction:power,plant,construcción: poder	=	planta
construction:railway,rail,construcción:ferrocarril	=	carril
construction:railway:etcs,2,construcción:ferrocarril:etc.	=	*
building:material,iron_sheet,construir	=	hoja de hierro
consulate,consular_agency,consulado	=	agencia consular
consulate,honorary_consul,consulado	=	cónsul honorario
consulate,consulate_general,consulado	=	consulado general
consulate,consular_office,consulado	=	oficina consular
consulate,residence,consulado	=	residencia
contact:website,https://www.ozon.ru/,contacto:sitio web	=	https://www.ozon.ru/
step_count,1,contador_de_pasos	=	*
grit_bin,*,contenedor de arena	=	*
content,oil,contenido	=	aceite
content,water,contenido	=	agua
content,hot_water,contenido	=	agua caliente
content,drinking_water,contenido	=	agua potable
content,sewage,contenido	=	aguas residuales
content,wastewater,contenido	=	aguas residuales
content,beer,contenido	=	cerveza
content,fuel,contenido	=	combustible
content,crop,contenido	=	cultivo
content,silage,contenido	=	ensilaje
content,manure,contenido	=	estiércol
content,slurry,contenido	=	estiércol líquido
content,gas,contenido	=	gas
content,natural_gas,contenido	=	gas natural
content,LPG,contenido	=	GLP
content,LNG,contenido	=	GNL
content,grain,contenido	=	grano
content,salt,contenido	=	sal
content,wine,contenido	=	vino
content,zement,contenido	=	zemento
checkpoint,hiking,control	=	senderismo
converted_by,Track2osm,convertido_por	=	seguimiento2osm
stream,intermittent,corriente	=	intermitente
stream,perennial,corriente	=	perenne
created_by,*,creado por	=	*
created_by,ArcGIS_Exporter,creado por	=	ArcGIS_Exportador
created_by,Osmose_Editor,creado por	=	Editor de ósmosis
created_by,JOSM,creado por	=	JOSM
created_by,Merkaartor_0.11,creado por	=	Merkaartor 0.11
created_by,Potlatch_0.10b,creado por	=	Potlatch 0.10b
created_by,Potlatch_0.9c,creado por	=	Potlatch 0.9c
animal_breeding,gamecock,cría de animales	=	gallo de pelea
crossing,zebra,cruce	=	cebra
crossing,unknown,cruce	=	desconocido
crossing,island,cruce	=	isla
crossing,marked,cruce	=	marcado
crossing,no,cruce	=	no
crossing,unmarked,cruce	=	no notificado
crossing,traffic_signals,cruce	=	Señales de tráfico
crossing,uncontrolled,cruce	=	sin control
crossing_ref,zebra,cruce_ref	=	cebra
crossing_ref,pelican,cruce_ref	=	pelícano
crossing_ref,toucan,cruce_ref	=	tucán
crossing:activation,automatic,cruce: activación	=	automático
crossing:island,no,cruce: isla	=	no
crossing:light,no,cruce: luz	=	no
crossing:barrier,full,cruce:barrera	=	completo
crossing:barrier,half,cruce:barrera	=	mitad
crossing:barrier,no,cruce:barrera	=	no
crossing:bell,no,cruce:campana	=	no
crossing:markings,zebra,cruce:marcas	=	cebra
landcover,water,cubierta terrestre	=	agua
landcover,trees,cubierta terrestre	=	árboles
landcover,shrub,cubierta terrestre	=	arbusto
landcover,shrubs,cubierta terrestre	=	arbustos
landcover,sand,cubierta terrestre	=	arena
landcover,tees,cubierta terrestre	=	camisetas
landcover,grass,cubierta terrestre	=	césped
landcover,hedge,cubierta terrestre	=	cobertura
landcover,dunes,cubierta terrestre	=	dunas
landcover,flowers,cubierta terrestre	=	flores
landcover,gravel,cubierta terrestre	=	grava
landcover,scrub,cubierta terrestre	=	maleza
landcover,shrubland,cubierta terrestre	=	matorral
landcover,mostly_rock,cubierta terrestre	=	sobre todo_rock
landcover,bare_ground,cubierta terrestre	=	suelo_desnudo
landcover,greenery,cubierta terrestre	=	verdor
covered,arcade,cubierto	=	arcada
covered,colonnade,cubierto	=	columnata
covered,no,cubierto	=	no
covered,booth,cubierto	=	puesto
basin,aeration,cuenca	=	aireación
basin,settling,cuenca	=	asentamiento
basin,footbath,cuenca	=	Baño de pies
basin,detention,cuenca	=	detención
basin,cooling,cuenca	=	enfriamiento
basin,evaporation,cuenca	=	evaporación
basin,infiltration,cuenca	=	infiltración
basin,water_regeneration,cuenca	=	regeneración de agua
basin,retention,cuenca	=	retencion
cave,grotto,cueva	=	gruta
healthcare,alternative,cuidado de la salud	=	alternativa
healthcare,counselling,cuidado de la salud	=	asesoramiento
healthcare,nutrition_counseling,cuidado de la salud	=	asesoramiento nutricional
healthcare,nutrition_counselling,cuidado de la salud	=	asesoramiento nutricional
healthcare,audiologist,cuidado de la salud	=	audiólogo
healthcare,blood_bank,cuidado de la salud	=	Banco de Sangre
healthcare,centre,cuidado de la salud	=	centro
healthcare,birthing_center,cuidado de la salud	=	centro de maternidad
healthcare,birthing_centre,cuidado de la salud	=	centro de maternidad
healthcare,vaccination_centre,cuidado de la salud	=	centro de vacunación
healthcare,clinic,cuidado de la salud	=	clínica
healthcare,sample_collection,cuidado de la salud	=	coleccion de muestra
healthcare,dentist,cuidado de la salud	=	dentista
healthcare,dialysis,cuidado de la salud	=	diálisis
healthcare,blood_donation,cuidado de la salud	=	donación de sangre
healthcare,nurse,cuidado de la salud	=	enfermero
healthcare,pharmacy,cuidado de la salud	=	farmacia
healthcare,physiotherapist,cuidado de la salud	=	fisioterapeuta
healthcare,hospice,cuidado de la salud	=	hospicio
healthcare,hospital,cuidado de la salud	=	hospital
healthcare,medical_imaging,cuidado de la salud	=	imagenes medicas
healthcare,laboratory,cuidado de la salud	=	laboratorio
healthcare,speech_therapist,cuidado de la salud	=	logopeda
healthcare,doctor,cuidado de la salud	=	médico
healthcare,optometrist,cuidado de la salud	=	optometrista
healthcare,midwife,cuidado de la salud	=	Partera
healthcare,podiatrist,cuidado de la salud	=	podólogo
healthcare,psychotherapist,cuidado de la salud	=	psicoterapeuta (psicólogo)
healthcare,health_post,cuidado de la salud	=	puesto de salud
healthcare,rehabilitation,cuidado de la salud	=	rehabilitación
healthcare,occupational_therapist,cuidado de la salud	=	terapeuta ocupacional
healthcare,community_health_worker,cuidado de la salud	=	trabajador comunitario de la salud
turning_circle,circle,"cul-de-sac, dar la vuelta=círculo"
turning_circle,knuckle,"cul-de-sac,dar la vuelta=forma de L"
crop,cranberries,cultivo	=	arándanos
crop,rice,cultivo	=	arroz
crop,oats,cultivo	=	avena
crop,sugar,cultivo	=	azúcar
crop,coffee,cultivo	=	café
crop,field_cropland,cultivo	=	campo_tierra_de_cultivo
crop,sugarcane,cultivo	=	Caña de azúcar
crop,cana-de-açúcar,cultivo	=	cana-de-açúcar
crop,barley,cultivo	=	cebada
crop,rye,cultivo	=	centeno
crop,cereal,cultivo	=	cereal
crop,grass,cultivo	=	césped
crop,asparagus,cultivo	=	espárragos
crop,aspargus,cultivo	=	espárragos
crop,flowers,cultivo	=	flores
crop,forage,cultivo	=	forraje
crop,strawberry,cultivo	=	fresa
crop,sunflower,cultivo	=	girasol
crop,hay,cultivo	=	heno
crop,fast_growing_wood,cultivo	=	madera_de_crecimiento_rápido
crop,corn,cultivo	=	maíz
crop,maize,cultivo	=	maíz
crop,cassava,cultivo	=	mandioca
crop,market_gardening,cultivo	=	mercado_jardineria
crop,no,cultivo	=	no
crop,native_pasture,cultivo	=	pasto_nativo
crop,bananas,cultivo	=	plátanos
crop,hop,cultivo	=	saltar
crop,short_rotation_forestry,cultivo	=	silvicultura de ciclo corto
crop,soy,cultivo	=	soja
crop,tea,cultivo	=	té
crop,wheat,cultivo	=	trigo
crop,grape,cultivo	=	uva
crop,vegetable,cultivo	=	vegetal
crop,vegetables,cultivo	=	vegetales
crop,WINE_GRAPES,cultivo	=	VINO_UVAS
crop,rape,cultivo	=	violación
curve,loop,curva	=	círculo
curve,hairpin,curva	=	horquilla
curves,extended,curvas	=	extendido
curves,serpentine,curvas	=	serpentina
damage:event,2016KageraEarthquake,daño:evento	=	*
damage:event,war,daño:evento	=	guerra
damage:event,nepal_earthquake_2015,daño:evento	=	nepal_terremoto_2015
damage:organization,ramani_huria,daños: organización	=	ramani_huria
source:data,cugir.library.cornell.edu_&_gis.ny.gov/gisdata,datos fuente	=	cugir.library.cornell.edu_&_gis.ny.gov/gisdata
source:data,https://gis.ny.gov/gisdata,datos fuente	=	https://gis.ny.gov/gisdata
dcgis:captureyear,19990331,dcgis: año de captura	=	*
dcgis:featurecode,2000,dcgis: código de característica	=	*
dcgis:dataset,buildings,dcgis: conjunto de datos	=	edificios
smoking,*,de fumar	=	*
smoking,outside,de fumar	=	fuera de
smoking,no,de fumar	=	no
tidal,pebbles,de marea	=	guijarros
tidal,mud,de marea	=	lodo
tidal,no,de marea	=	no
standing,low,de pie	=	bajo
standing,very_low,de pie	=	muy bajo
oneway,-1,de una sola mano	=	*
oneway,1,de una sola mano	=	*
oneway,*,de una sola mano	=	*
oneway,alternating,de una sola mano	=	alterno
oneway,TRUE,de una sola mano	=	CIERTO
oneway,FALSE,de una sola mano	=	FALSO
oneway,no,de una sola mano	=	no
oneway,reversible,de una sola mano	=	reversible
defensive,bergfried,defensivo	=	bergfried
defensive,keep,defensivo	=	mantener
defensive,donjon,defensivo	=	torre principal
denomination,anglican,denominación	=	anglicano
denomination,conservative,denominación	=	conservador
denomination,evangelical,denominación	=	evangélico
denomination,scottish_episcopal_church,denominación	=	iglesia episcopal escocesa
denomination,iglesia_filipina_independiente,denominación	=	iglesia filipina independiente
denomination,orthodox_presbyterian_church,denominación	=	iglesia presbiteriana ortodoxa
denomination,ismaili,denominación	=	ismaili
denomination,jodo_shinshu,denominación	=	jodo shinshu
denomination,jodo_shu,denominación	=	jodo shu
denomination,kabbalah,denominación	=	kábala
denomination,la_luz_del_mundo,denominación	=	la luz del mundo
denomination,evangelical_lutheran,denominación	=	luterano evangélico
denomination,mormon,denominación	=	mormón
denomination,nichiren,denominación	=	nichiren
denomination,reformed,denominación	=	reformado
denomination,shingon_shu,denominación	=	Shingon shu
denomination,soto,denominación	=	Soto
denomination,tiantai,denominación	=	tiantai
denotation,agricultural,denotación	=	agrícola
denotation,avenue,denotación	=	avenida
denotation,cluster,denotación	=	grupo
denotation,natural_monument,denotación	=	monumento natural
denotation,landmark,denotación	=	punto de referencia
denotation,urban,denotación	=	urbano
sport,10pin,deporte	=	10 pines
sport,8pin,deporte	=	8 pines
sport,9pin,deporte	=	9 pines
sport,aerobics,deporte	=	aeróbicos
sport,dog_agility,deporte	=	agilidad del perro
sport,aikido,deporte	=	aikido
sport,chess,deporte	=	ajedrez
sport,fitness,deporte	=	aptitud física
sport,martial_arts,deporte	=	Artes marciales
sport,association_football,deporte	=	Asociación de Futbol
sport,athletics,deporte	=	atletismo
sport,badminton,deporte	=	bádminton
sport,dancing,deporte	=	baile
sport,pole_dance,deporte	=	baile de tubo
sport,korfball,deporte	=	balon korf
sport,basketball,deporte	=	baloncesto
sport,netball,deporte	=	baloncesto
sport,basketball;soccer,deporte	=	baloncesto; fútbol
sport,handball,deporte	=	balonmano
sport,american_handball,deporte	=	balonmano americano
sport,chinlone,deporte	=	barbilla
sport,dragon_boat,deporte	=	barco de Dragón
sport,BASE,deporte	=	BASE
sport,baseball,deporte	=	béisbol
sport,biathlon,deporte	=	biatlón
sport,billards,deporte	=	billar
sport,billiards,deporte	=	billar
sport,bmx,deporte	=	bmx
sport,bobsleigh,deporte	=	bobsleigh
sport,bowls,deporte	=	bochas
sport,cycle_ball,deporte	=	bola de ciclo
sport,funnel_ball,deporte	=	bola de embudo
sport,paintball,deporte	=	bola de pintura
sport,bowling,deporte	=	bolos
sport,boxing,deporte	=	boxeo
sport,diving,deporte	=	buceo
sport,squash,deporte	=	calabaza
sport,ice_stock,deporte	=	caldo de hielo
sport,calisthenics,deporte	=	calistenia
sport,candlepin,deporte	=	candelabro
sport,canoe,deporte	=	canoa
sport,pedal_car_racing,deporte	=	carreras de coches de pedales
sport,dog_racing,deporte	=	carreras de perros
sport,cycling,deporte	=	ciclismo
sport,five-a-side,deporte	=	cinco por lado
sport,fives,deporte	=	cincos
sport,rc_car,deporte	=	coche RC
sport,running,deporte	=	correr
sport,crossfit,deporte	=	crossfit
sport,curling,deporte	=	curling
sport,high_rope_course,deporte	=	curso de cuerda alta
sport,darts,deporte	=	dardos
sport,zurkhaneh_sport,deporte	=	deporte zurkhaneh
sport,water_sports,deporte	=	Deportes acuáticos
sport,disc_golf,deporte	=	disco de golf
sport,equestrian,deporte	=	ecuestre
sport,exercise,deporte	=	ejercicio
sport,safety_training,deporte	=	entrenamiento de seguridad
sport,team_handball,deporte	=	equipo_balonmano
sport,climbing,deporte	=	escalada
sport,climbing_adventure,deporte	=	escalada_aventura
sport,fencing,deporte	=	Esgrima
sport,water_ski,deporte	=	esquí acuático
sport,skiing,deporte	=	esquiar
sport,laser_tag,deporte	=	etiqueta láser
sport,four_square,deporte	=	firme
sport,soccer,deporte	=	fútbol
sport,american_football,deporte	=	fútbol americano
sport,football,deporte	=	fútbol americano
sport,canadian_football,deporte	=	fútbol canadiense
sport,gaelic_football,deporte	=	fútbol gaélico
sport,futsal,deporte	=	fútbol sala
sport,australian_football,deporte	=	fútbol_australiano
sport,soccer;basketball,"deporte	=	fútbol, baloncesto"
sport,footballgolf,deporte	=	fútbolgolf
sport,table_soccer,deporte	=	Futbolín
sport,gaga,deporte	=	gagá
sport,gymnastics,deporte	=	gimnasia
sport,golf,deporte	=	golf
sport,cricket,deporte	=	Grillo
sport,hapkido,deporte	=	hapkido
sport,horseshoes,deporte	=	herraduras
sport,hockey,deporte	=	hockey
sport,bandy,deporte	=	hockey con pelota
sport,ice_hockey,deporte	=	hockey sobre hielo
sport,field_hockey,deporte	=	hockey sobre hierba
sport,roller_hockey,deporte	=	hockey sobre patines
sport,batting_cage,deporte	=	jaula de bateo
sport,judo,deporte	=	judo
sport,croquet,deporte	=	juego de croquet
sport,shuffleboard,deporte	=	juego de tejo
sport,gaelic_games,deporte	=	juegos_gaélicos
sport,karate,deporte	=	kárate
sport,karting,deporte	=	karting
sport,kickboxing,deporte	=	kickboxing
sport,krachtbal,deporte	=	krachtbal
sport,lacrosse,deporte	=	lacrosse
sport,shot-put,deporte	=	lanzamiento de peso
sport,horse_racing,deporte	=	las carreras de caballos
sport,weightlifting,deporte	=	levantamiento de pesas
sport,rugby_league,deporte	=	Liga de Rugby
sport,wrestling,deporte	=	lucha
sport,miniature_golf,deporte	=	mini golf
sport,model_aerodrome,deporte	=	modelo_aeródromo
sport,motocross,deporte	=	motocross
sport,motor,deporte	=	motor
sport,multi,deporte	=	multi
sport,swimming,deporte	=	natación
sport,sailing,deporte	=	navegación
sport,nine_mens_morris,deporte	=	nueve mens morris
sport,orienteering,deporte	=	orientación
sport,paddle_tennis,deporte	=	pádel
sport,padel,deporte	=	pádel
sport,parachuting,deporte	=	paracaidismo
sport,paragliding,deporte	=	parapente
sport,parkour,deporte	=	parkour
sport,skating,deporte	=	Patinaje
sport,ice_skating,deporte	=	patinaje sobre hielo
sport,roller_skating,deporte	=	patinaje sobre ruedas
sport,skateboard,deporte	=	patineta
sport,cockfighting,deporte	=	pelea de gallos
sport,balle_pelote,deporte	=	Pelota de baile
sport,floorball,deporte	=	pelota de piso
sport,pelota,deporte	=	pelota vasca
sport,pickleball,deporte	=	pepinillo
sport,pesäpallo,deporte	=	pesapallo
sport,boules,deporte	=	petanca
sport,petanque,deporte	=	petanca
sport,pickeball,deporte	=	pickeball
sport,pilates,deporte	=	pilates
sport,speedway,deporte	=	pista de carreras
sport,obstacle_course,deporte	=	pista de obstáculos
sport,polo,deporte	=	polo
sport,water_polo,deporte	=	Polo acuático
sport,cycle_polo,deporte	=	polo ciclista
sport,canoe_polo,deporte	=	polo de canoa
sport,shooting_range,deporte	=	rango de disparo
sport,racquet,deporte	=	raqueta
sport,cricket_nets,deporte	=	redes_cricket
sport,rowing,deporte	=	remo
sport,shooting/Archived_proposal,deporte	=	rodaje/propuesta archivada
sport,rugby,deporte	=	rugby
sport,cliff_diving,deporte	=	salto de acantilado
sport,ski_jumping,deporte	=	salto en ski
sport,long_jump,deporte	=	salto largo
sport,rugby_union,deporte	=	sindicato de rugby
sport,snooker,deporte	=	snooker
sport,softball,deporte	=	sofbol
sport,scuba_diving,deporte	=	submarinismo
sport,sumo,deporte	=	sumo
sport,surfing,deporte	=	surf
sport,kitesurfing,deporte	=	surf de vela
sport,taekwondo,deporte	=	taekwondo
sport,tennis,deporte	=	tenis
sport,table_tennis,deporte	=	Tenis de mesa
sport,tetherball,deporte	=	tetherball
sport,archery,deporte	=	tiro al arco
sport,shooting,deporte	=	tiroteo
sport,toboggan,deporte	=	tobogán
sport,touch_football,deporte	=	tocar futbol
sport,bullfighting,deporte	=	toreo
sport,trampoline,deporte	=	trampolín
sport,trugo,deporte	=	trugo
sport,ultimate,deporte	=	último
sport,volleyball,deporte	=	vóleibol
sport,beachvolleyball,deporte	=	voleibol de playa
sport,free_flying,deporte	=	vuelo_libre
sport,wakeboarding,deporte	=	wakeboard
sport,windsurfing,deporte	=	windsurf
sport,yoga,deporte	=	yoga
sport,aikido,Deporte = aikido
sport,athletics,Deporte = atletismo
description,*,descripción	=	*
designation,barangay,designación	=	barangay
designation,byway_open_to_all_traffic,designación	=	camino abierto a todo el tráfico
designation,restricted_byway,designación	=	camino restringido
designation,common,designación	=	común
designation,civil_parish,designacion	=	parroquia civil
designation,public_bridleway,designacion	=	public_bridleway
designation,public_footpath,designacion	=	public_footpath
designation,core_path,designación	=	ruta principal
distillery,whisky,destilería	=	whisky
detail,track,detalle	=	pista
diameter,150,diámetro	=	*
diameter_crown,*,diámetro_corona	=	*
diet:kosher,only,dieta: kosher	=	solo
diplomatic,high_commission,diplomático	=	alta Comisión
diplomatic,consulate,diplomático	=	consulado
diplomatic,consulate_general,diplomático	=	consulado general
diplomatic,honorary_consulate,diplomático	=	consulado honorario
diplomatic,delegation,diplomático	=	delegación
diplomatic,embassy,diplomático	=	embajada
diplomatic,liaison,diplomático	=	enlace
diplomatic,permanent_mission,diplomático	=	misión permanente
diplomatic,ambassadors_residence,diplomático	=	residencia de embajadores
addr:subdistrict:en,*,dir:subdistrito:es	=	*
direction,0,dirección	=	*
direction,90,dirección	=	*
direction,180,dirección	=	*
direction,270,dirección	=	*
direction,down,dirección	=	abajo
direction,clockwise,dirección	=	agujas del reloj
direction,both,dirección	=	ambas cosas
direction,forward,dirección	=	delantero
direction,backward,dirección	=	hacia atrás
direction,up,dirección	=	hasta
direction,S,dirección	=	S
direction,SE,dirección	=	SE
direction,anticlockwise,dirección	=	sinistrorso
direction,SSE,dirección	=	SSE
direction,SW,dirección	=	SUDOESTE
source:address,Helsingborgs_kommun,Dirección de la fuente	=	Helsingborgs_kommun
flow_direction,both,dirección del flujo	=	ambas cosas
addr:hamlet,*,dirección: aldea	=	*
addr:neighbourhood,*,dirección: barrio	=	*
addr:block,*,dirección: bloque	=	*
addr:street,*,"nodo de dirección: nombre de la calle , avenida , rambla , paseo , bulevar , pasaje , callejón : nombre de la calle= *"
addr:town,*,dirección: ciudad	=	*
addr:postcode,*,dirección: código postal	=	*
addr:postcode:source,*,dirección: código postal: fuente	=	*
addr:county,Tuttlingen,dirección: condado	=	Tuttlingen
addr:district,*,dirección: distrito	=	*
addr:state,*,dirección: estado	=	*
addr:inclusion,actual,dirección: inclusión	=	actual
addr:inclusion,estimate,dirección: inclusión	=	estimar
addr:inclusion,potential,dirección: inclusión	=	potencial
addr:municipality,Vordingborg,dirección: municipio	=	Vordingborg
addr:conscriptionnumber,9,dirección: número de conscripción	=	*
addr:country,*,dirección: país	=	*
addr:flats,1-2,dirección: pisos	=	*
addr:province,*,dirección: provincia	=	*
addr:region,*,dirección: región	=	*
addr:ward,Mbagala,dirección: sala	=	Mbagala
addr:ward,Mbagala_kuu,dirección: sala	=	Mbagala_kuu
addr:type,water,dirección: tipo	=	agua
addr:unit,*,dirección: unidad	=	*
addr:block:en,Block_1,dirección:bloque:es	=	Bloque_1
addr:street:sym_ul,21970,dirección:calle:sym_ul	=	*
addr:street:type,Avenue,dirección:calle:tipo	=	Avenida
addr:city,*,dirección:ciudad	=	*
addr:city:en,October_Gardens_City,dirección:ciudad:es	=	Octubre_Jardines_Ciudad
addr:city:it,Bolzano,dirección:ciudad:it	=	Bolzano
addr:community,Nima,dirección:comunidad	=	nima
addr:district:en,Western_Al_Omraneya,dirección:distrito:es	=	Occidental_Al_Omraneya
addr:division,Kawempe,dirección:división	=	Kawempe
addr:interpolation,odd,dirección:interpolación	=	extraño
addr:interpolation,even,dirección:interpolación	=	incluso
addr:interpolation,all,dirección:interpolación	=	todos
addr:place,*,dirección:lugar	=	*
addr:streetnumber,9,dirección:número de calle	=	*
addr:block_number,1,dirección:número_de_bloque	=	*
addr:floor,Floor_1,dirección:piso	=	Piso_1
addr:floor,Floor_2,dirección:piso	=	Piso_2
addr:province:en,*,dirección:provincia:es	=	*
addr:village,Gumare,dirección:pueblo	=	Gumaré
addr:subdistrict,*,dirección:subdistrito	=	*
addr:suburb,*,dirección:suburbio	=	*
addr:TW:dataset,137998,dirección:TW:conjunto de datos	=	*
addr.source:street,survey,dirección.fuente:calle	=	encuesta
disc_golf,hole,disco de golf	=	agujero
disc_golf,basket,disco de golf	=	cesta
disc_golf,tee,disco de golf	=	tee
design,asymmetric,diseño	=	asimétrico
design,flag,diseño	=	bandera
design,barrel,diseño	=	barril
design,delta,diseño	=	delta
design,donau,diseño	=	donau
design,two-level,diseño	=	dos niveles
design,guyed_h-frame,diseño	=	guyed_h-marco
design,guyed_v-frame,diseño	=	guyed_v-marco
design,h-frame,diseño	=	marco en h
design,monopolar,diseño	=	monopolar
design,portal,diseño	=	portal
design,three-level,diseño	=	tres niveles
design,triangle,diseño	=	triángulo
design,one-level,diseño	=	un nivel
dispensing,no,dispensando	=	no
constituency,Strategic_Routes,distrito electoral	=	Rutas Estratégicas
political_division,canton,división política	=	cantón
political_division,circonscription_législative,división política	=	circunscripción legislativa
political_division,linguistic_community,división política	=	comunidad lingüística
political_division,congressional_district,división política	=	distrito congresual
political_division,NL:statenkieskring,división política	=	ES:statenkieskring
political_division,euro_const,división política	=	euro constante
political_division,NL:kamerkieskring,división política	=	NL:kamerkieskring
owner,Halifax_Regional_Municipality,dueño	=	Halifax_Regional_Municipio
building,*,tipo de edificio	=	*
building,abandoned,tipo de edificio	=	abandonado
building,shelter,tipo de edificio	=	abrigo
building,administrative,tipo de edificio	=	administrativo
building,ail,tipo de edificio	=	afligir
building,agricultural,tipo de edificio	=	agrícola
building,storage,tipo de edificio	=	almacenamiento
building,annexe,tipo de edificio	=	anexo
building,townhall,tipo de edificio	=	Ayuntamiento
building,bank,tipo de edificio	=	banco
building,toilets,tipo de edificio	=	baños
building,barrack,tipo de edificio	=	barraca
building,bungalow,tipo de edificio	=	bungalow
building,bunker,tipo de edificio	=	búnker
building,beach_hut,tipo de edificio	=	cabaña de playa
building,cabin,tipo de edificio	=	cabina
building,security_booth,tipo de edificio	=	cabina de seguridad
building,tech_cab,tipo de edificio	=	cabina de tecnología
building,chapel,tipo de edificio	=	capilla
building,guardhouse,tipo de edificio	=	cárcel militar
building,tent,tipo de edificio	=	carpa
building,terraced_house,tipo de edificio	=	Casa adosada
building,townhouse,tipo de edificio	=	casa adosada
building,summer_cottage,tipo de edificio	=	casa de verano
building,summer_house,tipo de edificio	=	Casa de verano
building,dwelling_house,tipo de edificio	=	casa de vivienda
building,tree_house,tipo de edificio	=	casa del árbol
building,houseboat,tipo de edificio	=	casa flotante
building,mobile_home,tipo de edificio	=	casa móvil
building,stilt_house,tipo de edificio	=	casa sobre pilotes
building,semidetached_house,tipo de edificio	=	casa_adosada
building,allotment_house,tipo de edificio	=	casa_de_asignación
building,row_houses,tipo de edificio	=	casas en hilera
building,castle,tipo de edificio	=	castillo
building,cathedral,tipo de edificio	=	catedral
building,data_center,tipo de edificio	=	centro de datos
building,data_centre,tipo de edificio	=	centro de datos
building,sports_centre,tipo de edificio	=	centro deportivo
building,brewery,tipo de edificio	=	cervecería
building,chalet,tipo de edificio	=	chalet
building,quonset_hut,tipo de edificio	=	choza quonset
building,TRUE,tipo de edificio = CIERTO (valor booleano)
building,civic,tipo de edificio	=	cívico
building,clinic,tipo de edificio	=	clínica
building,boathouse,tipo de edificio	=	cobertizo
building,shed,tipo de edificio	=	cobertizo
building,carport,tipo de edificio	=	cochera
building,kitchen,tipo de edificio	=	cocina
building,collapsed,tipo de edificio	=	colapsado
building,college,tipo de edificio	=	colega
building,condominium,tipo de edificio	=	condominio
building,conservatory,tipo de edificio	=	conservatorio
building,construction,tipo de edificio	=	construcción
building,constructie,tipo de edificio	=	constructivo
building,convent,tipo de edificio	=	convento
building,barracks,tipo de edificio	=	cuartel
building,damaged,tipo de edificio	=	dañado
building,apartment,tipo de edificio	=	Departamento
building,outbuilding,tipo de edificio	=	dependencia
building,sport,tipo de edificio	=	deporte
building,warehouse,tipo de edificio	=	depósito
building,unclassified,tipo de edificio	=	desclasificado
building,unknown,tipo de edificio	=	desconocido
building,demountable,tipo de edificio	=	desmontable
building,digester,tipo de edificio	=	digeridor
building,dormitory,tipo de edificio	=	dormitorio
building,duplex,tipo de edificio	=	dúplex
building,Residential_building,tipo de edificio	=	tipo de edificio_residencial
building,education,tipo de edificio	=	educación
building,electricity,tipo de edificio	=	electricidad
building,ship,tipo de edificio	=	Embarcacion
building,disused,tipo de edificio	=	en desuso
building,entrance,tipo de edificio	=	entrada
building,container,tipo de edificio	=	envase
building,stable,tipo de edificio	=	estable
building,cowshed,tipo de edificio	=	establo
building,fire_station,tipo de edificio	=	estación de bomberos
building,train_station,tipo de edificio	=	estación de tren
building,ground_station,tipo de edificio	=	estación terrestre
building,parking,tipo de edificio	=	estacionamiento
building,stadium,tipo de edificio	=	estadio
building,static_caravan,tipo de edificio	=	estática_caravana
building,factory,tipo de edificio	=	fábrica
building,manufacture,tipo de edificio	=	fabricar
building,lighthouse,tipo de edificio	=	faro
building,railway,tipo de edificio	=	ferrocarril
building,font,tipo de edificio	=	fuente
building,fort,tipo de edificio	=	fuerte
building,foundation,tipo de edificio	=	Fundación
building,chicken_coop,tipo de edificio	=	gallinero
building,poultry_house,tipo de edificio	=	gallinero
building,garage,tipo de edificio	=	garaje
building,garages,tipo de edificio	=	garajes
building,gasometer,tipo de edificio	=	gasómetro
building,ger,tipo de edificio	=	ger
building,government,tipo de edificio	=	gobierno
building,barn,tipo de edificio	=	granero
building,granary,tipo de edificio	=	granero
building,farm,tipo de edificio	=	granja
building,farm_auxiliary,tipo de edificio	=	granja_auxiliar
building,gurdwara,tipo de edificio	=	Gurdwara
building,hangar,tipo de edificio	=	hangar
building,smithy,tipo de edificio	=	herrería
building,church,tipo de edificio	=	iglesia
building,undefined,tipo de edificio	=	indefinido
building,glasshouse,tipo de edificio	=	invernadero
building,greenhouse,tipo de edificio	=	invernadero
building,kindergarten,tipo de edificio	=	jardín de infancia
building,gazebo,tipo de edificio	=	Kiosko
building,marquee,tipo de edificio	=	marquesina
building,marketplace,tipo de edificio	=	mercado
building,mosque,tipo de edificio	=	mezquita
building,military,tipo de edificio	=	militar
building,windmill,tipo de edificio	=	molino
building,monastery,tipo de edificio	=	monasterio
building,museum,tipo de edificio	=	museo
building,no,tipo de edificio	=	no
building,unidentified,tipo de edificio	=	no identificado
building,central_office,tipo de edificio	=	oficina central
building,government_office,tipo de edificio	=	oficina gubernamental
building,community_group_office,tipo de edificio	=	oficina_del_grupo_comunitario
building,sty,tipo de edificio	=	orzuelo
building,other,tipo de edificio	=	otro
building,canopy,tipo de edificio	=	pabellón
building,pavilion,tipo de edificio	=	pabellón
building,sports_hall,tipo de edificio	=	pabellón de deportes
building,pagoda,tipo de edificio	=	pagoda
building,pajaru,tipo de edificio	=	pajarú
building,palace,tipo de edificio	=	palacio
building,dovecote,tipo de edificio	=	palomar
building,bakehouse,tipo de edificio	=	panadería
building,wall,tipo de edificio	=	pared
building,flats,tipo de edificio	=	pisos
building,planned,tipo de edificio	=	planificado
building,porch,tipo de edificio	=	porche
building,presbytery,tipo de edificio	=	presbiterio
building,prison,tipo de edificio	=	prisión
building,proposed,tipo de edificio	=	propuesto
building,pub,tipo de edificio	=	pub
building,public,tipo de edificio	=	público
building,bridge,tipo de edificio	=	puente
building,gatehouse,tipo de edificio	=	puerta de entrada
building,guard_post,tipo de edificio	=	puesto de guardia
building,fire_lookout,tipo de edificio	=	puesto de vigilancia de incendios
building,kiosk,tipo de edificio	=	quiosco
building,shepherd_shelter,tipo de edificio	=	refugio de pastores
building,religious,tipo de edificio	=	religioso
building,dam,tipo de edificio	=	represa
building,commercial;residential,tipo de edificio	=	residencial comercial
building,residences,tipo de edificio	=	residencias
building,ruins,tipo de edificio	=	restos
building,roundhouse,tipo de edificio	=	rotonda
building,ruin,tipo de edificio	=	ruina
building,hall_of_residence,tipo de edificio	=	Sala de residencia
building,riding_hall,tipo de edificio	=	sala_de_equitación
building,exit,tipo de edificio	=	salida
building,hall,tipo de edificio	=	salón
building,kingdom_hall,tipo de edificio	=	salón del Reino
building,funeral_hall,tipo de edificio	=	salón funerario
building,shrine,tipo de edificio	=	santuario
building,wayside_shrine,tipo de edificio	=	santuario_del_camino
building,semi,tipo de edificio	=	semi
building,detached,tipo de edificio	=	separado
building,service,tipo de edificio	=	Servicio
building,silo,tipo de edificio	=	silo
building,synagogue,tipo de edificio	=	sinagoga
building,power_substation,tipo de edificio	=	subestación_de_energía
building,supermarket,tipo de edificio	=	supermercado
building,tank,tipo de edificio	=	tanque
building,storage_tank,tipo de edificio	=	tanque de almacenamiento
building,slurry_tank,tipo de edificio	=	tanque_de_purina
building,roof,tipo de edificio	=	techo
building,temple,tipo de edificio	=	templo
building,remote_digital_terminal,tipo de edificio	=	terminal digital remoto
building,terrace,tipo de edificio	=	terraza
building,terrace_house,tipo de edificio	=	terraza de la casa
building,shop,tipo de edificio	=	tienda
building,store,tipo de edificio	=	Tienda
building,tower,tipo de edificio	=	torre
building,water_tower,tipo de edificio	=	Torre de agua
building,plot,tipo de edificio	=	trama
building,transformer_tower,tipo de edificio	=	transformador_torre
building,transportation,tipo de edificio	=	transportación
building,grandstand,tipo de edificio	=	tribuna
building,trullo,tipo de edificio	=	trullo
building,tulou,tipo de edificio	=	tulou
building,tomb,tipo de edificio	=	tumba
building,university,tipo de edificio	=	Universidad
building,mixed_use,tipo de edificio	=	Uso mixto
building,utility,tipo de edificio	=	utilidad
building,window,tipo de edificio	=	ventana
building,veranda,tipo de edificio	=	veranda
building,changing_rooms,tipo de edificio	=	vestuarios
building,Y,tipo de edificio	=	Y
building:condition,good,edificio: condición	=	bueno
building:condition,poor,edificio: condición	=	pobre
building:condition,average,edificio: condición	=	promedio
building:fireproof,no,edificio: incombustible	=	no
building:walls,brick,edificio: paredes	=	ladrillo
building:part,balcony,edificio: parte	=	balcón
building:part,column,edificio: parte	=	columna
building:part,porch,edificio: parte	=	porche
building:cladding,brick,edificio: revestimiento	=	ladrillo
building:roof,tin,edificio: techo	=	estaño
building:roof,iron_sheet,edificio: techo	=	hoja de hierro
building:roof,concrete,edificio: techo	=	hormigón
building:roof,tiles,edificio: techo	=	losas
building:roof,metal,edificio: techo	=	metal
building:roof,flat,edificio: techo	=	plano
building:roof,tile,edificio: techo	=	teja
building:roof,traditional,edificio: techo	=	tradicional
building:use,stable,edificio: uso	=	estable
building:usage:pl,transportu_i_łączności,edificio: uso: pl	=	transportu_i_łączności
building:floor_area,500_-_750,edificio:área_piso	=	*
building:floor_area,less_than_500,edificio:área_piso	=	menos_de_500
building:foundation_height,1,edificio:base_altura	=	*
building:foundation_height,1_to_1.5,edificio:base_altura	=	*
building:foundation_height,1_to_1.5,edificio:base_altura	=	*
building:category_of_the_house,single_house,edificio:categoria_de_la_casa	=	casa sola
building:colour,#FFFFFF,edificio:color	=	*
building:colour,yellow,edificio:color	=	amarillo
building:colour,white,edificio:color	=	blanco
building:colour,gray,edificio:color	=	gris
building:colour,grey,edificio:color	=	gris
building:colour,brown,edificio:color	=	marrón
building:colour,black,edificio:color	=	negro
building:colour,red,edificio:color	=	rojo
building:colour,green,edificio:color	=	verde
building:age,10_to_30,edificio:edad	=	*
building:age,pre_2000,edificio:edad	=	antes de 2000
building:age,less_than_10,edificio:edad	=	menos de 10
building:age,post_2000,edificio:edad	=	post_2000
building:state_of_the_house,permanent,edificio:estado_de_la_casa	=	permanente
building:place,village,edificio:lugar	=	aldea
building:min_level,0,edificio:min_level	=	*
building:min_level,1,edificio:min_level	=	*
building:min_level,2,edificio:min_level	=	*
building:levels,*,edificio:niveles	=	*
building:levels:underground,0,edificio:niveles:subterraneo	=	*
building:levels:underground,1,edificio:niveles:subterraneo	=	*
building:levels:underground,2,edificio:niveles:subterraneo	=	*
building:part,apartments,edificio:parte	=	apartamentos
building:part,residential,edificio:parte	=	Residencial
building:part,roof,edificio:parte	=	techo
building:floor,ceramics,edificio:piso	=	cerámica
building:flats,0,edificio:pisos	=	*
building:ownership,owner,edificio:propiedad	=	dueño
building:ruian:type,1,edificio:ruian:tipo	=	*
building:roof:shape,pitched,edificio:techo:forma	=	inclinado
building:type:pl,Przyziemie_budynku_nieognioodpornego,edificio:tipo:pl	=	Przyziemie_budynku_nieognioodpornego
building:type:pl,Przyziemie_budynku_ognioodpornego,edificio:tipo:pl	=	Przyziemie_budynku_ognioodpornego
building:units,1,edificio:unidades	=	*
building:use,commercial,edificio:uso	=	comercial
building:use,residential,edificio:uso	=	Residencial
building:use,residential;industrial,edificio:uso	=	residencial; industrial
building:use:pl,Inny_niemieszkalny,edificio:uso:pl	=	Inny_niemieszkalny
building:use:pl,mieszkalne,edificio:uso:pl	=	mieszkalne
building:use:pl,Mieszkalny,edificio:uso:pl	=	Mieszkalny
building:use:pl,"produkcyjne,_usługowe_i_gospodarcze_dla_rolnictwa","edificio:uso:pl	=	produkcyjne,_usługowe_i_gospodarcze_dla_rolnictwa"
building:use:pl,"Produkcyjny,_usługowy_lub_gospodarczy_dla_rolnictwa","edificio:uso:pl	=	Produkcyjny,_usługowy_lub_gospodarczy_dla_rolnictwa"
building:use:pl,Transportu_i_łączności,edificio:uso:pl	=	Transportu_i_łączności
editor,opengislab_2018,editor	=	opengislab_2018
editor,"opengislab,_caicedonia,_edificios","editor	=	opengislab,_caicedonia,_edificios"
education,exercise_area,educación	=	área de ejercicio
education,centre,educación	=	centro
education,school,educación	=	escuela
axle_load,22.5,eje de carga	=	*
surface,asphalt,El asfalto es un material viscoso negro pegajoso basado en petróleo comúnmente utilizado para superficies de carreteras | superficie	=	asfalto
surface,concrete,"El hormigón es un material compuesto duro y duradero hecho de cemento, áridos y agua, utilizado para diversas superficies | superficie	=	hormigón"
barn,horreo,El hórreo es un típico gran almacén elevado típico de Asturias y Galicia
barn,hórreo,El hórreo es un típico gran almacén elevado típico de Asturias y Galicia
horreo,panera,El hórreo es un típico gran almacén elevado típico de Asturias y Galicia
landuse,commercial,"El uso comercial del suelo designa áreas para actividades empresariales, comercio, oficinas y desarrollo comercial | uso del suelo	=	comercial"
landuse,forest,"El uso forestal del suelo designa áreas cubiertas de árboles y gestionadas para silvicultura, madera y conservación | uso del suelo	=	bosque"
landuse,industrial,"El uso industrial del suelo designa áreas para fabricación, producción, almacenamiento y actividades industriales | uso del suelo	=	industrial"
landuse,residential,"El uso residencial del suelo designa áreas destinadas principalmente a vivienda, vida y desarrollo residencial | uso del suelo	=	Residencial"
ele:accuracy,1.0,ele: precisión	=	*
electrified,4th_rail,electrificado	=	4to carril
electrified,rail,electrificado	=	carril
electrified,contact_line,electrificado	=	línea_de_contacto
electrified,no,electrificado	=	no
elevation,-3,elevación	=	*
removed:power,line,eliminado: poder	=	línea
embassy,high_commission,embajada	=	alta Comisión
embassy,delegation,embajada	=	delegación
embassy,mission,embajada	=	misión
embassy,nunciature,embajada	=	nunciatura
embassy,residence,embajada	=	residencia
embassy,interests_section,embajada	=	sección de intereses
embassy,branch_embassy,embajada	=	sucursal de la embajada
ship,no,Embarcacion	=	no
emergency,aed,emergencia	=	aed
emergency,drinking_water,emergencia	=	agua potable
emergency,fire_alarm,emergencia	=	alarma de incendios
emergency,fire_flapper,emergencia	=	aleta de fuego
emergency,life_ring,emergencia	=	anillo de vida
emergency,sprinkler,emergencia	=	aspersor
emergency,lifeguard_base,emergencia	=	base de salvavidas
emergency,fire_hydrant,emergencia	=	boca de incendios
emergency,fire_alarm_box,emergencia	=	caja de alarma contra incendios
emergency,rescue_box,emergencia	=	caja de rescate
emergency,control_centre,emergencia	=	centro de control
emergency,sprinkler_connection,emergencia	=	conexión de rociadores
emergency,fire_sand_bin,emergencia	=	cubo de arena de fuego
emergency,water_tank,emergencia	=	depósito de agua
emergency,key_depot,emergencia	=	depósito de llaves
emergency,defibrilator,emergencia	=	desfibrilador
emergency,defibrillator,emergencia	=	desfibrilador
emergency,designated,emergencia	=	designado
emergency,destination,emergencia	=	destino
emergency,shower,emergencia	=	ducha
emergency,wet_riser,emergencia	=	elevador húmedo
emergency,dry_riser,emergencia	=	elevador seco
emergency,dry_riser_inlet,emergencia	=	entrada de tubo vertical seco
emergency,emergency_ward_entrance,emergencia	=	entrada de urgencias
emergency,fire_equipment,emergencia	=	equipo contra incendios
emergency,fire_station,emergencia	=	estación de bomberos
emergency,lifeboat_station,emergencia	=	estación de botes salvavidas
emergency,water_rescue_station,emergencia	=	estación de rescate de agua
emergency,ses_station,emergencia	=	estacion ses
emergency,ambulance_station,emergencia	=	estación_ambulancia
emergency,fire_water_pond,emergencia	=	estanque de agua contra incendios
emergency,fire_extinguisher,emergencia	=	extintor de incendios
emergency,slipway,emergencia	=	grada
emergency,coast_guard,emergencia	=	guardacostas
emergency,first_aid_kit,emergencia	=	Kit de primeros auxilios
emergency,landing_site,emergencia	=	lugar de aterrizaje
emergency,lifeguard_place,emergencia	=	lugar de salvavidas
emergency,fire_hose,emergencia	=	manguera contra incendios
emergency,no,emergencia	=	no
emergency,lifeguard_platform,emergencia	=	plataforma de salvavidas
emergency,first_aid,emergencia	=	primeros auxilios
emergency,fire_lookout,emergencia	=	puesto de vigilancia de incendios
emergency,access_point,emergencia	=	punto de acceso
emergency,disaster_help_point,emergencia	=	punto de ayuda en caso de desastre
emergency,assembly_point,emergencia	=	punto de reunión
emergency,suction_point,emergencia	=	punto_de_succión
emergency,marine_refuge,emergencia	=	refugio marino
emergency,mountain_rescue,emergencia	=	rescate de montaña
emergency,marine_rescue,emergencia	=	rescate marino
emergency,disaster_response,emergencia	=	respuesta al desastre
emergency,lifeguard,emergencia	=	Salvavidas
emergency,siamese,emergencia	=	siamés
emergency,siren,emergencia	=	sirena
emergency,fire_detection_system,emergencia	=	sistema de detección de fuego
emergency,ladder_site,emergencia	=	sitio de escalera
emergency,leader_site,emergencia	=	sitio líder
emergency,fire_point_stand,emergencia	=	soporte de punto de fuego
emergency,phone,emergencia	=	teléfono
emergency,lifeguard_tower,emergencia	=	torre de salvavidas
emergency,standpipe,emergencia	=	tubo vertical
emergency:social_facility:for,displaced_people,emergencia:facilidad social:para	=	personas desplazadas
emergency:social_facility,shelter,emergencia:instalación social	=	abrigo
company,aerospace,empresa	=	aeroespacial
company,construction,empresa	=	construcción
company,software_development,empresa	=	desarrollo de software
company,distribution,empresa	=	distribución
company,it,empresa	=	eso
company,logistics,empresa	=	logística
company,robot,empresa	=	robot
company,internet_shop,empresa	=	tienda virtual
company,transport,empresa	=	transporte
disused:amenity,fountain,en desuso: amenidad/servicio	=	fuente
disused:railway,rail,en desuso: ferrocarril	=	carril
disused:railway,halt,en desuso: ferrocarril	=	detener
disused:railway,station,en desuso: ferrocarril	=	estación
disused:railway,level_crossing,en desuso: ferrocarril	=	paso a nivel
disused:landuse,quarry,en desuso: uso de la tierra	=	cantera
disused:landuse,landfill,en desuso: uso de la tierra	=	vertedero
lit:perceived,good,encendido: percibido	=	bueno
lit:perceived,daylike,encendido: percibido	=	diurno
lit:perceived,colorless,encendido: percibido	=	incoloro
lit:perceived,minimal,encendido: percibido	=	mínimo
lit:perceived,none,encendido: percibido	=	ninguno
lit:perceived,poor,encendido: percibido	=	pobre
socket:type2,2,enchufe: tipo 2	=	*
survey:date,2025,"encuesta,trabajo de campo,investigación sobre el terreno,:fecha = *"
survey:name,PDC_PhilAWARE,encuesta:nombre	=	PDC_PhilAWARE
power,insulator,energía	=	aislante
power,cable,energía	=	cable
power,switch,energía	=	cambiar
power,catenary_mast,energía	=	catenaria_mástil
power,generator,energía	=	generador
power,line,energía	=	línea
power,minor_line,energía	=	línea_menor
power,plant,energía	=	planta
power,pole,energía	=	polo
power,portal,energía	=	portal
power,substation,energía	=	subestación
power,terminal,energía	=	Terminal
power,tower,energía	=	torre
power,transformer,energía	=	transformador
animal_hitch,ring,enganche de animales	=	anillo
liaison,liaison_office,enlace	=	oficina de Enlace
liaison,representative_office,enlace	=	Oficina representativa
liaison,subnational,enlace	=	subnacional
inlet,kerb_opening,entrada	=	apertura de la acera
inlet,bell_mouth,entrada	=	boca de campana
inlet,direct,entrada	=	directo
entrance,emergency,entrada	=	emergencia
entrance,entrance,entrada	=	entrada
entrance,main_entrance,entrada	=	entrada principal
entrance,staircase,entrada	=	escalera
entrance,garage,entrada	=	garaje
entrance,home,entrada	=	hogar
entrance,no,entrada	=	no
inlet,screen,entrada	=	pantalla
entrance,gate,entrada	=	portón
entrance,main,entrada	=	principal
inlet,grate,entrada	=	rallar
inlet,kerb_grate,entrada	=	rejilla de bordillo
entrance,exit,entrada	=	salida
entrance,fire_exit,entrada	=	salida de incendios
entrance,secondary,entrada	=	secundario
entrance,service,entrada	=	Servicio
entrance,shop,entrada	=	tienda
inlet,valve,entrada	=	válvula
driveway,garage,entrada de coches	=	garaje
driveway,pipestem,entrada de coches	=	vástago de tubería
delivery,shipment,entrega	=	envío
delivery,no,entrega	=	no
is_in,*,es en	=	*
is_in:country_code,*,es_en:código_país	=	*
it:fvg:ctrn:code,4AAF,es:fvg:ctrn:código	=	*
cai_scale,EE,escala cai	=	EE.UU.
cai_scale,EEA:PD,escala cai	=	EEA:PD
cai_scale,EEA,escala cai	=	EEE
cai_scale,EEA:E,escala cai	=	EEE: ES
cai_scale,EEA:MD,escala cai	=	EEE: MD
cai_scale,EEA:D,escala cai	=	EEE:D
cai_scale,EEA:F,escala cai	=	EEE:F
cai_scale,EAI,escala cai	=	IAE
cai_scale,T,escala cai	=	T
cai_scale,E,escala_cai	=	mi
climbing,route,escalada	=	ruta
stile,stepover,escalera para pasar una cerca	=	paso a paso
school,blind,escuela	=	ciego
school,entrance,escuela	=	entrada
school,special_education_needs,escuela	=	necesidades educativas especiales
school:selective,no,escuela: selectiva	=	no
school:type_idn,sd,escuela: type_idn	=	Dakota del Sur
school:FR,maternelle,escuela:FR	=	maternelle
school:FR,primaire,escuela:FR	=	principal
school:gender,female,escuela:género	=	femenino
school:gender,male,escuela:género	=	masculino
school:gender,mixed,escuela:género	=	mezclado
school:MG,collège,escuela:MG	=	facultad
school:MG,lycée,escuela:MG	=	liceo
school:MG,préscolaire,escuela:MG	=	precolaire
school:MG,prescolaire,escuela:MG	=	prescolar
school:MG,primaire,escuela:MG	=	principal
healthcare:speciality,acupuncture,especialidad:de_salud	=	acupuntura
healthcare:speciality,primary_care,especialidad:de_salud	=	atención primaria
healthcare:speciality,ayurveda,especialidad:de_salud	=	Ayurveda
healthcare:speciality,kinesitherapy,especialidad:de_salud	=	cinesiterapia
healthcare:speciality,clinic,especialidad:de_salud	=	clínica
healthcare:speciality,covid19,especialidad:de_salud	=	COVID-19
healthcare:speciality,dentist;orthodontics,especialidad:de_salud	=	dentista; ortodoncia
healthcare:speciality,dialysis,especialidad:de_salud	=	diálisis
healthcare:speciality,dietitian,especialidad:de_salud	=	dietista
healthcare:speciality,physiotherapy,especialidad:de_salud	=	fisioterapia
healthcare:speciality,homeopathy,especialidad:de_salud	=	homeopatía
healthcare:speciality,implantology,especialidad:de_salud	=	implantología
healthcare:speciality,maternity,especialidad:de_salud	=	maternidad
healthcare:speciality,family_medicine,especialidad:de_salud	=	medicina Familiar
healthcare:speciality,traditional_chinese_medicine,especialidad:de_salud	=	medicina tradicional china
healthcare:speciality,naturopathy,especialidad:de_salud	=	naturopatía
healthcare:speciality,dentistry,especialidad:de_salud	=	odontología
healthcare:speciality,optometry,especialidad:de_salud	=	optometría
healthcare:speciality,otorhinolaryngology,especialidad:de_salud	=	otorrinolaringología
healthcare:speciality,weight_loss,especialidad:de_salud	=	pérdida de peso
healthcare:speciality,psychology,especialidad:de_salud	=	psicología
healthcare:speciality,psychotherapist,especialidad:de_salud	=	psicoterapeuta
healthcare:speciality,massage_therapy,especialidad:de_salud	=	Terapia de Masajes
species,Acacia_melanoxylon,especie (en latín)	=	Acacia_melanoxylon
species,Acacia_implexa,especie (en latín)	=	Acacia_simplexa
species,Acer_rubrum,especie (en latín)	=	Acer rubrum
species,Acer_campestre,especie (en latín)	=	Acer_campestre
species,Acer_ginnala,especie (en latín)	=	Acer_ginnala
species,Acer_negundo,especie (en latín)	=	Acer_negundo
species,Acer_platanoides,especie (en latín)	=	Acer_platanoides
species,Acer_platanoïdes,especie (en latín)	=	Acer_platanoïdes
species,Acer_pseudoplatanus,especie (en latín)	=	Acer_pseudoplatanus
species,Acer_saccharinum,especie (en latín)	=	Acer_saccharinum
species,Acer_saccharum,especie (en latín)	=	Acer_saccharum
species,Aesculus_hippocastanum,especie (en latín)	=	Aesculus_hippocastanum
species,Aesculus_x_carnea,especie (en latín)	=	Aesculus_x_carnea
species,Agave_tequilana_F.A.C.Weber,especie (en latín)	=	Agave_tequilana_F.A.C.Weber
species,Ailanthus_altissima,especie (en latín)	=	Ailanto_altissima
species,Allocasuarina_verticillata,especie (en latín)	=	Allocasuarina_verticillata
species,Alnus_cordata,especie (en latín)	=	Alnus_cordata
species,Alnus_glutinosa,especie (en latín)	=	Alnus_glutinosa
species,Ananas_comosus_(L.)_Merr.,especie (en latín)	=	Ananas_comosus_(L.)_Merr.
species,Arecaceae,especie (en latín)	=	arecáceas
species,australis,especie (en latín)	=	australiano
species,Azardiraecta_indica,especie (en latín)	=	Azardiraecta_indica
species,Betula_alba,especie (en latín)	=	Betula_alba
species,Betula_papyrifera,especie (en latín)	=	Betula_papyrifera
species,Betula_pendula,especie (en latín)	=	Betula_péndula
species,Betula_sp,especie (en latín)	=	Betula_sp
species,Betula_verrucosa,especie (en latín)	=	Betula_verrucosa
species,betulus,especie (en latín)	=	betulus
species,calleryana,especie (en latín)	=	calleryana
species,Callistemon_salignus,especie (en latín)	=	Callistemon_salignus
species,Callistemon_viminalis,especie (en latín)	=	Callistemon_viminalis
species,Camellia_sinensis_(L.),especie (en latín)	=	Camelia_sinensis_(L.)
species,Camellia_sinensis_(L.)_Kuntze,especie (en latín)	=	Camellia_sinensis_(L.)_Kuntze
species,Carica_papaya,especie (en latín)	=	Carica_papaya
species,Carpinus_betulus,especie (en latín)	=	Carpinus_betulus
species,Carpinus_betulus_fastigiata,especie (en latín)	=	Carpinus_betulus_fastigiata
species,Castanea_sativa,especie (en latín)	=	Castanea_sativa
species,Casuarina_cunninghamiana,especie (en latín)	=	Casuarina_cunninghamiana
species,Catalpa_bignonioides,especie (en latín)	=	Catalpa_bignonioides
species,Cedrus_deodara,especie (en latín)	=	cedro_deodara
species,Cedrus_atlantica,especie (en latín)	=	Cedrus_atlántica
species,Celtis_australis,especie (en latín)	=	Celtis_australis
species,Celtis_occidentalis,especie (en latín)	=	Celtis_occidentalis
species,Cerasus_×_yedoensis,especie (en latín)	=	Cerasus_×_yedoensis
species,Cercis_siliquastrum,especie (en latín)	=	Cercis_siliquastrum
species,Chamaecyparis_lawsoniana,especie (en latín)	=	Chamaecyparis_lawsoniana
species,Citrus_×_aurantium,especie (en latín)	=	Cítricos_×_aurantium
species,Citrus_×sinensis,especie (en latín)	=	Cítricos_×sinensis
species,Citrus_aurantium,especie (en latín)	=	Citrus_aurantium
species,Cocos_nucifera,especie (en latín)	=	Cocos_nucifera
species,Cocos_nucifera_L.,especie (en latín)	=	Cocos_nucifera_L.
species,colurna,especie (en latín)	=	columna
species,Qur,especie (en latín)	=	Corán
species,cordata,especie (en latín)	=	cordata
species,Corylus_colurna,especie (en latín)	=	Corylus_columna
species,Corymbia_maculata,especie (en latín)	=	Corymbia_maculata
species,Crataegus_monogyna,especie (en latín)	=	Crataegus_monogyna
species,Cryptomeria_japonica,especie (en latín)	=	Cryptomeria_japonica
species,Cupressus_sempervirens,especie (en latín)	=	Cupressus_sempervirens
species,dactylifera,especie (en latín)	=	dactilolifera
species,Elaeis_guineensis,especie (en latín)	=	Elaeis_guineensis
species,Eucalyptus_camaldulensis,especie (en latín)	=	Eucalipto_camaldulensis
species,Eucalyptus_leucoxylon,especie (en latín)	=	Eucalipto_leucoxylon
species,Eucalyptus_sideroxylon,especie (en latín)	=	Eucalipto_sideroxylon
species,Eucalyptus_cladocalyx,especie (en latín)	=	Eucalyptus_cladocalyx
species,Fagus_sylvatica,especie (en latín)	=	Fagus_sylvatica
species,Fraxinus_americana,especie (en latín)	=	Fraxinus_americana
species,Fraxinus_angustifolia,especie (en latín)	=	Fraxinus_angustifolia
species,Fraxinus_excelsior,especie (en latín)	=	Fraxinus_excelsior
species,Fraxinus_excelsior_'Westhofs_Glorie',especie (en latín)	=	Fraxinus_excelsior_'Westhofs_Glorie'
species,Fraxinus_ornus,especie (en latín)	=	Fraxinus_ornus
species,Fraxinus_pennsylvanica,especie (en latín)	=	Fraxinus_pennsylvanica
species,Fraxinus_sp.,especie (en latín)	=	Fraxinus_sp.
species,Frx,especie (en latín)	=	Frx
species,Ginkgo_biloba,especie (en latín)	=	Ginkgo_biloba
species,Gleditsia_triacanthos,especie (en latín)	=	Gleditsia_triacanthos
species,hippocastanum,especie (en latín)	=	hippocastanum
species,Ilex_aquifolium,especie (en latín)	=	Ilex_aquifolium
species,Tilp,especie (en latín)	=	inclinación
species,Syringa_reticulata,especie (en latín)	=	Jeringa_reticulada
species,Juglans_regia,especie (en latín)	=	Juglans_regia
species,Koelreuteria_paniculata,especie (en latín)	=	Koelreuteria_paniculata
species,Lagerstroemia_indica,especie (en latín)	=	Lagerstroemia_indica
species,Lagunaria_patersonia,especie (en latín)	=	Lagunaria_patersonia
species,Fre,especie (en latín)	=	libre
species,Ligustrum_lucidum,especie (en latín)	=	Ligustrum_lucidum
species,Liriodendron_tulipifera,especie (en latín)	=	Liriodendron_tulipifera
species,Lophostemon_confertus,especie (en latín)	=	Lophostemon_confertus
species,Luma_apiculata,especie (en latín)	=	Luma_apiculata
species,Magnolia_grandiflora,especie (en latín)	=	Magnolia_grandiflora
species,Malus_domestica,especie (en latín)	=	Malus_domestica
species,Melaleuca_armillaris,especie (en latín)	=	Melaleuca_armillaris
species,Melaleuca_linariifolia,especie (en latín)	=	Melaleuca_linariifolia
species,Melaleuca_styphelioides,especie (en latín)	=	Melaleuca_styphelioides
species,Melia_azedarach,especie (en latín)	=	Melia_azedarach
species,MORUS_ALBA,especie (en latín)	=	MORUS_ALBA
species,n._sp.,especie (en latín)	=	n._sp.
species,NECUNOSCUTA,especie (en latín)	=	NECUNOSCUTA
species,nigra,especie (en latín)	=	negra
species,New_Tree_Pit,especie (en latín)	=	Nuevo_Árbol_Pozo
species,occidentalis,especie (en latín)	=	occidentalis
species,Olea_europaea,especie (en latín)	=	Olea_europaea
species,Olea_europea,especie (en latín)	=	Olea_europea
species,P._Americana,especie (en latín)	=	P._Americana
species,palm,especie (en latín)	=	palmera
species,Fro,especie (en latín)	=	Para
species,Persea_americana_Mill.,especie (en latín)	=	Persea_americana_Mill.
species,Phoenix_canariensis,especie (en latín)	=	Phoenix_canariensis
species,Phoenix_dactylifera,especie (en latín)	=	Phoenix_dactylifera
species,Phoenix_dactylifera_L.,especie (en latín)	=	Phoenix_dactylifera_L.
species,Picea_abies,especie (en latín)	=	Picea abies
species,Picea_glauca,especie (en latín)	=	Picea_glauca
species,Picea_pungens,especie (en latín)	=	Picea_pungens
species,Pinus_nigra,especie (en latín)	=	Pinus nigra
species,Pinus_mugo,especie (en latín)	=	Pinus_mugo
species,Pinus_nigra_nigra,especie (en latín)	=	Pinus_nigra_nigra
species,Pinus_nigra_var._Austriaca,especie (en latín)	=	Pinus_nigra_var._Austriaca
species,Pinus_pinea,especie (en latín)	=	Pinus_pinea
species,Pinus_radiata,especie (en latín)	=	Pinus_radiata
species,PINUS_SILVESTRIS,especie (en latín)	=	PINUS_SILVESTRIS
species,Pinus_strobus,especie (en latín)	=	Pinus_strobus
species,Pinus_sylvestris,especie (en latín)	=	Pinus_sylvestris
species,Pla,especie (en latín)	=	Plá
species,platanoides,especie (en latín)	=	platanoides
species,Platanus_×_hispanica,especie (en latín)	=	Platanus_×_hispanica
species,Platanus_acerifolia,especie (en latín)	=	Platanus_acerifolia
species,Platanus_acerifolia_x,especie (en latín)	=	Platanus_acerifolia_x
species,Platanus_orientalis,especie (en latín)	=	Platanus_orientalis
species,Platanus_x_acerifolia,especie (en latín)	=	Platanus_x_acerifolia
species,PLATANUS_X_ACERIFOLIA_(SIN_P._HYBRIDA),especie (en latín)	=	PLATANUS_X_ACERIFOLIA_(SIN_P._HYBRIDA)
species,Platanus_x_hispanica,especie (en latín)	=	Platanus_x_hispanica
species,platyphyllos,especie (en latín)	=	platyphyllos
species,Poa,especie (en latín)	=	Poá
species,Pon,especie (en latín)	=	pon
species,Pon1,especie (en latín)	=	pon1
species,Populus_sp.,especie (en latín)	=	Populus sp.
species,Populus_alba,especie (en latín)	=	Populus_alba
species,"Populus_alba_""Bolleana""","especie (en latín)	=	Populus_alba_""Bolleana"""
species,Populus_nigra,especie (en latín)	=	Populus_nigra
species,Populus_pyramidalis,especie (en latín)	=	Populus_pyramidalis
species,Populus_x_canadensis,especie (en latín)	=	Populus_x_canadensis
species,Pr1,especie (en latín)	=	Pr1
species,Prunus_avium,especie (en latín)	=	Prunus_avium
species,Prunus_cerasifera,especie (en latín)	=	Prunus_cerasifera
species,PRUNUS_CERASIFERA_'PISSARDII',especie (en latín)	=	PRUNUS_CERASIFERA_'PISSARDII'
species,"Prunus_cerasifera_""Pissardii""","especie (en latín)	=	Prunus_cerasifera_""Pissardii"""
species,Prunus_domestica,especie (en latín)	=	Prunus_domestica
species,Prunus_padus,especie (en latín)	=	Prunus_padus
species,Prunus_serrulata,especie (en latín)	=	Prunus_serrulata
species,Prunus_sp,especie (en latín)	=	Prunus_sp
species,Prunus_sp.,especie (en latín)	=	Prunus_sp.
species,Prunus_virginiana,especie (en latín)	=	Prunus_virginiana
species,pseudoplatanus,especie (en latín)	=	pseudoplatano
species,Pseudotsuga_menziesii,especie (en latín)	=	Pseudotsuga_menziesii
species,Pyrus_calleryana,especie (en latín)	=	Pyrus_calleryana
species,Pyrus_calleryana_'Chanticclere,especie (en latín)	=	Pyrus_calleryana_'Chanticclere
species,Pyrus_communis,especie (en latín)	=	Pyrus_communis
species,Quercus_alba,especie (en latín)	=	Quercus_alba
species,Quercus_bicolor,especie (en latín)	=	Quercus_bicolor
species,Quercus_cerris,especie (en latín)	=	Quercus_cerris
species,Quercus_ilex,especie (en latín)	=	Quercus_ilex
species,Quercus_macrocarpa,especie (en latín)	=	Quercus_macrocarpa
species,Quercus_palustris,especie (en latín)	=	Quercus_palustris
species,Quercus_robur,especie (en latín)	=	Quercus_robur
species,Quercus_rubra,especie (en latín)	=	Quercus_rubra
species,Quercus_suber,especie (en latín)	=	Quercus_suber
species,RHUS_TYPHINA,especie (en latín)	=	RHUS_TYPHINA
species,robur,especie (en latín)	=	Robar
species,ROBINIA_PSEUDACACIA,especie (en latín)	=	ROBINIA_PSEUDACACIA
species,Robinia_pseudoacacia,especie (en latín)	=	Robinia_pseudoacacia
species,"Robinia_pseudoacacia_""Bessoniana""","especie (en latín)	=	Robinia_pseudoacacia_""Bessoniana"""
species,japonica,especie (en latín)	=	rosal japonés
species,Roystonea_regia,especie (en latín)	=	Roystonea_regia
species,Rp,especie (en latín)	=	Rp
species,Salix_alba,especie (en latín)	=	Salix_alba
species,SALIX_BABYLONICA,especie (en latín)	=	SALIX_BABILONICA
species,Schinus_molle,especie (en latín)	=	Schinus_molle
species,sylvatica,especie (en latín)	=	silvatica
species,Soj,especie (en latín)	=	Soj
species,Sophora_japonica,especie (en latín)	=	Sophora_japonica
species,Sorbus_aria,especie (en latín)	=	Sorbus_aria
species,Sorbus_aucuparia,especie (en latín)	=	Sorbus_aucuparia
species,Sorbus_domestica,especie (en latín)	=	Sorbus_domestica
species,Sorbus_intermedia,especie (en latín)	=	Sorbus_intermedia
species,Taxus_baccata,especie (en latín)	=	Taxus_baccata
species,Tg1,especie (en latín)	=	Tg1
species,Tgc,especie (en latín)	=	Tgc
species,Thuja_occidentalis,especie (en latín)	=	Thuja_occidentalis
species,THUJA_ORIENTALIS,especie (en latín)	=	THUJA_ORIENTALIS
species,Tilia,especie (en latín)	=	tilia
species,Tilia_americana,especie (en latín)	=	Tilia_americana
species,Tilia_cordata,especie (en latín)	=	Tilia_cordata
species,Tilia_euchlora_x,especie (en latín)	=	Tilia_euchlora_x
species,Tilia_Europaea,especie (en latín)	=	Tilia_Europaea
species,"Tilia_europaea_""Pallida""","especie (en latín)	=	Tilia_europaea_""Pallida"""
species,Tilia_platyphyllos,especie (en latín)	=	Tilia_platyphyllos
species,Tilia_sp,especie (en latín)	=	Tilia_sp
species,Tilia_sp.,especie (en latín)	=	Tilia_sp.
species,Tilia_tomentosa,especie (en latín)	=	Tilia_tomentosa
species,TILIA_TOMENTOSA_(SIN._T._ARGENTEA),especie (en latín)	=	TILIA_TOMENTOSA_(SIN._T._ARGENTEA)
species,Tilia_x_euchlora,especie (en latín)	=	Tilia_x_euchlora
species,Tilia_x_europaea,especie (en latín)	=	Tilia_x_europaea
species,Tilia_x_europea,especie (en latín)	=	Tilia_x_europea
species,tomentosa,especie (en latín)	=	tomentosa
species,Trachycarpus_fortunei,especie (en latín)	=	Trachycarpus_fortunei
species,Ulmus_americana,especie (en latín)	=	Ulmus_americana
species,Ulmus_carpinifolia,especie (en latín)	=	Ulmus_carpinifolia
species,Ulmus_glabra,especie (en latín)	=	Ulmus_glabra
species,Ulmus_minor,especie (en latín)	=	Ulmus_menor
species,Ulmus_parvifolia,especie (en latín)	=	Ulmus_parvifolia
species,Ulmus_pumila,especie (en latín)	=	Ulmus_pumila
species,Washingtonia_filifera,especie (en latín)	=	Washingtonia_filifera
species,Washingtonia_robusta,especie (en latín)	=	Washingtonia_robusta
species,x_carnea,especie (en latín)	=	x_carnea
species,x_europaea,especie (en latín)	=	x_europaea
species,x_hispanica,especie (en latín)	=	x_hispana
species,Zelkova_serrata,especie (en latín)	=	Zelkova_serrata
species,Prunus serrulata,especie (en latín) = Prunus_serrulata
species,Quercus ilex,especie (en latín) = Quercus ilex
species,Quercus robur,especie (en latín) = Quercus robur
species,Quercus rubra,especie (en latín) = Quercus rubra
species,Tilia x europaea,especie (en latín) = tilia_americana
species,Tilia cordata,especie (en latín) = tilia_cordata
species,Tilia platyphyllos,especie (en latín) = tilia_platyphyllos
species,Tilia tomentosa,especie (en latín) = tilia_tomentosa
species:de,Ahornblättrige Platane,especie en alemán (de)
species:es,olivo,especie en español (es) = olivo
species:en,Norway_Maple,especie en inglés (en)
species:wikidata,Q156907,especie:wikidata=Q156907
esperanto,esperanto,esperanto	=	esperanto
ski,no,esquí	=	no
health_facility:type,office,establecimiento de salud:tipo	=	oficina
station,funicular,estación	=	funicular
station,monorail,estación	=	monocarril
station,subway,estación	=	subterraneo
station,light_rail,estación	=	Tren Ligero
fitness_station,sit-up,estación de fitness	=	abdominales
signal_station,lock,estación de señales	=	cerrar
signal_station,weather,estación de señales	=	clima
signal_station,firing,estación de señales	=	disparo
signal_station,tide_scale,estación de señales	=	escala de mareas
signal_station,tide_gauge,estación de señales	=	mareógrafo
signal_station,bridge,estación de señales	=	puente
signal_station,telegraph,estación de señales	=	telégrafo
signal_station,traffic,estación de señales	=	tráfico
signal_station,international_port_traffic,estación de señales	=	tráfico portuario internacional
seasonal,dry_season,estacional	=	estación seca
seasonal,winter,estacional	=	invierno
seasonal,no,estacional	=	no
seasonal,spring;summer;autumn,estacional	=	primavera verano Otoño
seasonal,wet_season,estacional	=	temporada húmeda
seasonal,summer,estacional	=	verano
parking,layby,estacionamiento	=	apartado
parking,underground,estacionamiento	=	bajo tierra
parking,lane,estacionamiento	=	carril
parking,sheds,estacionamiento	=	cobertizos
parking,carports,estacionamiento	=	cocheras
parking,multi-storey,estacionamiento	=	de muchos pisos
parking,on_kerb,estacionamiento	=	en la acera
parking,garage,estacionamiento	=	garaje
parking,garage_boxes,estacionamiento	=	garaje_cajas
parking,street_side,estacionamiento	=	lado de la calle
parking,no,estacionamiento	=	no
parking,surface,estacionamiento	=	superficie
parking,rooftop,estacionamiento	=	techo
parking:right,lane,estacionamiento: derecho	=	carril
parking:right,street_side,estacionamiento: derecho	=	lado de la calle
parking:right,no,estacionamiento: derecho	=	no
parking:left,lane,estacionamiento: izquierda	=	carril
parking:left,street_side,estacionamiento: izquierda	=	lado de la calle
parking:left,no,estacionamiento: izquierda	=	no
parking:orientation,diagonal,estacionamiento: orientación	=	diagonal
parking:orientation,parallel,estacionamiento: orientación	=	paralela
parking:orientation,perpendicular,estacionamiento: orientación	=	perpendicular
parking:both,lane,estacionamiento:ambos	=	carril
parking:both,street_side,estacionamiento:ambos	=	lado de la calle
parking:both,no,estacionamiento:ambos	=	no
parking:lane:both,diagonal,estacionamiento:carril:ambos	=	diagonal
parking:lane:both,marked,estacionamiento:carril:ambos	=	marcado
parking:lane:both,no,estacionamiento:carril:ambos	=	no
parking:lane:both,no_parking,estacionamiento:carril:ambos	=	No estacionar
parking:lane:both,parallel,estacionamiento:carril:ambos	=	paralela
parking:lane:both,perpendicular,estacionamiento:carril:ambos	=	perpendicular
parking:lane:both,separate,estacionamiento:carril:ambos	=	separado
parking:lane:both,no_stopping,estacionamiento:carril:ambos	=	sin parar
parking:lane:both:parallel,on_street,estacionamiento:carril:ambos:paralelo	=	en la calle
parking:lane:right,no_parking,estacionamiento:carril:derecha	=	No estacionar
parking:lane:right,parallel,estacionamiento:carril:derecha	=	paralela
parking:lane:right,no_stopping,estacionamiento:carril:derecha	=	sin parar
parking:lane:right:parallel,on_street,estacionamiento:carril:derecha:paralelo	=	en la calle
parking:lane:hgv,on_street,estacionamiento:carril:hgv	=	en la calle
parking:lane:left,no_parking,estacionamiento:carril:izquierda	=	No estacionar
parking:lane:left,parallel,estacionamiento:carril:izquierda	=	paralela
parking:lane:left,no_stopping,estacionamiento:carril:izquierda	=	sin parar
parking:condition:left,free,estacionamiento:condición:izquierda	=	libre
parking:condition:both,free,estacionamiento:estado:ambos	=	libre
parking:condition:right,free,estacionamiento:estado:correcto	=	libre
listed_status,Grade_I,estado listado	=	Grado I
operational_status,open,estado operativo	=	abierto
operational_status,closed,estado operativo	=	cerrado
operational_status,out_of_order,estado operativo	=	fuera de servicio
operational_status,operational,estado operativo	=	Operacional
official_status,ru:село,estado_oficial	=	ru: село
official_status,ru:деревня,estado_oficial	=	ru:деревня
operational_status_quality,confirmed,estado_operacional_calidad	=	confirmado
operational_status_quality,closed,estado_operativo_calidad	=	cerrado
operational_status_quality,functional,estado_operativo_calidad	=	funcional
operational_status_quality,needs_maintenance,estado_operativo_calidad	=	necesita mantenimiento
operational_status_quality,unspecified,estado_operativo_calidad	=	no especificado
operational_status_quality,ok,estado_operativo_calidad	=	OK
operational_status_quality,restricted,estado_operativo_calidad	=	restringido
state,proposed,estado= propuesto
state,alternate,estado=alternativa
statue,animal,estatua	=	animal
statue,equestrian,estatua	=	ecuestre
statue,virgin,estatua	=	virgen
status,abandoned,estatus = abandonado
stars,4,"estrellas (categoría oficial de un alojamiento,hotel) = *"
structure,lattice,estructura	=	enrejado
structure,solid,estructura	=	sólido
structure,tubular,estructura	=	tubular
building:structure,plastered,Estructura de construcción	=	borracho
building:structure,confined_masonary,Estructura de construcción	=	confinado_masonario
building:structure,confined_masonry,Estructura de construcción	=	mampostería confinada
building:structure,reinforced_masonry,Estructura de construcción	=	mampostería_reforzada
estuary,*,estuario	=	*
studio,audio,estudio	=	audio
studio,radio,estudio	=	radio
studio,television,estudio	=	televisión
studio,video,estudio	=	video
phases,3,etapas	=	*
damage:assessment,initial,evaluación de daños	=	inicial
ewmapa:warstwa,Przyziemie_lub_obrys_budynku,ewmapa:warstwa	=	Przyziemie_lub_obrys_budynku
nuclear_explosion:country,*,explosión nuclear:país	=	*
manufacturer,GE,fabricante	=	GE
manufacturer,Vestas,fabricante	=	Vestas
faculty,aerospace,facultad	=	aeroespacial
faculty,engineering,facultad	=	Ingenieria
headlight,required,faro	=	requerido
start_date,1800,fecha de inicio	=	*
start_date,2023,fecha de inicio	=	*
start_date,1976..1991,fecha de inicio	=	*
railway,*,ferrocarril	=	*
railway,abandoned,ferrocarril	=	abandonado
railway,hirail_access,ferrocarril	=	acceso hirail
railway,razed,ferrocarril	=	arrasado
railway,traverser,ferrocarril	=	atravesador
railway,obliterated,ferrocarril	=	borrado
railway,crossing_box,ferrocarril	=	caja de cruce
railway,signal_box,ferrocarril	=	caja de señal
railway,switch,ferrocarril	=	cambiar
railway,owner_change,ferrocarril	=	cambio de propietario
railway,rail,ferrocarril	=	carril
railway,fuel,ferrocarril	=	combustible
railway,construction,ferrocarril	=	construcción
railway,container_terminal,ferrocarril	=	contenedor terminal
railway,crossing_controller,ferrocarril	=	controlador de cruce
railway,gauge_conversion,ferrocarril	=	conversión de calibre
railway,crossing,ferrocarril	=	cruce
railway,railway_crossing,ferrocarril	=	cruce ferroviario
railway,dismantled,ferrocarril	=	desmantelado
railway,defect_detector,ferrocarril	=	detector de defectos
railway,halt,ferrocarril	=	detener
railway,stop,ferrocarril	=	deténgase
railway,diamond,ferrocarril	=	diamante
railway,ventilation_shaft,ferrocarril	=	ducto de ventilación
railway,disused,ferrocarril	=	en desuso
railway,train_station_entrance,ferrocarril	=	entrada_estación_de_tren
railway,subway_entrance,ferrocarril	=	entrada_metro
railway,track_scale,ferrocarril	=	escala de pista
railway,station,ferrocarril	=	estación
railway,service_station,ferrocarril	=	estación de servicio
railway,technical_station,ferrocarril	=	estación_técnica
railway,station/Proposal,ferrocarril	=	estación/Propuesta
railway,loading_rack,ferrocarril	=	estante de carga
railway,rail_brake,ferrocarril	=	freno_de_carril
railway,border,ferrocarril	=	frontera
railway,power_supply,ferrocarril	=	fuente de alimentación
railway,funicular,ferrocarril	=	funicular
railway,water_crane,ferrocarril	=	grúa de agua
railway,derail,ferrocarril	=	hacer descarrilar
railway,historic,ferrocarril	=	histórico
railway,historical,ferrocarril	=	histórico
railway,milestone,ferrocarril	=	hito
railway,loading_gauge,ferrocarril	=	indicador de carga
railway,facility,ferrocarril	=	instalaciones
railway,hump_yard,ferrocarril	=	joroba
railway,wash,ferrocarril	=	lavar
railway,lubricator,ferrocarril	=	lubricador
railway,miniature,ferrocarril	=	miniatura
railway,monorail,ferrocarril	=	monocarril
railway,tram_stop,ferrocarril	=	parada de tranvía
railway,buffer_stop,ferrocarril	=	parada_búfer
railway,level_crossing,ferrocarril	=	paso a nivel
railway,turntable,ferrocarril	=	placa giratoria
railway,platform,ferrocarril	=	plataforma
railway,platform_edge,ferrocarril	=	plataforma_borde
railway,blockpost,ferrocarril	=	poste de bloqueo
railway,preserved,ferrocarril	=	Preservado
railway,proposed,ferrocarril	=	propuesto
railway,PRT,ferrocarril	=	PRT
railway,radio,ferrocarril	=	radio
railway,loading_ramp,ferrocarril	=	rampa de carga
railway,roundhouse,ferrocarril	=	rotonda
railway,isolated_track_section,ferrocarril	=	sección de vía aislada
railway,signal,ferrocarril	=	señal
railway,site,ferrocarril	=	sitio
railway,spur_junction,ferrocarril	=	spur_junction
railway,subway,ferrocarril	=	subterraneo
railway,workshop,ferrocarril	=	taller
railway,phone,ferrocarril	=	teléfono
railway,water_tower,ferrocarril	=	Torre de agua
railway,tram_crossing,ferrocarril	=	tram_crossing
railway,tram_level_crossing,ferrocarril	=	tram_level_crossing
railway,crossover,ferrocarril	=	Transversal
railway,tram,ferrocarril	=	tranvía
railway,light_rail,ferrocarril	=	Tren Ligero
railway,narrow_gauge,ferrocarril	=	trocha_angosta
railway,junction,ferrocarril	=	unión
railway,vacancy_detection,ferrocarril	=	vacancy_detection
railway,viaduct,ferrocarril	=	viaducto
railway,yard,ferrocarril	=	yarda
railway:vacancy_detection,axle_counter,ferrocarril: detección de vacantes	=	contador de ejes
railway:vacancy_detection,insulated_rail_joint,ferrocarril: detección de vacantes	=	junta de riel aislada
railway:preferred_direction,both,ferrocarril: dirección_preferida	=	ambas cosas
railway:preferred_direction,forward,ferrocarril: dirección_preferida	=	delantero
railway:preferred_direction,backward,ferrocarril: dirección_preferida	=	hacia atrás
railway:milestone:catenary_mast,no,ferrocarril: hito: catenary_mast	=	no
railway:switch,default,ferrocarril: interruptor	=	defecto
railway:lzb,no,ferrocarril: lzb	=	no
railway:ballastless,no,ferrocarril: sin balasto	=	no
railway:track_class,D4,ferrocarril: track_class	=	D4
railway:track_ref,1,ferrocarril: track_ref	=	*
railway:track_ref,2,ferrocarril: track_ref	=	*
railway:atb,no,ferrocarril:atb	=	no
railway:bidirectional,possible,ferrocarril:bidireccional	=	posible
railway:bidirectional,regular,ferrocarril:bidireccional	=	regular
railway:rail,continuous,ferrocarril:carril	=	continuo
railway:electricity,joint,ferrocarril:electricidad	=	articulación
railway:etcs,1,ferrocarril:etc.	=	*
railway:etcs,2,ferrocarril:etc.	=	*
railway:etcs,no,ferrocarril:etc.	=	no
railway:gnt,no,ferrocarril:gnt	=	no
railway:milestone:emergency_brake_override,no,ferrocarril:hito:emergency_brake_override	=	no
railway:switch:electric,no,ferrocarril:interruptor:eléctrico	=	no
railway:ls,no,ferrocarril:ls	=	no
railway:local_operated,no,ferrocarril:operado_localmente	=	no
railway:pzb,no,ferrocarril:pzb	=	no
railway:radio,analoque,ferrocarril:radio	=	analógico
railway:radio,gsm-r,ferrocarril:radio	=	gsm-r
railway:radio,analogue,ferrocarril:radio	=	término análogo
railway:signal:direction,forward,ferrocarril:señal:dirección	=	delantero
railway:signal:distant,DE-ESO:vr,ferrocarril:señal:distante	=	DE-ESO:vr
railway:signal:distant:height,normal,ferrocarril:señal:distante:altura	=	normal
railway:signal:distant:form,light,ferrocarril:señal:distante:forma	=	luz
railway:signal:shunting:form,light,ferrocarril:señal:maniobra:formulario	=	luz
railway:signal:minor,DE-ESO:sh,ferrocarril:señal:menor	=	DE-ESO:sh
railway:signal:minor:height,dwarf,ferrocarril:señal:menor:altura	=	enano
railway:signal:minor:states,DE-ESO:hp0;DE-ESO:sh1,ferrocarril:señal:menor:estados	=	DE-ESO:hp0;DE-ESO:sh1
railway:signal:minor:form,light,ferrocarril:señal:menor:formulario	=	luz
railway:signal:position,right,ferrocarril:señal:posición	=	Correcto
railway:signal:position,left,ferrocarril:señal:posición	=	izquierda
railway:signal:main,DE-ESO:hp,ferrocarril:señal:principal	=	DE-ESO:hp
railway:signal:main:height,normal,ferrocarril:señal:principal:altura	=	normal
railway:signal:main:form,light,ferrocarril:señal:principal:formulario	=	luz
railway:signal:main:function,intermediate,ferrocarril:señal:principal:función	=	intermedio
railway:signal:main:function,exit,ferrocarril:señal:principal:función	=	salida
railway:signal:speed_limit,DE-ESO:lf7,ferrocarril:señal:speed_limit	=	DE-ESO:lf7
railway:signal:speed_limit,DE-ESO:zs3,ferrocarril:señal:speed_limit	=	DE-ESO:zs3
railway:signal:speed_limit:form,light,ferrocarril:señal:speed_limit:formulario	=	luz
railway:signal:speed_limit:form,sign,ferrocarril:señal:speed_limit:formulario	=	señal
railway:signal:speed_limit_distant:height,normal,ferrocarril:señal:velocidad_límite_distante:altura	=	normal
railway:tbl,no,ferrocarril:tbl	=	no
railway:track_type,main,ferrocarril:tipo_de_vía	=	principal
railway:traffic_mode,mixed,ferrocarril:traffic_mode	=	mezclado
railway:traffic_mode,passenger,ferrocarril:traffic_mode	=	pasajero
railway:traffic_mode,freight,ferrocarril:traffic_mode	=	transporte
railway:turnout_side,right,ferrocarril:turnout_side	=	Correcto
railway:turnout_side,left,ferrocarril:turnout_side	=	izquierda
physically_present,no,fisicamente presente	=	no
FMMP_modified,no,FMMP_modificado	=	no
FMMP_reviewed,no,FMMP_revisado	=	no
landform,dune,forma de relieve	=	duna
landform,esker,forma de relieve	=	esker
landform,dune_system,forma de relieve	=	sistema_de_dunas
speisebezirk,*,fragmento eléctrico (tranvía catenaria en suelo) = *
frequency,0,frecuencia	=	*
frequency,50,frecuencia	=	*
frequency,60,frecuencia	=	*
frequency,16.67,frecuencia	=	*
frequency,16.7,frecuencia	=	*
kerb,raised,frenar	=	aumentó
kerb,lowered,frenar	=	bajado
kerb,flush,frenar	=	enjuagar
kerb,no,frenar	=	no
source,*,fuente	=	*
fountain,drinking,fuente	=	Bebiendo
fountain,stone_block,fuente	=	bloque de piedra
fountain,bubbler,fuente	=	burbujeador
source,cadastre-dgi-fr_source_:_Direction_Générale_des_Finances_Publiques_-_Cadastre_;_mise_à_jour_:_2008,fuente	=	catastro-dgi-fr fuente : Direction Générale des Finances Publiques - Catastro ; puesta al día: 2008
fountain,roman_wolf,fuente	=	lobo romano
fountain,nasone,fuente	=	nasone
fountain,bottle_refill,fuente	=	recarga de botella
fountain,toret,fuente	=	toret
fountain,viktorija_zdenac,fuente	=	viktorija zdenac
fountain,wallace,fuente	=	Wallace
water_source,seasonal,fuente de agua	=	estacional
water_source,irrigated,fuente de agua	=	irrigado
water_source,main,fuente de agua	=	principal
water_source,river,fuente de agua	=	río
power_source,biofuel,fuente de alimentación	=	biocombustible
power_source,coal,fuente de alimentación	=	carbón
power_source,waste,fuente de alimentación	=	desperdiciar
power_source,gas,fuente de alimentación	=	gas
power_source,hydro,fuente de alimentación	=	hidro
power_source,nuclear,fuente de alimentación	=	nuclear
power_source,oil,fuente de alimentación	=	petróleo
power_source,wind,fuente de alimentación	=	viento
light_source,lantern,fuente de luz	=	linterna
source_ref:url,https://www.flickr.com/photos/openstreetmap-albania/,fuente_ref:url	=	https://www.flickr.com/photos/openstreetmap-albania/
source:width,ARCore,fuente: ancho	=	ARCore
source:street,municipality,fuente: calle	=	municipio
source:postcode,ONS,fuente: código postal	=	ONS
source:postal_code,CNEFE,fuente: código_postal	=	CNEFE
source:postal_code,La_Poste_-_12/2014,fuente: código_postal	=	La_Poste_-_12/2014
source:damage,survey,fuente: daño	=	encuesta
source:addr,*,fuente: dirección	=	*
source:addr,cuzk:ruian,fuente: dirección	=	cuzk:ruian
source:addr,GURS,fuente: dirección	=	GURS
source:addr,ЕГРН,fuente: dirección	=	ЕГРН
source:outline,"maps4bw_(LGL,_www.lgl-bw.de);_Mapbox_Satellite","fuente: esquema	=	maps4bw_(LGL,_www.lgl-bw.de);_Mapbox_Satélite"
source:geometry,*,fuente: geometría	=	*
source:geometry,ACTMapiRoads,fuente: geometría	=	ACTMapiCarreteras
source:geometry,ACTMapiTP,fuente: geometría	=	ACTMapiTP
source:geometry,Bing,fuente: geometría	=	Bing
source:geometry,NPWS_Estate,fuente: geometría	=	Finca NPWS
source:geometry,GURS,fuente: geometría	=	GURS
source:geometry,NSW_LPI_Imagery,fuente: geometría	=	Imágenes LPI de Nueva Gales del Sur
source:geometry,LPI_NSW_Imagery,fuente: geometría	=	Imágenes LPI NSW
source:geometry,ACT2016,fuente: geometría	=	ley2016
source:geometry,PSMA_Admin_Boundaries,fuente: geometría	=	Límites de administración de PSMA
source:geometry,NSW_LPI_Base_Map,fuente: geometría	=	Mapa base de LPI de Nueva Gales del Sur
source:heritage,"data.gouv.fr,_Ministère_de_la_Culture_-_2016","fuente: herencia	=	data.gouv.fr,_Ministère_de_la_Culture_-_2016"
source:hgv:state_network,NJDOT_http://www.state.nj.us/transportation/about/rules/pdf/chapter32truckaccess.pdf,fuente: hgv: state_network	=	NJDOT_http://www.state.nj.us/transportation/about/rules/pdf/chapter32truckaccess.pdf
source:hgv:state_network,NYSDOT_https://www.dot.ny.gov/divisions/operating/oom/transportation-systems/repository/2010%20trk%20access%20bk.pdf,fuente: hgv: state_network	=	NYSDOT_https://www.dot.ny.gov/divisions/operating/oom/transportation-systems/repository/2010%20trk%20access%20bk.pdf
source:imagery,ESRI_&_NYS_Sat_Imagery,fuente: imágenes	=	ESRI_&_NYS_Sat_Imágenes
source:zoomlevel,11,fuente: nivel de zoom	=	*
source:filename,buildings.gml,fuente: nombre de archivo	=	edificios.gml
source:conscriptionnumber,kapor2,fuente: número de conscripción	=	kapor2
source:power,Enedis,fuente: poder	=	Enedis
source:prow_ref,definitive_statement,fuente: proa_ref	=	declaración_definitiva
source:tracer,scanaerial,fuente: rastreador	=	scanaerial
source:ref,#ŻółtaNaklejkaPLK,fuente: referencia	=	*
source:ref,rsd_cr,fuente: referencia	=	rsd_cr
source:ref,OS_OpenData_StreetView,fuente: referencia	=	Sistema operativo OpenData StreetView
source:ref,Vialidad,fuente: referencia	=	Vialidad
source:ref,www.ssc.sk,fuente: referencia	=	www.ssc.sk
source:wheelchair,STIF_2019-01,fuente: silla de ruedas	=	STIF_2019-01
source:oneway,Esri_World_Imagery,fuente: unidireccional	=	Esri_Mundo_Imágenes
source:width,estimated,fuente:ancho=estimada
source:old_ref:fap,ODOT_http://www.dot.state.oh.us/Divisions/Planning/TechServ/prod_services/Pages/RI06.aspx_http://www.dot.state.oh.us/Divisions/ContractAdmin/Contracts/Pages/NHS-FAP.aspx,fuente:antigua_ref:fap	=	ODOT_http://www.dot.state.oh.us/Divisions/Planning/TechServ/prod_services/Pages/RI06.aspx_http://www.dot.state.oh.us/Divisions/ContractAdmin/Contracts/ Páginas/NHS-FAP.aspx
source:area,Bing,fuente:área	=	Bing
source:highway,schema_br2013,fuente:carretera	=	esquema_br2013
source:addr:postcode,code-point_open,fuente:dirección:código postal	=	código-punto_abierto
source:addr:postcode,OS_Open_Data_Codepoint,fuente:dirección:código postal	=	OS_Open_Data_Codepoint
source:addr:postcode,OS_Opendata_Codepoint,fuente:dirección:código postal	=	OS_Opendata_Codepoint
source:addr:date,1995-01-01,fuente:dirección:fecha	=	*
source:addr:date,2021-01-01,fuente:dirección:fecha	=	*
source:addr:version,2016-04-01,fuente:dirección:versión	=	*
source:building,Bing,fuente:edificio	=	Bing
source:building,WroclawGIS,fuente:edificio	=	BreslaviaGIS
source:building,OS_OpenData_StreetView,fuente:edificio	=	OS_OpenData_StreetView
source:ele,barometric,fuente:ele	=	barométrico
source:ele,BDOrtho_IGN_Hydroghaphie,fuente:ele	=	BDOrtho_IGN_Hydroghaphie
source:ele,BDOrtho_IGN_Hydrographie,fuente:ele	=	BDOrtho_IGN_Hydrographie
source:ele,gpx,fuente:ele	=	gpx
source:ele,MDT5,fuente:ele	=	MDT5
source:en,Bayamon_Municipality,fuente:es	=	Bayamón_Municipio
source:en,Bayamón_Municipality,fuente:es	=	Bayamón_Municipio
source:en,Guaynabo_Municipality,fuente:es	=	Guaynabo_Municipio
source:en,Municipality_of_Caguas,fuente:es	=	Municipio_de_Caguas
source:en,"National-Land_Numerical_Information_(Forest)_2006,_MLIT_Japan","fuente:es	=	National-Land_Numerical_Information_(Bosque)_2006,_MLIT_Japón"
source:date,*,fuente:fecha	=	*
source:shape,Modified_MS_Footprints_https://cugir.library.cornell.edu,fuente:forma	=	Modificado_MS_Footprints_https://cugir.library.cornell.edu
source:geometry:date,8/27/2010-4/4/2011,fuente:geometría:fecha	=	*
source:geometry:version,6,fuente:geometría:versión	=	*
source:hgv,MassGIS,fuente:hgv	=	MassGIS
source:hgv,PennDOT_ftp://ftp.dot.state.pa.us/public/Bureaus/BOMO/MC/Publication411.pdf,fuente:hgv	=	PennDOT_ftp://ftp.dot.state.pa.us/public/Bureaus/BOMO/MC/Publication411.pdf
source:hgv:national_network,Caltrans_http://www.dot.ca.gov/hq/traffops/trucks/truckmap/,fuente:hgv:red_nacional	=	Caltrans_http://www.dot.ca.gov/hq/traffops/trucks/truckmap/
source:hgv:national_network,"CDOT_""Highway_Data_Explorer""","fuente:hgv:red_nacional	=	CDOT_""Highway_Data_Explorer"""
source:footprint,Adjusted_MS_Footprints,fuente:huella	=	Huellas_MS_Ajustadas
source:maxspeed,BE-BRU:urban,fuente:maxspeed	=	BE-BRU:urbano
source:maxspeed,BE-VLG:rural,fuente:maxspeed	=	BE-VLG:rural
source:maxspeed,BE-VLG:urban,fuente:maxspeed	=	BE-VLG:urbano
source:maxspeed,BE-WAL:rural,fuente:maxspeed	=	BE-WAL:rural
source:maxspeed,BE-WAL:urban,fuente:maxspeed	=	BE-WAL:urbano
source:maxspeed,survey;image,fuente:maxspeed	=	encuesta;imagen
source:maxspeed,implicit,fuente:maxspeed	=	implícito
source:maxspeed,RU:urban,fuente:maxspeed	=	RU:urbano
source:maxspeed,IT:urban,fuente:maxspeed	=	TI:urbano
source:maxspeed:forward,sign,fuente:maxspeed:adelante	=	señal
source:maxspeed:backward,sign,fuente:maxspeed:hacia atrás	=	señal
source:name:br,ofis_publik_ar_brezhoneg,fuente:nombre:br	=	ofis_publik_ar_brezhoneg
source:name:br,proper_translation,fuente:nombre:br	=	traducción_propia
source:name:oc,ieo-bdtopoc,fuente:nombre:oc	=	ieo-bdtopoc
source:streetnumber,municipality,fuente:número de la calle	=	municipio
source:population,*,fuente:población	=	*
source:population,INE,fuente:población	=	INE
source:population,ine.gob.bo;2016,fuente:población	=	ine.gob.bo;2016
source:population,INSEE_2022,fuente:población	=	INSEE_2022
source:position,*,fuente:posición	=	*
source:position,bing_HR(0;0),fuente:posición	=	bing_HR(0;0)
source:position,"bing(0,0)","fuente:posición	=	bing(0,0)"
source:position,NPWS_Estate,fuente:posición	=	Finca NPWS
source:position,Aerial_photogrammetry,fuente:posición	=	Fotogrametría aérea_
source:ro,"Agenţia_Europeană_de_Mediu,_CORINE_Land_Cover,_2006","fuente:ro	=	Agenţia_Europeană_de_Mediu,_CORINE_Land_Cover,_2006"
source:surface,Bing,fuente:superficie	=	Bing
source:surface,MaxarPremium,fuente:superficie	=	MaxarPremium
source:url,http://cea.vitoria-gasteiz.org,fuente:url	=	http://cea.vitoria-gasteiz.org
source:user,*,fuente:usuario	=	*
source:wfs,http://www.idee.es/IGN-WFS-Geodesia/ogcwebservice,fuente:wfs	=	http://www.idee.es/IGN-WFS-Geodesia/ogcwebservice
street_cabinet,postal_service,gabinete de la calle	=	servicio Postal
backup_generator,no,generador_de_respaldo	=	no
generator:type,heat_pump,generador: tipo	=	bomba de calor
generator:type,vertical_axis,generador: tipo	=	eje vertical
generator:type,reciprocating_engine,generador: tipo	=	motor alternativo
generator:type,zuppinger_water_wheel,generador: tipo	=	rueda de agua zuppinger
generator:type,hydrodynamic_screw,generador: tipo	=	tornillo hidrodinámico
generator:type,gas_turbine,generador: tipo	=	turbina de gas
generator:type,steam_turbine,generador: tipo	=	turbina de vapor
generator:type,kaplan_turbine,generador: tipo	=	turbina kaplan
generator:type,pelton_turbine,generador: tipo	=	turbina pelton
generator:source,battery,generador:fuente	=	batería
generator:source,biofuel,generador:fuente	=	biocombustible
generator:source,biogas,generador:fuente	=	biogás
generator:source,biomass,generador:fuente	=	biomasa
generator:source,coal,generador:fuente	=	carbón
generator:source,tidal,generador:fuente	=	de marea
generator:source,waste,generador:fuente	=	desperdiciar
generator:source,diesel,generador:fuente	=	diesel
generator:source,electricity,generador:fuente	=	electricidad
generator:source,gas,generador:fuente	=	gas
generator:source,gasoline,generador:fuente	=	gasolina
generator:source,geothermal,generador:fuente	=	geotermia
generator:source,hydro,generador:fuente	=	hidro
generator:source,nuclear,generador:fuente	=	nuclear
generator:source,wave,generador:fuente	=	ola
generator:source,osmotic,generador:fuente	=	osmótico
generator:source,oil,generador:fuente	=	petróleo
generator:source,solar,generador:fuente	=	solar
generator:source,wind,generador:fuente	=	viento
generator:place,roof,generador:lugar	=	techo
generator:method,water-storage,generador:método	=	almacenamiento de agua
generator:method,water-pumped-storage,generador:método	=	almacenamiento por bombeo de agua
generator:method,barrage,generador:método	=	bombardeo
generator:method,combustion,generador:método	=	combustión
generator:method,stream,generador:método	=	corriente
generator:method,run-of-the-river,generador:método	=	corriente del río
generator:method,anaerobic_digestion,generador:método	=	digestión anaeróbica
generator:method,fission,generador:método	=	fisión
generator:method,photovoltaic,generador:método	=	fotovoltaica
generator:method,fusion,generador:método	=	fusión
generator:method,gasification,generador:método	=	gasificación
generator:method,thermal,generador:método	=	térmico
generator:method,wind_turbine,generador:método	=	turbina eólica
generator:plant,intermediate,generador:planta	=	intermedio
generator:plant,output,generador:planta	=	producción
generator:output:electricity,1.5_MW,generador:salida:electricidad	=	*
generator:output:electricity,2_MW,generador:salida:electricidad	=	*
generator:output:electricity,2.3_MW,generador:salida:electricidad	=	*
generator:output:electricity,small_installation,generador:salida:electricidad	=	pequeña_instalación
generator:solar:modules,6,generador:solar:modulos	=	*
generator:solar:modules,8,generador:solar:modulos	=	*
generator:solar:modules,10,generador:solar:modulos	=	*
generator:solar:modules,12,generador:solar:modulos	=	*
generator:solar:modules,16,generador:solar:modulos	=	*
generator:type,boiler,generador:tipo	=	caldera
generator:type,combined_cycle,generador:tipo	=	ciclo combinado
generator:type,solar_thermal_collector,generador:tipo	=	colector_térmico_solar
generator:type,horizontal_axis,generador:tipo	=	eje horizontal
generator:type,steam_generator,generador:tipo	=	generador de vapor
generator:type,solar_photovoltaic_panel,generador:tipo	=	panel_fotovoltaico_solar
generator:type,francis_turbine,generador:tipo	=	turbina francis
genus,Abies,género	=	Abies
genus,Acacia,género	=	Acacia
genus,Acer,género	=	acer
genus,Adansonia,género	=	Adansonia
genus,Citrus,género	=	Agrios
genus,Ailanthus,género	=	Ailanto
genus,Alnus,género	=	Alnus
genus,Amelanchier,género	=	Amelanchier
genus,Ananas,género	=	Ananas
genus,Arbre_Sandaré,género	=	Arbre_Sandaré
genus,Areca,género	=	Areca
genus,Arecaceae,género	=	arecáceas
genus,Betula,género	=	Bétula
genus,Coffea,género	=	Café
genus,Camellia,género	=	Camelia
genus,Carica,género	=	carica
genus,Carpinus,género	=	Carpino
genus,Castanea,género	=	Castanea
genus,Catalpa,género	=	Catalpa
genus,Cedrus,género	=	cedro
genus,Celtis,género	=	celtís
genus,Cerasus,género	=	Ceraso
genus,Cercis,género	=	cercis
genus,Chamaecyparis,género	=	Chamaecyparis
genus,Cocos,género	=	Cocos
genus,Corylus,género	=	corilo
genus,Crataegus,género	=	Crataegus
genus,Cupressus,género	=	cupreso
genus,unknown,género	=	desconocido
genus,Elaeis,género	=	Elaeis
genus,Aesculus,género	=	esculo
genus,Schinus,género	=	Esquinus
genus,Eucalyptus,género	=	Eucalipto
genus,Fagus,género	=	Fagus
genus,Phoenix,género	=	Fénix
genus,Ficus,género	=	ficus
genus,Fraxinus,género	=	Fraxino
genus,Ginkgo,género	=	Gingko
genus,Gleditsia,género	=	gleditsia
genus,Hevea,género	=	hevea
genus,Humulus,género	=	húmulo
genus,Hylocereus,género	=	Hylocereus
genus,Syringa,género	=	Jeringuilla
genus,Juglans,género	=	Juglans
genus,Koelreuteria,género	=	Koelreuteria
genus,Lagerstroemia,género	=	lagerstroemia
genus,Larix,género	=	larix
genus,Ligustrum,género	=	ligustro
genus,Liquidambar,género	=	Liquidámbar
genus,Liriodendron,género	=	liriodendro
genus,Macadamia,género	=	macadamia
genus,Magnolia,género	=	Magnolia
genus,Malus,género	=	Malus
genus,Mangifera,género	=	Mangifera
genus,Morus,género	=	Morus
genus,Musa,género	=	musa
genus,Olea,género	=	Olea
genus,Opuntia,género	=	Opuntia
genus,Ostrya,género	=	Ostrya
genus,palm,género	=	palmera
genus,Paulownia,género	=	Paulownia
genus,Persea,género	=	persea
genus,Picea,género	=	picea
genus,Pinus,género	=	pino
genus,Pyrus,género	=	Piro
genus,Platanus,género	=	Platanus
genus,Populus,género	=	populus
genus,Prunus,género	=	prunus
genus,Pseudotsuga,género	=	pseudotsuga
genus,Quercus,género	=	quercus
genus,Robinia,género	=	robinia
genus,Salix,género	=	Salix
genus,Sophora,género	=	Sófora
genus,Sorbus,género	=	sorbo
genus,Styphnolobium,género	=	Styphnolobium
genus,Taxus,género	=	Taxus
genus,Tilia,género	=	tilia
genus,Trachycarpus,género	=	traquicarpo
genus,Thuja,género	=	tuya
genus,Ulmus,género	=	Ulmus
genus,Vaccinium,género	=	vaccinio
genus,Vachellia,género	=	Vachelia
genus,Washingtonia,género	=	Washingtonia
genus,Zelkova,género	=	Zelkova
genus:en,Spruce,género: es	=	Abeto
genus:en,Maple,género: es	=	Arce
genus:en,Ash,género: es	=	Ceniza
genus:en,Locust,género: es	=	Langosta
genus:en,Linden,género: es	=	Tilo
genus:de,Linde,género:de	=	Linde
genus:de,Rosskastanie,género:de	=	Rosskastanie
geobase:acquisitionTechnique,GPS,geobase: técnica de adquisición	=	GPS
GeoBaseNHN:DatasetName,02LG000,GeoBaseNHN:Nombre del conjunto de datos	=	*
GeoBaseNHN:DatasetName,02LH000,GeoBaseNHN:Nombre del conjunto de datos	=	*
GeoBaseNHN:PROVIDER,federal,GeoBaseNHN:PROVIDER	=	federal
GeoBaseNHN:VALDATE,1990,GeoBaseNHN:VALDADO	=	*
geocodigo,*,geocódigo	=	*
geological,outcrop,geológico	=	afloramiento
geological,volcanic_caldera_rim,geológico	=	borde de la caldera volcánica
geological,volcanic_caldera,geológico	=	caldera volcánica
geological,volcanic_lava_field,geológico	=	campo de lava volcánica
geological,volcanic_lava_channel,geológico	=	canal de lava volcánica
geological,fault,geológico	=	culpa
geological,volcanic_geyser,geológico	=	géiser volcánico
geological,moraine,geológico	=	morena
geological,volcanic_vent,geológico	=	respiradero volcánico
geological,palaeontological_site,geológico	=	sitio paleontológico
geological,volcanic_lava_tube,geológico	=	tubo de lava volcánica
turn,right,gira a la derecha
turn_to_close,clockwise,girar para cerrar	=	agujas del reloj
turn_to_close,anti_clockwise,girar para cerrar	=	en sentido contrario a las agujas del reloj
turn:lanes:forward,left|through,girar:carriles:adelante	=	izquierda | recto
turn:lanes:forward,left|,girar:carriles:adelante	=	izquierda|
turn:lanes:forward,left||,girar:carriles:adelante	=	izquierda||
turn:lanes:forward,left|right,girar:carriles:adelante	=	izquierda|derecha
turn:lanes:forward,left|none,girar:carriles:adelante	=	izquierda|ninguno
turn:lanes:forward,left|through;right,girar:carriles:adelante	=	izquierda|recto;derecha
turn:lanes:forward,through,girar:carriles:adelante	=	mediante
turn:lanes:forward,through|right,girar:carriles:adelante	=	recto|a la derecha
turn:lanes:both_ways,left,girar:carriles:ambos_sentidos = izquierda
turn:lanes:backward,left|through,girar:carriles:atrás	=	izquierda | recto
turn:lanes:backward,left|,girar:carriles:atrás	=	izquierda|
turn:lanes:backward,left||,girar:carriles:atrás	=	izquierda||
turn:lanes:backward,left|right,girar:carriles:atrás	=	izquierda|derecha
turn:lanes:backward,left|none,girar:carriles:atrás	=	izquierda|ninguno
turn:lanes:backward,left|through;right,girar:carriles:atrás	=	izquierda|recto;derecha
turn:lanes:backward,through,girar:carriles:atrás	=	mediante
turn:lanes:backward,through|right,girar:carriles:atrás	=	recto|a la derecha
turn:lanes,||merge_to_left,giro:carriles	=	*
turn:lanes,||right,giro:carriles	=	*
turn:lanes,right,giro:carriles	=	Correcto
turn:lanes,slide_right,giro:carriles	=	desliza hacia la derecha
turn:lanes,slide_left,giro:carriles	=	deslizar hacia la izquierda
turn:lanes,left,giro:carriles	=	izquierda
turn:lanes,left|through,giro:carriles	=	izquierda | recto
turn:lanes,left||,giro:carriles	=	izquierda||
turn:lanes,left|||,giro:carriles	=	izquierda|||
turn:lanes,left|||right,giro:carriles	=	izquierda|||derecha
turn:lanes,left|right,giro:carriles	=	izquierda|derecha
turn:lanes,left|none|none,giro:carriles	=	izquierda|ninguna|ninguna
turn:lanes,left|through;right,giro:carriles	=	izquierda|recto;derecha
turn:lanes,left|through|through,giro:carriles	=	izquierda|recto|recto
turn:lanes,left|through|through;right,giro:carriles	=	izquierda|recto|recto de;derecha
turn:lanes,left|through|through|right,giro:carriles	=	izquierda|recto|recto|derecha
turn:lanes,through,giro:carriles	=	mediante
turn:lanes,none|none|merge_to_left,giro:carriles	=	ninguno|ninguno|combinar_a_la_izquierda
turn:lanes,none|none|slight_right,giro:carriles	=	ninguno|ninguno|ligero_bien
turn:lanes,through|right,giro:carriles	=	recto|a la derecha
turn:lanes,through|through,giro:carriles	=	recto|recto
turn:lanes,through|through;right,giro:carriles	=	recto|recto;a la derecha
turn:lanes,through|through|right,giro:carriles	=	recto|recto|derecha
turn:lanes,through|through|slight_right,giro:carriles	=	recto|recto|slight_right
glacier:part,moraine,glaciar: parte	=	morena
glacier:type,mountain,glaciar:tipo	=	montaña
gnis:state_id,55,gnis:estado_id	=	*
GNS:dsg_code,PPL,GNS: código_dsg	=	LPP
GNS:dsg_code,WAD,GNS: código_dsg	=	TACO
GNS:dsg_string,populated_place,GNS:cadena_dsg	=	lugar_poblado
gns:dsg,MT,gns:dsg	=	MONTE
GNS:dsg_name,wadi,GNS:nombre_dsg	=	cauce
GNS:dsg_name,populated_place,GNS:nombre_dsg	=	lugar_poblado
government,administrative,gobierno	=	administrativo
government,customs,gobierno	=	aduanas
government,aerospace,gobierno	=	aeroespacial
government,agriculture,gobierno	=	agricultura (consejo regulador)
government,bailiff,gobierno	=	alguacil
government,archive,gobierno	=	archivo
government,audit,gobierno	=	auditoría
government,chamber,gobierno	=	cámara
government,cadaster,gobierno	=	catastro
government,border_control,gobierno	=	control fronterizo
government,healthcare,gobierno	=	cuidado de la salud
government,culture,gobierno	=	cultura
government,youth_welfare_department,gobierno	=	departamento de bienestar juvenil
government,education,gobierno	=	educación
government,it,gobierno	=	eso
government,statistics,gobierno	=	Estadísticas
government,prosecutor,gobierno	=	fiscal
government,tax,gobierno	=	impuesto
government,legislative,gobierno	=	legislativo
government,ministry,gobierno	=	ministerio
government,register_office,gobierno	=	oficina de Registro
government,parliament,gobierno	=	parlamento
government,heritage,gobierno	=	patrimonio
government,data_protection,gobierno	=	protección de Datos
golf,hole,golf	=	agujero
golf,pin,golf	=	alfiler
golf,driving_range,golf	=	área de manejo
golf,penalty_area,golf	=	área de penal
golf,rough,golf	=	bruto
golf,bunker,golf	=	búnker
golf,fairway,golf	=	calle
golf,cartpath,golf	=	camino de carros
golf,clubhouse,golf	=	casa club
golf,lateral_water_hazard,golf	=	lateral_water_hazard
golf,water_hazard,golf	=	obstáculo de agua
golf,path,golf	=	sendero
golf,tee,golf	=	tee
golf,green,golf	=	verde
crane:type,travel_lift,grua:tipo	=	ascensor de viaje
crane:type,floor-mounted_crane,grua:tipo	=	grúa montada en el piso
crane:type,portal_crane,grua:tipo	=	grúa portal
crane:type,gantry_crane,grua:tipo	=	grúa pórtico
crane:type,tower_crane,grua:tipo	=	grúa torre
gtfs_location_type,0,gtfs_ubicación_tipo	=	*
room,storage,habitación	=	almacenamiento
room,elevator,habitación	=	ascensor
room,toilets,habitación	=	baños
room,class,habitación	=	clase
room,corridor,habitación	=	corredor
room,stairs,habitación	=	escaleras
room,toilet,habitación	=	inodoro
room,laboratory,habitación	=	laboratorio
room,office,habitación	=	oficina
room,restaurant,habitación	=	restaurante
room,carrel,habitación	=	rincón en una biblioteca
room,technical,habitación	=	técnico
room,shop,habitación	=	tienda
flour_fortified,no,harina_fortificada	=	no
hcpaogis:dorcode,01_-_SINGLE_FAMILY,hcpaogis:dorcode	=	*
man_made,sewage,hecho por el hombre	=	aguas residuales
man_made,guy_wire,hecho por el hombre	=	alambre tipo
man_made,floating_storage,hecho por el hombre	=	almacenamiento flotante
man_made,wildlife_opening,hecho por el hombre	=	apertura de vida silvestre
man_made,drinking_fountain,hecho por el hombre	=	bebedero
man_made,well,hecho por el hombre	=	bien
man_made,bioreactor,hecho por el hombre	=	biorreactor
man_made,mounting_block,hecho por el hombre	=	bloque de montaje
man_made,chute_block,hecho por el hombre	=	bloque de rampa
man_made,pump,hecho por el hombre	=	bomba
man_made,buoy,hecho por el hombre	=	boya
man_made,mountaineers_mailbox,hecho por el hombre	=	buzón de montañeros
man_made,submarine_cable,hecho por el hombre	=	cable submarino
man_made,spring_box,hecho por el hombre	=	caja de resorte
man_made,campanile,hecho por el hombre	=	campanario
man_made,ice_house,hecho por el hombre	=	casa de hielo
man_made,school_sentry,hecho por el hombre	=	centinela de la escuela
man_made,telephone_exchange,hecho por el hombre	=	central telefónica
man_made,guy,hecho por el hombre	=	chico
man_made,clarifier,hecho por el hombre	=	clarificador
man_made,carpet_hanger,hecho por el hombre	=	colgador de alfombras
man_made,beehive,hecho por el hombre	=	Colmena
man_made,fuel_column,hecho por el hombre	=	columna de combustible
man_made,bird_feeder,hecho por el hombre	=	comedero para pájaros
man_made,tell,hecho por el hombre	=	contar
man_made,summit_cross,hecho por el hombre	=	cruz de la cumbre
man_made,wastewater_basin,hecho por el hombre	=	cuenca de aguas residuales
man_made,slurry_basin,hecho por el hombre	=	cuenca de lodos
man_made,outfall,hecho por el hombre	=	desagüe
man_made,footwear_decontamination,hecho por el hombre	=	descontaminación de calzado
man_made,dike,hecho por el hombre	=	dique
man_made,levee,hecho por el hombre	=	dique
man_made,jetty,hecho por el hombre	=	embarcadero
man_made,power_wind,hecho por el hombre	=	energía eólica
man_made,power_hydro,hecho por el hombre	=	energía hidroeléctrica
man_made,power_nuclear,hecho por el hombre	=	energía nuclear
man_made,measurement_station,hecho por el hombre	=	estación de medición
man_made,ground_station,hecho por el hombre	=	estación terrestre
man_made,tailings_pond,hecho por el hombre	=	estanque de relaves
man_made,stupa,hecho por el hombre	=	estupa
man_made,hongsalmun,hecho por el hombre	=	hongsalmun
man_made,tombstone,hecho por el hombre	=	lápida sepulcral
man_made,architecture_line,hecho por el hombre	=	línea de arquitectura
man_made,cut_line,hecho por el hombre	=	línea de corte
man_made,meridian_marker,hecho por el hombre	=	marcador de meridiano
man_made,paifang,hecho por el hombre	=	paifang
man_made,video_wall,hecho por el hombre	=	pared de video
man_made,guard_stone,hecho por el hombre	=	piedra de guardia
man_made,pillar,hecho por el hombre	=	pilar
man_made,desalination_plant,hecho por el hombre	=	planta desalinizadora
man_made,launch_pad,hecho por el hombre	=	plataforma de lanzamiento
man_made,polder,hecho por el hombre	=	pólder
man_made,hunting_stand,hecho por el hombre	=	puesto de caza
man_made,qanat,hecho por el hombre	=	qanat
man_made,snow_net,hecho por el hombre	=	red de nieve
man_made,cricket_nets,hecho por el hombre	=	redes de cricket
man_made,compass_rose,hecho por el hombre	=	Rosa de los vientos
man_made,ski_jump,hecho por el hombre	=	salto con esquís
man_made,funding_sign,hecho por el hombre	=	señal de financiación
man_made,oil_gas_separator,hecho por el hombre	=	separador de gas de aceite
man_made,Nesting_site,hecho por el hombre	=	Sitio de anidación
man_made,hot_water_tank,hecho por el hombre	=	tanque de agua caliente
man_made,septic_tank,hecho por el hombre	=	tanque séptico
man_made,guy_insulator,hecho por el hombre	=	tipo aislante
man_made,archimedes_screw,hecho por el hombre	=	tornillo de Arquímedes
man_made,graduation_tower,hecho por el hombre	=	torre de graduación
man_made,animal_trap,hecho por el hombre	=	trampa para animales
man_made,ferry_cable,hecho por el hombre	=	transbordador
man_made,tomb,hecho por el hombre	=	tumba
man_made,frost_fan,hecho por el hombre	=	ventilador de escarcha
man_made,oxidation_ditch,hecho por el hombre	=	zanja de oxidación
heritage,2,herencia	=	*
heritage,3,herencia	=	*
heritage,4,herencia	=	*
heritage,8,herencia	=	*
hgv:national_network,terminal_access,hgv:red_nacional	=	acceso_terminal
fire_hydrant:description,*,hidrante_de_incendio:descripción	=	*
fire_hydrant:diameter,80,hidrante_de_incendio:diámetro	=	*
fire_hydrant:diameter,100,hidrante_de_incendio:diámetro	=	*
fire_hydrant:diameter,125,hidrante_de_incendio:diámetro	=	*
fire_hydrant:diameter,150,hidrante_de_incendio:diámetro	=	*
fire_hydrant:diameter,200,hidrante_de_incendio:diámetro	=	*
fire_hydrant:diameter,*,hidrante_de_incendio:diámetro	=	*
fire_hydrant:position,sidewalk,hidrante_de_incendio:posición	=	acera
fire_hydrant:position,lane,hidrante_de_incendio:posición	=	carril
fire_hydrant:position,parking_lot,hidrante_de_incendio:posición	=	estacionamiento
fire_hydrant:position,green,hidrante_de_incendio:posición	=	verde
fire_hydrant:pressure,4,hidrante_de_incendio:presión	=	*
fire_hydrant:pressure,5,hidrante_de_incendio:presión	=	*
fire_hydrant:type,underground,hidrante_de_incendio:tipo	=	bajo tierra
fire_hydrant:type,pillar,hidrante_de_incendio:tipo	=	pilar
fire_hydrant:type:zh,*,hidrante_de_incendio:tipo:zh	=	*
grass,amenity_grassland,hierba	=	pastizales
historic,*,histórico	=	*
historic,abandoned,histórico	=	abandonado
historic,aqueduct,histórico	=	acueducto
historic,aircraft,histórico	=	aeronave
historic,highwater_mark,histórico	=	alta marca de agua
historic,anchor,histórico	=	ancla
historic,artifact,histórico	=	artefacto
historic,shieling,histórico	=	blindaje
historic,bunker,histórico	=	búnker
historic,hollow_way,histórico	=	camino_hueco
historic,roman_road,histórico	=	camino_romano
historic,battlefield,histórico	=	campo de batalla
historic,cannon,histórico	=	cañón
historic,quarry,histórico	=	cantera
historic,wayside_chapel,histórico	=	capilla_del_camino
historic,house,histórico	=	casa
historic,castle,histórico	=	castillo
historic,cemetery,histórico	=	cementerio
historic,meteor_crater,histórico	=	cráter de meteorito
historic,bomb_crater,histórico	=	cráter_bomba
historic,district,histórico	=	distrito
historic,building,histórico	=	edificio
historic,ship,histórico	=	Embarcacion
historic,epigraph,histórico	=	epígrafe
historic,event,histórico	=	evento
historic,railway,histórico	=	ferrocarril
historic,fort,histórico	=	fuerte
historic,farm,histórico	=	granja
historic,heritage,histórico	=	herencia
historic,milestone,histórico	=	hito
historic,gallows,histórico	=	horca
historic,church,histórico	=	iglesia
historic,industrial,histórico	=	industrial
historic,road,histórico	=	la carretera
historic,castle_wall,histórico	=	la pared del castillo
historic,creamery,histórico	=	lechería
historic,boundary_stone,histórico	=	límite_piedra
historic,locomotive,histórico	=	locomotora
historic,folly,histórico	=	locura
historic,flood_mark,histórico	=	marca de inundación
historic,maritime,histórico	=	marítimo
historic,mine,histórico	=	mía
historic,monastery,histórico	=	monasterio
historic,memorial,histórico	=	monumento
historic,monument,histórico	=	Monumento
historic,technical_monument,histórico	=	monumento_técnico
historic,city_wall,histórico	=	Muralla
historic,rampart,histórico	=	muralla
historic,wreck,histórico	=	naufragio
historic,no,histórico	=	no
historic,wall,histórico	=	pared
historic,citywalls,histórico	=	paredes de la cuidad
historic,pa,histórico	=	Pensilvania
historic,pillory,histórico	=	picota
historic,stone,histórico	=	piedra
historic,ogham_stone,histórico	=	piedra ogham
historic,rune_stone,histórico	=	piedra rúnica
historic,charcoal_pile,histórico	=	pila_de_carbon_
historic,mine_shaft,histórico	=	pozo de mina
historic,bridge,histórico	=	puente
historic,city_gate,histórico	=	puerta de la ciudad
historic,ruins,histórico	=	restos
historic,tree_shrine,histórico	=	santuario del árbol
historic,wayside_shrine,histórico	=	santuario_del_camino
historic,manor,histórico	=	señorío
historic,archaeological_site,histórico	=	sitio arqueológico
historic,paleontological_site,histórico	=	sitio paleontológico
historic,tank,histórico	=	tanque
historic,optical_telegraph,histórico	=	telégrafo óptico
historic,tower,histórico	=	torre
historic,threshing_floor,histórico	=	trilla
historic,tomb,histórico	=	tumba
historic,railway_car,histórico	=	vagón de ferrocarril
historic,vehicle,histórico	=	vehículo
historic,venta,histórico	=	venta
historic,wayside_cross,histórico	=	wayside_cross
historic:period,heian,histórico: período	=	Heian
historic:civilization,imperial_chinese,historico:civilizacion	=	chino_imperial
historic:civilization,neolithic,historico:civilizacion	=	neolítico
historic:civilization,prehistoric,historico:civilizacion	=	prehistórico
historic:railway,station,histórico:ferrocarril	=	estación
shoulder,both,hombro	=	ambas cosas
shoulder,right,hombro	=	Correcto
shoulder,no,hombro	=	no
opening_hours,*,horario de apertura	=	*
opening_hours,24/07/23,horario de apertura	=	*
opening_hours,sunrise-sunset,horario de apertura	=	la salida del sol puesta de sol
opening_hours:covid19,open,horario_de_apertura:covid19	=	abierto
opening_hours:covid19,off,horario_de_apertura:covid19	=	apagado
opening_hours:covid19,same,horario_de_apertura:covid19	=	mismo
opening_hours:signed,no,horario_de_apertura:firmado	=	no
collection_times:signed,no,horarios de recogida:firmado	=	no
baking_oven,*,horno de cocción	=	*
traces,1,huellas	=	*
orchard,meadow_orchard,huerta	=	huerto del prado
wetland,string_bog,humedal	=	cadena_bog
wetland,reedbed,humedal	=	cañaveral
wetland,dambo,humedal	=	dambo
wetland,mud,humedal	=	lodo
wetland,mangrove,humedal	=	mangle
wetland,bog,humedal	=	pantano
wetland,fen,humedal	=	pantano
wetland,marsh,humedal	=	pantano
wetland,swamp,humedal	=	pantano
wetland,tidalflat,humedal	=	plano de marea
wetland,wet_meadow,humedal	=	prado_mojado
wetland,saltern,humedal	=	salina
wetland,saltmarsh,humedal	=	salina
IBGE:CD_ADMINIS,estadual,IBGE:CD_ADMINIS	=	estadual
IBGE:CD_ADMINIS,federal,IBGE:CD_ADMINIS	=	federal
oneway:bus,no,ida: autobús	=	no
oneway:bicycle,no,ida: bicicleta	=	no
oneway:motorcycle,no,ida: motocicleta	=	no
church:type,parish,iglesia: tipo	=	parroquia
church:type,filial,iglesia:tipo	=	filial
church:type,garrison,iglesia:tipo	=	guarnición
church:type,hospital,iglesia:tipo	=	hospital
church:type,monastic,iglesia:tipo	=	monástico
church:type,rectoral,iglesia:tipo	=	rectoral
lit,24/07/23,iluminado	=	*
lit,24/7,iluminado	=	24/07/25
lit,dusk-dawn,iluminado	=	amanecer
lit,sunset-sunrise,iluminado	=	Atardecer Amanecer
lit,"sunset-00:00,05:00-sunrise_UTC","iluminado	=	atardecer-00:00,05:00-amanecer_UTC"
lit,automatic,iluminado	=	automático
lit,disused,iluminado	=	en desuso
lit,interval,iluminado	=	intervalo
lit,limited,iluminado	=	limitado
lit,no,iluminado	=	no
import_ref,kapor_names,import_ref	=	kapor_names
import_uuid,bb7269ee-502a-5391-8056-e3ce0e66489c,import_uuid	=	bb7269ee-502a-5391-8056-e3ce0e66489c
importance,national,importancia	=	nacional
importance,regional,importancia	=	regional
import,grabremote,importar	=	agarrar control remoto
import,budovy201004,importar	=	budovy201004
import,budovy201004drev,importar	=	budovy201004drev
import,freemapkapor,importar	=	freemapkapor
incline,"0,00%",inclinación	=	*
incline,"10,00%",inclinación	=	*
incline,down,inclinación	=	abajo
incline,up,inclinación	=	arriba
incline,up/down,inclinación	=	arriba abajo
loading_gauge,GC,indicador_de_carga	=	CG
loading_gauge,GB,indicador_de_carga	=	ES
industrial,oil,industrial	=	aceite
industrial,oil_mill,industrial	=	almazara
industrial,sawmill,industrial	=	aserradero
industrial,shipyard,industrial	=	astillero
industrial,auto_wrecker,industrial	=	camión de auxilio
industrial,quarry,industrial	=	cantera
industrial,data_centre,industrial	=	centro de datos
industrial,brewery,industrial	=	cervecería
industrial,integrated_circuit,industrial	=	circuito integrado
industrial,construction_company,industrial	=	compañía de construcción
industrial,communication,industrial	=	comunicación
industrial,depot,industrial	=	deposito
industrial,warehouse,industrial	=	depósito
industrial,scrap_yard,industrial	=	Depósito de chatarra
industrial,distributor,industrial	=	distribuidor
industrial,mobile_equipment,industrial	=	equipo móvil
industrial,heating_station,industrial	=	estación de calefacción
industrial,salt_pond,industrial	=	estanque de sal
industrial,factory,industrial	=	fábrica
industrial,ice_factory,industrial	=	fábrica de hielo
industrial,brickworks,industrial	=	fábrica de ladrillos
industrial,brickyard,industrial	=	fábrica de ladrillos
industrial,steelmaking,industrial	=	fabricación de acero
industrial,aluminium_smelting,industrial	=	fundición de aluminio
industrial,gas,industrial	=	gas
industrial,fish_farm,industrial	=	granja de peces
industrial,well_cluster,industrial	=	grupo de pozos
industrial,food_industry,industrial	=	industria de alimentos
industrial,winery,industrial	=	lagar
industrial,logistics,industrial	=	logística
industrial,slaughterhouse,industrial	=	matadero
industrial,mine,industrial	=	mía
industrial,rice_mill,industrial	=	molino de arroz
industrial,grinding_mill,industrial	=	molino_de_molienda
industrial,furniture,industrial	=	mueble
industrial,bakery,industrial	=	panadería
industrial,concrete_plant,industrial	=	planta concreta
industrial,asphalt_plant,industrial	=	planta de asfalto
industrial,wellsite,industrial	=	pozo
industrial,food_processing,industrial	=	procesamiento de alimentos
industrial,metal_processing,industrial	=	procesando metal
industrial,port,industrial	=	Puerto
industrial,recycling,industrial	=	reciclaje
industrial,refinery,industrial	=	refinería
industrial,machine_shop,industrial	=	tienda de máquina
information,visitor_centre,información	=	centro de Visitantes
information,stele,información	=	estela
information,audioguide,información	=	Guia de audio
information,board,información	=	junta
information,map,información	=	mapa
information,tactile_map,información	=	mapa táctil
information,tactile_model,información	=	modelo táctil
information,office,información	=	oficina
information,finger-post,información	=	poste de dedo
information,fingerpost,información	=	poste del dedo
information,guidepost,información	=	poste indicador
information,finger_post,información	=	puesto de dedo
information,trail_blaze,información	=	rastro de fuego
information,route_marker,información	=	ruta_marcador
information,sign,información	=	signo
information,terminal,información	=	Terminal
toilets:disposal,flush,inodoros: eliminación	=	enjuagar
toilets:disposal,pitlatrine,inodoros: eliminación	=	letrina de pozo
social_facility,clothing_bank,instalación social	=	banco de ropa
social_facility,soup_kitchen,instalación social	=	comedor de beneficencia
social_facility,hospice,instalación social	=	hospicio
social_facility,shelter,instalaciones_sociales	=	abrigo
social_facility,nursing_home,instalaciones_sociales	=	asilo_de_ancianos
social_facility,food_bank,instalaciones_sociales	=	Banco de comida
social_facility,ambulatory_care,instalaciones_sociales	=	cuidado ambulatorio
social_facility,day_care,instalaciones_sociales	=	guardería
social_facility,group_home,instalaciones_sociales	=	inicio_del_grupo
social_facility,outreach,instalaciones_sociales	=	superar a
social_facility,workshop,instalaciones_sociales	=	taller
social_facility,assisted_living,instalaciones_sociales	=	vida asistida
int_ref,AH1,int_ref	=	AH1
int_ref,E_22,int_ref	=	E_22
int_ref,E_40,int_ref	=	E_40
int_ref,E_45,int_ref	=	E_45
int_ref,E_75,int_ref	=	E_75
indoor,area,interior	=	área
indoor,column,interior	=	columna
indoor,corridor,interior	=	corredor
indoor,room,interior	=	habitación
indoor,level,interior	=	nivel
indoor,no,interior	=	no
indoor,wall,interior	=	pared
indoor,door,interior	=	puerta
intermittent,no,intermitente	=	no
internet_access:fee,customers,internet_access:tarifa	=	clientes
internet_access:fee,no,internet_access:tarifa	=	no
switch,circuit_breaker,interruptor	=	cortacircuitos
switch,disconnector,interruptor	=	desconectador
switch,mechanical,interruptor	=	mecánico
switch,earthing,interruptor	=	toma de tierra
research,aerospace,investigar	=	aeroespacial
irrigation,pivot,irrigación	=	pivote
irrigated,no,irrigado	=	no
isced:level,0,isced:nivel	=	*
isced:level,1,isced:nivel	=	*
isced:level,2,isced:nivel	=	*
isced:level,3,isced:nivel	=	*
isced:level,4,isced:nivel	=	*
isced:level,5,isced:nivel	=	*
isced:level,6,isced:nivel	=	*
isced:level,0-1,isced:nivel	=	*
it:pv:pavia:UN_VOL_POR,301,it:pv:pavia:UN_VOL_POR	=	*
garden:type,botanical,jardín:tipo	=	botánico
garden:type,monastery,jardín:tipo	=	monasterio
garden:type,private,jardín:tipo	=	privado
garden:type,residential,jardín:tipo	=	Residencial
HFCS,Major_Collector,JMAF	=	Mayor_Coleccionista
HFCS,Minor_Arterial,JMAF	=	Menor_Arterial
HFCS,Principal_Arterial,JMAF	=	Principal_Arterial
HFCS,Principal_Arterial_-_Other,JMAF	=	Principal_Arterial_-_Otro
HFCS,Urban_Collector,JMAF	=	Urban_Coleccionista
HFCS,Urban_Minor_Arterial,JMAF	=	Urbano_Menor_Arterial
HFCS,Urban_Principal_Arterial,JMAF	=	Urbano_Principal_Arterial
HFCS,Urban_Principal_Arterial_-_Other,JMAF	=	Urbano_Principal_Arterial_-_Otro
KSJ2:filename,A13-06_01.xml,KSJ2: nombre de archivo	=	*
KSJ2:filename,N03-090320_02_new.xml,KSJ2: nombre de archivo	=	N03-090320_02_nuevo.xml
KSJ2:filename,N03-090320_16_new.xml,KSJ2: nombre de archivo	=	N03-090320_16_nuevo.xml
KSJ2:curve_type,exterior,KSJ2:curva_tipo	=	exterior
network,*,la red	=	*
side,right,lado	=	Correcto
side,left,lado	=	izquierda
sides,1,lados	=	*
sides,2,lados	=	*
lamp:count,1,lámpara: cuenta	=	*
lamp:shape,directed,lámpara: forma	=	dirigido
lamp:tilt,-90,lámpara: inclinación	=	*
LandPro08:reviewed,no,LandPro08:revisado	=	no
dog_washing,*,lavado de perros	=	*
lbcs:function:code,1101,lbcs:función:código	=	*
lbcs:function:name,Single_family_residence_(detached),lbcs:función:nombre	=	Residencia_unifamiliar_(independiente)
lcn,proposed,lcn	=	propuesto
books,comic,libros	=	cómic
books,textbook,libros	=	libro de texto
line,bay,línea	=	bahía
line,busbar,línea	=	barra colectora
line,substation,línea	=	subestación
coastline,bogus,línea costera	=	falso
cutline,section,línea de corte	=	sección
line_attachment,pin,línea_adjunto	=	alfiler
line_attachment,anchor,línea_adjunto	=	ancla
line_attachment,suspension,línea_adjunto	=	suspensión
lines,phone,líneas	=	teléfono
passenger_lines,1,líneas_de_pasajeros	=	*
passenger_lines,2,líneas_de_pasajeros	=	*
passenger_lines,3,líneas_de_pasajeros	=	*
passenger_lines,4,líneas_de_pasajeros	=	*
LINZ:layer,tree_pnt,LINZ:capa	=	árbol_pnt
LINZ:layer,cliff_edge,LINZ:capa	=	borde del acantilado
LINZ:layer,scattered_scrub_poly,LINZ:capa	=	dispersos_scrub_poly
LINZ:layer,drain_cl,LINZ:capa	=	drenaje_cl
LINZ:layer,exotic_poly,LINZ:capa	=	exotic_poly
LINZ:layer,lake_poly,LINZ:capa	=	lago_poly
LINZ:layer,native_poly,LINZ:capa	=	nativo_poli
LINZ:layer,swamp_poly,LINZ:capa	=	pantano_poly
LINZ:layer,track_cl,LINZ:capa	=	pista_cl
LINZ:layer,river_cl,LINZ:capa	=	río_cl
LINZ:layer,scrub_poly,LINZ:capa	=	Scrub_poly
LINZ:dataset,mainland,LINZ:conjunto de datos	=	continente
LINZ:source_version,2012-06-06,LINZ:versión_fuente	=	*
LINZ:source_version,V16,LINZ:versión_fuente	=	V16
LINZ2OSM:dataset,kx_wellington_city_council,LINZ2OSM: conjunto de datos	=	kx_wellington_city_consejo
LINZ2OSM:layer,ac_buildings,LINZ2OSM:capa	=	ac_edificios
LINZ2OSM:layer,wcc_buildings,LINZ2OSM:capa	=	wcc_edificios
LINZ2OSM:source_version,2015-02-02,LINZ2OSM:versión_fuente	=	*
LINZ2OSM:source_version,2015-04-13,LINZ2OSM:versión_fuente	=	*
listed_status,Grade_II,listado_estado	=	Grado_II
coastline:survey_quality,complete,litoral:calidad de levantamiento	=	completo
coastline:survey_quality,inadequate,litoral:calidad de levantamiento	=	inadecuado
lamp_flames,1,llamas_de_lampara	=	*
lamp_flames,4,llamas_de_lampara	=	*
key,site,llave	=	sitio
centralkey,eurokey,llave central	=	llave europea
local_ref,2,local_ref	=	*
locality,townland,localidad	=	ciudad
locality,subtownland,localidad	=	suburbio
location,cave,localización	=	cueva
location,pavement,localización	=	pavimento
location,platform,localización	=	plataforma
location,pole,localización	=	polo
location,bridge,localización	=	puente
location,kiosk,localización	=	quiosco
location,underwater,localización	=	submarino
location,rooftop,localización	=	techo
location,ground,localización	=	terrestre
location,tunnel,localización	=	túnel
logistics,aerospace,logística	=	aeroespacial
logistics,railway,logística	=	ferrocarril
logistics,hgv,logística	=	vhg
logistics,spaceflight,logística	=	vuelo espacial
place,hamlet,lugar	=	aldea
place,village,lugar	=	aldea
place,archipelago,lugar	=	archipiélago
place,area,lugar	=	área
place,allotments,lugar	=	asignaciones
place,atoll,lugar	=	atolón
place,shieling,lugar	=	blindaje
place,block,lugar	=	bloquear
place,borough,lugar	=	ciudad
place,city,lugar	=	ciudad
place,county,lugar	=	condado
place,continent,lugar	=	continente
place,square,lugar	=	cuadrado
place,quarter,lugar	=	cuarto
place,district,lugar	=	distrito
place,state,lugar	=	Expresar
place,plot,lugar	=	gráfico
place,farm,lugar	=	granja
place,island,lugar	=	isla
place,islet,lugar	=	isleta
place,locality,lugar	=	localidad
place,city_block,lugar	=	Manzana de la ciudad
place,sea,lugar	=	mar
place,municipality,lugar	=	municipio
place,ocean,lugar	=	Oceano
place,country,lugar	=	país
place,civil_parish,lugar	=	parroquia civil
place,peninsula,lugar	=	península
place,polder,lugar	=	pólder
place,province,lugar	=	provincia
place,town,lugar	=	pueblo
place,region,lugar	=	región
place,subcounty,lugar	=	subcondado
place,suburb,lugar	=	suburbio
place,neighbourhood,lugar	=	vecindario
place,isolated_dwelling,lugar	=	vivienda_aislada
place_of_worship,lourdes_grotto,lugar de adoración	=	gruta de lourdes
place_of_worship,holy_well,lugar de adoración	=	pozo santo
place_of_worship,mass_rock,lugar de adoración	=	roca masiva
place:CN,village,lugar:CN	=	aldea
place:CN,town,lugar:CN	=	pueblo
passing_places,no,lugares de paso	=	no
luminous,no,luminoso	=	no
light:lit,dusk-dawn,Luz encendida	=	amanecer
light:lit,sunset-sunrise,Luz encendida	=	Atardecer Amanecer
light:count,1,luz: cuenta	=	*
light:count,2,luz: cuenta	=	*
light:tilt,-90,luz: inclinación	=	*
light:shape,cylindrical,luz:forma	=	cilíndrico
light:shape,directed,luz:forma	=	dirigido
light:method,discharge,luz:método	=	descarga
light:method,LED,luz:método	=	DIRIGIÓ
light:method,electric,luz:método	=	eléctrico
light:method,fluorescent,luz:método	=	fluorescente
light:method,sodium,luz:método	=	sodio
light:method,high_pressure_sodium,luz:método	=	sodio de alta presión
wood,*,madera	=	*
wood,deciduous,madera	=	caduco
wood,casuarina,madera	=	casuarina
wood,coniferous,madera	=	conífero
wood,eucalypt,madera	=	eucalipto
wood,filao,madera	=	filao
wood,evergreen,madera	=	hojas perennes
wood,mixed,madera	=	mezclado
wood,nipa_palm,madera	=	palma nipa
wood,palm,madera	=	palmera
wood:age,young,madera: edad	=	joven
wood:density,sparse,madera:densidad	=	escaso
handle,crank,manejar	=	manivela
handle,lever,manejar	=	palanca
handle,wheel,manejar	=	rueda
line_management,cross,manejo de linea	=	cruzar
line_management,straight,manejo de linea	=	directo
line_management,branch,manejo de linea	=	rama
line_management,split,manejo de linea	=	separar
line_management,termination,manejo de linea	=	terminación
line_management,transition,manejo de linea	=	transición
line_management,transpose,manejo de linea	=	transponer
maintenance,gritting,mantenimiento	=	arenilla
maintenance,salting,mantenimiento	=	salazón
mapper,mspray9,mapeador	=	mspray9
forklift,designated,máquina elevadora	=	designado
forklift,no,máquina elevadora	=	no
vending_machine,*,máquina expendedora	=	*
vending_machine,fuel,máquina expendedora	=	combustible
brand,*,marca	=	*
seamark,anchorage,marca	=	anclaje
seamark,buoy,marca	=	boya
seamark,beacon,marca	=	Faro
seamark,lighthouse,marca	=	faro
seamark,landmark,marca	=	punto de referencia
airmark,beacon,marca aérea	=	Faro
indoormark,beacon,marca de interior	=	Faro
flood_mark,painting,marca de inundación	=	pintura
flood_mark,plaque,marca de inundación	=	placa
seamark:fixme,please_fix_position,marca de mar: arreglarme	=	por favor corrija la posición
seamark:beacon_lateral:colour_pattern,horizontal,marca de mar: baliza lateral: patrón de color	=	horizontal
seamark:buoy_cardinal:shape,conical,marca de mar: boya cardinal: forma	=	cónico
seamark:buoy_cardinal:shape,spherical,marca de mar: boya cardinal: forma	=	esférico
seamark:buoy_cardinal:shape,spar,marca de mar: boya cardinal: forma	=	espato
seamark:buoy_cardinal:shape,pillar,marca de mar: boya cardinal: forma	=	pilar
seamark:buoy_cardinal:shape,can,marca de mar: boya cardinal: forma	=	puede
seamark:buoy_safe_water:colour_pattern,vertical,marca de mar: boya de agua segura: patrón de color	=	vertical
seamark:buoy_lateral:colour_pattern,horizontal,marca de mar: boya lateral: patrón de color	=	horizontal
seamark:buoy_special_purpose:colour_pattern,diagonal,marca de mar: boya propósito especial: patrón de color	=	diagonal
seamark:buoy_special_purpose:colour_pattern,horizontal,marca de mar: boya propósito especial: patrón de color	=	horizontal
seamark:buoy_special_purpose:colour_pattern,vertical,marca de mar: boya propósito especial: patrón de color	=	vertical
seamark:distance_mark:category,board,marca de mar: marca de distancia: categoría	=	junta
seamark:distance_mark:category,not_installed,marca de mar: marca de distancia: categoría	=	no instalado
seamark:topmark:colour_pattern,border,marca de mar: marca de tope: patrón de color	=	frontera
seamark:topmark:colour_pattern,horizontal,marca de mar: marca de tope: patrón de color	=	horizontal
seamark:topmark:colour_pattern,vertical,marca de mar: marca de tope: patrón de color	=	vertical
seamark:radar_reflector,no,marca de mar: reflector de radar	=	no
seamark:type,pilot_boarding,marca de mar: tipo	=	abordaje piloto
seamark:type,cable_area,marca de mar: tipo	=	área de cables
seamark:type,production_area,marca de mar: tipo	=	área de producción
seamark:type,pipeline_area,marca de mar: tipo	=	área de tubería
seamark:type,seabed_area,marca de mar: tipo	=	área del lecho marino
seamark:type,dredged_area,marca de mar: tipo	=	área dragada
seamark:type,dregded_area,marca de mar: tipo	=	área dragada
seamark:type,protected_area,marca de mar: tipo	=	área protegida
seamark:type,virtual_aton,marca de mar: tipo	=	atón virtual
seamark:type,notice,marca de mar: tipo	=	aviso
seamark:type,beacon_safe_water,marca de mar: tipo	=	baliza de agua segura
seamark:type,beacon_isolated_danger,marca de mar: tipo	=	baliza_aislado_peligro
seamark:type,beacon_lateral,marca de mar: tipo	=	baliza_lateral
seamark:type,oil_barrier,marca de mar: tipo	=	barrera de aceite
seamark:type,beacon_special_purpose,marca de mar: tipo	=	beacon_special_purpose
seamark:type,buoy_isolated_danger,marca de mar: tipo	=	boya peligro aislado
seamark:type,buoy_cardinal,marca de mar: tipo	=	boya_cardinal
seamark:type,buoy_lateral,marca de mar: tipo	=	boya_lateral
seamark:type,buoy_special_purpose,marca de mar: tipo	=	boya_propósito_especial
seamark:type,light_vessel,marca de mar: tipo	=	buque ligero
seamark:type,waterway_gauge,marca de mar: tipo	=	calibre de la vía fluvial
seamark:type,separation_lane,marca de mar: tipo	=	carril de separación
seamark:type,recommended_traffic_lane,marca de mar: tipo	=	carril de tráfico recomendado
seamark:type,submarine_transit_lane,marca de mar: tipo	=	carril de tránsito submarino
seamark:type,depth_contour,marca de mar: tipo	=	contorno de profundidad
seamark:type,separation_crossing,marca de mar: tipo	=	cruce de separación
seamark:type,lock_basin,marca de mar: tipo	=	cuenca de bloqueo
seamark:type,harbour_basin,marca de mar: tipo	=	cuenca del puerto
seamark:type,dry_dock,marca de mar: tipo	=	dique seco
seamark:type,distance_mark,marca de mar: tipo	=	distancia_marca
seamark:type,bunker_station,marca de mar: tipo	=	estación de búnker
seamark:type,radar_station,marca de mar: tipo	=	estación de radar
seamark:type,radio_station,marca de mar: tipo	=	estación de radio
seamark:type,rescue_station,marca de mar: tipo	=	estación de rescate
seamark:type,light_float,marca de mar: tipo	=	flotador ligero
seamark:type,pipeline_overhead,marca de mar: tipo	=	gastos generales de la tubería
seamark:type,weed,marca de mar: tipo	=	hierba
seamark:type,buoy_installation,marca de mar: tipo	=	instalación de boyas
seamark:type,turning_basin,marca de mar: tipo	=	lavabo giratorio
seamark:type,light,marca de mar: tipo	=	ligero
seamark:type,separation_boundary,marca de mar: tipo	=	límite de separación
seamark:type,recommended_route_centreline,marca de mar: tipo	=	línea central de la ruta recomendada
seamark:type,radar_line,marca de mar: tipo	=	línea de radar
seamark:type,separation_line,marca de mar: tipo	=	línea de separación
seamark:type,daymark,marca de mar: tipo	=	marca de día
seamark:type,topmark,marca de mar: tipo	=	marca de tope
seamark:type,pile,marca de mar: tipo	=	montón
seamark:type,sand_waves,marca de mar: tipo	=	olas de arena
seamark:type,sandwaves,marca de mar: tipo	=	olas de arena
seamark:type,wall,marca de mar: tipo	=	pared
seamark:type,pylon,marca de mar: tipo	=	pilón
seamark:type,recommended_track,marca de mar: tipo	=	pista_recomendada
seamark:type,pontoon,marca de mar: tipo	=	pontón
seamark:type,gate,marca de mar: tipo	=	portón
seamark:type,spring,marca de mar: tipo	=	primavera
seamark:type,bridge,marca de mar: tipo	=	puente
seamark:type,harbour,marca de mar: tipo	=	puerto
seamark:type,radar_range,marca de mar: tipo	=	rango de radar
seamark:type,radar_reflector,marca de mar: tipo	=	reflector de radar
seamark:type,retro_reflector,marca de mar: tipo	=	reflector retro
seamark:type,rock,marca de mar: tipo	=	roca
seamark:type,separation_roundabout,marca de mar: tipo	=	rotonda de separación
seamark:type,deepwater_route,marca de mar: tipo	=	ruta de aguas profundas
seamark:type,two-way_route,marca de mar: tipo	=	ruta de dos sentidos
seamark:type,sounding,marca de mar: tipo	=	sondeo
seamark:type,tank,marca de mar: tipo	=	tanque
seamark:type,vehicle_transfer,marca de mar: tipo	=	transferencia de vehiculo
seamark:type,radar_transponder,marca de mar: tipo	=	transpondedor de radar
seamark:type,tunnel,marca de mar: tipo	=	túnel
seamark:type,water_turbulence,marca de mar: tipo	=	turbulencia del agua
seamark:type,vegetation,marca de mar: tipo	=	vegetación
seamark:type,dumping_ground,marca de mar: tipo	=	vertedero
seamark:type,seaplane_landing_area,marca de mar: tipo	=	zona de aterrizaje de hidroaviones
seamark:type,precautionary_area,marca de mar: tipo	=	zona de precaución
seamark:type,separation_zone,marca de mar: tipo	=	zona de separación
seamark:type,sea_area,marca de mar: tipo	=	zona del mar
seamark:type,harbour_area,marca de mar: tipo	=	zona del puerto
seamark:type,military_area,marca de mar: tipo	=	zona militar
seamark:distance_mark:units,hectometres,marca de mar:marca de distancia:unidades	=	hectómetros
seamark:topmark:colour,yellow,marca de mar:marca de tope:color	=	amarillo
seamark:topmark:colour,white,marca de mar:marca de tope:color	=	blanco
seamark:topmark:colour,white;green,marca de mar:marca de tope:color	=	blanco verde
seamark:topmark:colour,white;black;white,marca de mar:marca de tope:color	=	blanco;negro;blanco
seamark:topmark:colour,grey,marca de mar:marca de tope:color	=	gris
seamark:topmark:colour,orange,marca de mar:marca de tope:color	=	naranja
seamark:topmark:colour,black,marca de mar:marca de tope:color	=	negro
seamark:topmark:colour,red,marca de mar:marca de tope:color	=	rojo
seamark:topmark:colour,red;green,marca de mar:marca de tope:color	=	rojo verde
seamark:topmark:colour,green,marca de mar:marca de tope:color	=	verde
seamark:topmark:shape,2_cones_base_together,marca de mar:marca de tope:forma	=	2 bases de conos juntas
seamark:topmark:shape,2_cones_point_together,marca de mar:marca de tope:forma	=	2 conos apuntan juntos
seamark:topmark:shape,2_cones_up,marca de mar:marca de tope:forma	=	2 conos arriba
seamark:topmark:shape,2_cones_down,marca de mar:marca de tope:forma	=	2 conos hacia abajo
seamark:topmark:shape,2_spheres,marca de mar:marca de tope:forma	=	2 esferas
seamark:topmark:shape,flag,marca de mar:marca de tope:forma	=	bandera
seamark:topmark:shape,cylinder,marca de mar:marca de tope:forma	=	cilindro
seamark:topmark:shape,cone,marca de mar:marca de tope:forma	=	cono
seamark:topmark:shape,"cone,_point_down","marca de mar:marca de tope:forma	=	cono, apuntar hacia abajo"
seamark:topmark:shape,"cone,_point_up","marca de mar:marca de tope:forma	=	cono, apuntar hacia arriba"
seamark:topmark:shape,"cone,_point_up","marca de mar:marca de tope:forma	=	cono,_punta_hacia arriba"
seamark:topmark:shape,upright_cross,marca de mar:marca de tope:forma	=	cruz vertical
seamark:topmark:shape,upright-cross,marca de mar:marca de tope:forma	=	cruz vertical
seamark:topmark:shape,cross,marca de mar:marca de tope:forma	=	cruzar
seamark:topmark:shape,square,marca de mar:marca de tope:forma	=	cuadrado
seamark:topmark:shape,diamond,marca de mar:marca de tope:forma	=	diamante
seamark:topmark:shape,x-shape,marca de mar:marca de tope:forma	=	en forma de x
seamark:topmark:shape,sphere,marca de mar:marca de tope:forma	=	esfera
seamark:topmark:shape,board,marca de mar:marca de tope:forma	=	junta
seamark:topmark:shape,rectangle,marca de mar:marca de tope:forma	=	rectángulo
seamark:topmark:shape,rhombus,marca de mar:marca de tope:forma	=	rombo
seamark:type,mooring,marca de mar:tipo	=	amarradero
seamark:type,anchor_berth,marca de mar:tipo	=	amarre de ancla
seamark:type,anchorage,marca de mar:tipo	=	anclaje
seamark:type,communication_area,marca de mar:tipo	=	área de comunicación
seamark:type,restricted_area,marca de mar:tipo	=	área restringida
seamark:type,berth,marca de mar:tipo	=	atracar
seamark:type,beacon_cardinal,marca de mar:tipo	=	beacon_cardenal
seamark:type,buoy_safe_water,marca de mar:tipo	=	boya_agua_segura
seamark:type,cable_submarine,marca de mar:tipo	=	cable_submarino
seamark:type,cable_overhead,marca de mar:tipo	=	cable_superior
seamark:type,fairway,marca de mar:tipo	=	calle
seamark:type,causeway,marca de mar:tipo	=	calzada elevada
seamark:type,hulk,marca de mar:tipo	=	casco
seamark:type,checkpoint,marca de mar:tipo	=	control
seamark:type,shoreline_construction,marca de mar:tipo	=	costa_construccion
seamark:type,floating_dock,marca de mar:tipo	=	dique flotante
seamark:type,building,marca de mar:tipo	=	edificio
seamark:type,coastguard_station,marca de mar:tipo	=	estación de guardacostas
seamark:type,exceptional_structure,marca de mar:tipo	=	estructura excepcional
seamark:type,fortified_structure,marca de mar:tipo	=	estructura fortificada
seamark:type,marine_farm,marca de mar:tipo	=	granja_marina
seamark:type,crane,marca de mar:tipo	=	grua
seamark:type,fishing_facility,marca de mar:tipo	=	instalación de pesca
seamark:type,small_craft_facility,marca de mar:tipo	=	instalaciones_de_pequeñas_artesanias
seamark:type,navigation_line,marca de mar:tipo	=	línea_navegación
seamark:type,light_major,marca de mar:tipo	=	luz_mayor
seamark:type,light_minor,marca de mar:tipo	=	luz_menor
seamark:type,wreck,marca de mar:tipo	=	naufragio
seamark:type,obstruction,marca de mar:tipo	=	obstrucción
seamark:type,pipeline_submarine,marca de mar:tipo	=	oleoducto_submarino
seamark:type,gridiron,marca de mar:tipo	=	parrilla
seamark:type,platform,marca de mar:tipo	=	plataforma
seamark:type,control_point,marca de mar:tipo	=	punto de control
seamark:type,calling-in_point,marca de mar:tipo	=	punto de llamada
seamark:type,landmark,marca de mar:tipo	=	punto de referencia
seamark:type,dam,marca de mar:tipo	=	represa
seamark:type,ferry_route,marca de mar:tipo	=	ruta del transbordador
seamark:type,fog_signal,marca de mar:tipo	=	señal de niebla
seamark:type,signal_station_warning,marca de mar:tipo	=	señal_estación_advertencia
seamark:type,signal_station_traffic,marca de mar:tipo	=	señal_estación_tráfico
seamark:type,conveyor,marca de mar:tipo	=	transportador
seamark:type,inshore_traffic_zone,marca de mar:tipo	=	zona de tráfico costero
seamark:type,exclusive_economic_zone,marca de mar:tipo	=	zona económica exclusiva
seamark:conspicuity,conspicious,marca: visibilidad	=	conspicuo
seamark:conspicuity,conspicuous,marca: visibilidad	=	conspicuo
brand:wikidata,*,marca: wikidata	=	*
brand:wikipedia,en:7-Eleven,marca: wikipedia	=	es:7-Eleven
brand:wikipedia,en:Burger_King,marca: wikipedia	=	es:Burger_King
brand:wikipedia,en:McDonald's,marca: wikipedia	=	es:McDonald's
brand:wikipedia,en:Subway_(restaurant),marca: wikipedia	=	es:Metro_(restaurante)
brand:wikipedia,en:Royal_Dutch_Shell,marca: wikipedia	=	es:Royal_Dutch_Shell
brand:wikipedia,en:Royal_Mail,marca: wikipedia	=	es:Royal_Mail
brand:wikipedia,en:Starbucks,marca: wikipedia	=	es:Starbucks
seamark:mooring:category,automatic,marca:amarre:categoria	=	automático
seamark:mooring:category,buoy,marca:amarre:categoria	=	boya
seamark:mooring:category,chain,marca:amarre:categoria	=	cadena
seamark:mooring:category,post,marca:amarre:categoria	=	correo
seamark:mooring:category,shore_rope,marca:amarre:categoria	=	cuerda de orilla
seamark:mooring:category,dolphin,marca:amarre:categoria	=	delfín
seamark:mooring:category,deviation_dolphin,marca:amarre:categoria	=	desviación delfín
seamark:mooring:category,bollard,marca:amarre:categoria	=	noray
seamark:mooring:category,wall,marca:amarre:categoria	=	pared
seamark:mooring:category,pile,marca:amarre:categoria	=	pila
seamark:sea_area:category,shoal,marca:área del mar:categoría	=	banco
seamark:sea_area:category,narrows,marca:área del mar:categoría	=	se estrecha
seamark:notice:category,speed_limit,marca:aviso:categoría	=	Límite de velocidad
seamark:notice:category,limited_headroom,marca:aviso:categoría	=	margen limitado
seamark:notice:category,no_entry,marca:aviso:categoría	=	No hay entrada
seamark:notice:category,no_anchoring,marca:aviso:categoría	=	sin anclaje
seamark:notice:category,no_berthing,marca:aviso:categoría	=	sin atraque
seamark:notice:category,ferry_independent,marca:aviso:categoría	=	transbordador independiente
seamark:notice:category,ferry_non_independent,marca:aviso:categoría	=	transbordador no independiente
seamark:beacon_lateral:category,channel_right,marca:baliza lateral:categoria	=	canal derecho
seamark:beacon_lateral:category,waterway_right,marca:baliza lateral:categoria	=	canal derecho
seamark:beacon_lateral:category,channel_left,marca:baliza lateral:categoria	=	canal izquierdo
seamark:beacon_lateral:category,waterway_left,marca:baliza lateral:categoria	=	canal izquierdo
seamark:beacon_lateral:category,preferred_channel_starboard,marca:baliza lateral:categoria	=	canal preferido estribor
seamark:beacon_lateral:category,crossover_right,marca:baliza lateral:categoria	=	cruce derecho
seamark:beacon_lateral:category,crossover_left,marca:baliza lateral:categoria	=	cruzado a la izquierda
seamark:beacon_lateral:category,harbour_right,marca:baliza lateral:categoria	=	derecho del puerto
seamark:beacon_lateral:category,starboard,marca:baliza lateral:categoria	=	estribor
seamark:beacon_lateral:category,channel_right_bank,marca:baliza lateral:categoria	=	margen derecha del canal
seamark:beacon_lateral:category,channel_left_bank,marca:baliza lateral:categoria	=	margen izquierda del canal
seamark:beacon_lateral:category,danger_left,marca:baliza lateral:categoria	=	peligro dejado
seamark:beacon_lateral:category,danger_right,marca:baliza lateral:categoria	=	peligro derecho
seamark:beacon_lateral:category,port,marca:baliza lateral:categoria	=	Puerto
seamark:beacon_lateral:category,harbour_left,marca:baliza lateral:categoria	=	puerto a la izquierda
seamark:beacon_lateral:category,preferred_channel_port,marca:baliza lateral:categoria	=	puerto de canal preferido
seamark:beacon_lateral:colour,red,marca:baliza lateral:color	=	rojo
seamark:beacon_lateral:colour,red;white;red;white,marca:baliza lateral:color	=	rojo;blanco;rojo;blanco
seamark:beacon_lateral:colour,red;green;red,marca:baliza lateral:color	=	rojo;verde;rojo
seamark:beacon_lateral:colour,red;green;red;green,marca:baliza lateral:color	=	rojo;verde;rojo;verde
seamark:beacon_lateral:colour,green,marca:baliza lateral:color	=	verde
seamark:beacon_lateral:colour,green;white;green;white,marca:baliza lateral:color	=	verde;blanco;verde;blanco
seamark:beacon_lateral:colour,green;red;green,marca:baliza lateral:color	=	verde;rojo;verde
seamark:beacon_lateral:shape,withy,marca:baliza lateral:forma	=	con
seamark:beacon_lateral:shape,perch,marca:baliza lateral:forma	=	perca
seamark:beacon_lateral:shape,pile,marca:baliza lateral:forma	=	pila
seamark:beacon_lateral:shape,pole,marca:baliza lateral:forma	=	polo
seamark:beacon_lateral:shape,tower,marca:baliza lateral:forma	=	torre
seamark:buoy_safe_water:colour,red;white,marca:boya agua segura:color	=	rojo blanco
seamark:buoy_safe_water:shape,conical,marca:boya agua segura:forma	=	cónico
seamark:buoy_safe_water:shape,spherical,marca:boya agua segura:forma	=	esférico
seamark:buoy_safe_water:shape,spar,marca:boya agua segura:forma	=	espato
seamark:buoy_safe_water:shape,pillar,marca:boya agua segura:forma	=	pilar
seamark:buoy_safe_water:shape,can,marca:boya agua segura:forma	=	puede
seamark:buoy_isolated_danger:colour,black;red;black,"marca:boya aislado peligro:color	=	negro, rojo, negro"
seamark:buoy_isolated_danger:shape,conical,marca:boya aislado peligro:forma	=	cónico
seamark:buoy_isolated_danger:shape,spherical,marca:boya aislado peligro:forma	=	esférico
seamark:buoy_isolated_danger:shape,spar,marca:boya aislado peligro:forma	=	espato
seamark:buoy_isolated_danger:shape,pillar,marca:boya aislado peligro:forma	=	pilar
seamark:buoy_isolated_danger:shape,can,marca:boya aislado peligro:forma	=	puede
seamark:buoy_cardinal:category,east,marca:boya cardenal:categoria	=	este
seamark:buoy_cardinal:category,north,marca:boya cardenal:categoria	=	norte
seamark:buoy_cardinal:category,west,marca:boya cardenal:categoria	=	Oeste
seamark:buoy_cardinal:category,south,marca:boya cardenal:categoria	=	sur
seamark:buoy_cardinal:colour,black;yellow,marca:boya cardenal:color	=	amarillo negro
seamark:buoy_cardinal:colour,yellow;black,marca:boya cardenal:color	=	amarillo; negro
seamark:buoy_cardinal:colour,yellow;black;yellow,marca:boya cardenal:color	=	amarillo;negro;amarillo
seamark:buoy_cardinal:colour,black;yellow;black,marca:boya cardenal:color	=	negro;amarillo;negro
seamark:buoy_lateral:category,channel_right,marca:boya lateral:categoria	=	canal derecho
seamark:buoy_lateral:category,waterway_right,marca:boya lateral:categoria	=	canal derecho
seamark:buoy_lateral:category,channel_left,marca:boya lateral:categoria	=	canal izquierdo
seamark:buoy_lateral:category,waterway_left,marca:boya lateral:categoria	=	canal izquierdo
seamark:buoy_lateral:category,preferred_channel_starboard,marca:boya lateral:categoria	=	canal preferido estribor
seamark:buoy_lateral:category,turnoff_right,marca:boya lateral:categoria	=	desvío a la derecha
seamark:buoy_lateral:category,turnoff_left,marca:boya lateral:categoria	=	desvío a la izquierda
seamark:buoy_lateral:category,bridge_pier,marca:boya lateral:categoria	=	muelle del puente
seamark:buoy_lateral:category,danger_left,marca:boya lateral:categoria	=	peligro dejado
seamark:buoy_lateral:category,danger_right,marca:boya lateral:categoria	=	peligro derecho
seamark:buoy_lateral:category,preferred_channel_port,marca:boya lateral:categoria	=	puerto de canal preferido
seamark:buoy_lateral:category,channel_separation,marca:boya lateral:categoria	=	separación de canales
seamark:buoy_lateral:category,waterway_separation,marca:boya lateral:categoria	=	separación de vías fluviales
seamark:buoy_lateral:colour,red;white;red;white,marca:boya lateral:color	=	rojo;blanco;rojo;blanco
seamark:buoy_lateral:colour,red;green;red,marca:boya lateral:color	=	rojo;verde;rojo
seamark:buoy_lateral:colour,red;green;red;green,marca:boya lateral:color	=	rojo;verde;rojo;verde
seamark:buoy_lateral:colour,green;white;green;white,marca:boya lateral:color	=	verde;blanco;verde;blanco
seamark:buoy_lateral:colour,green;red;green,marca:boya lateral:color	=	verde;rojo;verde
seamark:buoy_lateral:shape,conical,marca:boya lateral:forma	=	cónico
seamark:buoy_lateral:shape,spherical,marca:boya lateral:forma	=	esférico
seamark:buoy_lateral:shape,pillar,marca:boya lateral:forma	=	pilar
seamark:buoy_lateral:shape,can,marca:boya lateral:forma	=	puede
seamark:buoy_lateral:reflectivity,reflector,marca:boya lateral:reflectividad	=	reflector
seamark:buoy_lateral:shape,spar,marca:boya_lateral:forma	=	espato
seamark:building:function,harbour_master,marca:edificio:función	=	capitán de Puerto
brand:en,7-Eleven,marca:es	=	*
brand:en,FamilyMart,marca:es	=	Familia Mart
brand:ja,*,marca:ja	=	*
seamark:light:colour,yellow,marca:luz:color	=	amarillo
seamark:light:colour,amber,marca:luz:color	=	ámbar
seamark:light:colour,blue,marca:luz:color	=	azul
seamark:light:colour,white,marca:luz:color	=	blanco
seamark:light:colour,orange,marca:luz:color	=	naranja
seamark:light:colour,red,marca:luz:color	=	rojo
seamark:light:colour,green,marca:luz:color	=	verde
seamark:light:colour,violet,marca:luz:color	=	Violeta
seamark:light:exhibition,on_demand,marca:luz:exposición	=	Bajo demanda
seamark:light:exhibition,day,marca:luz:exposición	=	día
seamark:light:exhibition,fog,marca:luz:exposición	=	niebla
seamark:light:character,Al.Fl,marca:luz:personaje	=	Al.Fl
seamark:light:character,Al.Iso,marca:luz:personaje	=	al.iso
seamark:light:character,Al.LFl,marca:luz:personaje	=	Al.LFl
seamark:light:character,Al.Oc,marca:luz:personaje	=	Al.Oc
seamark:light:character,Al,marca:luz:personaje	=	Alabama
seamark:light:character,IQ,marca:luz:personaje	=	CI
seamark:light:character,IUQ,marca:luz:personaje	=	CIU
seamark:light:character,F,marca:luz:personaje	=	F
seamark:light:character,FFl,marca:luz:personaje	=	FFl
seamark:light:character,Fl,marca:luz:personaje	=	Florida
seamark:light:character,IVQ,marca:luz:personaje	=	IVQ
seamark:light:character,Oc,marca:luz:personaje	=	Jefe
seamark:light:character,LFl,marca:luz:personaje	=	LFl
seamark:light:character,Mo,marca:luz:personaje	=	Mes
seamark:light:character,OcFl,marca:luz:personaje	=	OcFl
seamark:light:character,Q,marca:luz:personaje	=	q
seamark:light:character,Q+LFl,marca:luz:personaje	=	Q+LFl
seamark:light:character,UQ,marca:luz:personaje	=	UQ
seamark:light:character,VQ,marca:luz:personaje	=	VQ
seamark:light:character,VQ+LFl,marca:luz:personaje	=	VQ+LFl
seamark:light:character,Iso,marca:luz:personaje	=	Yo asi
seamark:light:visibility,intensified,marca:luz:visibilidad	=	intensificado
seamark:light:visibility,unintensified,marca:luz:visibilidad	=	no intensificado
seamark:light:visibility,part_obscured,marca:luz:visibilidad	=	parte oscurecida
seamark:wreck:category,hull_showing,marca:naufragio:categoría	=	mostrando el casco
seamark:wreck:category,non-dangerous,marca:naufragio:categoría	=	no peligroso
seamark:wreck:category,dangerous,marca:naufragio:categoría	=	peligroso
seamark:obstruction:category,boom,marca:obstrucción:categoría	=	auge
seamark:harbour:category,fishing,marca:puerto:categoría	=	pescar
seamark:harbour:category,marina,marca:puerto:categoría	=	puerto pequeño
seamark:landmark:category,spire,marca:punto de referencia:categoría	=	aguja
seamark:landmark:category,minaret,marca:punto de referencia:categoría	=	alminar
seamark:landmark:category,dish_aerial,marca:punto de referencia:categoría	=	antena parabólica
seamark:landmark:category,flare_stack,marca:punto de referencia:categoría	=	Antorcha
seamark:landmark:category,flagstaff,marca:punto de referencia:categoría	=	asta de bandera
seamark:landmark:category,cemetery,marca:punto de referencia:categoría	=	cementerio
seamark:landmark:category,chimney,marca:punto de referencia:categoría	=	Chimenea
seamark:landmark:category,column,marca:punto de referencia:categoría	=	columna
seamark:landmark:category,cross,marca:punto de referencia:categoría	=	cruzar
seamark:landmark:category,radar_scanner,marca:punto de referencia:categoría	=	escáner de radar
seamark:landmark:category,statue,marca:punto de referencia:categoría	=	estatua
seamark:landmark:category,dome,marca:punto de referencia:categoría	=	Hazme
seamark:landmark:category,windsock,marca:punto de referencia:categoría	=	manga de viento
seamark:landmark:category,mast,marca:punto de referencia:categoría	=	mástil
seamark:landmark:category,cairn,marca:punto de referencia:categoría	=	mojón
seamark:landmark:category,windmill,marca:punto de referencia:categoría	=	molino
seamark:landmark:category,memorial,marca:punto de referencia:categoría	=	monumento
seamark:landmark:category,monument,marca:punto de referencia:categoría	=	Monumento
seamark:landmark:category,windmotor,marca:punto de referencia:categoría	=	motor de viento
seamark:landmark:category,obelisk,marca:punto de referencia:categoría	=	obelisco
seamark:landmark:category,tower,marca:punto de referencia:categoría	=	torre
seamark:landmark:conspicuity,conspicuous,marca:punto de referencia:conspicuidad	=	conspicuo
seamark:landmark:function,chapel,marca:punto de referencia:función	=	capilla
seamark:landmark:function,church,marca:punto de referencia:función	=	iglesia
seamark:landmark:function,mosque,marca:punto de referencia:función	=	mezquita
seamark:landmark:function,marabout,marca:punto de referencia:función	=	morabito
seamark:landmark:function,pagoda,marca:punto de referencia:función	=	pagoda
seamark:landmark:function,shinto_shrine,marca:punto de referencia:función	=	Santuario sintoísta
seamark:landmark:function,tempel,marca:punto de referencia:función	=	templo
seamark:landmark:function,temple,marca:punto de referencia:función	=	templo
seamark:landmark:function,buddhist_temple,marca:punto de referencia:función	=	templo budista
seamark:rock:water_level,*,marca:roca:nivel de agua	=	*
marker,aerial,marcador	=	aéreo
marker,post,marcador	=	correo
marker,paddle,marcador	=	paleta
marker,pedestal,marcador	=	pedestal
marker,stone,marcador	=	piedra
marker,plate,marcador	=	placa
marker,ground,marcador	=	terrestre
trailblazed,cairns,marcas = mojones
trailblazed,poles,marcas = postes
trailblazed,symbols,marcas = simbolos
lane_markings,no,marcas_de_carril	=	no
trailblazed,no,marcas=no
massage,thai,masaje	=	tailandés
massgis:WETCODE,14,massgis:WETCODE	=	*
material,steel,material	=	acero
material,adobe,material	=	adobe
material,paving_stones,material	=	adoquines
material,masonry,material	=	albañilería
material,aluminium,material	=	aluminio
material,andesite,material	=	andesita
material,sand,material	=	arena
material,sandstone,material	=	arenisca
material,bronze,material	=	bronce
material,limestone,material	=	caliza
material,composite,material	=	compuesto
material,plastic,material	=	el plastico
material,epoxy,material	=	epoxy
material,granite,material	=	granito
material,concrete,material	=	hormigón
material,reinforced_concrete,material	=	hormigón reforzado
material,brick,material	=	ladrillo
material,brass,material	=	latón
material,light,material	=	ligero
material,wood,material	=	madera
material,wood;metal,material	=	madera;metal
material,marble,material	=	mármol
material,metal,material	=	metal
material,metal;wood,material	=	metal;madera
material,stone,material	=	piedra
material,granite_stone,material	=	Piedra de granito
material,dry_stone,material	=	piedra seca
material,iron,material	=	planchar
material,rock,material	=	roca
material,earth,material	=	tierra
material,soil,material	=	tierra
material,glass,material	=	vidrio
building:material,wattle_and_daub,material de construcción	=	acacias y barro
building:material,steel,material de construcción	=	acero
building:material,masonry,material de construcción	=	albañilería
building:material,clay,material de construcción	=	arcilla
building:material,sandstone,material de construcción	=	arenisca
building:material,mud;wood,material de construcción	=	barro;madera
building:material,cement_block,material de construcción	=	bloque de cemento
building:material,block,material de construcción	=	bloquear
building:material,plastered,material de construcción	=	borracho
building:material,ciment_block,material de construcción	=	ciment_block
building:material,copper,material de construcción	=	cobre
building:material,hard,material de construcción	=	difícil
building:material,plastic,material de construcción	=	el plastico
building:material,plastering_inner_wall_only,material de construcción	=	enyesado_pared_interior_solo
building:material,mirror,material de construcción	=	espejo
building:material,tin,material de construcción	=	estaño
building:material,timber_framing,material de construcción	=	estructura_de_madera
building:material,CI_sheet,material de construcción	=	hoja CI_
building:material,concrete,material de construcción	=	hormigón
building:material,reinforced_concrete,material de construcción	=	hormigón reforzado
building:material,concrete_reinforced,material de construcción	=	hormigón_reforzado
building:material,concrete;brick,material de construcción	=	hormigón; ladrillo
building:material,reed,material de construcción	=	Junco
building:material,brick,material de construcción	=	ladrillo
building:material,mud,material de construcción	=	lodo
building:material,light,material de construcción	=	luz
building:material,wood,material de construcción	=	madera
building:material,marble,material de construcción	=	mármol
building:material,metal,material de construcción	=	metal
building:material,metal;wood,material de construcción	=	metal;madera
building:material,mixed,material de construcción	=	mezclado
building:material,other,material de construcción	=	otro
building:material,permanent,material de construcción	=	permanente
building:material,stone,material de construcción	=	piedra
building:material,metal_plates,material de construcción	=	Platos de metal
building:material,semi-permanent,material de construcción	=	semi-permanente
building:material,silicate_brick,material de construcción	=	silicato_ladrillo
building:material,roof_tiles,material de construcción	=	tejas
building:material,earth,material de construcción	=	tierra
building:material,traditional,material de construcción	=	tradicional
building:material,concrete_masonry_unit,material de construcción	=	unidad_de_mampostería_de_hormigón
building:material,glass,material de construcción	=	vidrio
building:material,plaster,material de construcción	=	yeso
hazmat,designated,materiales peligrosos	=	designado
hazmat,no,materiales peligrosos	=	no
hazmat:water,permissive,materiales peligrosos: agua	=	permisivo
maxaxleload,10,maxaxleload	=	*
maxaxleload,11.5,maxaxleload	=	*
maxspeed,1,máxima velocidad	=	*
maxspeed,UA:urban,máxima velocidad	=	AU:urbano
maxspeed,BG:urban,máxima velocidad	=	BG:urbano
maxspeed,walk,máxima velocidad	=	caminar
maxspeed,CZ:urban,máxima velocidad	=	CZ:urbano
maxspeed,DE:rural,máxima velocidad	=	DE:rural
maxspeed,AT:rural,máxima velocidad	=	EN:rural
maxspeed,AT:urban,máxima velocidad	=	EN:urbano
maxspeed,ES:rural,máxima velocidad	=	ES: rural
maxspeed,DE:urban,máxima velocidad	=	ES:urbano
maxspeed,ES:urban,máxima velocidad	=	ES:urbano
maxspeed,GR:urban,máxima velocidad	=	GR:urbano
maxspeed,implicit,máxima velocidad	=	implícito
maxspeed,none,máxima velocidad	=	ninguna
maxspeed,no,máxima velocidad	=	no
maxspeed,BY:urban,máxima velocidad	=	POR:urbano
maxspeed,RO:trunk,máxima velocidad	=	RO: tronco
maxspeed,RO:rural,máxima velocidad	=	RO:rural
maxspeed,RO:urban,máxima velocidad	=	RO:urbano
maxspeed,RU:motorway,máxima velocidad	=	RU: autopista
maxspeed,RU:living_street,máxima velocidad	=	RU: calle_vivienda
maxspeed,RU:rural,máxima velocidad	=	RU:rural
maxspeed,RU:urban,máxima velocidad	=	RU:urbano
maxspeed,signals,máxima velocidad	=	señales
maxspeed,IT:rural,máxima velocidad	=	TI:rural
maxspeed,IT:urban,máxima velocidad	=	TI:urbano
maxspeed,UA:rural,máxima velocidad	=	UA:rural
maxspeed:backward,50,maxspeed:hacia atrás	=	*
maxspeed:backward,70,maxspeed:hacia atrás	=	*
maxspeed:backward,90,maxspeed:hacia atrás	=	*
maxspeed:backward,100,maxspeed:hacia atrás	=	*
maxspeed:hgv:conditional,90_@_(weight<,maxspeed:hgv:condicional	=	*
maxspeed:hgv:conditional,90_@_(weight>,maxspeed:hgv:condicional	=	*
maxspeed:psv:conditional,90_@_(weight>,maxspeed:psv:condicional	=	*
wholesale,steel,mayorista	=	acero
wholesale,alcohol,mayorista	=	alcohol
wholesale,food,mayorista	=	alimento
wholesale,foods,mayorista	=	alimentos
wholesale,beverages,mayorista	=	bebidas
wholesale,drinks,mayorista	=	bebidas
wholesale,meat,mayorista	=	carne
wholesale,butcher,mayorista	=	carnicero
wholesale,hvac,mayorista	=	climatización
wholesale,electrical,mayorista	=	eléctrico
wholesale,electro,mayorista	=	electro
wholesale,electronics,mayorista	=	electrónica
wholesale,packaging,mayorista	=	embalaje
wholesale,pharmacy,mayorista	=	farmacia
wholesale,florist,mayorista	=	florista
wholesale,fruits,mayorista	=	frutas
wholesale,general,mayorista	=	general
wholesale,hardware,mayorista	=	hardware
wholesale,tools,mayorista	=	herramientas
wholesale,jewelry,mayorista	=	joyas
wholesale,wood,mayorista	=	madera
wholesale,Seafood,mayorista	=	Mariscos
wholesale,seafood,mayorista	=	mariscos
wholesale,no,mayorista	=	No
wholesale,paper,mayorista	=	papel
wholesale,stationery,mayorista	=	papelería
wholesale,hairdresser,mayorista	=	peluquero
wholesale,car_parts,mayorista	=	piezas de automóvil
wholesale,paint,mayorista	=	pintar
wholesale,cosmetics,mayorista	=	productos cosméticos
wholesale,clothes,mayorista	=	ropa
wholesale,sanitary,mayorista	=	sanitario
wholesale,building_services,mayorista	=	servicios de construcción
wholesale,only,mayorista	=	solo
wholesale,supermarket,mayorista	=	supermercado
wholesale,greengrocer,mayorista	=	verdulero
wholesale,vegetables,mayorista	=	verduras
pump_mechanism,progressive_cavity,mecanismo de bomba	=	cavidad progresiva
pump_mechanism,centrifugal,mecanismo de bomba	=	centrífugo
pump_mechanism,eductor_jet,mecanismo de bomba	=	chorro eductor
pump_mechanism,rope,mecanismo de bomba	=	cuerda
pump_mechanism,diaphragm,mecanismo de bomba	=	diafragma
pump_mechanism,gear,mecanismo de bomba	=	engranaje
pump_mechanism,axial_flow,mecanismo de bomba	=	Flujo axial
pump_mechanism,rotary_vane,mecanismo de bomba	=	paleta rotativa
pump_mechanism,peristaltic,mecanismo de bomba	=	peristáltico
pump_mechanism,piston,mecanismo de bomba	=	pistón
pump_mechanism,pulser,mecanismo de bomba	=	pulsador
pump_mechanism,ram,mecanismo de bomba	=	RAM
pump_mechanism,screw,mecanismo de bomba	=	tornillo
median,no,mediana	=	no
medical,aed,médico	=	aed
gauge,1000,medir	=	*
gauge,1067,medir	=	*
gauge,1435,medir	=	*
gauge,1520,medir	=	*
gauge,1524,medir	=	*
gauge,1600,medir	=	*
gauge,1668,medir	=	*
gauge,1676,medir	=	*
memorial:type,statue,memorial: tipo	=	estatua
memorial:type,stele,memorial: tipo	=	estela
memorial:type,obelisk,memorial: tipo	=	obelisco
memorial:type,plate,memorial: tipo	=	placa
memorial:type,stolperstein,memorial: tipo	=	stolperstein
memorial:type,plaque,memorial:tipo	=	placa
message,commercial,mensaje	=	comercial
message,funding,mensaje	=	fondos
bench,no,mesa de trabajo	=	no
changing_table,limited,mesa para cambiar pañales	=	limitado
changing_table,no,mesa para cambiar pañales	=	no
metcouncil:dfz,N,metcouncil:dfz	=	norte
metcouncil:site_hfn,N,metcouncil:sitio_hfn	=	norte
metcouncil:sun_trips,0,metcouncil:sun_trips	=	*
cooling:method,air_cooling,método de enfriamiento	=	aire acondicionado
cooling:method,dry_cooling,método de enfriamiento	=	refrigeración en seco
cooling:method,mechanical_draft,método de enfriamiento	=	tiro mecánico
military,academy,militar	=	academia
military,airfield,militar	=	aeródromo
military,range,militar	=	alcance
military,training_area,militar	=	área de entrenamiento
military,base,militar	=	base
military,naval_base,militar	=	base naval
military,bunker,militar	=	búnker
military,checkpoint,militar	=	control
military,bombcrater,militar	=	cráter de bombas
military,barracks,militar	=	cuartel
military,depot,militar	=	deposito
military,school,militar	=	escuela
military,missile,militar	=	misil
military,ammunition,militar	=	munición
military,office,militar	=	oficina
military,danger_area,militar	=	peligro_area
military,obstacle_course,militar	=	pista de obstáculos
military,launchpad,militar	=	plataforma de lanzamiento
military,nuclear_explosion_site,militar	=	sitio_explosión_nuclear
military,trench,militar	=	zanja
military,exclusion_zone,militar	=	Zona de exclusión
mml:class,42261,mml:clase	=	*
mofa,designated,mofa	=	designado
mofa,no,mofa	=	no
mofa,use_sidepath,mofa	=	use_sidepath
display,analog,monitor	=	cosa análoga
lamp_mount,mast,montaje_de_lampara	=	mástil
lamp_mount,high_mast,montaje_de_lampara	=	mástil alto
lamp_mount,bent_mast,montaje_de_lampara	=	mástil doblado
lamp_mount,angled_mast,montaje_de_lampara	=	mástil_angulado
lamp_mount,cast_steel_mast,montaje_de_lampara	=	Mástil_de_acero_fundido
lamp_mount,bent_mast,montaje_de_lampara	=	mastil_doblado
lamp_mount,straight_mast,montaje_de_lampara	=	mástil_recto
lamp_mount,wall,montaje_de_lampara	=	pared
lamp_mount,pole,montaje_de_lampara	=	polo
lamp_mount,suspended,montaje_de_lampara	=	suspendido
roller_coaster,station,montaña rusa	=	oficina de Registro
roller_coaster,track,montaña rusa	=	pista
roller_coaster,support,montaña rusa	=	soporte
memorial,ghost_bike,monumento	=	bicicleta fantasma
memorial,bust,monumento	=	busto
memorial,cenotaph,monumento	=	cenotafio
memorial,cross,monumento	=	cruzar
memorial,sculpture,monumento	=	escultura
memorial,statue,monumento	=	estatua
memorial,stele,monumento	=	estela
memorial,khachkar,monumento	=	jachkar
memorial,flood_mark,monumento	=	marca de inundación
memorial,war_memorial,monumento	=	memorial_de_la_guerra
memorial,bench,monumento	=	mesa de trabajo
memorial,memorial,monumento	=	monumento
memorial,obelisk,monumento	=	obelisco
memorial,stone,monumento	=	piedra
memorial,plaque,monumento	=	placa
memorial,blue_plaque,monumento	=	placa_azul
memorial,storm_surge_post,monumento	=	puesto de marejada ciclónica
memorial,stolperstein,monumento	=	stolperstein
memorial,vehicle,monumento	=	vehículo
motorcycle,agricultural,motocicleta	=	agrícola
motorcycle,designated,motocicleta	=	designado
motorcycle,destination,motocicleta	=	destino
motorcycle,no,motocicleta	=	no
motorcycle:clothes,*,motocicleta:ropa	=	*
motorcycle:type,*,motocicleta:tipo	=	*
motorcycle:type,sportbike,motocicleta:tipo	=	Bicicleta de deporte
motorcycle:type,electric,motocicleta:tipo	=	eléctrico
motorcycle:type,scooter,motocicleta:tipo	=	scooter
snowmobile,designated,motonieve	=	designado
snowmobile,no,motonieve	=	no
motorboat,no,motora	=	no
mtb:type,crosscountry,mtb: tipo	=	a campo traviesa
mtb:type,downhill,mtb: tipo	=	cuesta abajo
mtb:type,allmountain,mtb: tipo	=	Toda montaña
mtb:scale:uphill,4,mtb:escala:cuesta arriba	=	*
dock,tidal,muelle	=	de marea
dock,drydock,muelle	=	dique seco
dock,floating,muelle	=	flotante
wall,tire_barrier,muro	=	barrera de neumáticos
wall,noise_barrier,muro	=	barrera_ruido
wall,concrete_block,muro	=	bloque de hormigón
wall,gabion:value,muro	=	gavión:valor
wall,concrete,muro	=	hormigón
wall,flood_wall,muro	=	inundación_muro
wall,jersey_barrier,muro	=	jersey_barrera
wall,castle_wall,muro	=	la muro del castillo
wall,brick,muro	=	ladrillo
wall,training_wall,muro	=	muro de entrenamiento
wall,stone_wall,muro	=	muro de piedra
wall,no,muro	=	no
wall,flint,muro	=	pedernal
wall,stone,muro	=	piedra
wall,dry_stone,muro	=	piedra seca
wall,pise,muro	=	pise
wall,pise:value,muro	=	pise:valor
wall,seawall,muro	=	rompeolas
retaining_wall,flood_wall,muro de contención	=	muro de inundación
wall:material,concrete,muro: material	=	hormigón
museum,aerospace,museo	=	aeroespacial
museum,agriculture,museo	=	agricultura
museum,open_air,museo	=	aire libre
museum,archaeological,museo	=	arqueológico
museum,art,museo	=	Arte
museum,aviation,museo	=	aviación
museum,railway,museo	=	ferrocarril
museum,history,museo	=	historia
museum,living_history,museo	=	historia viva
museum,local,museo	=	local
museum,military,museo	=	militar
museum,nature,museo	=	naturaleza
museum,children,museo	=	niños
museum,technology,museo	=	tecnología
museum,transport,museo	=	transporte
naptan:Status,*,naftan:Estado	=	*
naptan:Status,ACT,naftan:Estado	=	ACTUAR
naptan:StopAreaType,GPBS,naftan:StopAreaType	=	GPBS
naptan:StopType,BCT,naftan:StopType	=	BCT
naptan:Indicator,adj,naptán: Indicador	=	adj.
naptan:Indicator,opp,naptán: Indicador	=	oportunidad
naptan:Bearing,W,naptán: Teniendo	=	W
naptan:verified,no,naptán: verificado	=	no
naptan:BusStopType,CUS,naptan:BusStopType	=	EE.UU.
naptan:BusStopType,MKD,naptan:BusStopType	=	MKD
naptan:PlusbusZoneRef,BHAMNWS,naptán:PlusbusZoneRef	=	BHAMNWS
naptan:PlusbusZoneRef,LEEDS,naptán:PlusbusZoneRef	=	LEEDS
naptan:PlusbusZoneRef,MNCRPIC,naptán:PlusbusZoneRef	=	MNCRPIC
natural,couloir,natural	=	abismo
natural,cliff,natural	=	acantilado
natural,cliff/Archive/Proposal,natural	=	acantilado/Archivo/Propuesta
natural,tree_group,natural	=	árbol_grupo
natural,"tree/List_of_Genus,_Leaf_cycle,_Leaf_type","natural	=	árbol/Lista de Género, Ciclo de la hoja, Tipo de hoja"
natural,tree/Archived_proposal,natural	=	árbol/propuesta archivada
natural,shrub,natural	=	arbusto
natural,shrubbery,natural	=	arbustos
natural,arch,natural	=	arco
natural,geothermal_area,natural	=	área geotérmica
natural,sand,natural	=	arena
natural,arete,natural	=	areté
natural,reef,natural	=	arrecife
natural,atoll,natural	=	atolón
natural,bay,natural	=	bahía
natural,shoal,natural	=	banco
natural,earth_bank,natural	=	banco_tierra
natural,bedrock,natural	=	base
natural,heath,natural	=	brezo
natural,caldera,natural	=	caldera
natural,geothermal_field,natural	=	campo geotérmico
natural,cape,natural	=	capa
natural,riverbed,natural	=	cauce
natural,fell,natural	=	cayó
natural,hill,natural	=	Cerro
natural,peak,natural	=	cima
natural,mesa,natural	=	colina baja
natural,col,natural	=	columna
natural,mountain_range,natural	=	cordillera
natural,crater,natural	=	cráter
natural,meteor_crater,natural	=	cráter de meteorito
natural,ridge,natural	=	cresta
natural,cave,natural	=	cueva
natural,cave_entrance,natural	=	cueva_entrada
natural,tidal,natural	=	de marea
natural,desert,natural	=	Desierto
natural,landslide,natural	=	deslizamiento de tierra
natural,dune,natural	=	duna
natural,esker,natural	=	esker
natural,strait,natural	=	estrecho
natural,fjord,natural	=	fiordo
natural,landform,natural	=	forma de relieve
natural,fumarole,natural	=	fumarola
natural,gorge,natural	=	garganta
natural,geyser,natural	=	géiser
natural,geothermal,natural	=	geotermia
natural,glacier,natural	=	glaciar
natural,crevasse,natural	=	grieta
natural,shingle,natural	=	guijarros
natural,grass,natural	=	hierba
natural,tree_row,natural	=	hilera_de_árboles
natural,anthill,natural	=	hormiguero
natural,human,natural	=	humano
natural,wetland,natural	=	humedal
natural,islet,natural	=	isleta
natural,isthmus,natural	=	istmo
natural,lake,natural	=	lago
natural,lava,natural	=	lava
natural,liana,natural	=	liana
natural,coastline,natural	=	línea costera
natural,mud,natural	=	lodo
natural,scrub,natural	=	maleza
natural,plateau,natural	=	meseta
natural,hummock,natural	=	montículo
natural,termite_mound,natural	=	montículo de termitas
natural,moraine,natural	=	morena
natural,butte,natural	=	mota
natural,moss,natural	=	musgo
natural,naled,natural	=	naled
natural,birds_nest,natural	=	nido de Pájaro
natural,cloud,natural	=	nube
natural,riverbank,natural	=	orilla del río
natural,marsh,natural	=	pantano
natural,moor,natural	=	Páramo
natural,slope,natural	=	Pendiente
natural,peninsula,natural	=	península
natural,scree,natural	=	piedra
natural,stone,natural	=	piedra
natural,plant,natural	=	planta
natural,beach,natural	=	playa
natural,meadow,natural	=	prado
natural,avalanche_dam,natural	=	presa de avalancha
natural,spring,natural	=	primavera
natural,hot_spring,natural	=	primavera calurosa
natural,gully,natural	=	quebrada
natural,wallow,natural	=	revolcarse por
natural,rock,natural	=	roca
natural,bare_rock,natural	=	Roca desnuda
natural,rocks,natural	=	rocas
natural,saddle,natural	=	sillín
natural,palaeontological_site,natural	=	sitio paleontológico
natural,blowhole,natural	=	sopladura
natural,sinkhole,natural	=	sumidero
natural,river_terrace,natural	=	terraza del río
natural,ground,natural	=	terrestre
natural,land,natural	=	tierra
natural,tree_stump,natural	=	tocón de árbol
natural,tundra,natural	=	tundra
natural,valley,natural	=	Valle
natural,rock_overhang,natural	=	voladizo de roca
natural,volcano,natural	=	volcán
ncat,*,ncat	=	*
ngbe:codigo,80214,ngbe: código	=	*
ngbe:huso,30,ngbe: huso	=	*
ngbe:subgrupo,Parajes,ngbe: subgrupo	=	Parajes
ngbe:version,provisional,ngbe: versión	=	provisional
ngbe:grupo,Relieve,ngbe:grupo	=	Relevar
ngbe:tema,Toponimia,ngbe:tema	=	toponimia
ngbe:tipotexto,S,ngbe:tipotexto	=	S
nhd-shp:fcode,46003,nhd-shp:fcode	=	*
nhd-shp:fdate,2002-01-10,nhd-shp:fdate	=	*
nhd:fcode,39001,nhd: código f	=	*
nhd:fcode,39004,nhd: código f	=	*
nhd:fcode,46003,nhd: código f	=	*
nhd:fcode,46006,nhd: código f	=	*
nhd:fcode,46007,nhd: código f	=	*
nhd:fcode,55800,nhd: código f	=	*
NHD:FDate,2007/08/08,NHD: FEcha	=	*
NHD:FType,460,NHD: Tipo F	=	*
NHD:FType,StreamRiver,NHD: Tipo F	=	ArroyoRío
NHD:FType,ArtificialPath,NHD: Tipo F	=	camino artificial
NHD:FType,CanalDitch,NHD: Tipo F	=	canalzanja
nhd:ftype,LakePond,nhd: tipo f	=	lagoestanque
nhd:fdate,2008-02-28,nhd:fecha	=	*
nhd:fdate,Wed_Sep_26_00:00:00_PDT_2007,nhd:fecha	=	miércoles_septiembre_26_00:00:00_PDT_2007
nhd:fdate,Fri_Dec_28_00:00:00_PST_2007,nhd:fecha	=	Vie_Dic_28_00:00:00_PST_2007
NHD:FLOWDIR,With_Digitized,NHD:FLUJO DIR	=	Con_Digitalizado
NHD:FTYPE,SwampMarsh,NHD:FTYPE	=	PantanoMarsh
NHD:RESOLUTION,2,NHD:RESOLUCIÓN	=	*
NHD:Resolution,High,NHD:Resolución	=	Alto
NHD:RESOLUTION,Medium,NHD:RESOLUCIÓN	=	Medio
birds_nest,stork,nido de Pájaro	=	cigüeña
level,*,nivel	=	*
admin_level,1,nivel de administrador	=	*
admin_level,aboriginal_land,nivel de administrador	=	tierra aborigen
level:ref,1,nivel: referencia	=	*
level:ref,2,nivel: referencia	=	*
name,*,nombre	=	*
short_name,USPS,nombre corto	=	USPS
source:name,survey,nombre de la fuente	=	encuesta
source:name,NPWS_Estate,nombre de la fuente	=	Finca NPWS
source:name,GNS,nombre de la fuente	=	GNS
source:name,Haiti_DMA_Topo,nombre de la fuente	=	Haití DMA Topo
source:name,OS_OpenData_Locator,nombre de la fuente	=	Localizador de datos abiertos del sistema operativo
source:name,NSW_LPI_Base_Map,nombre de la fuente	=	Mapa base de LPI de Nueva Gales del Sur
source:name,LPI_NSW_Base_Map,nombre de la fuente	=	Mapa base de LPI NSW
source:name,OS_OpenData_OS_Locator,nombre de la fuente	=	OS OpenData OS Locator
source:name,OS_OpenData_StreetView,nombre de la fuente	=	Sistema operativo OpenData StreetView
official_name,Starbucks_Coffee,nombre oficial	=	Starbucks_Café
official_name:en,Seven-Eleven,nombre_oficial:es	=	Siete once
name:signed,no,nombre: firmado	=	no
name:prefix:be,*,nombre: prefijo: ser	=	*
name:etymology:wikidata,*,nombre:etimología:wikidata	=	*
name:ja,*,nombre:ja	=	*
name:prefix:ru,*,nombre:prefijo:ru	=	*
bollard,rising,noray	=	creciente
bollard,fixed,noray	=	fijado
bollard,removable,noray	=	retirable
note,*,Nota	=	*
note:name,"Der_reg_name,_sowie_ggf._der_loc_name_sind_dem_zugehörigen_Wikipediaartikel_entnommen.","nota: nombre	=	Der_reg_name,_sowie_ggf._der_loc_name_sind_dem_zugehörigen_Wikipediaartikel_entnommen."
note:ja,*,nota: sí	=	*
note:post_town,Florissant,nota:post_town	=	florissant
note:post_town,Saint_Louis,nota:post_town	=	San_Louis
nycdoitt:bin,3000000,nycdoitt:bin	=	*
nycdoitt:bin,4000000,nycdoitt:bin	=	*
nysgissam:review,found_>_1_existing_matching_address,nysgissam: revisión	=	encontrado_>_1_existente_coincidente_dirección
nysgissam:review,existing_element's_addr:housenumber_has_different_addr:housenumber,nysgissam: revisión	=	la_dirección:número_de_elemento_existente_tiene_diferente_dirección:número_de_casa
nysgissam:review,repeat_address,nysgissam: revisión	=	repetir_dirección
nysgissam:review,no_matching_street_nearby,nysgissam: revisión	=	sin_coincidencia_calle_cercana
object:city,Düsseldorf,objeto:ciudad	=	Düsseldorf
object:city,Valdivia,objeto:ciudad	=	Valdivia
object:country,DE,objeto:país	=	Delaware
defensive_works,bastion,obras defensivas	=	bastión
defensive_works,battery,obras defensivas	=	batería
observatory:type,astronomical,observatorio:tipo	=	astronómico
observatory:type,gravitational,observatorio:tipo	=	gravitacional
observatory:type,meteorological,observatorio:tipo	=	meteorológico
leisure,outdoor_seating,ocio	=	asientos al aire libre
leisure,beach_resort,ocio	=	balneario
leisure,golf_course,ocio	=	campo_de_golf
leisure,sports_centre,ocio	=	centro deportivo
leisure,resort,ocio	=	complejo
leisure,common,ocio	=	común
leisure,horse_riding,ocio	=	equitación (hípica)
leisure,fitness_station,ocio	=	estación_de_fitness
leisure,stadium,ocio	=	estadio
leisure,fitness_centre,ocio	=	gimnasio
leisure,slipway,ocio	=	grada
leisure,bleachers,ocio	=	gradas
leisure,firepit,ocio	=	hoguera
leisure,garden,ocio	=	jardín
leisure,picnic_table,ocio	=	mesa de picnic
leisure,sports_hall,ocio	=	pabellón de deportes
leisure,park,ocio	=	parque
leisure,water_park,ocio	=	parque acuatico
leisure,dog_park,ocio	=	parque_perro
leisure,playground,ocio	=	patio de juegos
leisure,fishing,ocio	=	pescar
leisure,swimming_pool,ocio	=	piscina
leisure,track,ocio	=	pista
leisure,marina,ocio	=	puerto pequeño
leisure,recreation_ground,ocio	=	recreo_tierra
leisure,nature_reserve,ocio	=	reserva natural
leisure,sauna,ocio	=	sauna
leisure,pitch,ocio	=	tono
odbl,clean,odbl	=	limpio
office,lawyer,oficina	=	abogado
office,administrative,oficina	=	administrativo
office,adoption_agency,oficina	=	Agencia de adopción
office,employment_agency,oficina	=	agencia de Empleo
office,real_estate_agent,oficina	=	agente de bienes raíces
office,bail_bond_agent,oficina	=	agente de fianzas
office,travel_agent,oficina	=	agente de viajes
office,estate_agent,oficina	=	agente inmobiliario
office,tourist_accommodation,oficina	=	alojamiento turistico
office,rental,oficina	=	alquiler
office,archive,oficina	=	archivo
office,architect,oficina	=	arquitecto
office,financial_advisor,oficina	=	asesor financiero
office,tax_advisor,oficina	=	asesor fiscal
office,association,oficina	=	asociación | oficina	=	asociación consumidores
office,highway,oficina	=	autopista
office,chamber,oficina	=	cámara
office,camping,oficina	=	cámping
office,harbour_master,oficina	=	capitán de Puerto
office,charity,oficina	=	caridad
office,call_center,oficina	=	centro de llamadas
office,call_centre,oficina	=	centro de llamadas
office,construction_company,oficina	=	compañía de construcción
office,consulting,oficina	=	consultante
office,accountant,oficina	=	contador
office,cooperative,oficina	=	cooperativa
office,realtor,oficina	=	corredor de bienes raíces
office,healthcare,oficina	=	cuidado de la salud
office,diplomatic,oficina	=	diplomático
office,graphic_design,oficina	=	diseño gráfico
office,publisher,oficina	=	editor
office,company,oficina	=	empresa
office,moving_company,oficina	=	empresa de mudanzas
office,financial,oficina	=	financiero
office,foundation,oficina	=	Fundación
office,geodesist,oficina	=	geodésico
office,government,oficina	=	gobierno
office,guide,oficina	=	guía
office,tax,oficina	=	impuesto
office,it,oficina	=	informática
office,engineer,oficina	=	ingeniero
office,educational_institution,oficina	=	institución educativa
office,private_investigator,oficina	=	investigador privado
office,research,oficina	=	investigar
office,advertising_agency,oficina	=	la agencia de publicidad
office,logistics,oficina	=	logística
office,medical,oficina	=	médico
office,physician,oficina	=	médico
office,courier,oficina	=	mensajero
office,notary,oficina	=	notario
office,ngo,oficina	=	ong
office,quango,oficina	=	organismo estatal semiautónomo
office,international_organization,oficina	=	organización Internacional
office,non-governmental_organization,oficina	=	organización no gubernamental
office,parish,oficina	=	parroquia
office,political_party,oficina	=	partido político
office,newspaper,oficina	=	periódico
office,wedding_planner,oficina	=	planificador de la boda
office,politician,oficina	=	político
office,property_management,oficina	=	propiedad administrativa
office,lost_property,oficina	=	propiedad perdida
office,energy_supplier,oficina	=	proveedor_energia
office,reception,oficina	=	recepción
office,register,oficina	=	registro
office,religion,oficina	=	religión
office,lifeguard,oficina	=	Salvavidas
office,security,oficina	=	seguridad
office,occupational_safety,oficina	=	seguridad Ocupacional
office,insurance,oficina	=	seguro
office,water_utility,oficina	=	servicio de agua
office,personal_service,oficina	=	servicio personal
office,forestry,oficina	=	silvicultura
office,supervised_injection_site,oficina	=	sitio de inyección supervisado
office,telecommunication,oficina	=	telecomunicación
office,therapist,oficina	=	terapeuta
office,surveyor,oficina	=	topógrafo
office,coworking,oficina	=	trabajo colaborativo
office,translator,oficina	=	traductor
office,transport,oficina	=	transporte
office,tutoring,oficina	=	tutoría
office,union,oficina	=	Unión
office,university,oficina	=	Universidad
office,visa,oficina	=	visa
post_office,post_partner,oficina de correos	=	compañero de publicación
office:realtor,*,oficina: agente inmobiliario	=	*
openGeoDB:version,0.2.6.11_/_2007-12-04_/_http://fa-technik.adfc.de/code/opengeodb/dump/,openGeoDB: versión	=	*
operator,*,operador	=	*
lamp_operator,Hansestadt_Rostock,operador_de_lamparas	=	Hansestadt_Rostock
lamp_operator,Stadtwerke_Düsseldorf,operador_de_lamparas	=	Stadtwerke_Düsseldorf
operator:type,community,operador: tipo	=	comunidad
operator:wikipedia,*,operador: wikipedia	=	*
operator:en,Central_Japan_Railway_Company,operador:es	=	Central_Japón_Ferrocarril_Empresa
operator:en,East_Japan_Railway_Company,operador:es	=	Este_Japón_Ferrocarril_Empresa
operator:en,West_Japan_Railway_Company,operador:es	=	West_Japan_Railway_Company
operator:ja,*,operador:ja	=	*
operator:ref:FR:SIRET,21130055300016,operador:ref:FR:SIRET	=	*
operator:type,government,operador:tipo	=	gobierno
operator:type,private,operador:tipo	=	privado
operator:type,public,operador:tipo	=	público
operator:old,Western_Power_Distribution,operador:viejo	=	Distribución_de_Energía_Occidental
operator:wikidata,Q157645,operador:wikidata	=	Q157645
order,0,ordenar	=	*
organic,only,orgánico	=	solamente
organ,*,Organo	=	*
source:destination,mapillary,origen Destino	=	mapillar
osmarender:nameDirection,-1,osmarender:nombreDirección	=	*
osmarender:nameDirection,1,osmarender:nombreDirección	=	*
osmarender:render,no,osmarender:renderizar	=	no
osmarender:renderRef,no,osmarender:renderRef	=	no
osmarender:renderName,no,osmarender:representarNombre	=	no
osmc:symbol,yellow::yellow_diamond,osmc:símbolo	=	amarillo::diamante_amarillo
osmc:symbol,green:green:yellow_pointer,osmc:símbolo	=	verde:verde:puntero_amarillo
traffic_calming,cushion,pacificación tráfico	=	almohadón
traffic_calming,bump,pacificación tráfico	=	bulto
traffic_calming,chicane,pacificación tráfico	=	crítica
traffic_calming,double_dip,pacificación tráfico	=	doble carga
traffic_calming,choker,pacificación tráfico	=	gargantilla
traffic_calming,dynamic_bump,pacificación tráfico	=	golpe dinámico
traffic_calming,choked_island,pacificación tráfico	=	isla ahogada
traffic_calming,hump,pacificación tráfico	=	joroba
traffic_calming,table,pacificación tráfico	=	mesa
traffic_calming,choked_table,pacificación tráfico	=	mesa ahogada
traffic_calming,painted_table,pacificación tráfico	=	mesa pintada
traffic_calming,mini_bumps,pacificación tráfico	=	mini_golpes
traffic_calming,no,pacificación tráfico	=	no
traffic_calming,rumble_strip,pacificación tráfico	=	rumble_strip
traffic_calming,dip,pacificación tráfico	=	salsa
traffic_calming,island,pacificación tráfico = isleta
traffic_calming,painted_island,pacificación tráfico = isleta pintada
traffic_calming,median,pacificación tráfico=mediana
payment:cash,no,Pago en efectivo	=	no
payment:credit_cards,no,pago:credit_cards	=	no
payment:debit_cards,no,pago:tarjetas_débito	=	no
bakehouse,*,panadería	=	*
passenger_information_display,no,pantalla_de_información_del_pasajero	=	no
takeaway,no,para llevar=no
takeaway,only,para llevar=solamente
bicycle_parking,wall_loops,Parking de bicicletas	=	bucles_de_pared
bicycle_parking,shed,Parking de bicicletas	=	cobertizo
bicycle_parking,rack,Parking de bicicletas	=	estante
bicycle_parking,bollard,Parking de bicicletas	=	noray
bicycle_parking,stands,Parking de bicicletas	=	soportes
playground,seesaw,parque infantil	=	balancín
playground,youth_bench,parque infantil	=	banco juvenil
playground,balancebeam,parque infantil	=	barra de equilibrio
playground,horizontal_bar,parque infantil	=	barra horizontal
playground,funnel_ball,parque infantil	=	bola de embudo
playground,climbingframe,parque infantil	=	columpio
playground,basketswing,parque infantil	=	columpio de canasta
playground,slide,parque infantil	=	diapositiva
playground,springy,parque infantil	=	elástico
playground,structure,parque infantil	=	estructura
playground,map,parque infantil	=	mapa
playground,sandpit,parque infantil	=	mina de arena
playground,climbingwall,parque infantil	=	muro de escalada
playground,bridge,parque infantil	=	puente
playground,hopscotch,parque infantil	=	rayuela
playground,teenshelter,parque infantil	=	refugio para adolescentes
playground,swing,parque infantil	=	ritmo
playground,roundabout,parque infantil	=	rotonda
playground,splash_pad,parque infantil	=	splash_pad
playground,playhouse,parque infantil	=	teatro
playground,tetherball,parque infantil	=	tetherball
playground,zipwire,parque infantil	=	tirolina
playground,trampoline,parque infantil	=	trampolín
playground,sledding,parque infantil	=	trineo
playground,tunnel_tube,parque infantil	=	tubo de tunel
passenger,international,pasajero	=	internacional
passenger,local,pasajero	=	local
passenger,national,pasajero	=	nacional
passenger,no,pasajero	=	no
passenger,regional,pasajero	=	regional
passenger,suburban,pasajero	=	suburbano
passenger,urban,pasajero	=	urbano
park_ride,hov,paseo del Parque	=	hov
park_ride,no,paseo del Parque	=	no
level_crossing,automatic_barrier,paso a nivel	=	barrera automatica
level_crossing,traffic_signals,paso a nivel	=	Señales de tráfico
level_crossing,uncontrolled,paso a nivel	=	sin control
ice_skates,kluning,patines de hielo	=	kluning
farmyard,stockyard,patio	=	corral de ganado
playground:theme,playground,patio de recreo: tema	=	patio de juegos
heritage,1,patrimonio	=	*
heritage,5,patrimonio	=	*
heritage,6,patrimonio	=	*
heritage,7,patrimonio	=	*
heritage,9,patrimonio	=	*
heritage,10,patrimonio	=	*
heritage:operator,BLfD,patrimonio:operador	=	BLfD
heritage:operator,kons,patrimonio:operador	=	kons
heritage:operator,lfd,patrimonio:operador	=	lfd
heritage:operator,mhs,patrimonio:operador	=	mhs
heritage:operator,nid,patrimonio:operador	=	nido
heritage:operator,nrhp,patrimonio:operador	=	nrhp
heritage:operator,OnroerendErfgoed,patrimonio:operador	=	OnroerendErfgoed
heritage:operator,rce,patrimonio:operador	=	rce
heritage:operator,UntereDenkmalbehörde,patrimonio:operador	=	UntereDenkmalbehörde
tactile_paving,incorrect,pavimento táctil	=	incorrecto
tactile_paving,partial,pavimento táctil	=	parcial
tactile_paving,contrasted,pavimento táctil = contrastado
tactile_paving,no,pavimento_tactil	=	no
toll,no,peaje	=	no
hazard,hole,peligro	=	agujero
hazard,quicksand,peligro	=	arena movediza
hazard,avalanche,peligro	=	avalancha
hazard,low_flying_aircraft,peligro	=	aviones de bajo vuelo
hazard,bump,peligro	=	bulto
hazard,damaged_road,peligro	=	camino dañado
hazard,minefield,peligro	=	campo de minas
hazard,road_narrows,peligro	=	Carretera angosta
hazard,cyclists,peligro	=	ciclistas
hazard,ground_clearance,peligro	=	claridad del piso
hazard,queues_likely,peligro	=	colas probables
hazard,contamination,peligro	=	contaminación
hazard,animal_crossing,peligro	=	cruce de animales
hazard,illegal_crossing,peligro	=	cruce ilegal
hazard,dangerous_junction,peligro	=	cruce peligroso
hazard,curve,peligro	=	curva
hazard,curves,peligro	=	curvas
hazard,landslide,peligro	=	deslizamiento de tierra
hazard,electricity,peligro	=	electricidad
hazard,turn,peligro	=	giro
hazard,loose_gravel,peligro	=	gravilla suelta
hazard,ice,peligro	=	hielo
hazard,horse_riders,peligro	=	jinetes
hazard,washout,peligro	=	lavado
hazard,unexploded_ordnance,peligro	=	munición sin explotar
hazard,fog,peligro	=	niebla
hazard,children,peligro	=	niños
hazard,nuclear,peligro	=	nuclear
hazard,roadworks,peligro	=	obras de carretera
hazard,pedestrians,peligro	=	peatones
hazard,frail_pedestrians,peligro	=	peatones frágiles
hazard,archery_range,peligro	=	rango de arquería
hazard,shooting_range,peligro	=	rango de disparo
hazard,slippery,peligro	=	resbaladizo
hazard,biohazard,peligro	=	riesgo biológico
hazard,falling_rocks,peligro	=	rocas que caen
hazard,roundabout,peligro	=	rotonda
hazard,dip,peligro	=	salsa
hazard,leeches,peligro	=	sanguijuelas
hazard,traffic_signals,peligro	=	Señales de tráfico
hazard,frost_heave,peligro	=	tirón de escarcha
hazard,emergency_vehicles,peligro	=	vehículos de emergencia
hazard,side_winds,peligro	=	vientos laterales
hazard,turns,peligro	=	vueltas
hazard,school_zone,peligro	=	zona escolar
todo,continue,pendiente por hacer = Continuar
boundary,religious_administration,Perímetro	=	administración_religiosa
boundary,administrative,Perímetro	=	administrativo
boundary,water_protection_area,Perímetro	=	área de protección del agua
boundary,protected_area,Perímetro	=	área protegida
boundary,local_authority,Perímetro	=	autoridad local
boundary,forest,Perímetro	=	bosque
boundary,forest_compartment,Perímetro	=	bosque_compartimento
boundary,census,Perímetro	=	censo
boundary,civil,Perímetro	=	civil
boundary,postal_code,Perímetro	=	código postal
boundary,waste_collection,Perímetro	=	coleccion de basura
boundary,forestry_compartment,Perímetro	=	compartimiento_forestal
boundary,administrative_cooperation,Perímetro	=	cooperación administrativa
boundary,disputed,Perímetro	=	cuestionado
boundary,military_district,Perímetro	=	distrito militar
boundary,economic,Perímetro	=	económico
boundary,enclave,Perímetro	=	enclave
boundary,exclave,Perímetro	=	enclave
boundary,historic,Perímetro	=	histórico
boundary,lot,Perímetro	=	lote
boundary,place,Perímetro	=	lugar
boundary,marker,Perímetro	=	marcador
boundary,maritime,Perímetro	=	marítimo
boundary,national,Perímetro	=	nacional
boundary,parcel,Perímetro	=	parcela
boundary,national_park,Perímetro	=	parque Nacional
boundary,regional_park,Perímetro	=	parque regional
boundary,civil_parish,Perímetro	=	parroquia civil
boundary,historic_parish,Perímetro	=	parroquia_histórica
boundary,hazard,Perímetro	=	peligro
boundary,political,Perímetro	=	político
boundary,safety_region,Perímetro	=	región de seguridad
boundary,health,Perímetro	=	salud
boundary,forestry,Perímetro	=	silvicultura
boundary,aboriginal_lands,Perímetro	=	tierras_aborígenes
boundary,treaty,Perímetro	=	tratado
boundary,urban,Perímetro	=	urbano
boundary,fence,Perímetro	=	valla
boundary,vice_county,Perímetro	=	vice condado
boundary,low_emission_zone,Perímetro	=	zona de baja emisión
boundary,limited_traffic_zone,Perímetro	=	zona de tráfico limitado
boundary,special_economic_zone,Perímetro	=	zona economica especial
boundary,border_zone,Perímetro	=	zona fronteriza
boundary,timezone,Perímetro	=	zona horaria
dog,leashed,perro	=	atado
dog,designated,perro	=	designado
dog,no,perro	=	no
dog,unleashed,perro	=	soltado
fishing,licence,pescar	=	licencia
maxweight,*,peso máximo	=	*
maxweight:signed,no,peso máximo: firmado	=	no
boules,boule_de_fort,petanca	=	bola de fuerte
boules,breton,petanca	=	bretón
boules,lyonnaise,petanca	=	Leonesa
boules,bocce,petanca	=	petanca
boules,petanque,petanca	=	petanca
foot,customers,pie	=	clientes
foot,discouraged,pie	=	desanimado
foot,unknown,pie	=	desconocido
foot,designated,pie	=	designado
foot,destination,pie	=	destino
foot,military,pie	=	militar
foot,no,pie	=	no
foot,no_@_(Mo-Su_18:00-07:00),pie	=	no_@_(Lu-Do_18:00-07:00)
foot,official,pie	=	oficial
foot,permissive,pie	=	permisivo
foot,permit,pie	=	permiso
foot,private,pie	=	privado
foot,use_sidepath,pie	=	use_sidepath
building:material,dry_stone,piedra seca como material del edificio
car:parts,custom,piezas de automóvil	=	disfraz
pillar:type,wet_barrel,pilar:tipo	=	barril_mojado
pillar:type,dry_barrel,pilar:tipo	=	barril_seco
pilotage,office,pilotaje	=	oficina
pilotage,boarding_point,pilotaje	=	punto de embarque
swimming_pool,inground,piscina	=	enterrada
swimming_pool,outdoor,piscina	=	exterior
swimming_pool,indoor,piscina=interior
swimming_pool,no,piscina=no
swimming_pool,personal,piscina=personal
swimming_pool,yes,piscina=sí
floor:material,cement,piso: material	=	cemento
floor:material,wood,piso: material	=	madera
piste:difficulty,advanced,pista: dificultad	=	avanzado
piste:difficulty,easy,pista: dificultad	=	fácil
piste:difficulty,intermediate,pista: dificultad	=	intermedio
piste:difficulty,novice,pista: dificultad	=	principiante
piste:grooming,classic,pista: preparación	=	clásico
piste:grooming,classic;skating,pista: preparación	=	clásico; patinaje
piste:grooming,classic+skating,pista: preparación	=	patinaje+clasico
piste:grooming,backcountry,pista: preparación	=	travesía
piste:type,connection,pista: tipo	=	conexión
piste:type,downhill,pista: tipo	=	cuesta abajo
piste:type,nordic,pista: tipo	=	nórdico
piste:type,ski_jump,pista: tipo	=	salto con esquís
piste:type,ski_jump_landing,pista:tipo	=	aterrizaje de salto de esquí
piste:type,hike,pista:tipo	=	caminata
piste:type,skitour,pista:tipo	=	esquí
piste:type,fatbike,pista:tipo	=	fatbike
piste:type,piste:halfpipe,pista:tipo	=	pista: medio tubo
tracks,1,pistas	=	*
plant,tree,planta	=	árbol
plant:type,combined_cycle,planta: tipo	=	ciclo combinado
plant:type,solar_photovoltaic_panel,planta: tipo	=	panel solar fotovoltaico
plant:type,gas_turbine,planta: tipo	=	turbina de gas
plant:type,steam_turbine,planta: tipo	=	turbina de vapor
plant:source,battery,planta:fuente	=	batería
plant:source,biomass,planta:fuente	=	biomasa
plant:source,coal,planta:fuente	=	carbón
plant:source,waste,planta:fuente	=	desperdiciar
plant:source,gas,planta:fuente	=	gas
plant:source,geothermal,planta:fuente	=	geotermia
plant:source,hydro,planta:fuente	=	hidro
plant:source,nuclear,planta:fuente	=	nuclear
plant:source,oil,planta:fuente	=	petróleo
plant:source,solar,planta:fuente	=	solar
plant:source,wind,planta:fuente	=	viento
plant:method,water-storage,planta:método	=	almacenamiento de agua
plant:method,water-pumped-storage,planta:método	=	almacenamiento por bombeo de agua
plant:method,combustion,planta:método	=	combustión
plant:method,run-of-the-river,planta:método	=	corriente del río
plant:method,photovoltaic,planta:método	=	fotovoltaica
plant:method,gasification,planta:método	=	gasificación
plant:method,thermal,planta:método	=	térmico
parking_space,bus,plaza de aparcamiento	=	autobús
parking_space,bicycle,plaza de aparcamiento	=	bicicleta
parking_space,street,plaza de aparcamiento	=	calle
parking_space,caravan,plaza de aparcamiento	=	caravana
parking_space,charging,plaza de aparcamiento	=	cargando
parking_space,customers,plaza de aparcamiento	=	clientes
parking_space,disabled,plaza de aparcamiento	=	desactivado
parking_space,delivery,plaza de aparcamiento	=	entrega
parking_space,normal,plaza de aparcamiento	=	normal
parking_space,parent,plaza de aparcamiento	=	padre
parking_space,staff,plaza de aparcamiento	=	personal
parking_space,private,plaza de aparcamiento	=	privado
parking_space,hgv,plaza de aparcamiento	=	vhg
population,0,población	=	*
population:date,2009,población:fecha	=	*
population:date,2010,población:fecha	=	*
population:date,2017,población:fecha	=	*
population:date,2019,población:fecha	=	*
population:date,2004-12-17,población:fecha	=	*
population:date,2010-10-14,población:fecha	=	*
power,abandoned:tower,poder	=	abandonado: torre
power,cable_distribution_cabinet,poder	=	armario_de_distribución_de_cables
power,razed,poder	=	arrasado
power,busbar,poder	=	barra colectora
power,underground_cable,poder	=	cable subterráneo
power,circuit,poder	=	circuito
power,compensator,poder	=	compensador
power,connection,poder	=	conexión
power,converter,poder	=	convertidor
power,cable_distribution,poder	=	distribución_de_cable
power,station,poder	=	estación
power,heliostat,poder	=	heliostato
power,inverter,poder	=	inversor
power,antenna_line,poder	=	línea de antena
power,marker,poder	=	marcador
power,pole/Gallery,poder	=	polo/Galería
power,circuit_segment,poder	=	segmento de circuito
power,sub_station,poder	=	sub_estación
power,switchgear,poder	=	Subestación de control
power,branch,poder	=	sucursal
power,outlet,poder	=	toma de corriente
power,grounding,poder	=	toma de tierra
power,tower/Gallery,poder	=	torre/Galería
police,academy,policía	=	academia
police,range,policía	=	alcance
police,storage,policía	=	almacenamiento
police,training_area,policía	=	área de entrenamiento
police,naval_base,policía	=	base naval
police,checkpoint,policía	=	control
police,barracks,policía	=	cuartel
police,detention,policía	=	detención
police,car_pound,policía	=	libra de coche
police,offices,policía	=	oficinas
police,car_repair,policía	=	reparación de autos
pole,no,polo	=	no
pole,transition,polo	=	transición
pole:role,*,polo: papel	=	*
by_night,only,por la noche	=	solo
holding_position,ILS,posición de espera	=	ILS
holding_position,intermediate,posición de espera	=	intermedio
holding_position,runway,posición de espera	=	pista
holding_position:type,ILS,posición de espera:tipo	=	ILS
holding_position:type,intermediate,posición de espera:tipo	=	intermedio
holding_position:type,runway,posición de espera:tipo	=	pista
post_box:type,lamp,post_box: tipo	=	lámpara
post_box:type,wall,post_box: tipo	=	pared
post_box:type,pillar,post_box: tipo	=	pilar
guidepost,hiking,poste indicador	=	senderismo
guidepost,simple,poste indicador	=	simple
meadow,agricultural,prado	=	agrícola
meadow,agriculture,prado	=	agricultura
meadow,paddock,prado	=	paddock
meadow,pasture,prado	=	pastar
meadow,meadow_orchard,prado	=	prado_huerto
meadow,transitional,prado	=	transicional
accuracy,10,precisión: metros	=	*
accuracy:meters,10,precisión: metros	=	*
name:prefix,*,prefijo del nombre	=	*
handrail,no,pretil	=	no
priority,local,prioridad	=	local
priority,national,prioridad	=	nacional
priority,regional,prioridad	=	regional
private,employees,privado	=	empleados
private,students,privado	=	estudiantes
private,members,privado	=	miembros
produce,timber,producir	=	madera
product,steel,producto	=	acero
product,food,producto	=	alimento
product,rice,producto	=	arroz
product,sugar,producto	=	azúcar
product,charcoal,producto	=	carbón
product,beer,producto	=	cerveza
product,electronics,producto	=	electrónica
product,packaging,producto	=	embalaje
product,concrete,producto	=	hormigón
product,bricks,producto	=	ladrillos
product,machinery,producto	=	maquinaria
product,viez,producto	=	mira
product,furniture,producto	=	mueble
product,oil,producto	=	petróleo
depth,0,profundidad	=	*
flood_prone,no,propenso a inundarse	=	no
ownership,state,propiedad	=	estado
ownership,municipal,propiedad	=	municipal
ownership,private,propiedad	=	privado
land_property,private,propiedad de la tierra	=	privado
land_property,public,propiedad de la tierra	=	público
proposed,residential,propuesto	=	Residencial
proposed:electrified,contact_line,propuesto: electrificado	=	línea_de_contacto
avalanche_protection,snow_bridge,protección contra avalanchas	=	puente de nieve
protect_class,4,proteger_clase	=	*
protected,perpetuity,protegido	=	perpetuidad
project,opensidewalks,proyecto	=	aceras abiertas
project,OTI_HRI_COSMHA_STM020,proyecto	=	OTI_HRI_COSMHA_STM020
psv,designated,psv	=	designado
psv,no,psv	=	no
advertising,flag,publicidad	=	bandera
advertising,billboard,publicidad	=	cartelera
advertising,column,publicidad	=	columna
advertising,sculpture,publicidad	=	escultura
advertising,board,publicidad	=	junta
advertising,tarp,publicidad	=	lona
advertising,screen,publicidad	=	pantalla
advertising,wall_painting,publicidad	=	pintura mural
advertising,poster_box,publicidad	=	poster_box
advertising,funding_sign,publicidad	=	señal de financiación
advertising,sign,publicidad	=	signo
advertising,totem,publicidad	=	tótem
bridge,abandoned,puente	=	abandonado
bridge,aqueduct,puente	=	acueducto
bridge,simple_brunnel,puente	=	Brunel simple
bridge,trestle,puente	=	caballete
bridge,low_water_crossing,puente	=	cruce_de_aguas_bajas
bridge,covered,puente	=	cubierto
bridge,movable,puente	=	móvil
bridge,no,puente	=	no
bridge,boardwalk,puente	=	paseo marítimo
bridge,drawbridge,puente	=	puente levadizo
bridge,viaduct,puente	=	viaducto
bridge,cantilever,puente	=	viga voladiza
bridge:movable,bascule,puente: móvil	=	báscula
bridge:movable,lift,puente: móvil	=	elevar
bridge:movable,tilt,puente: móvil	=	inclinación
bridge:movable,drawbridge,puente: móvil	=	puente levadizo
bridge:movable,retractable,puente: móvil	=	retráctil
bridge:movable,swing,puente: móvil	=	ritmo
bridge:movable,submersible,puente: móvil	=	sumergible
bridge:movable,transporter,puente: móvil	=	transportador
bridge:support,lift_pier,puente: soporte	=	ascensor muelle
bridge:support,abutment,puente: soporte	=	contrafuerte
bridge:support,pier,puente: soporte	=	muelle
bridge:support,pivot_pier,puente: soporte	=	muelle de pivote
bridge:support,pylon,puente: soporte	=	pilón
bridge:structure,arch,puente:estructura	=	arco
bridge:structure,cable-stayed,puente:estructura	=	atirantado
bridge:structure,truss,puente:estructura	=	braguero
bridge:structure,floating,puente:estructura	=	flotante
bridge:structure,beam,puente:estructura	=	haz
bridge:structure,humpback,puente:estructura	=	jorobado
bridge:structure,suspension,puente:estructura	=	suspensión
bridge:structure,simple-suspension,puente:estructura	=	suspensión simple
door,hinged,puerta	=	con bisagras
door,sliding,puerta	=	corredizo
door,overhead,puerta	=	gastos generales
port,cargo,Puerto	=	carga
port,fishing,Puerto	=	pescar
harbour,marina,puerto	=	puerto pequeño
port,roro,Puerto	=	roró
mountain_pass,*,Puerto de montaña	=	*
harbour:category,shipyard,puerto:categoría	=	astillero
harbour:category,bulk,puerto:categoría	=	bulto
harbour:category,container,puerto:categoría	=	envase
harbour:category,general,puerto:categoría	=	general
harbour:category,industrial,puerto:categoría	=	industrial
harbour:category,military,puerto:categoría	=	militar
harbour:category,passenger,puerto:categoría	=	pasajero
harbour:category,fishing,puerto:categoría	=	pescar
harbour:category,tanker,puerto:categoría	=	petrolero
harbour:category,oil_platform,puerto:categoría	=	plataforma petrolera
harbour:category,seaport,puerto:categoría	=	puerto marítimo
harbour:category,marina,puerto:categoría	=	puerto pequeño
harbour:category,RoRo,puerto:categoría	=	transbordo rodado
harbour:category,ferry,puerto:categoría	=	transportar
harbour:category,tourism,puerto:categoría	=	turismo
harbour:category,yacht,puerto:categoría	=	yate
survey_point:datum_aligned,no,punto de levantamiento:datum alineado	=	no
landmark,spire,punto de referencia	=	aguja
landmark,dish_aerial,punto de referencia	=	antena parabólica
landmark,flare_stack,punto de referencia	=	Antorcha
landmark,flagpole,punto de referencia	=	asta de bandera
landmark,cemetery,punto de referencia	=	cementerio
landmark,chimney,punto de referencia	=	Chimenea
landmark,cross,punto de referencia	=	cruzar
landmark,radar_scanner,punto de referencia	=	escáner de radar
landmark,statue,punto de referencia	=	estatua
landmark,beacon,punto de referencia	=	Faro
landmark,dome,punto de referencia	=	Hazme
landmark,windsock,punto de referencia	=	manga de viento
landmark,mast,punto de referencia	=	mástil
landmark,cairn,punto de referencia	=	mojón
landmark,windmill,punto de referencia	=	molino
landmark,windmotor,punto de referencia	=	motor de viento
landmark,obelisk,punto de referencia	=	obelisco
landmark,pillar,punto de referencia	=	pilar
landmark,rock_pinnacle,punto de referencia	=	pináculo de roca
landmark,memorial_plaque,punto de referencia	=	placa conmemorativa
landmark,large_rock,punto de referencia	=	Roca grande
landmark,tower,punto de referencia	=	torre
survey_point:purpose,horizontal,punto de referencia: propósito	=	horizontal
survey_point:purpose,vertical,punto de referencia: propósito	=	vertical
survey_point:purpose,both,punto de referencia: propósito = ambas orientaciones
survey_point:structure,pin,punto de referencia:estructura	=	alfiler
survey_point:structure,block,punto de referencia:estructura	=	bloquear
survey_point:structure,cut,punto de referencia:estructura	=	Corte
survey_point:structure,beacon,punto de referencia:estructura	=	Faro
survey_point:structure,magnet,punto de referencia:estructura	=	imán
survey_point:structure,medallion,punto de referencia:estructura	=	medallón
survey_point:structure,indented_pin,punto de referencia:estructura	=	pasador con sangría
survey_point:structure,pillar,punto de referencia:estructura	=	pilar
survey_point:structure,plaque,punto de referencia:estructura	=	placa
survey_point:structure,pole,punto de referencia:estructura	=	polo
survey_point:structure,bracket,punto de referencia:estructura	=	soporte
borracha,dinamitera,puxa	=	asturies
raba:id,1100,raba: identificación	=	*
raba:id,1160,raba: identificación	=	*
raba:id,1180,raba: identificación	=	*
raba:id,1190,raba: identificación	=	*
raba:id,1211,raba: identificación	=	*
raba:id,1212,raba: identificación	=	*
raba:id,1300,raba: identificación	=	*
raba:id,1410,raba: identificación	=	*
raba:id,1500,raba: identificación	=	*
raba:id,2000,raba: identificación	=	*
ramp,no,rampa	=	no
ramp,separate,rampa	=	separado
trail_visibility,good,rastro_visibilidad	=	bueno
trail_visibility,excellent,rastro_visibilidad	=	excelente
trail_visibility,horrible,rastro_visibilidad	=	horrible
trail_visibility,intermediate,rastro_visibilidad	=	intermedio
trail_visibility,bad,rastro_visibilidad	=	malo
trail_visibility,no,rastro_visibilidad	=	no
foldable_pie_slice,*,rebanada de pastel plegable	=	*
recycling:glass,no,reciclaje:vidrio	=	no
resource,aggregate,recurso	=	agregar
resource,sand,recurso	=	arena
resource,coal,recurso	=	carbón
resource,gravel,recurso	=	grava
cycle_network,BE-VLG:cycle_highway,red de bicicletas	=	BE-VLG:carretera ciclista
cycle_network,cycle_highway,red de bicicletas	=	ciclovía
cycle_network,US:CA:SF,red de bicicletas	=	EE. UU.: CA: SF
cycle_network,US:NC,red de bicicletas	=	EE. UU.: Carolina del Norte
cycle_network,US:US,red de bicicletas	=	EE. UU.: EE. UU.
cycle_network,US:USA,red de bicicletas	=	EE. UU.: EE. UU.
cycle_network,US:GA,red de bicicletas	=	EE. UU.: Georgia
cycle_network,US:LA:NO,red de bicicletas	=	EE. UU.: LA: NO
cycle_network,US:NM,red de bicicletas	=	EE. UU.: NM
cycle_network,US:NY,red de bicicletas	=	EE. UU.: Nueva York
cycle_network,US:OH,red de bicicletas	=	EE. UU.: OH
cycle_network,US:PA,red de bicicletas	=	EE. UU.: Pensilvania
cycle_network,EuroVelo,red de bicicletas	=	EuroVelo
cycle_network,US,red de bicicletas	=	NOSOTROS
network:wikidata,Q117309,red: wikidata	=	Q117309
network:wikidata,Q614819,red: wikidata	=	Q614819
network:wikipedia,en:Chicago_Transit_Authority,red: wikipedia	=	es:Chicago_Transit_Autoridad
rednap:nodo,no,rednap: nodo	=	no
rednap:grupo,0,rednap:grupo	=	*
ref:colour_tx,white,ref:color_tx	=	blanco
ref:colour_tx,black,ref:color_tx	=	negro
ref:drain_zone,1,ref:drenaje_zona	=	*
ref:opendataparis:domanialit,Alignement,ref:opendataparis:domanialit	=	alineación
ref:opendataparis:domanialit,CIMETIERE,ref:opendataparis:domanialit	=	CIMETIERE
ref:opendataparis:domanialit,JARDIN,ref:opendataparis:domanialit	=	JARDIN
crossing_ref,delineated,referencia de cruce	=	delineado
ref:gsi,*,referencia:gsi	=	*
ref:type,arbrei,referencia:tipo	=	arbrei
waterway,*,"referente a agua,mar,fluvial	=	*"
waterway,ditch,"referente a agua,mar,fluvial	=	abandone"
waterway,spillway,"referente a agua,mar,fluvial	=	aliviadero"
waterway,mooring,"referente a agua,mar,fluvial	=	amarradero"
waterway,swept_area,"referente a agua,mar,fluvial	=	área barrida"
waterway,dredged_area,"referente a agua,mar,fluvial	=	área dragada"
waterway,brook,"referente a agua,mar,fluvial	=	arroyo"
waterway,artificial,"referente a agua,mar,fluvial	=	artificial"
waterway,boatyard,"referente a agua,mar,fluvial	=	astillero"
waterway,floating_barrier,"referente a agua,mar,fluvial	=	barrera flotante"
waterway,fairway,"referente a agua,mar,fluvial	=	calle"
waterway,offshore_field,"referente a agua,mar,fluvial	=	campo costa afuera"
waterway,canal,"referente a agua,mar,fluvial	=	canal"
waterway,derelict_canal,"referente a agua,mar,fluvial	=	canal_abandonado"
waterway,tidal_channel,"referente a agua,mar,fluvial	=	canal_de_marea"
waterway,security_lock,"referente a agua,mar,fluvial	=	Candado de seguridad"
waterway,waterfall,"referente a agua,mar,fluvial	=	cascada"
waterway,riverbed,"referente a agua,mar,fluvial	=	cauce"
waterway,wadi,"referente a agua,mar,fluvial	=	cauce"
waterway,fuel,"referente a agua,mar,fluvial	=	combustible"
waterway,sluice_gate,"referente a agua,mar,fluvial	=	compuerta"
waterway,construction,"referente a agua,mar,fluvial	=	construcción"
waterway,stream,"referente a agua,mar,fluvial	=	corriente"
waterway,drystream,"referente a agua,mar,fluvial	=	corriente seca"
waterway,boat_lift,"referente a agua,mar,fluvial	=	elevador de barcos"
waterway,estuary,"referente a agua,mar,fluvial	=	estuario"
waterway,drain,"referente a agua,mar,fluvial	=	fuga"
waterway,milestone,"referente a agua,mar,fluvial	=	hito"
waterway,lock_gate,"referente a agua,mar,fluvial	=	lock_gate"
waterway,dock,"referente a agua,mar,fluvial	=	muelle"
waterway,riverbank,"referente a agua,mar,fluvial	=	orilla del río"
waterway,fish_pass,"referente a agua,mar,fluvial	=	pase_de_pescado"
waterway,portage,"referente a agua,mar,fluvial	=	porteo"
waterway,deep_well,"referente a agua,mar,fluvial	=	pozo profundo"
waterway,dam,"referente a agua,mar,fluvial	=	presa"
waterway,weir,"referente a agua,mar,fluvial	=	presa"
waterway,check_dam,"referente a agua,mar,fluvial	=	presa de control"
waterway,pressurised,"referente a agua,mar,fluvial	=	presurizado"
waterway,water_point,"referente a agua,mar,fluvial	=	punto de agua"
waterway,turning_point,"referente a agua,mar,fluvial	=	punto de retorno"
waterway,rapids,"referente a agua,mar,fluvial	=	rápidos"
waterway,river,"referente a agua,mar,fluvial	=	río"
waterway,stream_end,"referente a agua,mar,fluvial	=	stream_end"
waterway,soakhole,"referente a agua,mar,fluvial	=	sumidero"
waterway,stream/Archive,"referente a agua,mar,fluvial	=	transmisión/archivo"
waterway,sanitary_dump_station,"referente a agua,mar,fluvial	=	vertedero sanitario"
waterway,seaway,"referente a agua,mar,fluvial	=	vía marítima"
waterway,flowline,"referente a agua,mar,fluvial=gasolinera"
shelter,no,refugio	=	no
shelter_type,field_shelter,refugio_tipo	=	campo_refugio
shelter_type,building,refugio_tipo	=	edificio
shelter_type,lean_to,refugio_tipo	=	inclinarse
shelter_type,gazebo,refugio_tipo	=	Kiosko
shelter_type,pavilion,refugio_tipo	=	pabellón
shelter_type,picnic_shelter,refugio_tipo	=	picnic_refugio
shelter_type,basic_hut,refugio_tipo	=	refugio no atendido sin fuego
shelter_type,weather_shelter,refugio_tipo	=	refugio_del_tiempo
shelter_type,rock_shelter,refugio_tipo	=	refugio_rocoso
shelter_type,sun_shelter,refugio_tipo	=	sol_refugio
shelter_type,public_transport,refugio_tipo	=	transporte público
workrules,DE:EBO,reglas de trabajo	=	DE:EBO
expected_rwn_route_relations,3,relaciones_de_ruta_rwn_esperadas	=	*
religion,animist,religión	=	animista
religion,antoinist,religión	=	antoinista
religion,bahai,religión	=	bahai
religion,Self-Realization_Fellowship,religión	=	Beca de autorrealización
religion,buddhist,religión	=	budista
religion,caodaism,religión	=	caodaísmo
religion,scientologist,religión	=	cienciólogo
religion,confucian,religión	=	confuciano
religion,christian,religión	=	cristiano
religion,spiritualist,religión	=	espiritista
religion,chinese_folk,religión	=	folklore chino
religion,hindu,religión	=	hindú
religion,jain,religión	=	jainista
religion,jewish,religión	=	judío
religion,multifaith,religión	=	multirreligioso
religion,muslim,religión	=	musulmán
religion,none,religión	=	ninguna
religion,pagan,religión	=	pagano
religion,pastafarian,religión	=	pastafari
religion,sikh,religión	=	sij
religion,shinto,religión	=	sintoísmo
religion,taoist,religión	=	taoísta
religion,unitarian_universalist,religión	=	unitario universalista
religion,voodoo,religión	=	vudú
religion,yazidi,religión	=	yazidi
religion,zoroastrian,religión	=	zoroastriano
trailer:type,motorcycle,remolque:tipo	=	motocicleta
car:repair,tuning,reparación de autos	=	Afinación
electronics_repair,phone,reparacion electronica	=	teléfono
repair,assisted_self_service,reparar	=	autoservicio asistido
residential,apartments,Residencial	=	apartamentos
residential,condominium,Residencial	=	condominio
residential,duplex,Residencial	=	dúplex
residential,trailer_park,Residencial	=	parque de remolques
residential,rural,Residencial	=	rural
residential,halting_site,Residencial	=	sitio_detención
residential,terrace,Residencial	=	terraza
residential,single_family,Residencial	=	unifamiliar
residential,university,Residencial	=	Universidad
residential,urban,Residencial	=	urbano
waste,pizza_box,"residuo , basura	=	caja de pizza"
waste,ash,"residuo , basura	=	ceniza"
waste,cigarettes,"residuo , basura	=	cigarrillos"
waste,drugs,"residuo , basura	=	drogas"
waste,rubble,"residuo , basura	=	escombros"
waste,sharps,"residuo , basura	=	objetos punzantes"
waste,organic,"residuo , basura	=	orgánico"
waste,oil,"residuo , basura	=	petróleo"
waste,trash,"residuo , basura = papelera"
waste,mixed,"residuo , basura=aceite"
waste,dog_excrement,residuo = excremento_de_perro
backrest,no,respaldo	=	no
restriction,no_right_turn_on_red,restricción	=	no girar a la derecha en rojo
restriction,no_u_turn,restricción	=	No tu turno
restriction,no_left_turn,restricción	=	no_girar_a_la_izquierda
restriction,no_straight_on,restricción	=	no_straight_on
restriction,no_right_turn,restricción	=	sin giro a la derecha
restriction,only_right_turn,restricción	=	solo_girar_a_la_derecha
restriction,only_left_turn,restricción	=	solo_giro_a la_izquierda
restriction,only_straight_on,restricción	=	solo_recto_en
review,no,revisión	=	no
clothes,vintage,ropa	=	antiguo
clothes,wedding,ropa	=	boda
clothes,sports,ropa	=	Deportes
clothes,luxury,ropa	=	lujo
clothes,fashion,ropa	=	Moda
clothes,motorcycle,ropa	=	motocicleta
clothes,women,ropa	=	mujeres
clothes,women;men,ropa	=	mujeres Hombres
clothes,women;men;children,ropa	=	mujeres;hombres;niños
clothes,underwear,ropa	=	ropa interior
clothes,swimwear,ropa	=	trajes de baño
clothes,uniforms,ropa	=	uniformes
clothes,unisex,ropa	=	unisexo
royal_cypher,EIIR,royal_cypher	=	EIIR
route,emergency_access,ruta	=	acceso_de_emergencia
route,aqueduct,ruta	=	acueducto
route,worship,ruta	=	Adoración
route,bus,ruta	=	autobús
route,bicycle,ruta	=	bicicleta
route,mtb,ruta	=	bicicleta de montaña
route,boat,ruta	=	bote
route,horse,ruta	=	caballo
route,nordic_walking,ruta	=	caminata nórdica
route,waterway,ruta	=	camino acuático
route,canal,ruta	=	canal
route,atv,ruta	=	Canal de televisión británico
route,canoe,ruta	=	canoa
route,share_taxi,ruta	=	compartir_taxi
route,running,ruta	=	corriendo
route,detour,ruta	=	desvío
route,power,ruta	=	energía
route,coach,ruta	=	entrenador
route,ski,ruta	=	esquí
route,evacuation,ruta	=	evacuación
route,railway,ruta	=	ferrocarril
route,funicular,ruta	=	funicular
route,historic,ruta	=	histórico
route,road,ruta	=	la carretera
route,minibus,ruta	=	microbús
route,monorail,ruta	=	monocarril
route,snowmobile,ruta	=	motonieve
route,motorboat,ruta	=	motora
route,ncn,ruta	=	ncn
route,inline_skates,ruta	=	patines en línea
route,foot,ruta	=	pie
route,piste,ruta	=	pista
route,fitness_trail,ruta	=	pista de fitness
route,tracks,ruta	=	pistas
route,hiking,ruta	=	senderismo
route,mudflat_hiking,ruta	=	senderismo marismas
route,subway,ruta	=	subterraneo
route,ferry,ruta	=	transportar
route,tram,ruta	=	tranvía
route,transhumance,ruta	=	trashumancia
route,train,ruta	=	tren
route,light_rail,ruta	=	Tren Ligero
route,trolleybus,ruta	=	trolebús
route,pipeline,ruta	=	tubería
route,ferrata,ruta	=	vía ferrata
route_master,bus,ruta_maestra	=	autobús
sac_scale,demanding_mountain_hiking,saco_escala	=	exigente_montaña_senderismo
sac_scale,demanding_alpine_hiking,saco_escala	=	exigente_senderismo_alpino
sac_scale,mountain_hiking,saco_escala	=	Montañismo
sac_scale,hiking,saco_escala	=	senderismo
sac_scale,alpine_hiking,saco_escala	=	senderismo_alpino
sac_scale,difficult_alpine_hiking,saco_escala	=	senderismo_alpino_difícil
salt,no,sal	=	no
exit,emergency,salida	=	emergencia
departures_board,timetable,salidas a bordo	=	calendario
departures_board,no,salidas a bordo	=	no
departures_board,realtime,salidas a bordo	=	tiempo real
lifeguard,base,Salvavidas	=	base
lifeguard,tower,Salvavidas	=	torre
healthcare:speciality,abortion,sanidad:especialidad	=	aborto
healthcare:speciality,allergology,sanidad:especialidad	=	alergología
healthcare:speciality,blood_check,sanidad:especialidad	=	análisis de sangre
healthcare:speciality,anaesthetics,sanidad:especialidad	=	anestésicos
healthcare:speciality,biology,sanidad:especialidad	=	biología
healthcare:speciality,biochemistry,sanidad:especialidad	=	bioquímica
healthcare:speciality,cardiology,sanidad:especialidad	=	cardiología
healthcare:speciality,surgery,sanidad:especialidad	=	cirugía
healthcare:speciality,cardiac_surgery,sanidad:especialidad	=	cirugía cardíaca
healthcare:speciality,cardiothoracic_surgery,sanidad:especialidad	=	cirugía cardiotorácica
healthcare:speciality,dental_oral_maxillo_facial_surgery,sanidad:especialidad	=	cirugía dental maxilofacial oral
healthcare:speciality,gastroenterological_surgery,sanidad:especialidad	=	cirugía gastroenterológica
healthcare:speciality,maxillofacial_surgery,sanidad:especialidad	=	cirugía Maxilofacial
healthcare:speciality,paediatric_surgery,sanidad:especialidad	=	cirugía pediátrica
healthcare:speciality,plastic_surgery,sanidad:especialidad	=	cirugía plástica
healthcare:speciality,thoracic_surgery,sanidad:especialidad	=	cirugía Torácica
healthcare:speciality,vascular_surgery,sanidad:especialidad	=	Cirugía vascular
healthcare:speciality,community,sanidad:especialidad	=	comunidad
healthcare:speciality,behavior,sanidad:especialidad	=	conducta
healthcare:speciality,body,sanidad:especialidad	=	cuerpo
healthcare:speciality,dentist,sanidad:especialidad	=	dentista
healthcare:speciality,dermatology,sanidad:especialidad	=	dermatología
healthcare:speciality,dermatovenereology,sanidad:especialidad	=	dermatovenereología
healthcare:speciality,emergency,sanidad:especialidad	=	emergencia
healthcare:speciality,endocrinology,sanidad:especialidad	=	endocrinología
healthcare:speciality,infectious_diseases,sanidad:especialidad	=	enfermedades infecciosas
healthcare:speciality,stomatology,sanidad:especialidad	=	estomatología
healthcare:speciality,pharmacology,sanidad:especialidad	=	farmacología
healthcare:speciality,fertility,sanidad:especialidad	=	Fertilidad
healthcare:speciality,physiatry,sanidad:especialidad	=	fisiatría
healthcare:speciality,gastroenterology,sanidad:especialidad	=	gastroenterología
healthcare:speciality,general,sanidad:especialidad	=	general
healthcare:speciality,geriatrics,sanidad:especialidad	=	geriatría
healthcare:speciality,gynaecology,sanidad:especialidad	=	ginecología
healthcare:speciality,haematology,sanidad:especialidad	=	hematología
healthcare:speciality,biological_haematology,sanidad:especialidad	=	hematología biológica
healthcare:speciality,hepatology,sanidad:especialidad	=	hepatología
healthcare:speciality,humanistic,sanidad:especialidad	=	humanista
healthcare:speciality,immunology,sanidad:especialidad	=	inmunología
healthcare:speciality,intensive,sanidad:especialidad	=	intensivo
healthcare:speciality,internal,sanidad:especialidad	=	interno
healthcare:speciality,microbiology,sanidad:especialidad	=	microbiología
healthcare:speciality,nephrology,sanidad:especialidad	=	nefrología
healthcare:speciality,neonatology,sanidad:especialidad	=	neonatología
healthcare:speciality,pulmonology,sanidad:especialidad	=	neumología
healthcare:speciality,neurosurgery,sanidad:especialidad	=	neurocirugía
healthcare:speciality,neurophysiology,sanidad:especialidad	=	neurofisiología
healthcare:speciality,neurology,sanidad:especialidad	=	neurología
healthcare:speciality,neuropsychiatry,sanidad:especialidad	=	neurosiquiatría
healthcare:speciality,nuclear,sanidad:especialidad	=	nuclear
healthcare:speciality,occupational,sanidad:especialidad	=	ocupacional
healthcare:speciality,ophthalmology,sanidad:especialidad	=	oftalmología
healthcare:speciality,oncology,sanidad:especialidad	=	oncología
healthcare:speciality,surgical_oncology,sanidad:especialidad	=	oncología quirúrgica
healthcare:speciality,orthodontics,sanidad:especialidad	=	ortodoncia
healthcare:speciality,orthopaedics,sanidad:especialidad	=	ortopedia
healthcare:speciality,osteopathy,sanidad:especialidad	=	osteópata
healthcare:speciality,otolaryngology,sanidad:especialidad	=	otorrinolaringología
healthcare:speciality,palliative,sanidad:especialidad	=	paliativo
healthcare:speciality,pathology,sanidad:especialidad	=	patología
healthcare:speciality,clinical_pathology,sanidad:especialidad	=	patologia clinica
healthcare:speciality,paediatrics,sanidad:especialidad	=	pediatría
healthcare:speciality,podiatry,sanidad:especialidad	=	podología
healthcare:speciality,proctology,sanidad:especialidad	=	proctología
healthcare:speciality,depth,sanidad:especialidad	=	profundidad
healthcare:speciality,psychiatry,sanidad:especialidad	=	psiquiatría | especialidad:de_salud	=	psiquiatría
healthcare:speciality,child_psychiatry,sanidad:especialidad	=	psiquiatría infantil
healthcare:speciality,chiropractic,sanidad:especialidad	=	quiropráctica
healthcare:speciality,radiology,sanidad:especialidad	=	radiología
healthcare:speciality,diagnostic_radiology,sanidad:especialidad	=	radiología diagnóstica
healthcare:speciality,radiotherapy,sanidad:especialidad	=	radioterapia
healthcare:speciality,rheumatology,sanidad:especialidad	=	reumatología
healthcare:speciality,medical_examination,sanidad:especialidad	=	revisión médica
healthcare:speciality,systemic,sanidad:especialidad	=	sistémico
healthcare:speciality,transplant,sanidad:especialidad	=	trasplante
healthcare:speciality,trauma,sanidad:especialidad	=	traumatólogo
healthcare:speciality,tropical,sanidad:especialidad	=	tropical
healthcare:speciality,urology,sanidad:especialidad	=	urología
healthcare:speciality,vaccination,sanidad:especialidad	=	vacunación
healthcare:speciality,venereology,sanidad:especialidad	=	venereología
sby:bldgtype,Accessory_Structure,sby: tipo de edificio	=	Accesorio_Estructura
sby:bldgtype,Primary_Structure,sby: tipo de edificio	=	Primaria_Estructura
seamark:beacon_cardinal:colour_pattern,horizontal,seamark: beacon cardinal: patrón de color	=	horizontal
seamark:fog_signal:category,horn,seamark: señal de niebla: categoría	=	bocina
seamark:fog_signal:category,bell,seamark: señal de niebla: categoría	=	campana
seamark:fog_signal:category,diaphone,seamark: señal de niebla: categoría	=	diáfono
seamark:fog_signal:category,explosive,seamark: señal de niebla: categoría	=	explosivo
seamark:fog_signal:category,gong,seamark: señal de niebla: categoría	=	gong
seamark:fog_signal:category,nautophone,seamark: señal de niebla: categoría	=	nautófono
seamark:fog_signal:category,whistle,seamark: señal de niebla: categoría	=	silbar
seamark:fog_signal:category,siren,seamark: señal de niebla: categoría	=	sirena
seamark:signal_station_traffic:category,lock,seamark: tráfico de la estación de señales: categoría	=	cerrar
seamark:restricted_area:category,noise_limit,seamark:área restringida:categoría	=	límite de ruido
seamark:restricted_area:category,military,seamark:área restringida:categoría	=	militar
seamark:restricted_area:category,ecological_reserve,seamark:área restringida:categoría	=	reserva ecologica
seamark:restricted_area:category,nature_reserve,seamark:área restringida:categoría	=	reserva natural
seamark:restricted_area:category,no_wake,seamark:área restringida:categoría	=	sin despertar
seamark:restricted_area:category,foul_ground,seamark:área restringida:categoría	=	terreno sucio
seamark:restricted_area:restriction,berthing_restricted,seamark:área restringida:restricción	=	atraque restringido
seamark:restricted_area:restriction,entry_prohibited,seamark:área restringida:restricción	=	entrada prohibida
seamark:restricted_area:restriction,turning_prohibited,seamark:área restringida:restricción	=	giro prohibido
seamark:restricted_area:restriction,no_diving,seamark:área restringida:restricción	=	no bucear
seamark:restricted_area:restriction,no_entry,seamark:área restringida:restricción	=	No hay entrada
seamark:restricted_area:restriction,no_fishing,seamark:área restringida:restricción	=	no pescar
seamark:restricted_area:restriction,restricted_fairway_depth,seamark:área restringida:restricción	=	profundidad de calle restringida
seamark:restricted_area:restriction,overtaking_prohibited,seamark:área restringida:restricción	=	Prohibido adelantar
seamark:restricted_area:restriction,berthing_prohibited,seamark:área restringida:restricción	=	prohibido atracar
seamark:restricted_area:restriction,passing_or_overtaking_prohibited,seamark:área restringida:restricción	=	Prohibido pasar o adelantar
seamark:restricted_area:restriction,no_anchorage,seamark:área restringida:restricción	=	sin anclaje
seamark:restricted_area:restriction,no_anchoring,seamark:área restringida:restricción	=	sin anclaje
seamark:restricted_area:restriction,no_wake,seamark:área restringida:restricción	=	sin despertar
seamark:restricted_area:restriction,no_boating,seamark:área restringida:restricción	=	sin paseos en bote
seamark:restricted_area:restriction,restricted_speed,seamark:área restringida:restricción	=	velocidad restringida
seamark:notice:function,information,seamark:aviso:función	=	información
seamark:notice:function,prohibition,seamark:aviso:función	=	prohibición
seamark:notice:function,recommendation,seamark:aviso:función	=	recomendación
seamark:notice:function,regulation,seamark:aviso:función	=	regulación
seamark:notice:function,restriction,seamark:aviso:función	=	restricción
seamark:notice:system,cevni,seamark:aviso:sistema	=	cevni
seamark:beacon_safe_water:colour,red;white,seamark:baliza agua segura:color	=	rojo blanco
seamark:beacon_safe_water:shape,pile,seamark:baliza agua segura:forma	=	pila
seamark:beacon_safe_water:shape,tower,seamark:baliza agua segura:forma	=	torre
seamark:beacon_cardinal:colour,black;yellow,seamark:baliza cardenal:color	=	amarillo negro
seamark:beacon_cardinal:colour,yellow;black,seamark:baliza cardenal:color	=	amarillo; negro
seamark:beacon_cardinal:colour,yellow;black;yellow,seamark:baliza cardenal:color	=	amarillo;negro;amarillo
seamark:beacon_cardinal:colour,black;yellow;black,seamark:baliza cardenal:color	=	negro;amarillo;negro
seamark:beacon_cardinal:shape,pile,seamark:baliza cardenal:forma	=	pila
seamark:beacon_cardinal:shape,tower,seamark:baliza cardenal:forma	=	torre
seamark:beacon_isolated_danger:shape,stake,seamark:baliza_aislada_peligro:forma	=	apostar
seamark:beacon_lateral:shape,stake,seamark:baliza_lateral:forma	=	apostar
seamark:beacon_safe_water:colour_pattern,vertical,seamark:beacon agua segura:patrón de color	=	vertical
seamark:beacon_special_purpose:category,warning,seamark:beacon propósito especial:categoría	=	advertencia
seamark:beacon_special_purpose:category,cable,seamark:beacon propósito especial:categoría	=	cable
seamark:beacon_special_purpose:category,racing,seamark:beacon propósito especial:categoría	=	carreras
seamark:beacon_special_purpose:category,notice,seamark:beacon propósito especial:categoría	=	darse cuenta
seamark:beacon_special_purpose:category,leading,seamark:beacon propósito especial:categoría	=	principal
seamark:beacon_special_purpose:colour,yellow,seamark:beacon propósito especial:color	=	amarillo
seamark:beacon_special_purpose:colour,blue,seamark:beacon propósito especial:color	=	azul
seamark:beacon_special_purpose:colour,white,seamark:beacon propósito especial:color	=	blanco
seamark:beacon_special_purpose:colour,grey,seamark:beacon propósito especial:color	=	gris
seamark:beacon_special_purpose:colour,orange,seamark:beacon propósito especial:color	=	naranja
seamark:beacon_special_purpose:colour,black,seamark:beacon propósito especial:color	=	negro
seamark:beacon_special_purpose:colour,red,seamark:beacon propósito especial:color	=	rojo
seamark:beacon_special_purpose:colour,green,seamark:beacon propósito especial:color	=	verde
seamark:beacon_special_purpose:shape,lattice,seamark:beacon propósito especial:forma	=	enrejado
seamark:beacon_special_purpose:shape,cairn,seamark:beacon propósito especial:forma	=	mojón
seamark:beacon_special_purpose:shape,pile,seamark:beacon propósito especial:forma	=	pila
seamark:beacon_special_purpose:shape,pole,seamark:beacon propósito especial:forma	=	polo
seamark:beacon_special_purpose:shape,tower,seamark:beacon propósito especial:forma	=	torre
seamark:buoy_isolated_danger:colour_pattern,horizontal,seamark:boya peligro aislado:patrón de color	=	horizontal
seamark:buoy_special_purpose:category,warning,seamark:boya propósito especial:categoría	=	advertencia
seamark:buoy_special_purpose:category,mooring,seamark:boya propósito especial:categoría	=	amarradero
seamark:buoy_special_purpose:category,racing,seamark:boya propósito especial:categoría	=	carreras
seamark:buoy_special_purpose:category,no_entry,seamark:boya propósito especial:categoría	=	No hay entrada
seamark:buoy_special_purpose:category,odas,seamark:boya propósito especial:categoría	=	odas
seamark:buoy_special_purpose:category,recreation_zone,seamark:boya propósito especial:categoría	=	zona de recreo
seamark:buoy_special_purpose:colour,yellow,seamark:boya propósito especial:color	=	amarillo
seamark:buoy_special_purpose:colour,blue,seamark:boya propósito especial:color	=	azul
seamark:buoy_special_purpose:colour,white,seamark:boya propósito especial:color	=	blanco
seamark:buoy_special_purpose:colour,orange,seamark:boya propósito especial:color	=	naranja
seamark:buoy_special_purpose:colour,black,seamark:boya propósito especial:color	=	negro
seamark:buoy_special_purpose:colour,red,seamark:boya propósito especial:color	=	rojo
seamark:buoy_special_purpose:colour,green,seamark:boya propósito especial:color	=	verde
seamark:buoy_special_purpose:shape,barrel,seamark:boya propósito especial:forma	=	barril
seamark:buoy_special_purpose:shape,conical,seamark:boya propósito especial:forma	=	cónico
seamark:buoy_special_purpose:shape,spherical,seamark:boya propósito especial:forma	=	esférico
seamark:buoy_special_purpose:shape,spar,seamark:boya propósito especial:forma	=	espato
seamark:buoy_special_purpose:shape,pillar,seamark:boya propósito especial:forma	=	pilar
seamark:buoy_special_purpose:shape,can,seamark:boya propósito especial:forma	=	puede
seamark:buoy_special_purpose:shape,super-buoy,seamark:boya propósito especial:forma	=	superboya
seamark:buoy_lateral:category,starboard,seamark:boya_lateral:categoría	=	estribor
seamark:buoy_lateral:category,port,seamark:boya_lateral:categoría	=	Puerto
seamark:buoy_lateral:colour,red,seamark:boya_lateral:color	=	rojo
seamark:buoy_lateral:colour,green,seamark:boya_lateral:color	=	verde
seamark:buoy_lateral:system,iala-a,seamark:boya_lateral:sistema	=	iala-a
seamark:buoy_cardinal:colour_pattern,horizontal,seamark:buoy_cardinal:color_patrón	=	horizontal
seamark:cable_submarine:category,power,seamark:cable submarino:categoría	=	poder
seamark:distance_mark:units,kilometres,seamark:distance_mark:unidades	=	kilómetros
seamark:radio_station:category,ais,seamark:emisora de radio:categoria	=	ais
seamark:radio_station:category,chiaka,seamark:emisora de radio:categoria	=	Chiaka
seamark:radio_station:category,public_communication,seamark:emisora de radio:categoria	=	comunicación publica
seamark:radio_station:category,decca,seamark:emisora de radio:categoria	=	deca
seamark:radio_station:category,dgps,seamark:emisora de radio:categoria	=	dgps
seamark:radio_station:category,facsimile,seamark:emisora de radio:categoria	=	facsímil
seamark:radio_station:category,loran,seamark:emisora de radio:categoria	=	loran
seamark:radio_station:category,omega,seamark:emisora de radio:categoria	=	omega
seamark:radio_station:category,time_signal,seamark:emisora de radio:categoria	=	señal de tiempo
seamark:radio_station:category,syledis,seamark:emisora de radio:categoria	=	syledis
seamark:radio_station:category,toran,seamark:emisora de radio:categoria	=	toran
seamark:radio_station:category,commercial_broadcast,seamark:emisora de radio:categoria	=	transmisión comercial
seamark:rescue_station:category,lifeboat,seamark:estación de salvamento:categoría	=	bote salvavidas
seamark:rescue_station:category,lifeboat_on_mooring,seamark:estación de salvamento:categoría	=	bote salvavidas en amarre
seamark:beacon_isolated_danger:colour,black;red;black,"seamark:faro aislado peligro:color	=	negro, rojo, negro"
seamark:beacon_isolated_danger:shape,tower,seamark:faro peligro aislado:forma	=	torre
seamark:beacon_isolated_danger:colour_pattern,horizontal,seamark:faro peligro aislado:patrón de color	=	horizontal
seamark:small_craft_facility:category,pump-out,seamark:instalación para embarcaciones pequeñas:categoría	=	achicar
seamark:small_craft_facility:category,water,seamark:instalación para embarcaciones pequeñas:categoría	=	agua
seamark:small_craft_facility:category,visitor_berth,seamark:instalación para embarcaciones pequeñas:categoría	=	amarre para visitantes
seamark:small_craft_facility:category,boatyard,seamark:instalación para embarcaciones pequeñas:categoría	=	astillero
seamark:small_craft_facility:category,toilets,seamark:instalación para embarcaciones pequeñas:categoría	=	baños
seamark:small_craft_facility:category,nautical_club,seamark:instalación para embarcaciones pequeñas:categoría	=	club náutico
seamark:small_craft_facility:category,showers,seamark:instalación para embarcaciones pequeñas:categoría	=	duchas
seamark:small_craft_facility:category,electricity,seamark:instalación para embarcaciones pequeñas:categoría	=	electricidad
seamark:small_craft_facility:category,fuel_station,seamark:instalación para embarcaciones pequeñas:categoría	=	gasolinera
seamark:small_craft_facility:category,slipway,seamark:instalación para embarcaciones pequeñas:categoría	=	grada
seamark:small_craft_facility:category,water_tap,seamark:instalación para embarcaciones pequeñas:categoría	=	grifo de agua
seamark:small_craft_facility:category,launderette,seamark:instalación para embarcaciones pequeñas:categoría	=	lavandería
seamark:small_craft_facility:category,laundrette,seamark:instalación para embarcaciones pequeñas:categoría	=	lavandería
seamark:small_craft_facility:category,boat_hoist,seamark:instalación para embarcaciones pequeñas:categoría	=	polipasto de barco
seamark:small_craft_facility:category,chandler,seamark:instalación para embarcaciones pequeñas:categoría	=	velero
seamark:navigation_line:category,*,seamark:línea de navegación:categoría	=	*
seamark:shoreline_construction:category,fender,seamark:litoral construcción:categoría	=	defensa
seamark:shoreline_construction:category,training_wall,seamark:litoral construcción:categoría	=	muro de entrenamiento
seamark:shoreline_construction:category,breakwater,seamark:litoral construcción:categoría	=	rompeolas
seamark:shoreline_construction:category,groyne,seamark:litoral construcción:categoría	=	rompeolas
seamark:light:1:category,directional,seamark:luz:1:categoría	=	direccional
seamark:light:1:category,lower,seamark:luz:1:categoría	=	más bajo
seamark:light:1:category,upper,seamark:luz:1:categoría	=	Superior
seamark:light:category,aero,seamark:luz:categoría	=	aerodinámico
seamark:light:category,fog_detector,seamark:luz:categoría	=	detector de niebla
seamark:light:category,directional,seamark:luz:categoría	=	direccional
seamark:light:category,floodlight,seamark:luz:categoría	=	Luz de inundación
seamark:light:category,strip_light,seamark:luz:categoría	=	luz de tira
seamark:light:category,striplight,seamark:luz:categoría	=	luz de tira
seamark:light:category,lower,seamark:luz:categoría	=	más bajo
seamark:light:category,moire,seamark:luz:categoría	=	muaré
seamark:light:category,air_obstruction,seamark:luz:categoría	=	obstrucción de aire
seamark:light:category,front,seamark:luz:categoría	=	parte delantera
seamark:light:category,subsidiary,seamark:luz:categoría	=	subsidiario
seamark:light:category,upper,seamark:luz:categoría	=	Superior
seamark:light:category,rear,seamark:luz:categoría	=	trasero
seamark:light:status,extinguished,seamark:luz:estado	=	extinguido
seamark:light:status,unreliable,seamark:luz:estado	=	no fidedigno
seamark:light:status,private,seamark:luz:estado	=	privado
seamark:light:status,temporary,seamark:luz:estado	=	temporario
seamark:rock:water_level,submerged,seamark:rock:water_level	=	sumergido
seamark:cable_overhead:category,power,seamark:sobrecarga de cable:categoría	=	poder
seamark:cable_overhead:category,telephone,seamark:sobrecarga de cable:categoría	=	teléfono
seamark:cable_overhead:category,transmission,seamark:sobrecarga de cable:categoría	=	transmisión
seamark:radar_transponder:category,ramark,seamark:transpondedor de radar:categoría	=	marca
seamark:radar_transponder:category,racon,seamark:transpondedor de radar:categoría	=	racón
second_hand,only,segunda mano	=	solamente
insurance,health,seguro	=	salud
traffic_signals,pedestrian_crossing,semáforo=cruce de peatones
traffic_sign,AT:52.1,señal de tráfico	=	EN: 52.1
traffic_sign,city_limit,señal de tráfico	=	límite de la ciudad
traffic_sign,variable_message,señal de tráfico	=	mensaje variable
traffic_sign,stop,señal de tráfico	=	parada
traffic_sign,speedometer_test,señal de tráfico	=	prueba de velocímetro
traffic_sign,US:MD:M1-5,señal de tráfico = US:MD:M1-5
traffic_sign,US:R1-1,señal de tráfico = US:R1-1
traffic_sign:forward,DE:325.1,señal de tráfico: adelante	=	DE:325.1
traffic_sign:forward,DE:325.2,señal de tráfico: adelante	=	DE:325.2
traffic_sign:backward,DE:325.1,señal de tráfico: al revés	=	DE:325.1
traffic_sign:backward,DE:325.2,señal de tráfico: al revés	=	DE:325.2
traffic_sign:direction,forward,señal_de_tráfico:dirección	=	delantero
traffic_sign:direction,backward,señal_de_tráfico:dirección	=	hacia atrás
traffic_signals,tram_priority,Señales de tráfico	=	prioridad de tranvía
traffic_signals,traffic_lights,Señales de tráfico	=	semáforos
traffic_signals,signal,Señales de tráfico	=	señal
traffic_signals,continuous_green,Señales de tráfico	=	verde continuo
traffic_signals:direction,both,señales_de_tráfico:dirección	=	ambas cosas
traffic_signals:direction,forward,señales_de_tráfico:dirección	=	delantero
traffic_signals:direction,backward,señales_de_tráfico:dirección	=	hacia atrás
traffic_signals:sound,no,señales_de_tráfico:sonido	=	no
traffic_signals:vibration,no,señales_de_tráfico:vibración	=	no
signpost,forestry_compartment,señalizar	=	compartimento forestal
footway,access_aisle,senda	=	acceso_pasillo
footway,sidewalk,senda	=	acera
footway,both,senda	=	ambas cosas
footway,alley,senda	=	callejón
footway,path,senda	=	camino
footway,crossing,senda	=	cruce
footway,right,senda	=	derecho
footway,link,senda	=	Enlace
footway,traffic_island,senda	=	Isla de tráfico
footway,left,senda	=	izquierda
footway,none,senda	=	ninguno
path,crossing,sendero	=	cruce
service,emergency_access,Servicio	=	acceso_de_emergencia
service,bus,Servicio	=	autobús
service,alley,Servicio	=	callejón
service,driveway2,Servicio	=	calzada2
service,fuel,Servicio	=	combustible
service,aircraft_control,Servicio	=	control de aeronaves
service,dealer,Servicio	=	distribuidor
service,dealer;repair,Servicio	=	distribuidor;reparación
service,driveway,Servicio	=	entrada de coches
service,parking,Servicio	=	estacionamiento
service,parking_aisle,Servicio	=	estacionamiento_pasillo
service,spur,Servicio	=	estimular
service,resource_extraction,Servicio	=	extracción de recursos
service,slipway,Servicio	=	grada
service,irregular,Servicio	=	irregular
service,irrigation,Servicio	=	irrigación
service,tyres,Servicio	=	neumáticos
service,parts,Servicio	=	partes
service,regional,Servicio	=	regional
service,repair,Servicio	=	reparar
service,drive_through,Servicio	=	servicio al carro
service,drive-through,Servicio	=	servicio al carro
service,crossover,Servicio	=	Transversal
service,utility,Servicio	=	utilidad
service,pipestem,Servicio	=	vástago de tubería
service,busway,Servicio	=	vía de autobús
service,siding,Servicio	=	vía muerta
service,commuter,Servicio	=	viajero diario al trabajo
service,yard,Servicio	=	yarda
service,rest_area,Servicio	=	zona de descanso
drive_through,no,servicio al carro	=	no
emergency_service,technical,servicio de emergencia	=	técnico
military_service,*,servicio militar	=	*
military_service,navy,servicio militar	=	Armada
military_service,army,servicio militar	=	ejército
military_service,air_force,servicio militar	=	fuerza Aerea
military_service,coast_guard,servicio militar	=	guardacostas
military_service,marines,servicio militar	=	infantería de marina
NHS,Interstate,Servicio Nacional de Salud	=	Interestatal
NHS,STRAHNET,Servicio Nacional de Salud	=	STRAHNET
winter_service,no,servicio_de_invierno	=	no
seveso,seuil_haut,severo	=	seuil alto
seveso,seuil_bas,severo	=	seuil bas
wheelchair,designated,silla de ruedas	=	designado
wheelchair,limited,silla de ruedas	=	limitado
wheelchair,no,silla de ruedas	=	no
wheelchair,yes/no,silla de ruedas	=	sí No
wheelchair,unknown,silla de ruedas= adaptado? Información desconocida
symbol,Liegende gelbe Raute auf weißem Grund,símbolo=Liegende gelbe Raute auf weißem Grund
noexit,no,Sin salida	=	no
site,mall,sitio	=	centro comercial
site,parking,sitio	=	estacionamiento
site,venue,sitio	=	evento
site,geodesic,sitio	=	geodésico
site,wind_farm,sitio	=	Granja eólica
site,stop_area,sitio	=	parada_área
site,piste,sitio	=	pista
archaeological_site,settlement,sitio arqueológico	=	asentamiento
archaeological_site,baths,sitio arqueológico	=	balneario
archaeological_site,grave_field,sitio arqueológico	=	campo de tumbas
archaeological_site,hut_circle,sitio arqueológico	=	choza círculo
archaeological_site,roman_circus,sitio arqueológico	=	circo romano
archaeological_site,city,sitio arqueológico	=	ciudad
archaeological_site,desert_kite,sitio arqueológico	=	cometa del desierto
archaeological_site,crannog,sitio arqueológico	=	crannog
archaeological_site,fortification,sitio arqueológico	=	fortificación
archaeological_site,megalith,sitio arqueológico	=	megalito
archaeological_site,minilith,sitio arqueológico	=	minilito
archaeological_site,necropolis,sitio arqueológico	=	necrópolis
archaeological_site,petroglyph,sitio arqueológico	=	petroglifo
archaeological_site,enclosure,sitio arqueológico	=	recinto
archaeological_site,field_system,sitio arqueológico	=	sistema de campo
archaeological_site,tumulus,sitio arqueológico	=	túmulo
archaeological_site,roman_villa,sitio arqueológico	=	villa romana
caravan_site,motorhome_stopover,sitio de caravanas	=	escala de autocaravanas
social_facility:for,disabled,social_facility:para	=	desactivado
social_facility:for,juvenile,social_facility:para	=	juvenil
social_facility:for,child,social_facility:para	=	niño
social_facility:for,mental_health,social_facility:para	=	salud mental
social_facility:for,senior,social_facility:para	=	sénior
social_facility:for,homeless,social_facility:para	=	Vagabundo
actuator,hydraulic_cylinder,solenoide	=	Cilindro hidráulico
actuator,pneumatic_cylinder,solenoide	=	cilindro neumático
actuator,manual,solenoide	=	manual
actuator,electric_motor,solenoide	=	motor eléctrico
support,tree,soporte	=	árbol
support,wire,soporte	=	cable
support,trunk,soporte	=	maletero
support,ornamental,soporte	=	ornamental
support,wall,soporte	=	pared
support,pedestal,soporte	=	pedestal
support,pole,soporte	=	polo
support,power_pole,soporte	=	poste de energía
support,poles,soporte	=	postes
support,post,soporte	=	publicar
support,street_furniture:transit_shelter,soporte	=	street_furniture:transit_shelter
support,ground,soporte	=	terrestre
support,wall_mounted,soporte= montado en la pared
ssr:type,bruk,ssr: tipo	=	Bruk
STIF:zone,5,STIF:zona	=	*
stop,minor,stop = menor
stop,all,stop = todos 
smoothness,good,suavidad	=	bueno
smoothness,intermediate,suavidad	=	enterrar
smoothness,excellent,suavidad	=	excelente
smoothness,horrible,suavidad	=	horrible
smoothness,impassable,suavidad	=	infranqueable
smoothness,bad,suavidad	=	malo
smoothness,very_horrible,suavidad	=	muy horrible
smoothness,very_bad,suavidad	=	muy mal
substation,compensation,subestación	=	compensación
substation,compression,subestación	=	compresión
substation,converter,subestación	=	convertidor
substation,distribution,subestación	=	distribución
substation,minor_distribution,subestación	=	distribución_menor
substation,generation,subestación	=	generación
substation,industrial,subestación	=	industrial
substation,measurement,subestación	=	medición
substation,traction,subestación	=	tracción
substation,transition,subestación	=	transición
substation,transmission,subestación	=	transmisión
sub_sea,reef,submarino	=	arrecife
sinkhole,bluehole,sumidero	=	agujero azul
sinkhole,doline,sumidero	=	dolina
sinkhole,estavelle,sumidero	=	estavelle
sinkhole,pit,sumidero	=	foso
sinkhole,ponor,sumidero	=	ponor
ale_supply,limited,suministro de cerveza	=	limitado
surface,acrylic,superficie	=	acrílico
surface,cobblestone:flattened,superficie	=	adoquín: aplanado
surface,paving_stones,superficie	=	adoquines
surface,unhewn_cobblestone,superficie	=	adoquines sin tallar
surface,paving_stones:20,superficie	=	adoquines: 20
surface,carpet,superficie	=	alfombra
surface,clay,superficie	=	arcilla
surface,sand,superficie	=	arena
surface,sett,superficie	=	asentar
surface,woodchips,superficie	=	astillas de madera
surface,bitmac,superficie	=	bitmac
surface,ice_road,superficie	=	camino de hielo
surface,rubber,superficie	=	caucho
surface,cement,superficie	=	cemento
surface,artificial_turf,superficie	=	césped artificial
surface,hard,superficie	=	duro
surface,plastic,superficie	=	el plastico
surface,interlock,superficie	=	entrelazar
surface,granite,superficie	=	granito
surface,gravel,superficie	=	grava
surface,fine_gravel,superficie	=	grava_fina
surface,cobblestone,superficie	=	guijarro
surface,pebblestone,superficie	=	guijarro
surface,ice,superficie	=	hielo
surface,concrete:plates,superficie	=	hormigón:placas
surface,brick,superficie	=	ladrillo
surface,bricks,superficie	=	ladrillos
surface,mud,superficie	=	lodo
surface,wood,superficie	=	madera
surface,metal,superficie	=	metal
surface,snow,superficie	=	nieve
surface,grass_paver,superficie	=	pavimentadora_hierba
surface,roman_paving,superficie	=	pavimento romano
surface,stepping_stones,superficie	=	peldaños
surface,stone,superficie	=	piedra
surface,tarmac,superficie	=	pista
surface,metal_grid,superficie	=	rejilla_metalica
surface,rock,superficie	=	roca
surface,rocks,superficie	=	rocas
surface,rocky,superficie	=	rocoso
surface,chipseal,superficie	=	sello de chip
surface,trail,superficie	=	sendero
surface,unpaved_minor,superficie	=	sin pavimentar_menor
surface,dirt,superficie	=	suciedad
surface,tarmacadam,superficie	=	tarmacadam
surface,tartan,superficie	=	tartán
surface,ground,superficie	=	terrestre
surface,earth,superficie	=	tierra
surface,soil,superficie	=	tierra
surface,dirt/sand,superficie	=	tierra/arena
surface,compacted,superficie = compactado
surface,concrete:lanes,superficie = hormigón:carriles
surface:colour,red,superficie:color=rojo
surface:grade,3,superficie:grado	=	*
supervised,no,supervisado	=	no
substance,oil,sustancia	=	aceite
substance,water,sustancia	=	agua
substance,hot_water,sustancia	=	agua caliente
substance,rainwater,sustancia	=	agua de lluvia
substance,sewage,sustancia	=	aguas residuales
substance,wastewater,sustancia	=	aguas residuales
substance,fuel,sustancia	=	combustible
substance,gas,sustancia	=	gas
substance,CNG,sustancia	=	GNC
substance,LNG,sustancia	=	GNL
substance,waterwaste,sustancia = agua residual
map_size,region,Tamaño de mapa	=	región
map_size,site,Tamaño de mapa	=	sitio
fee,no,tarifa	=	no
taxon,Aesculus_hippocastanum,taxón	=	Aesculus_hippocastanum
taxon,Acer_platanoides,taxón = Acer_platanoides
taxon:family,Arecaceae,taxón: familia	=	arecáceas
theatre:type,amphi,teatro: tipo	=	amphi
theatre:genre,philharmonic,teatro:género	=	filarmónico
theatre:type,open_air,teatro:tipo	=	aire libre
theatre:type,concert_hall,teatro:tipo	=	sala de conciertos
theatre:type,opera_house,teatro:tipo	=	teatro de la Ópera
roof:height,1,techo: altura	=	*
roof:height,2,techo: altura	=	*
roof:height,3,techo: altura	=	*
roof:height,4,techo: altura	=	*
roof:height,5,techo: altura	=	*
roof:height,0.5,techo: altura	=	*
roof:height,1.5,techo: altura	=	*
roof:height,2.5,techo: altura	=	*
roof:downpipe,no,techo: bajante	=	no
roof:colour,#938870,techo: color	=	*
roof:shape,2_face_(pitched),techo: forma	=	2_cara_(inclinada)
roof:shape,2_faces_(pitched),techo: forma	=	2_caras_(inclinadas)
roof:shape,3dr,techo: forma	=	3dr
roof:shape,hipped,techo: forma	=	a cuatro aguas
roof:shape,gabled,techo: forma	=	a dos aguas
roof:shape,half-hipped,techo: forma	=	a media cadera
roof:shape,gambrel,techo: forma	=	abucheo
roof:shape,mansard,techo: forma	=	buhardilla
roof:shape,onion,techo: forma	=	cebolla
roof:shape,shed,techo: forma	=	cobertizo
roof:shape,double_saltbox,techo: forma	=	doble_saltbox
roof:shape,gabled_row,techo: forma	=	gabled_row
roof:shape,pitched,techo: forma	=	inclinado
roof:shape,sloped,techo: forma	=	inclinado
roof:shape,lean_to,techo: forma	=	inclinarse
roof:shape,mixed,techo: forma	=	mezclado
roof:shape,many,techo: forma	=	muchos
roof:shape,pyramidal,techo: forma	=	piramidal
roof:shape,flat,techo: forma	=	plano
roof:shape,quadruple_saltbox,techo: forma	=	quadruple_saltbox
roof:material,asbestos,techo: material	=	amianto
roof:material,asphalt,techo: material	=	asfalto
roof:material,cgi,techo: material	=	cgi
roof:material,copper,techo: material	=	cobre
roof:material,plastic,techo: material	=	el plastico
roof:material,tin,techo: material	=	estaño
roof:material,eternit,techo: material	=	eterno
roof:material,gravel,techo: material	=	grava
roof:material,grass,techo: material	=	hierba
roof:material,concrete,techo: material	=	hormigón
roof:material,metal_sheet,techo: material	=	lámina de metal
roof:material,tiles,techo: material	=	losas
roof:material,wood,techo: material	=	madera
roof:material,metal,techo: material	=	metal
roof:material,metal_sheet,techo: material	=	metal_chapa
roof:material,thatch,techo: material	=	paja
roof:material,tar_paper,techo: material	=	papel de alquitrán
roof:material,stone,techo: material	=	piedra
roof:material,slate,techo: material	=	pizarra
roof:material,rcc,techo: material	=	rcc
roof:material,tile,techo: material	=	teja
roof:material,roof_tiles,techo: material	=	tejas
roof:material,glass,techo: material	=	vidrio
roof:material,zink,techo: material	=	zinc
roof:orientation,along,techo: orientación	=	a lo largo de
roof:orientation,across,techo: orientación	=	recto de
roof:shape,saltbox,techo:forma	=	caja de sal
roof:shape,side_hipped,techo:forma	=	de costado
roof:shape,skillion,techo:forma	=	habilidad
roof:shape,dome,techo:forma	=	Hazme
roof:shape,half_hipped,techo:forma	=	medio cadera
roof:shape,round,techo:forma	=	redondo
roof:levels,0,techo:niveles	=	*
roof:levels,1,techo:niveles	=	*
roof:levels,2,techo:niveles	=	*
roof:levels,0.5,techo:niveles	=	*
roof:levels,0.8,techo:niveles	=	*
roof:levels,1.5,techo:niveles	=	*
roof:orientation:compass,N-S,techo:orientación:brújula	=	N-S
telecom,antenna,telecomunicaciones	=	antena
telecom,outdoor_dslam,telecomunicaciones	=	baile al aire libre
telecom,data_center,telecomunicaciones	=	centro de datos
telecom,data_centre,telecomunicaciones	=	centro de datos
telecom,datacenter,telecomunicaciones	=	centro de datos
telecom,cross-connect,telecomunicaciones	=	conexión cruzada
telecom,service_device,telecomunicaciones	=	dispositivo de servicio
telecom,street_cabinet,telecomunicaciones	=	gabinete de la calle
telecom,exchange,telecomunicaciones	=	intercambio
telecom,central_office,telecomunicaciones	=	oficina central
telecom,pole,telecomunicaciones	=	polo
telecom,connection_point,telecomunicaciones	=	punto de conexión
telecom,distribution_point,telecomunicaciones	=	punto de distribución
telecom,remote_digital_terminal,telecomunicaciones	=	terminal digital remoto
telecom,remote_terminal,telecomunicaciones	=	terminal remota
telecom:medium,coaxial,telecomunicaciones: medio	=	coaxial
telecom:medium,copper,telecomunicaciones: medio	=	cobre
telecom:medium,fibre,telecomunicaciones: medio	=	fibra
contact:phone,+7_800_2347000,teléfono de contacto	=	*
telescope:type,optical,telescopio:tipo	=	óptico
telescope:type,radio,telescopio:tipo	=	radio
artwork_subject,sheela-na-gig,tema de la obra de arte	=	sheela-na-concierto
subject:wikidata,Q30,tema:wikidata=Q30
subject,United States,tema=Estados Unidos
embankment,dyke,terraplén	=	dique
recreation_ground,showground,terreno de recreo	=	recinto ferial
teryt:updated_by,teryt2osm_combine.py_v._43,teryt:actualizado_por	=	teryt2osm_combine.py_v._43
teryt:rm,1,teryt:rm	=	*
teryt:stan_na,2009-01-01,teryt:stan_na	=	*
thc:designation,Historical Marker,thc:designación Marcador histórico 
leisure,arena,tiempo libre	=	arena
leisure,dance,tiempo libre	=	bailar
leisure,dancing,tiempo libre	=	baile
leisure,hot_tub,tiempo libre	=	Bañera de hidromasaje
leisure,foot_bath,tiempo libre	=	Baño de pies
leisure,turkish_bath,tiempo libre	=	baño turco
leisure,bbq,tiempo libre	=	barbacoa
leisure,Red_Light_District,tiempo libre	=	Barrio rojo
leisure,wellness,tiempo libre	=	bienestar
leisure,bowling_alley,tiempo libre	=	bolera
leisure,sunbathing,tiempo libre	=	broncearse
leisure,summer_camp,tiempo libre	=	campamento de verano
leisure,disc_golf_course,tiempo libre	=	campo de golf de disco
leisure,practice_pitch,tiempo libre	=	campo de práctica
leisure,shooting_ground,tiempo libre	=	campo de tiro
leisure,club_house,tiempo libre	=	casa club
leisure,casino,tiempo libre	=	casino
leisure,adult_gaming_centre,tiempo libre	=	centro de juegos para adultos
leisure,recreation_centre,tiempo libre	=	centro de recreación
leisure,club,tiempo libre	=	club
leisure,sailing_club,tiempo libre	=	Club Náutico
leisure,social_club,tiempo libre	=	Club Social
leisure,village_swing,tiempo libre	=	columpio del pueblo
leisure,barefoot,tiempo libre	=	descalzo
leisure,wildlife_hide,tiempo libre	=	escondite de vida silvestre
leisure,hackerspace,tiempo libre	=	espacio hacker
leisure,events,tiempo libre	=	eventos
leisure,soccer_golf,tiempo libre	=	golf de futbol
leisure,gambling,tiempo libre	=	juego
leisure,escape_game,tiempo libre	=	juego de escape
leisure,indoor_play,tiempo libre	=	juego de interior
leisure,maze,tiempo libre	=	laberinto
leisure,axe_throwing,tiempo libre	=	lanzamiento de hacha
leisure,bathing_place,tiempo libre	=	lugar de baño
leisure,music_venue,tiempo libre	=	lugar de música
leisure,table_tennis_table,tiempo libre	=	mesa de tennis
leisure,miniature_golf,tiempo libre	=	mini golf
leisure,parklet,tiempo libre	=	parklet
leisure,ski_playground,tiempo libre	=	parque de esquí
leisure,trampoline_park,tiempo libre	=	parque de trampolines
leisure,schoolyard,tiempo libre	=	patio
leisure,picnic,tiempo libre	=	picnic
leisure,bird_hide,tiempo libre	=	piel de pájaro
leisure,paddling_pool,tiempo libre	=	piscina infantil
leisure,ice_rink,tiempo libre	=	Pista de hielo
leisure,beach,tiempo libre	=	playa
leisure,hot_spring,tiempo libre	=	primavera calurosa
leisure,bandstand,tiempo libre	=	quiosco de música
leisure,landscape_reserve,tiempo libre	=	reserva paisajística
leisure,bingo_hall,tiempo libre	=	sala de bingo
leisure,amusement_arcade,tiempo libre	=	sala de juegos
leisure,video_arcade,tiempo libre	=	sala de videojuegos
leisure,tanning_salon,tiempo libre	=	Salón de bronceado
leisure,picnic_site,tiempo libre	=	sitio de picnic
leisure,festival_grounds,tiempo libre	=	terrenos del festival
leisure,swimming_area,tiempo libre	=	zona de baño
collection_times,Mo-Fr_08:00,tiempos_de_colección	=	lun-vie_08:00
collection_times,Mo-Fr_09:00;_Sa_07:00,tiempos_de_colección	=	lun-vie_09:00;_sáb_07:00
shop,*,tienda	=	*
shop,ship_chandler,tienda	=	abastecedor de buques
shop,accessories,tienda	=	accesorios
shop,fashion_accesories,tienda	=	accesorios de moda
shop,adult,tienda	=	adulto
shop,travel_agency,tienda	=	agencia de viajes
shop,estate_agent,tienda	=	agente inmobiliario
shop,agrarian,tienda	=	agrario
shop,water,tienda	=	agua
shop,swimming_pool,tienda	=	alberca
shop,alcohol,tienda	=	alcohol
shop,carpet,tienda	=	alfombra
shop,food,tienda	=	alimento
shop,frozen_food,tienda	=	alimentos congelados
shop,Alko,tienda	=	Alko
shop,general_store,tienda	=	almacén general
shop,rental,tienda	=	alquiler
shop,canoe_hire,tienda	=	alquiler de canoas
shop,tool_hire,tienda	=	alquiler de herramientas
shop,plant_hire,tienda	=	alquiler de plantas
shop,storage_rental,tienda	=	alquiler_de_almacenamiento
shop,anime,tienda	=	animado
shop,antiques,tienda	=	antigüedades-anticuario
shop,antique,tienda	=	antiguo
shop,appliance,tienda	=	aparato
shop,betting,tienda	=	apuesta
shop,weapons,tienda	=	armas
shop,firearms,tienda	=	armas de fuego
shop,rice,tienda	=	arroz
shop,art,tienda	=	Arte
shop,craft,tienda	=	artesanía
shop,houseware,tienda	=	artículos para el hogar
shop,pet_grooming,tienda	=	aseo_de_mascotas
shop,vacuum_cleaner,tienda	=	aspiradora
shop,hearing_aids,tienda	=	audífonos
shop,audiologist,tienda	=	audiólogo
shop,motorsports,tienda	=	automovilismo
shop,auto_parts,tienda	=	autopartes
shop,outpost,tienda	=	avanzada
shop,baby_goods,tienda	=	baby_goods
shop,bbq,tienda	=	barbacoa
shop,kitchenware,tienda	=	batería de cocina
shop,beverages,tienda	=	bebidas
shop,beauty,tienda	=	belleza
shop,bicycle,tienda	=	bicicleta
shop,wellness,tienda	=	bienestar
shop,ticket,tienda	=	boleto
shop,bag/proposal,tienda	=	bolsa/propuesta
shop,bag,tienda	=	bolso
shop,boat,tienda	=	bote
shop,boutique,tienda	=	boutique
shop,diy,tienda	=	bricolaje
shop,dive,tienda	=	bucear
shop,coffee,tienda	=	café
shop,cafe,tienda	=	cafetería
shop,bed,tienda	=	cama
shop,camera,tienda	=	cámara
shop,truck,tienda	=	camión
shop,cannabis,tienda	=	canabis
shop,atv,tienda	=	Canal de televisión británico
shop,caravan,tienda	=	caravana
shop,charity,tienda	=	caridad
shop,butcher,tienda	=	carnicero
shop,golf_cart,tienda	=	carro de golf
shop,mobile_home,tienda	=	casa móvil
shop,manufactured_home,tienda	=	casa prefabricada
shop,motorhome,tienda	=	casa rodante
shop,hunting,tienda	=	caza
shop,mall,tienda	=	centro comercial
shop,shopping_centre,tienda	=	centro comercial
shop,garden_centre,tienda	=	centro_jardineria
shop,ceramics,tienda	=	cerámica
shop,pottery,tienda	=	cerámica
shop,locksmith,tienda	=	cerrajero
shop,fireplace,tienda	=	chimenea
shop,chocolate,tienda	=	chocolate
shop,e-cigarette,tienda	=	cigarrillo electrónico
shop,hvac,tienda	=	climatización
shop,car,tienda	=	coche
shop,kitchen,tienda	=	cocina
shop,collector,tienda	=	coleccionista
shop,fuel,tienda	=	combustible
shop,trade,tienda	=	comercio
shop,fast_food,tienda	=	comida rápida
shop,health_food,tienda	=	Comida saludable
shop,gold_buyer,tienda	=	comprador de oro
shop,computer,tienda	=	computadora
shop,confectionery,tienda	=	confitería
shop,pest_control,tienda	=	control de plagas
shop,convenience,tienda	=	conveniencia
shop,convenience;gas,tienda	=	conveniencia; gas
shop,copyshop,tienda	=	copistería
shop,bookmaker,tienda	=	corredor de apuestas
shop,curtain,tienda	=	cortina
shop,leather,tienda	=	cuero
shop,baby_care,tienda	=	cuidado del bebé
shop,hifi,tienda	=	de alta fidelidad
shop,interior_decoration,tienda	=	decoración de interiores
shop,dentures,tienda	=	dentadura postiza
shop,sports,tienda	=	Deportes
shop,water_sports,tienda	=	Deportes acuáticos
shop,junk_yard,tienda	=	depósito de chatarra
shop,discount,tienda	=	descuento
shop,funeral_directors,tienda	=	directores_funerarios
shop,hearing_aid_dispenser,tienda	=	dispensador de audífonos
shop,equestrian,tienda	=	ecuestre
shop,electrical,tienda	=	eléctrico
shop,electronics,tienda	=	electrónica
shop,lighting,tienda	=	Encendiendo
shop,energy,tienda	=	energía
shop,tickets,tienda	=	Entradas
shop,outdoor_power_equipment,tienda	=	equipo de energía al aire libre
shop,erotic,tienda	=	erótico
shop,stairs,tienda	=	escaleras
shop,esoteric,tienda	=	esotérico
shop,spices,tienda	=	especias
shop,ski,tienda	=	esquí
shop,photo_studio,tienda	=	estudio fotográfico
shop,military_surplus,tienda	=	excedente militar
shop,outdoor,tienda	=	exterior
shop,pharmacy,tienda	=	farmacia
shop,hardware,tienda	=	ferretería
shop,deli,tienda	=	fiambres
shop,party,tienda	=	fiesta
shop,flower,tienda	=	flor
shop,flowers,tienda	=	flores
shop,florist,tienda	=	florista
shop,photo,tienda	=	foto
shop,photography,tienda	=	fotografía
shop,fireworks,tienda	=	fuegos artificiales
shop,gallery,tienda	=	galería
shop,gas,tienda	=	gas
shop,general,tienda	=	general
shop,golf,tienda	=	golf
shop,department_store,tienda	=	grandes almacenes
shop,farm,tienda	=	granja
shop,doityourself,tienda	=	hazlo tu mismo
shop,ice_cream,tienda	=	helado
shop,herbalist,tienda	=	herbalorario
shop,tools,tienda	=	herramientas
shop,hydroponics,tienda	=	hidroponia
shop,furnace,tienda	=	horno
shop,printing,tienda	=	impresión
shop,3d_printing,tienda	=	Impresión 3d
shop,musical_instrument,tienda	=	instrumento musical
shop,musical_instruments,tienda	=	instrumentos musicales
shop,ham,tienda	=	jamón
shop,jewelry,tienda	=	joyas
shop,jewellery,tienda	=	joyería
shop,gambling,tienda	=	juego
shop,games,tienda	=	juegos
shop,toy,tienda	=	juguete
shop,toys,tienda	=	juguetes
shop,dairy,tienda	=	lácteos
shop,winery,tienda	=	lagar
shop,lamps,tienda	=	lamparas
shop,wool,tienda	=	lana
shop,laundromat,tienda	=	lavandería
shop,books,tienda	=	libros
shop,dry_cleaning,tienda	=	Limpieza en seco
shop,call_shop,tienda	=	locutorio
shop,tiles,tienda	=	losas
shop,lottery,tienda	=	lotería
shop,groundskeeping,tienda	=	mantenimiento de jardines
shop,maps,tienda	=	mapas
shop,business_machines,tienda	=	maquinas comerciales
shop,frame,tienda	=	marco
shop,marine,tienda	=	marina
shop,seafood,tienda	=	mariscos
shop,massage,tienda	=	masaje
shop,pet,tienda	=	mascota
shop,office_supplies,tienda	=	material de oficina
shop,building_materials,tienda	=	materiales de construcción
shop,medical,tienda	=	médico
shop,haberdashery,tienda	=	mercería
shop,sewing,tienda	=	mercería
shop,snack,tienda	=	merienda
shop,honey,tienda	=	miel
shop,fashion,tienda	=	Moda
shop,fashion_accessories,tienda	=	Moda_accesorios
shop,model,tienda	=	modelo
shop,jetski,tienda	=	moto acuática
shop,motorcycle,tienda	=	motocicleta
shop,snowmobile,tienda	=	motonieve
shop,garden_furniture,tienda	=	Mueble de jardín
shop,furniture,tienda	=	muebles
shop,bathroom_furnishing,tienda	=	muebles_de_baño
shop,music,tienda	=	música
shop,hookah,tienda	=	narguile
shop,surf,tienda	=	navegar
shop,tyres,tienda	=	neumáticos
shop,no,tienda	=	no
shop,nuts,tienda	=	nueces
shop,new_age,tienda	=	nueva era
shop,optician,tienda	=	óptico
shop,organic,tienda	=	orgánico
shop,country_store,tienda	=	país_tienda
shop,bakery,tienda	=	panadería
shop,stationery,tienda	=	papelería
shop,grill,tienda	=	parrilla
shop,motorcycle_parts,tienda	=	partes de motocicleta
shop,boat_parts,tienda	=	partes del barco
shop,hobby,tienda	=	pasatiempo
shop,pasta,tienda	=	pasta
shop,pastry,tienda	=	Pastelería
shop,skate,tienda	=	patinar
shop,wigs,tienda	=	pelucas
shop,hairdresser_supply,tienda	=	peluquería_suministros
shop,hairdresser,tienda	=	peluquero
shop,pépinière,tienda	=	pépiniere
shop,perfumery,tienda	=	perfumería
shop,window_blind,tienda	=	persiana de la ventana
shop,fishmonger,tienda	=	pescadero
shop,fishing,tienda	=	pescar
shop,fish,tienda	=	pez
shop,car_parts,tienda	=	piezas de automóvil
shop,spare_parts,tienda	=	piezas de repuesto
shop,paint,tienda	=	pintar
shop,pyrotechnics,tienda	=	pirotécnica
shop,flooring,tienda	=	piso
shop,gun,tienda	=	pistola
shop,guns,tienda	=	pistolas
shop,money_lender,tienda	=	prestamista
shop,moneylender,tienda	=	prestamista
shop,pawnbroker,tienda	=	prestamista
shop,cosmetics,tienda	=	productos cosméticos
shop,provisions,tienda	=	provisiones
shop,psychic,tienda	=	psíquico-tarot-futuro
shop,doors,tienda	=	puertas
shop,cheese,tienda	=	queso
shop,chemist,tienda	=	químico
shop,kiosk,tienda	=	quiosco
shop,radiotechnics,tienda	=	radiotecnia
shop,souvenir,tienda	=	recuerdo
shop,gift,tienda	=	regalo
shop,religion,tienda	=	religión
shop,watches,tienda	=	relojes
shop,trailer,tienda	=	remolque
shop,car_repair,tienda	=	reparación de autos
shop,boat_repair,tienda	=	reparación de barcos
shop,bicycle_repair,tienda	=	reparación de bicicletas
shop,truck_repair,tienda	=	reparación de camiones
shop,shoe_repair,tienda	=	reparación de zapatos
shop,motorcycle_repair,tienda	=	reparación_de_motos
shop,repair,tienda	=	reparar
shop,robot,tienda	=	robot
shop,clothes,tienda	=	ropa
shop,household_linen,tienda	=	ropa de casa
shop,underwear,tienda	=	ropa interior
shop,laundry,tienda	=	ropa sucia
shop,salon,tienda	=	salón
shop,health,tienda	=	salud
shop,tailor,tienda	=	Sastre
shop,mobility_scooter,tienda	=	scooter
shop,scooter,tienda	=	scooter
shop,second_hand,tienda	=	segunda mano
shop,security,tienda	=	seguridad
shop,insurance,tienda	=	seguro
shop,edible_seeds,tienda	=	semillas comestibles
shop,car_service,tienda	=	Servicio de auto
shop,systembolaget,tienda	=	sistemabolaget
shop,solarium,tienda	=	solárium
shop,scuba_diving,tienda	=	submarinismo
shop,brewing_supplies,tienda	=	suministros de elaboración de cerveza
shop,supermarket,tienda	=	supermercado
shop,medical_supply,tienda	=	suplemento médico
shop,nutrition_supplements,tienda	=	suplementos_nutricion
shop,tobacco,tienda	=	tabaco
shop,tattoo,tienda	=	tatuaje
shop,tea,tienda	=	té
shop,fabric,tienda	=	tela
shop,fabrics,tienda	=	telas
shop,telecommunication,tienda	=	telecomunicación
shop,mobile_phone,tienda	=	teléfono móvil
shop,grocery,tienda	=	tienda de comestibles
shop,variety_store,tienda	=	Tienda de variedades
shop,delicatessen,tienda	=	Tiendas Delicatessen
shop,general_stores,tienda	=	tiendas generales
shop,printer_ink,tienda	=	tinta de impresora
shop,window_tinting,tienda	=	tintado de ventanas
shop,tractor,tienda	=	tractor
shop,trophy,tienda	=	trofeo
shop,vacant,tienda	=	vacante
shop,recreational_vehicle,tienda	=	vehículo recreacional
shop,vehicles,tienda	=	vehículos
shop,candles,tienda	=	velas
shop,chandler,tienda	=	velero
shop,street_vendor,tienda	=	vendedor ambulante
shop,newsagent,tienda	=	vendedor de periódicos
shop,wholesale,tienda	=	venta al por mayor (mayorista)
shop,window,tienda	=	ventana
shop,windows,tienda	=	ventanas
shop,greengrocer,tienda	=	verdulero
shop,hgv,tienda	=	vhg
shop,video,tienda	=	video
shop,video_games,tienda	=	videojuegos
shop,glaziery,tienda	=	vidriería
shop,glass,tienda	=	vidrio
shop,wine,tienda	=	vino
shop,free_flying,tienda	=	vuelo libre
shop,shoes,tienda	=	Zapatos
farmland,field,tierras de cultivo	=	campo
farmland,arable,tierras de cultivo	=	cultivable
farmland,pasture,tierras de cultivo	=	pastar
type,*,tipo	=	*
type,water,tipo	=	agua
type,enforcement,tipo	=	aplicación
type,area,tipo	=	área
type,land_area,tipo	=	área terrestre
type,dual_carriageway,tipo	=	autovía
type,street,tipo	=	calle
type,associatedStreet,tipo	=	calle asociada
type,heat,tipo	=	calor
type,waterway,tipo	=	camino acuático
type,turnlanes:turns,tipo	=	carriles de giro: giros
type,turnlanes:lengths,tipo	=	carriles de giro: longitudes
type,commercial,tipo	=	comercial
type,connectivity,tipo	=	conectividad
type,traffic_signals_set,tipo	=	conjunto de señales de tráfico
type,chronology,tipo	=	cronología
type,watershed,tipo	=	cuenca
type,associated_address,tipo	=	dirección_asociada
type,building,tipo	=	edificio
type,container,tipo	=	envase
type,physical,tipo	=	físico
type,gas,tipo	=	gas
type,group,tipo	=	grupo
type,leading_line,tipo	=	línea principal
type,leading_light,tipo	=	Luz guía
type,maneuver,tipo	=	maniobra
type,maneuvre,tipo	=	maniobra
type,manoeuvre,tipo	=	maniobra
type,multilinestring,tipo	=	multilínea
type,multipolygon,tipo	=	multipolígono
type,node,tipo	=	nodo
type,normal,tipo	=	normal
type,palm,tipo	=	palmera
type,stop,tipo	=	parada
type,boundary,tipo	=	Perímetro
type,person,tipo	=	persona
type,oil,tipo	=	petróleo
type,power,tipo	=	poder
type,dugwell,tipo	=	pozo excavado
type,defaults,tipo	=	predeterminados
type,provides_feature,tipo	=	proporciona_característica
type,Public,tipo	=	Público
type,Village,tipo	=	Pueblo
type,bridge,tipo	=	puente
type,observation_spot,tipo	=	punto de observación
type,benchmark,tipo	=	punto de referencia
type,fixed_point,tipo	=	punto fijo
type,collection,tipo	=	recopilación
type,network,tipo	=	red
type,residential,tipo	=	Residencial
type,restriction,tipo	=	restricción
type,lane_restriction,tipo	=	restricción de carril
type,route,tipo	=	ruta
type,route_master,tipo	=	ruta_maestra
type,health,tipo	=	salud
type,destinationsign,tipo	=	señal de destino
type,destination_sign,tipo	=	signo_destino
type,site,tipo	=	sitio
type,superroute,tipo	=	superruta
type,telecom,tipo	=	telecomunicaciones
type,TMC,tipo	=	TMC
type,tmc:point,tipo	=	tmc:punto
type,transit,tipo	=	tránsito
type,public_transport,tipo	=	transporte público
type,triangulation,tipo	=	triangulación
type,tunnel,tipo	=	túnel
type,junction,tipo	=	unión
bunker_type,gun_emplacement,tipo búnker	=	emplazamiento de armas
bunker_type,munitions,tipo búnker	=	pertrechos
bunker_type,personnel_shelter,tipo búnker	=	refugio de personal
bunker_type,hardened_aircraft_shelter,tipo búnker	=	refugio reforzado para aviones
bunker_type,technical,tipo búnker	=	técnico
castle_type,castrum,tipo castillo	=	castro
castle_type,citadel,tipo castillo	=	ciudadela
castle_type,defensive,tipo castillo	=	defensivo
castle_type,fortress,tipo castillo	=	fortaleza
castle_type,kremlin,tipo castillo	=	kremlin
castle_type,stately,tipo castillo	=	majestuoso
castle_type,palace,tipo castillo	=	palacio
castle_type,manor,tipo castillo	=	señorío
castle_type,shiro,tipo castillo	=	Shiro
border_type,baseline,tipo de borde	=	base
border_type,contiguous,tipo de borde	=	contiguo
border_type,continuous,tipo de borde	=	continuo
border_type,eez,tipo de borde	=	eez
border_type,harbour_limits,tipo de borde	=	límites del puerto
border_type,territorial,tipo de borde	=	territorial
car:type,hgv,tipo de carro	=	vhg
damage:type,explosion,tipo de daño	=	explosión
damage:type,war,tipo de daño	=	guerra
damage:type,earthquake,tipo de daño	=	terremoto
fortification_type,sconce,tipo de fortificación	=	candelabro de pared
fortification_type,ringfort,tipo de fortificación	=	fortificación
fortification_type,hill_fort,tipo de fortificación	=	fuerte en la colina
fortification_type,limes,tipo de fortificación	=	limas
fortification_type,motte,tipo de fortificación	=	mota
fortification_type,ring_ditch,tipo de fortificación	=	zanja circular
spring:type,hot,tipo de manantial = agua caliente
map_type,street,tipo de mapa	=	calle
map_type,scheme,tipo de mapa	=	esquema
map_type,topo,tipo de mapa	=	topo
megalith_type,alignment,tipo de megalito	=	alineación
megalith_type,stone_ship,tipo de megalito	=	barco de piedra
megalith_type,well,tipo de megalito	=	bien
megalith_type,chamber,tipo de megalito	=	cámara
megalith_type,long_barrow,tipo de megalito	=	carretilla larga
megalith_type,stone_circle,tipo de megalito	=	círculo de piedra
megalith_type,dolmen,tipo de megalito	=	dolmen
megalith_type,gallery_grave,tipo de megalito	=	galería tumba
megalith_type,menhir,tipo de megalito	=	menhir
megalith_type,ring_cairn,tipo de megalito	=	mojón de anillos
megalith_type,nuraghe,tipo de megalito	=	nuraga
megalith_type,tholos,tipo de megalito	=	tholos
megalith_type,cist,tipo de megalito	=	tumba
megalith_type,passage_grave,tipo de megalito	=	tumba de paso
artwork_type,relief,tipo de obra de arte	=	alivio
artwork_type,architecture,tipo de obra de arte	=	arquitectura
artwork_type,bust,tipo de obra de arte	=	busto
artwork_type,stone,tipo de obra de arte	=	piedra
artwork_type,painting,tipo de obra de arte	=	pintura
hazard_type,avalanche,tipo de peligro	=	avalancha
hazard_type,landslide,tipo de peligro	=	deslizamiento de tierra
hazard_type,flood,tipo de peligro	=	inundación
stone_type,khachkar,tipo de piedra	=	jachkar
tracktype,grade1,tipo de pista	=	grado 1
tracktype,grade2,tipo de pista	=	grado 2
tracktype,grade3,tipo de pista	=	grado 3
tracktype,grade4,tipo de pista	=	grado 4
tracktype,grade5,tipo de pista	=	grado 5
tracktype,gradex,tipo de pista = grado  x
board_type,board,tipo de placa	=	junta
recycling_type,*,tipo de reciclaje	=	*
network:type,lcn,tipo de red	=	lcn
network:type,Local,tipo de red	=	Local
network:type,lwn,tipo de red	=	lwn
network:type,node_network,tipo de red	=	nodo_red
network:type,rcn,tipo de red	=	rcn
network:type,basic_network,tipo de red	=	red_básica
shelter_type,wildlife_hide,tipo de refugio	=	escondite de vida silvestre
shelter_type,nuclear,tipo de refugio	=	nuclear
shelter_type,changing_rooms,tipo de refugio	=	vestuarios
shelter_type,Wetterpilz,tipo de refugio	=	Wetterpilz
site_type,baths,tipo de sitio	=	balneario
site_type,hut_circle,tipo de sitio	=	choza círculo
site_type,roman_circus,tipo de sitio	=	circo romano
site_type,city,tipo de sitio	=	ciudad
site_type,crannog,tipo de sitio	=	crannog
site_type,ringfort,tipo de sitio	=	fortificación
site_type,minilith,tipo de sitio	=	minilito
site_type,petroglyph,tipo de sitio	=	petroglifo
site_type,bigstone,tipo de sitio	=	Piedra grande
site_type,enclosure,tipo de sitio	=	recinto
site_type,roman_villa,tipo de sitio	=	villa romana
taxi_type,motorcycle,tipo de taxi	=	motocicleta
bunker_type,pillbox,tipo_búnker	=	fortín
artwork_type,sculpture,tipo_de_obra	=	escultura
artwork_type,statue,tipo_de_obra	=	estatua
artwork_type,mural,tipo_de_obra	=	mural
recycling_type,centre,tipo_de_reciclaje	=	centro
recycling_type,container,tipo_de_reciclaje	=	envase
reservoir_type,sewage,tipo_depósito	=	aguas residuales
reservoir_type,water_storage,tipo_depósito	=	almacenamiento de agua
garmin_type,0x6,tipo_garmin	=	*
leaf_type,Arbre,tipo_hoja	=	árbol
leaf_type,needleleaved,tipo_hoja	=	con hojas de aguja
leaf_type,broadleaved,tipo_hoja	=	de hoja ancha
leaf_type,mixed,tipo_hoja	=	mezclado
leaf_type,palm,tipo_hoja	=	palmera
leaf_type,leafless,tipo_hoja	=	sin hojas
lamp_type,fluorescent_bulb,tipo_lampara	=	Bombilla fluorescente
lamp_type,LED,tipo_lampara	=	DIRIGIÓ
lamp_type,electric,tipo_lampara	=	eléctrico
lamp_type,electrical,tipo_lampara	=	eléctrico
lamp_type,fluorescent,tipo_lampara	=	fluorescente
lamp_type,metal-halide,tipo_lampara	=	halogenuros metálicos
lamp_type,SON,tipo_lampara	=	HIJO
lamp_type,solar_lamp,tipo_lampara	=	lámpara_solar
lamp_type,gaslight,tipo_lampara	=	luz de gas
lamp_type,floodlight,tipo_lampara	=	Luz de inundación
lamp_type,SOX,tipo_lampara	=	medias
lamp_type,mercury,tipo_lampara	=	mercurio
lamp_type,sodium,tipo_lampara	=	sodio
lamp_type,high_pressure_sodium,tipo_lampara	=	sodio de alta presión
lamp_type,low_pressure_sodium,tipo_lampara	=	sodio_baja_presion
lamp_type,sodium_vapor,tipo_lampara	=	vapor_de_sodio
osm_type,way,tipo_osm	=	camino
site_type,settlement,tipo_sitio	=	asentamiento
site_type,mineral_extraction,tipo_sitio	=	extracción_de_minerales
site_type,fortification,tipo_sitio	=	fortificación
site_type,megalith,tipo_sitio	=	megalito
site_type,necropolis,tipo_sitio	=	necrópolis
site_type,tumulus,tipo_sitio	=	túmulo
board_type,notice,tipo_tablero	=	aviso
board_type,history,tipo_tablero	=	historia
board_type,nature,tipo_tablero	=	naturaleza
protection_title,Gebietsverbot,título de protección	=	Gebietsverbot
protection_title,Schongebiet,título de protección	=	Schöngebiet
protection_title,Site_of_Special_Scientific_Interest,título de protección	=	Sitio de Especial Interés Científico
TMC:cid_58:tabcd_1:Class,Point,TMC:cid_58:tabcd_1:Clase	=	Punto
TMC:cid_58:tabcd_1:Direction,both,TMC:cid_58:tabcd_1:Dirección	=	ambas cosas
TMC:cid_58:tabcd_1:LCLversion,9.00,TMC:cid_58:tabcd_1:LCLversión	=	*
TMC:Direction,negative,TMC:Dirección	=	negativo
TMC:Direction,positive,TMC:Dirección	=	positivo
outlet,noise_barrier,toma de corriente	=	barrera de ruido
outlet,bell_mouth,toma de corriente	=	boca de campana
outlet,sock,toma de corriente	=	calcetín
outlet,direct,toma de corriente	=	directo
outlet,screen,toma de corriente	=	pantalla
outlet,valve,toma de corriente	=	válvula
drink:beer,*,tomar cerveza	=	*
tiger:CLASSFP,C1,Topologically Integrated Geographic Encoding and Referencing system (TIGER): CLASEFP	=	C1
tiger:county,*,Topologically Integrated Geographic Encoding and Referencing system (TIGER): condado	=	*
tiger:county,"Alameda, CA","Topologically Integrated Geographic Encoding and Referencing system (TIGER): condado = Alameda, CA"
tiger:CPI,N,Topologically Integrated Geographic Encoding and Referencing system (TIGER): IPC	=	norte
tiger:PCINECTA,N,Topologically Integrated Geographic Encoding and Referencing system (TIGER): PCINECTA	=	norte
tiger:separated,no,Topologically Integrated Geographic Encoding and Referencing system (TIGER): separado	=	no
tiger:cfcc,A11,Topologically Integrated Geographic Encoding and Referencing system (TIGER):cfcc	=	*
tiger:source,tiger_import_dch_v0.6_20070808,Topologically Integrated Geographic Encoding and Referencing system (TIGER):fuente	=	Topologically Integrated Geographic Encoding and Referencing system (TIGER)_import_dch_v0.6_20070808
tiger:FUNCSTAT,A,Topologically Integrated Geographic Encoding and Referencing system (TIGER):FUNCSTAT	=	*
tiger:MTFCC,G4110,Topologically Integrated Geographic Encoding and Referencing system (TIGER):MTFCC	=	G4110
tiger:mtfcc,S1400,Topologically Integrated Geographic Encoding and Referencing system (TIGER):mtfcc	=	S1400
tiger:name_base,10th,Topologically Integrated Geographic Encoding and Referencing system (TIGER):nombre_base	=	*
tiger:name_type_2,Rd,Topologically Integrated Geographic Encoding and Referencing system (TIGER):nombre_tipo_2	=	Calle
tiger:PCICBSA,N,Topologically Integrated Geographic Encoding and Referencing system (TIGER):PCICBSA	=	norte
tiger:reviewed,aerial,Topologically Integrated Geographic Encoding and Referencing system (TIGER):revisado	=	aéreo
tiger:reviewed,no,Topologically Integrated Geographic Encoding and Referencing system (TIGER):revisado	=	no
tiger:reviewed,position,Topologically Integrated Geographic Encoding and Referencing system (TIGER):revisado	=	posición
tiger:upload_uuid,bulk_upload.pl-b2892a76-a19b-4e01-b00b-ec3685f89fb9,Topologically Integrated Geographic Encoding and Referencing system (TIGER):upload_uuid	=	carga_bulk.pl-b2892a76-a19b-4e01-b00b-ec3685f89fb9
tower:construction,guyed_lattice,torre:construcción	=	celosía arriostrada
tower:construction,freestanding,torre:construcción	=	de pie
tower:construction,lattice,torre:construcción	=	enrejado
tower:construction,dome,torre:construcción	=	Hazme
tower:construction,dish,torre:construcción	=	plato
tower:construction,guyed_tube,torre:construcción	=	tubo tensado
tower:construction,monopole,torre:construcción = monopolo
tower:type,*,torre:tipo	=	*
tower:type,minaret,torre:tipo	=	alminar
tower:type,anchor,torre:tipo	=	ancla
tower:type,diving,torre:tipo	=	buceo
tower:type,bell_tower,torre:tipo	=	campanario
tower:type,communication,torre:tipo	=	comunicación
tower:type,intake,torre:tipo	=	consumo
tower:type,crossing,torre:tipo	=	cruce
tower:type,defensive,torre:tipo	=	defensivo
tower:type,lighting,torre:tipo	=	Encendiendo
tower:type,cooling,torre:tipo	=	enfriamiento
tower:type,lattice,torre:tipo	=	enrejado
tower:type,hose,torre:tipo	=	manguera
tower:type,monument,torre:tipo	=	Monumento
tower:type,observation,torre:tipo	=	observación
tower:type,popinjay,torre:tipo	=	petimetre
tower:type,lightning_protection,torre:tipo	=	protección contra rayos
tower:type,bridge,torre:tipo	=	puente
tower:type,radar,torre:tipo	=	Radar
tower:type,siren,torre:tipo	=	sirena
tower:type,branch,torre:tipo	=	sucursal
tower:type,monitoring,torre:tipo	=	supervisión
tower:type,suspension,torre:tipo	=	suspensión
tower:type,termination,torre:tipo	=	terminación
tower:type,watchtower,torre:tipo	=	torre de vigilancia
tower:type,donjon,torre:tipo	=	torre principal
tower:type,transition,torre:tipo	=	transición
tower:type,transposing,torre:tipo	=	transponer
traffic,local,tráfico	=	local
traffic,national,tráfico	=	nacional
traffic,regional,tráfico	=	regional
traffic,suburban,tráfico	=	suburbano
traffic,urban,tráfico	=	urbano
tank_trap,czech_hedgehog,trampa de tanque	=	erizo checo
transformer,auto,transformador	=	auto
transformer,auxiliary,transformador	=	auxiliar
transformer,converter,transformador	=	convertidor
transformer,distribution,transformador	=	distribución
transformer,generator,transformador	=	generador
transformer,main,transformador	=	principal
transformer,phase_angle_regulator,transformador	=	regulador de ángulo de fase
transformer,traction,transformador	=	tracción
radar_transponder,ramark,transpondedor de radar	=	marca
radar_transponder:band,S,transpondedor de radar: banda	=	S
radar_transponder:band,X,transpondedor de radar: banda	=	X
radio_transponder:category,aeronautical,transpondedor de radio:categoría	=	aeronáutico
radio_transponder:category,direction_finding,transpondedor de radio:categoría	=	búsqueda de dirección
radio_transponder:category,circular,transpondedor de radio:categoría	=	circular
radio_transponder:category,consol,transpondedor de radio:categoría	=	consolar
radio_transponder:category,directional,transpondedor de radio:categoría	=	direccional
radio_transponder:category,rotating_pattern,transpondedor de radio:categoría	=	patrón giratorio
radio_transponder:category,coast_radio,transpondedor de radio:categoría	=	radio de la costa
ferry,*,transportar	=	*
ferry,unclassified,transportar	=	desclasificado
ferry,trunk,transportar	=	maletero
ferry,no,transportar	=	no
ferry,primary,transportar	=	primario
ferry,secondary,transportar	=	secundario
ferry,tertiary,transportar	=	terciario
public_transport,pay_scale_area,transporte público	=	área de escala salarial
public_transport,halt,transporte público	=	detener
public_transport,entrance,transporte público	=	entrada
public_transport,station,transporte público	=	estación
public_transport,stop_area,transporte público	=	parada_área
public_transport,stop_area_group,transporte público	=	parada_area_grupo
public_transport,stop_position,transporte público	=	parada_posición
public_transport,entrance_pass,transporte público	=	pase_de_entrada
public_transport,platform,transporte público	=	plataforma
public_transport,pole,transporte público	=	polo
public_transport:version,1,transporte_público:versión	=	*
public_transport:version,2,transporte_público:versión	=	*
train,no,tren	=	no
pipeline,marker,tubería	=	marcador
pipeline,substation,tubería	=	subestación
pipeline,surge_tank,tubería	=	tanque de compensación
pipeline,valve,tubería	=	válvula
tomb,vault,tumba	=	bóveda
tomb,cenotaph,tumba	=	cenotafio
tomb,rock-cut,tumba	=	corte de roca
tomb,crypt,tumba	=	cripta
tomb,dolmen,tumba	=	dolmen
tomb,hypogeum,tumba	=	hipogeo
tomb,mausoleum,tumba	=	mausoleo
tomb,table,tumba	=	mesa
tomb,obelisk,tumba	=	obelisco
tomb,columbarium,tumba	=	palomera
tomb,pillar,tumba	=	pilar
tomb,pyramid,tumba	=	pirámide
tomb,sarcophagus,tumba	=	sarcófago
tomb,war_grave,tumba	=	tumba de guerra
tomb,tumulus,tumba	=	túmulo
tumulus,round_tomb,túmulo	=	tumba_redonda
tunnel,culvert,túnel	=	alcantarilla
tunnel,canal,túnel	=	canal
tunnel,covered,túnel	=	cubierto
tunnel,building_passage,túnel	=	edificio_pasaje
tunnel,flooded,túnel	=	inundado
tunnel,no,túnel	=	no
tunnel,passage,túnel	=	paso
tunnel,avalanche_protector,túnel	=	protector_de_avalanchas
tourism,aquarium,turismo	=	acuario
tourism,accommodation,turismo	=	alojamiento
tourism,lean_to,turismo	=	apoyarse en
tourism,attraction,turismo	=	atracción
tourism,tourism-attraction,turismo	=	atracción turística
tourism,wine_cellar,turismo	=	bodega
tourism,bed_and_breakfast,turismo	=	cama y desayuno
tourism,camp_pitch,turismo	=	camp_pitch
tourism,camp_site,turismo	=	cámping
tourism,guest_house,turismo	=	Casa de invitados
tourism,chalet,turismo	=	chalet
tourism,resort,turismo	=	complejo
tourism,spa_resort,turismo	=	complejo de spa
tourism,apartment,turismo	=	Departamento
tourism,gallery,turismo	=	galería
tourism,hostel,turismo	=	Hostal
tourism,hotel,turismo	=	hotel
tourism,information,turismo	=	información
tourism,motel,turismo	=	motel
tourism,museum,turismo	=	museo
tourism,artwork,turismo	=	obra de arte
tourism,theme_park,turismo	=	parque temático
tourism,viewpoint,turismo	=	punto de vista
tourism,alpine_hut,turismo	=	refugio de montaña atendido
tourism,wilderness_hut,turismo	=	refugio no atendido con fuego
tourism,caravan_site,turismo	=	sitio de caravanas
tourism,picnic_site,turismo	=	sitio de picnic
tourism,zoo,turismo	=	zoo
tourism,trail_riding_rest,turismo = descanso para los que montan a caballo
tourism,trail_riding_station,turismo = hospedaje para caballos y jinetes en ruta
tourism,hotel,turismo = hotel
location,underground,ubicación	=	bajo tierra
location,overground,ubicación	=	de superficie
location,outdoor,ubicación	=	exterior
location,overhead,ubicación	=	gastos generales
location,indoor,ubicación	=	interior
location,surface,ubicación	=	superficie
location,roof,ubicación	=	techo
location:accuracy,1.5,ubicación: precisión	=	*
location:accuracy,2.5,ubicación: precisión	=	*
natural,tree,"Un árbol es una planta leñosa perenne con tronco, ramas y hojas que crece naturalmente en el medio ambiente | natural	=	árbol"
amenity,bank,"Un banco es una institución financiera que proporciona servicios como depósitos, préstamos, inversiones y asesoramiento financiero | amenidad/servicio	=	banco"
natural,wood,"Un bosque es un área forestal cubierta de árboles y vegetación leñosa, típicament más grande que una arboleda | natural	=	madera"
amenity,cafe,"Un café es un pequeño restaurante o cafetería que sirve comidas ligeras, aperitivos, café y otras bebidas | amenidad/servicio	=	cafetería"
highway,service,"Un camino de servicio proporciona acceso a edificios, instalaciones y propiedades, a menudo para entrega o mantenimiento | carretera	=	servir"
highway,path,"Un camino es un sendero o paseo genérico para peatones, a menudo encontrado en parques, bosques o áreas rurales | carretera	=	sendero"
highway,footway,"Un camino peatonal es un camino o paseo designado exclusivamente para uso peatonal, donde los vehículos no están permitidos | carretera	=	senda"
highway,cycleway,"Un carril bici es una carretera o camino específicamente designado para tráfico de bicicletas, separado de los carriles de vehículos motorizados | carretera	=	carril bici"
natural,water,"Un cuerpo de agua es cualquier acumulación significativa de agua, como un lago, río, arroyo u océano | natural	=	agua"
building,retail,Un edificio comercial es una estructura comercial utilizada para vender bienes y servicios a los clientes | edificio	=	venta minorista
building,commercial,"Un edificio comercial es una estructura utilizada para actividades empresariales, oficinas y operaciones comerciales | edificio	=	comercial"
building,apartments,Un edificio de apartamentos es una estructura residencial que contiene múltiples unidades de vivienda para diferentes familias | edificio	=	apartamentos
building,hospital,"Un edificio de hospital es una instalación médica que proporciona atención sanitaria, tratamiento y servicios médicos | edificio	=	hospital"
building,hotel,Un edificio de hotel proporciona alojamiento temporal y servicios de hospedaje para viajeros y visitantes | edificio	=	hotel
building,office,Un edificio de oficinas es una estructura comercial diseñada para administración empresarial y trabajo de oficina | edificio	=	oficina
building,school,Un edificio escolar es una instalación educativa donde los estudiantes aprenden y estudien diversas materias | edificio	=	escuela
building,industrial,"Un edificio industrial es una instalación diseñada para fabricación, producción y operaciones industriales | edificio	=	industrial"
building,residential,Un edificio residencial es una estructura diseñada específicamente para alojar personas y familias | edificio	=	Residencial
amenity,hospital,"Un hospital es una instalación médica que proporciona atención sanitaria integral, tratamiento de emergencias y servicios médicos especializados | amenidad/servicio	=	hospital"
natural,grassland,"Un pastizal es un área cubierta predominantemente de hierbas y plantas herbáceas, con pocos o ningún árbol | natural	=	pradera"
amenity,restaurant,Un restaurante es un establecimiento empresarial donde las personas pagan por comer comidas preparadas y bebidas en un ambiente de comedor | amenidad/servicio	=	restaurante
highway,primary,"Una carretera principal es una autopista importante que conecta destinos importantes, formando la red vial principal | carretera	=	primario"
highway,residential,"Una carretera residencial es una calle o carretera situada dentro de un área residencial, diseñada para tráfico local | carretera	=	Residencial"
highway,secondary,"Una carretera secundaria conecta pueblos más pequeños, villas y destinos regionales, apoyando el transporte local | carretera	=	secundario"
highway,unclassified,Una carretera sin clasificar es una carretera menor que no ha recibido una clasificación funcional específica | carretera	=	desclasificado
highway,tertiary,"Una carretera terciaria sirve destinos y comunidades locales, proporcionando acceso a áreas residenciales y comerciales | carretera	=	terciario"
building,house,Una casa es un edificio residencial diseñado para habitación y vida humana | edificio	=	casa
amenity,school,Una escuela es una institución educativa donde estudiantes de varias edades aprenden materias académicas y prácticas | amenidad/servicio	=	escuela
amenity,pharmacy,Una farmacia es una instalación sanitaria donde se dispensan medicamentos y se ofrece asesoramiento farmacéutico | amenidad/servicio	=	farmacia
amenity,parking,"Una instalación de aparcamiento proporciona espacios designados para que los vehículos se aparquen, ya sea para uso a corto o largo plazo | amenidad/servicio	=	estacionamiento"
highway,track,"Una pista es una carretera o camino, a menudo sin pavimentar, utilizado para acceso vehicular o peatonal en áreas rurales o todoterreno | carretera	=	pista"
surface,grass,"Una superficie de hierba está cubierta de hierba viva y vegetación, comúnmente encontrada en parques y áreas recreativas | superficie	=	césped"
surface,paved,"Una superficie pavimentada está cubierta de materiales artificiales como piedra, ladrillo, hormigón o asfalto | superficie	=	pavimentado"
surface,unpaved,"Una superficie sin pavimentar está hecha de materiales naturales como grava, tierra o hierba, sin pavimento artificial | superficie	=	sin pavimentar"
oneway:moped,no,unidireccional: ciclomotor	=	no
oneway:psv,no,unidireccional: psv	=	no
oneway:mofa,no,unidireccional:mofa	=	no
junction,approach,unión	=	Acercarse
junction,circular,unión	=	circular
junction,crossing,unión	=	cruce
junction,filter,unión	=	filtrar
junction,intersection,unión	=	intersección
junction,jughandle,unión	=	malabarista
junction,roundabout,unión	=	rotonda
junction,separate,unión	=	separado
junction,uncontrolled,unión	=	sin control
junction,spui,unión	=	spui
junction,y_junction,unión	=	unión_y
url,https://wiki.openstreetmap.org/Import_Borno_eHealth_Africa_Smaller_Settlements,URL	=	https://wiki.openstreetmap.org/Import Borno eHealth Africa Asentamientos más pequeños
usar_addr:edit_date,090511_BC,usar_addr:editar_fecha	=	*
usar_addr:edit_date,100208_BC,usar_addr:editar_fecha	=	*
usar_addr:edit_date,100806_BC,usar_addr:editar_fecha	=	*
usage,spillway,uso	=	aliviadero
usage,headrace,uso	=	carrera
usage,tailrace,uso	=	carrera de cola
usage,penstock,uso	=	compuerta
usage,distribution,uso	=	distribución
usage,flare_header,uso	=	encabezado de bengala
usage,industrial,uso	=	industrial
usage,facility,uso	=	instalaciones
usage,injection,uso	=	inyección
usage,irrigation,uso	=	irrigación
usage,flowline,uso	=	línea de flujo
usage,military,uso	=	militar
usage,main,uso	=	principal
usage,test,uso	=	prueba
usage,branch,uso	=	rama
usage,gathering,uso	=	reunión
usage,transmission,uso	=	transmisión
usage,transportation,uso	=	transportación
usage,freight,uso	=	transporte
usage,tourism,uso	=	turismo
landuse,aquaculture,uso del suelo	=	acuicultura
landuse,civic_admin,uso del suelo	=	administrador cívico
landuse,agriculture,uso del suelo	=	agricultura
landuse,village_green,uso del suelo	=	aldea_verde
landuse,trees,uso del suelo	=	árboles
landuse,shrubs,uso del suelo	=	arbustos
landuse,allotments,uso del suelo	=	asignaciones
landuse,well,uso del suelo	=	bien
landuse,street,uso del suelo	=	calle
landuse,flowerbed,uso del suelo	=	cama de flores
landuse,field,uso del suelo	=	campo
landuse,canal,uso del suelo	=	canal
landuse,quarry,uso del suelo	=	cantera
landuse,highway,uso del suelo	=	carretera
landuse,house,uso del suelo	=	casa
landuse,cemetery,uso del suelo	=	cementerio
landuse,churchyard,uso del suelo	=	cementerio
landuse,grave_yard,uso del suelo	=	cementerio
landuse,grass,uso del suelo	=	césped
landuse,clearing,uso del suelo	=	claro
landuse,apiary,uso del suelo	=	colmenar
landuse,conservation,uso del suelo	=	conservación
landuse,construction,uso del suelo	=	construcción
landuse,peat_cutting,uso del suelo	=	corte de turba
landuse,breeding,uso del suelo	=	cría
landuse,basin,uso del suelo	=	cuenca
landuse,healthcare,uso del suelo	=	cuidado de la salud
landuse,winter_sport,uso del suelo	=	deporte de invierno
landuse,winter_sports,uso del suelo	=	Deportes de invierno
landuse,depot,uso del suelo	=	deposito
landuse,education,uso del suelo	=	educación
landuse,reservoir_watershed,uso del suelo	=	embalse_cuenca
landuse,school,uso del suelo	=	escuela
landuse,pond,uso del suelo	=	estanque
landuse,fish_pond,uso del suelo	=	estanque de peces
landuse,salt_pond,uso del suelo	=	estanque_sal
landuse,static_caravan,uso del suelo	=	estática_caravana
landuse,railway,uso del suelo	=	ferrocarril
landuse,livestock,uso del suelo	=	ganado
landuse,garages,uso del suelo	=	garajes
landuse,farm,uso del suelo	=	granja
landuse,fishfarm,uso del suelo	=	granja de peces
landuse,greenfield,uso del suelo	=	greenfield
landuse,governmental,uso del suelo	=	gubernamental
landuse,orchard,uso del suelo	=	huerta
landuse,meadow_orchard,uso del suelo	=	huerto del prado
landuse,logging,uso del suelo	=	Inicio sesión
landuse,institutional,uso del suelo	=	institucional
landuse,greenhouse_horticulture,uso del suelo	=	invernadero_horticultura
landuse,research,uso del suelo	=	investigar
landuse,traffic_island,uso del suelo	=	Isla de tráfico
landuse,hop_garden,uso del suelo	=	jardín de lúpulo
landuse,wood,uso del suelo	=	madera
landuse,wood_(Don't_use),uso del suelo	=	madera (no usar)
landuse,scrub,uso del suelo	=	maleza
landuse,mine,uso del suelo	=	mía
landuse,military,uso del suelo	=	militar
landuse,observatory,uso del suelo	=	observatorio
landuse,pasture,uso del suelo	=	pastar
landuse,farmyard,uso del suelo	=	patio
landuse,piste,uso del suelo	=	pista
landuse,plantation,uso del suelo	=	plantación
landuse,wellsite,uso del suelo	=	pozo
landuse,meadow,uso del suelo	=	prado
landuse,prison,uso del suelo	=	prisión
landuse,harbour,uso del suelo	=	puerto
landuse,port,uso del suelo	=	Puerto
landuse,radio,uso del suelo	=	radio
landuse,recreation_ground,uso del suelo	=	recreo_tierra
landuse,religious,uso del suelo	=	religioso
landuse,reservoir,uso del suelo	=	reservorio
landuse,forestry,uso del suelo	=	silvicultura
landuse,building_site,uso del suelo	=	sitio de construcción
landuse,animal_keeping,uso del suelo	=	tenencia_de_animales
landuse,farmland,uso del suelo	=	tierras de cultivo
landuse,public_works,uso del suelo	=	trabajos públicos
landuse,plot,uso del suelo	=	trama
landuse,turbary,uso del suelo	=	turbante
landuse,wholesale,uso del suelo	=	venta al por mayor
landuse,retail,uso del suelo	=	venta minorista
landuse,greenery,uso del suelo	=	verdor
landuse,landfill,uso del suelo	=	vertedero
landuse,vineyard,uso del suelo	=	viñedo
landuse,plant_nursery,uso del suelo	=	vivero de plantas
landuse,wasteland,uso del suelo	=	yermo
landuse,brownfield,uso del suelo	=	zona industrial abandonada
landuse:secondary,*,uso del suelo: secundario	=	*
utility,water,utilidad	=	agua
utility,sewerage,utilidad	=	alcantarillado
utility,loudspeaker,utilidad	=	altoparlante
utility,street_lighting,utilidad	=	alumbrado público
utility,hydrant,utilidad	=	boca de aguas
utility,heating,utilidad	=	calefacción
utility,waste,utilidad	=	desperdiciar
utility,power,utilidad	=	energía
utility,gas,utilidad	=	gas
utility,oil,utilidad	=	petróleo
utility,chemical,utilidad	=	químico
utility,telecom,utilidad	=	telecomunicaciones
utility,television,utilidad	=	televisión
utility,telecom;power,"utilidad=telecomunicaciones,energía"
vaccination,covid19,vacunación	=	COVID-19
ford,boat,vado	=	bote
ford,stepping_stones,vado	=	peldaños
valley,balka,Valle	=	balca
valve,needle,válvula	=	aguja
valve,ball,válvula	=	bola
valve,spool,válvula	=	carrete
valve,check,válvula	=	controlar
valve,plug,válvula	=	enchufar
valve,globe,válvula	=	globo
valve,hollow_jet,válvula	=	jet hueco
valve,butterfly,válvula	=	mariposa
valve,gate,válvula	=	portón
vehicle,agricultural,vehículo	=	agrícola
vehicle,customers,vehículo	=	clientes
vehicle,destination,vehículo	=	destino
vehicle,no,vehículo	=	no
vehicle,permit,vehículo	=	permiso
vehicle,private,vehículo	=	privado
vehicle,forestry,vehículo	=	silvicultura
motor_vehicle,agricultural,Vehículo de motor	=	agrícola
motor_vehicle,agricultural;forestry,Vehículo de motor	=	agrícola;silvicultura
motor_vehicle,customers,Vehículo de motor	=	clientes
motor_vehicle,designated,Vehículo de motor	=	designado
motor_vehicle,destination,Vehículo de motor	=	destino
motor_vehicle,delivery,Vehículo de motor	=	entrega
motor_vehicle,no,Vehículo de motor	=	no
motor_vehicle,permissive,Vehículo de motor	=	permisivo
motor_vehicle,permit,Vehículo de motor	=	permiso
motor_vehicle,private,Vehículo de motor	=	privado
motor_vehicle,forestry,Vehículo de motor	=	silvicultura
taxi_vehicle,motorcycle,vehiculo taxi	=	motocicleta
maxspeed:forward,50,velocidad máxima: adelante	=	*
maxspeed:forward,70,velocidad máxima: adelante	=	*
maxspeed:forward,90,velocidad máxima: adelante	=	*
maxspeed:forward,100,velocidad máxima: adelante	=	*
maxspeed:bus,70,velocidad máxima: autobús	=	*
maxspeed:bus,80,velocidad máxima: autobús	=	*
maxspeed:hgv,80,velocidad máxima: hgv	=	*
maxspeed:hgv,55_mph,velocidad máxima: hgv	=	*
maxspeed:trailer,70,velocidad máxima: remolque	=	*
maxspeed:trailer,80,velocidad máxima: remolque	=	*
maxspeed:trailer,55_mph,velocidad máxima: remolque	=	*
maxspeed:type,DE:rural,velocidad máxima: tipo	=	DE:rural
maxspeed:type,DE:zone30,velocidad máxima: tipo	=	DE:zone30
maxspeed:type,DE:urban,velocidad máxima: tipo	=	ES:urbano
maxspeed:type,FR:urban,velocidad máxima: tipo	=	FR:urbano
maxspeed:type,FR:zone30,velocidad máxima: tipo	=	FR:zone30
maxspeed:type,GB:nsl_dual,velocidad máxima: tipo	=	GB: nsl_dual
maxspeed:type,GB:nsl_restricted,velocidad máxima: tipo	=	GB: nsl_restricted
maxspeed:type,GB:nsl_single,velocidad máxima: tipo	=	GB: nsl_single
maxspeed:type,PL:rural,velocidad máxima: tipo	=	PL:rural
maxspeed:type,PL:urban,velocidad máxima: tipo	=	PL:urbano
maxspeed:type,sign,velocidad máxima: tipo	=	señal
minspeed,*,velocidad mínima	=	*
vending,*,venta	=	*
vending,water,venta	=	agua
vending,food,venta	=	alimento
vending,pet_food,venta	=	alimentos para mascotas
vending,fishing_tackle,venta	=	aparejo de pescar
vending,art,venta	=	Arte
vending,drinks,venta	=	bebidas
vending,bicycle_tube,venta	=	bicicleta_tubo
vending,public_transport_tickets,venta	=	billetes_transporte_publico
vending,admission_tickets,venta	=	boletos de admisión
vending,gas_bottles,venta	=	botellas de gas
vending,coffee,venta	=	café
vending,ink_cartridges,venta	=	cartuchos de tinta
vending,fishing_bait,venta	=	cebo de pesca
vending,chewing_gums,venta	=	chicles
vending,cigarettes,venta	=	cigarrillos
vending,e-cigarettes,venta	=	cigarrillos electronicos
vending,fuel,venta	=	combustible
vending,condoms,venta	=	condones
vending,ice_cubes,venta	=	cubos de hielo
vending,laundry_detergent,venta	=	detergente de lavandería
vending,bottle_return,venta	=	devolución de botella
vending,sweets,venta	=	dulces
vending,electronics,venta	=	electrónica
vending,excrement_bags,venta	=	excremento_bolsas
vending,flowers,venta	=	flores
vending,photo,venta	=	foto
vending,photos,venta	=	fotos
vending,ice_cream,venta	=	helado
vending,feminine_hygiene,venta	=	higiene femenina
vending,eggs,venta	=	huevos
vending,syringes,venta	=	jeringas
vending,toys,venta	=	juguetes
vending,sex_toys,venta	=	juguetes sexuales
vending,animal_feed,venta	=	la alimentación animal
vending,milk,venta	=	Leche
vending,raw_milk,venta	=	leche cruda
vending,contact_lenses,venta	=	lentes de contacto
vending,books,venta	=	libros
vending,coin_change_machine,venta	=	máquina de cambio de moneda
vending,elongated_coin,venta	=	moneda alargada
vending,parking_tickets,venta	=	multas de estacionamiento
vending,bread,venta	=	pan de molde
vending,parcel_mail_in,venta	=	paquete de correo en
vending,parcel_pickup;parcel_mail_in,venta	=	paquete_recogida;parcel_mail_in
vending,toll,venta	=	peaje
vending,movies,venta	=	películas
vending,news_papers,venta	=	periódicos
vending,newspapers,venta	=	periódicos
vending,pizza,venta	=	pizza
vending,public_transport_plans,venta	=	planes de transporte publico
vending,first_aid,venta	=	primeros auxilios
vending,chemist,venta	=	químico
vending,parcel_pickup,venta	=	recogida_paquete
vending,coin_rolls,venta	=	rollos de monedas
vending,stamps,venta	=	sellos
vending,flower_seeds,venta	=	semillas de flores
vending,umbrellas,venta	=	sombrillas
vending,SIM_cards,venta	=	tarjetas SIM
vending,SIM-cards,venta	=	tarjetas SIM
vending,bycicle_tube,venta	=	tubo de bicicleta
vending,telephone_vouchers,venta	=	vales telefónicos
vending,candles,venta	=	velas
sanitary_dump_station,*,vertedero sanitario	=	*
hgv,discouraged,vhg	=	desanimado
hgv,designated,vhg	=	designado
hgv,destination,vhg	=	destino
hgv,delivery,vhg	=	entrega
hgv,no,vhg	=	no
aeroway,aerodrome,vía aérea	=	aeródromo
aeroway,airport,vía aérea	=	aeropuerto
aerialway,magic_carpet,vía aérea	=	alfombra mágica
aerialway,drag_lift,vía aérea	=	ascensor de arrastre
aeroway,navigationaid,vía aérea	=	Ayuda a la navegación
aerialway,t-bar,vía aérea	=	barra en T
aeroway,airtanker_base,vía aérea	=	base de avión cisterna
aerialway,goods,vía aérea	=	bienes
aeroway,marking,vía aérea	=	calificación
aeroway,taxiway,vía aérea	=	calle de rodaje
aeroway,taxilane,vía aérea	=	Carril de Taxi
aeroway,fuel,vía aérea	=	combustible
aeroway,launch_complex,vía aérea	=	complejo de lanzamiento
aeroway,aircraft_crossing,vía aérea	=	cruce de aviones
aeroway,apron,vía aérea	=	delantal
aeroway,arresting_gear,vía aérea	=	equipo de arresto
aerialway,station,vía aérea	=	estación
aeroway,parking_position,vía aérea	=	estacionamiento_posición
aeroway,highway_strip,vía aérea	=	franja de carretera
aerialway,gondola,vía aérea	=	góndola
aeroway,hangar,vía aérea	=	hangar
aeroway,helipad,vía aérea	=	helipuerto
aeroway,heliport,vía aérea	=	helipuerto
aeroway,holding_position,vía aérea	=	holding_position
aerialway,j-bar,vía aérea	=	j-barra
aerialway,mixed_lift,vía aérea	=	levantamiento mixto
aeroway,holding_position_line,vía aérea	=	línea de posición de espera
aeroway,windsock,vía aérea	=	manga de viento
aerialway,canopy,vía aérea	=	pabellón
aeroway,papi,vía aérea	=	papi
aeroway,stopway,vía aérea	=	parada
aerialway,pylon,vía aérea	=	pilón
aeroway,runway,vía aérea	=	pista
aeroway,airstrip,vía aérea	=	pista de aterrizaje
aeroway,landingpad,vía aérea	=	pista de aterrizaje
aeroway,launchpad,vía aérea	=	plataforma de lanzamiento
aerialway,platter,vía aérea	=	plato
aeroway,gate,vía aérea	=	portón
aeroway,jet_bridge,vía aérea	=	puente de chorro
aeroway,gate/Archived_proposal,vía aérea	=	puerta/propuesta archivada
aeroway,spaceport,vía aérea	=	puerto espacial
aerialway,rope_tow,vía aérea	=	remolque de cuerda
aerialway,ropetow,vía aérea	=	remolque de cuerda
aerialway,cable_car,vía aérea	=	Teleférico
aerialway,chair_lift,vía aérea	=	telesilla
aeroway,terminal,vía aérea	=	Terminal
aerialway,zip_line,vía aérea	=	tirolesa
aeroway,tower,vía aérea	=	torre
aerialway:drag_lift,t-bar,vía aérea: elevador de arrastre	=	barra en T
aerialway:drag_lift,j-bar,vía aérea: elevador de arrastre	=	j-barra
aerialway:drag_lift,platter,vía aérea: elevador de arrastre	=	plato
busway,lane,vía de autobús	=	carril
busway,opposite_lane,vía de autobús	=	carril opuesto
busway:right,lane,vía de autobús: derecha	=	carril
busway:left,lane,vía de autobús: izquierda	=	carril
railway:signal:speed_limit:height,normal,vía férrea:señal:límite_velocidad:altura	=	normal
seaway,ferry_port,vía marítima	=	muelle del ferry
seaway,cargo_port,vía marítima	=	puerto de carga
seaway,cruise_port,vía marítima	=	puerto de cruceros
seaway,fishing_port,vía marítima	=	Puerto pesquero
roundtrip,no,viaje ida y vuelta	=	no
visibility,area,visibilidad	=	área
visibility,street,visibilidad	=	calle
voltage,*,Voltaje	=	*
voltage,10000;400,Voltaje	=	*
voltage,15000;400,Voltaje	=	*
voltage,20000;400,Voltaje	=	*
voltage,230,Voltaje = 230
voltage:primary,22000,voltaje: primario	=	*
voltage:secondary,400,voltaje: secundario	=	*
toilets:position,seated,"WC , baño, lavabo : posición = sentado"
toilets:access,customers,"WC , baño, lavabo,aseo = clientes"
toilets,no,"WC , baño, lavabo,aseo = no"
toilets:access,permissive,"WC , baño, lavabo,aseo = permisivo"
toilets:handwashing,no,"WC , baño, lavabo,aseo: lavado de manos = no"
toilets,yes,"WC , baño, lavabo,aseo=sí"
toilets:position,squat,"WC , baño, lavabo:posición = de pie"
toilets:position,urinal,"WC , baño, lavabo:posición =urinario"
wikidata,*,wikidata	=	*
surveillance:zone,building,zona de cámara de vigilancia= edificio
surveillance:zone,town,zona de cámara de vigilancia= pueblo
surveillance:zone,traffic,zona de cámara de vigilancia= tráfico
surveillance:zone,parking,zona de cámara de vigilancia=aparcamiento
border_zone,5km_zone,zona fronteriza	=	zona de 5km
area:highway,path,zona:carretera	=	camino
area:highway,cycleway,zona:carretera	=	carril bici
area:highway,trunk_link,zona:carretera	=	enlace troncal
area:highway,traffic_island,zona:carretera	=	Isla de tráfico
area:highway,trunk,zona:carretera	=	maletero
area:highway,steps,zona:carretera	=	pasos
area:highway,pedestrian,zona:carretera	=	peatonal
area:highway,primary,zona:carretera	=	primario
area:highway,turning_circle,zona:carretera	=	radio de giro
area:highway,residential,zona:carretera	=	Residencial
area:highway,secondary,zona:carretera	=	secundario
area:highway,footway,zona:carretera	=	senda
area:highway,service,zona:carretera	=	Servicio
area:highway,tertiary,zona:carretera	=	terciario
zone:maxspeed,FR:30,zona:maxspeed	=	FR:30
zone:maxspeed,NL:30,zona:maxspeed	=	NL:30
zone:maxspeed,NL:60,zona:maxspeed	=	NL:60
zone:traffic,BE-BRU:urban,zona:tráfico	=	BE-BRU:urbano
zone:traffic,BE-VLG:rural,zona:tráfico	=	BE-VLG:rural
zone:traffic,BE-VLG:urban,zona:tráfico	=	BE-VLG:urbano
zone:traffic,BE-WAL:rural,zona:tráfico	=	BE-WAL:rural
zone:traffic,BE-WAL:urban,zona:tráfico	=	BE-WAL:urbano
zone:traffic,DE:motorway,zona:tráfico	=	DE:autopista
zone:traffic,DE:rural,zona:tráfico	=	DE:rural
zone:traffic,NL:rural,zona:tráfico	=	ES:rural
zone:traffic,DE:urban,zona:tráfico	=	ES:urbano
zone:traffic,NL:urban,zona:tráfico	=	ES:urbano
zoning,grass,zonificación	=	césped
zoo,birds,zoo	=	aves
zoo,falconry,zoo	=	cetrería
zoo,butterfly,zoo	=	mariposa
zoo,aviary,zoo	=	pajarera
zoo,wildlife_park,zoo	=	parque de vida silvestre
zoo,safari_park,zoo	=	parque Safari
zoo,enclosure,zoo	=	recinto
zoo,reptile,zoo	=	reptil
zoo,petting_zoo,zoo	=	zoológico de animales acariciables
4wd_only,recommended,Solo 4x4=recomendable
abandoned:highway,path,abandonado:ruta=de carretera
abandoned:man_made,pipeline,abandonada:hombre_la=tubería hecha
abandoned:place,hamlet,abandonada:acceso=de
access,military,villorio del sitio=control
access_control,full,de_acceso militar=control
access_control,partial,de_acceso lleno=parcial
addr:block_number,2,addr:número_de bloque=2
addr:block_number,3,addr:número_de bloque=3
addr:block:en,Block 1,addr:bloque:en=Bloque 1
addr:city,'s-Gravenhage,addr:la ciudad= es-Gravenhage
addr:city:ar,الــوادي,addr:ciudad:ar=الــوادي
addr:city:de,Bozen,addr:ciudad:de=Bozen
addr:city:en,10th of Rammadan City,addr:ciudad:en=10.º de Rammadan Ciudad
addr:city:simc,918123,addr:ciudad:simc=918123
addr:conscriptionnumber,1,addr:conscriptionnumber=1
addr:country,AE,addr:país=AE
addr:county,Stafford County,addr:condado=Stafford Condado
addr:county,Washington,addr:condado=Washington
addr:county,Washoe,addr:condado=Washoe
addr:district,26 de Octubre,addr:distrito=26 de Octubre
addr:district,龜山區,addr:distrito=龜山區
addr:district:en,Al Agouza,addr:distrito:en=Al Agouza
addr:division,Rajshahi,addr:#reparto=Rajshahi
addr:flats,1-20,addr:pisos=1-20
addr:flats,1-3,addr:pisos=1-3
addr:flats,1-4,addr:pisos=1-4
addr:flats,A;B,addr:pisos=Un;B
addr:floor,0,addr:piso=0
addr:hamlet,三和里,addr:villorio=三和里
addr:housenumber,0,addr:housenumber=0
addr:municipality,Aabenraa,addr:municipio=Aabenraa
addr:neighbourhood,1,addr:barrio=1
addr:place,المجاورة 1,addr:sitio=المجاورة 1
addr:place:en,Area A,addr:sitio:en=Área Un
addr:postcode,100,addr:postcode=100
addr:postcode,05-092,addr:postcode=05-092
addr:postcode:source,"Date de la Poșta Română, publicate sub Licența pentru Guvernare Deschisă v1.0 la http://date.gov.ro/organization/posta-romana","addr:postcode:Cita=de fuente de la Poșta Română, publicate sub Licența pentru Guvernare Deschisă v1.0 la http://date.gov.ro/organization/posta-romana"
addr:province,AB,addr:provincia=AB
addr:province:en,Al Beheira,addr:provincia:en=Al Beheira
addr:region,Farg'ona Viloyati,addr:región=Farg'ona Viloyati
addr:source,Gatineau.ca/donneesouvertes 08Aug2015,addr:fuente=Gatineau.ca/donneesouvertes 08Aug2015
addr:source,NRW-Atlas,addr:fuente=NRW-Atlas
addr:state,AK,addr:estatal=AK
addr:street:en,Omar Ibn Al Khatab Street,addr:calle:en=Omar Ibn Al Khatab Calle
addr:street:en,Street 1,addr:calle:en=Calle 1
addr:street:en,Street 2,addr:calle:en=Calle 2
addr:street:en,Street 3,addr:calle:en=Calle 3
addr:street:prefix,East,addr:calle:Este=de prefijo
addr:street:prefix,North,addr:calle:el prefijo=Del norte
addr:street:prefix,South,addr:calle:el prefijo=Del sur
addr:street:prefix,West,addr:calle:el prefijo=Del oeste
addr:street:sym_ul,10898,addr:calle:sym_ul=10898
addr:street:type,Place,addr:calle:Sitio=de tipo
addr:street:type,Street,addr:calle:Calle=de tipo
addr:streetnumber,1,addr:streetnumber=1
addr:streetnumber,10,addr:streetnumber=10
addr:subdistrict,Olaines pagasts,addr:subdistrict=Olaines pagasts
addr:subdistrict:en,Al Agamy,addr:subdistrict:en=Al Agamy
addr:suburb,Centro,addr:suburbio=Centro
addr:TW:dataset,120044,addr:TW:dataset=120044
addr:unit,1,addr:unidad=1
addr:unit,A,addr:unidad=Un
addr:ward,Mbagala kuu,addr:ward=Mbagala kuu
admin_level,2,admin_nivel=2
admin_type:PH,barangay,admin_tipo:PH=barangay
air_conditioning,no,airea_condicionar=ningún
alt_name,Kentucky Fried Chicken,alt_Kentucky=de nombre Frió área
area:highway,emergency,de Pollo:apoyabrazos=de
armrest,no,emergencia de la carretera=ninguna
artwork_type,installation,instalación_de=tipo de las ilustraciones
at_bev:addr_date,2016-10-02,en_bev:addr_cita=2016-10-02
attribution,«Ces données géographiques proviennent du Référentiel Géographique Commun (www.rgc.cd).»,atribución=«Ces données géographiques proviennent du Référentiel Géographique Commun (www.rgc.cd).»
attribution,"2001 Her Majesty the Queen in Right of Manitoba, as represented by the Minister of Conservation. All rights reserved.","Atribución=2001 Su Majestad la Reina en Derecho de Manitoba, como representado por el Ministro de Conservación. Todos los  derechos reservaron."
automated,no,Automatizado=ninguna
board_type,plants,junta_de=plantas
board_type,public_transport,de tipo de junta_tipo=tipo_de
board_type,welcome_sign,junta_de transporte público=tipo_de
board_type,wildlife,junta_de signo bienvenido=fauna y flora
bollard,foldable,bollard=foldable
bonnet:colour,red,sombrero:color=cabina
booth,K6,roja=K6
boundary_name:cs,Česko-německá státní hranice,nombre_de frontera:cs=Česko-německá státní hranice
brand,7-Eleven,marca=7-Once
brand:ja,セブン-イレブン,marca:ja=セブン-イレブン
brand:ja,ハローサイクリング,marca:ja=ハローサイクリング
brand:ja,ファミリーマート,marca:ja=ファミリーマート
brand:wikidata,Q1032001,marca:wikidata=Q1032001
brand:wikipedia,en:Royal Mail,marca:wikipedia=en:marca de
brand:wikipedia,ru:Ozon.ru,Correo Real:wikipedia=ru:Ozon.ru
brand:wikipedia,ru:Пятёрочка,marca:wikipedia=ru:Пятёрочка
building:colour,#cccccc,edificio:color=#cccccc
building:colour,#eecfaf,edificio:color=#eecfaf
building:colour,#ffffff,edificio:color=#ffffff
building:colour,beige,edificio:color=edificio
building:colour,lightgrey,beige:color=lightgrey
building:colour,orange,edificio:color=edificio
building:floor_area,500 - 750,naranja:área_de piso=500 - 750
building:foundation_height,1 to 1.5,edificio:cota_de fundación=1 a 1.5
building:levels,0,edificio:niveles=0
building:levels,1,edificio:niveles=1
building:levels:underground,3,edificio:niveles:subterráneo=3
building:material,concrete masonry unit,edificio:unidad=de masonería concreta material
building:part,commercial,edificio:parte=edificio
building:part,house,comercial:edificio=de
building:part,retail,casa de la parte:parte=edificio
building:place,town,minorista:edificio=de
building:type:pl,Przyziemie budynku nieognioodpornego,ciudad del sitio:tipo:pl=Przyziemie budynku nieognioodpornego
building:type:pl,Przyziemie budynku ognioodpornego,edificio:tipo:pl=Przyziemie budynku ognioodpornego
building:usage:pl,Inny niemieszkalny,edificio:uso:pl=Inny niemieszkalny
building:use:pl,Transportu i łączności,edificio:uso:pl=Transportu i łączności
bus_bay,right,bahía_de autobús=cables
cables,2,derechos=2
cables,4,cables=4
camera:mount,ceiling,cámara:cámara=de
camera:mount,street_lamp,techo del monte:cámara=de_lámpara
camera:type,panning,de calle de monte:tipo=panning
canoe,no,canoa=ninguna
capacity:disabled,3,capacidad:discapacitado=3
capacity:persons,<50,capacidad:personas=<50
caravans,no,caravanas=ningún
cash_in,no,dinero efectivo_en=ninguna
category,berkad,categoría=berkad
category,haffir,categoría=haffir
ceremonial_gate,torii,ceremonial_puerta=torii
change:lanes:backward,not_left|yes,cambio:caminos:backward=no_dejado|sí
change:lanes:forward,not_left|yes,cambio:caminos:adelante=no_dejado|sí
check_date,2023-04-26,cita_de control=2023-04-26
check_date,2025-04-24,cita_de control=2025-04-24
check_date,2024-11-6,cita_de control=2024-11-6
check_date,2024-11-7,cita_de control=2024-11-7
circumference,0.6,circunferencia=0.6
circumference,0.75,circunferencia=0.75
class:bicycle,-1,clase:bicicleta=-1
class:bicycle,1,clase:bicicleta=1
class:bicycle,2,clase:bicicleta=2
CLC:explanation,See http://wiki.openstreetmap.org/wiki/Romania_CLC_Import.,CLC:la explicación=Ve http://wiki.openstreetmap.org/wiki/romania_clc_import.
CLC:year,2006,#Clc:año=2006
climbing,route_bottom,ruta=de escalada_tiempo
collection_times,Mo-Fr 08:00,de_colección inferior=Mo-Fr 08:00
collection_times,Mo-Fr 09:00; Sa 07:00,tiempo_de colección=Mo-Fr 09:00; Sa 07:00
collection_times,Mo-Sa 09:00,tiempo_de colección=Mo-Sa 09:00
colour,silver,plata=de color
comment,convertido a OSM usando http://GaleNUx.com,comentario=convertido un OSM usando http://galenux.com
community_centre,village_hall,sala_de=pueblo_de centro comunitaria
constituency,Strategic Routes,constituency=edificio de
construction,building,construcción=de Rutas Estratégico
construction:voltage,25000,construcción:voltaje=25000
contact:facebook,https://www.facebook.com/ozon.ru,contacto:facebook=https://www.facebook.com/ozon.ru
contact:instagram,https://www.instagram.com/ozonru,contacto:instagram=https://www.instagram.com/ozonru
contact:phone,+7 495 2321000,Contacto:teléfono=+7 495 2321000
contact:phone,+7 800 5555505,contacto:teléfono=+7 800 5555505
contact:phone,+7 800 5555550,contacto:teléfono=+7 800 5555550
contact:twitter,https://twitter.com/Ozon_ru,contacto:twitter=https://twitter.com/ozon_ru
contact:vk,https://vk.com/ozon,contacto:vk=https://vk.com/ozon
contact:website,https://5ka.ru,contacto:sitio web=https://5ka.ru
contact:website,https://www.hellocycling.jp,contacto:sitio web=https://www.hellocycling.jp
contact:website,https://www.ozon.ru,contacto:sitio web=https://www.ozon.ru
conveying,forward,transmitiendo=país
country,US,de delantero=EE.UU.
created_by,shpupload,crearon_por=shpupload
crossing,informal,cruzando=cruce
crossing:barrier,double_half,informal:la barrera=pliega_cruce
crossing:markings,dashes,medio:markings=dashes
crossing:markings,dots,cruce:markings=los puntos
crossing:markings,ladder,que cruzan:markings=ladder
crossing:markings,ladder:skewed,cruce:markings=ladder:cruce
crossing:markings,lines,sesgado:markings=tacha
crossing:markings,no,cruzar:markings=ningún
crossing:markings,surface,cruce:markings=cruce
crossing:markings,zebra:bicolour,de superficie:markings=cebra:bicolour
crossing:markings,zebra:paired,cruce:markings=cebra:paired
crossing:markings:colour,yellow,cruce:markings:color=cruce
crossing:signals,no,amarillo:señales=ningún
crown_type,i,tipo_de corona=i
cutline,firebreak,cutline=firebreak
cycle_barrier,double,barrera_de ciclo=barrera
cycle_barrier:installation,fixed,de_ciclo doble:la instalación=fija
cycleway:both,separate,cycleway:ambos=separado
cycleway:both,shoulder,cycleway:ambos=hombro
cycleway:both,track,cycleway:ambas=pista
cycleway:both:buffer,no,cycleway:ambos:buffer=ningún
cycleway:both:lane,pictogram,cycleway:ambos:pictograma=de camino
cycleway:left:lane,advisory,cycleway:a la izquierda:el camino=aconsejable
cycleway:left:lane,exclusive,cycleway:a la izquierda:el camino=exclusivo
cycleway:left:oneway,-1,cycleway:a la izquierda:oneway=-1
cycleway:left:oneway,no,cycleway:a la izquierda:oneway=ningún
cycleway:right,shoulder,cycleway:hombro=derecho
cycleway:right:lane,pictogram,cycleway:derecho:pictograma=de camino
cycleway:right:segregated,no,cycleway:derecho:segregated=ningún
damage:Chido:event,TC-2024-000225-COM,daño:Chido:caso=TC-2024-000225-COM
damage:type,fire,daño:denominación=de
denomination,baptist,fuego del tipo=baptist
denomination,catholic,denominación=catholic
denomination,greek_orthodox,denominación=greek_orthodox
denomination,jehovahs_witness,denominación=jehovahs_denominación
denomination,lutheran,de testigo=lutheran
denomination,methodist,denominación=methodist
denomination,orthodox,denominación=orthodox
denomination,pentecostal,denominación=pentecostal
denomination,presbyterian,denominación=presbyterian
denomination,protestant,denominación=protestant
denomination,roman_catholic,la denominación=romana_catholic
denomination,russian_orthodox,denominación=russian_orthodox
denomination,sunni,denominación=sunni
denomination,theravada,denominación=theravada
denotation,street,descripción=de
description,"these 'kanal' are oil palm drainage trenches/etc and does not fit into the tag waterway=canal; inaccessible by boats, hence the tag waterway=ditch is more appropriate","calle de la denotación=estos 'kanal' es trincheras de drenaje de palma de óleo/etc y no cabe a la etiqueta waterway=canal; inaccesible por botes, por ello la etiqueta waterway=la cuneta es diseño más"
design:ref,F44,apropiado :ref=F44
designated_direction,forward,designó_la dirección=adelante
destroyed:building,house,destruyó:construyendo=aparatos
devices,1,de casa=1
diameter,300,diámetro=300
diameter,"4.5""","diámetro=4.5"""
diameter,"6.63""","diámetro=6.63"""
diameter,70 cm,diámetro=70 diámetro
diameter,"8.63""","de cm=8.63"""
diameter_crown,15,corona_de diámetro=15
diet:halal,no,dieta:halal=ninguna
diet:kosher,no,dieta:kosher=ninguna
diet:vegan,no,dieta:vegano=ninguna
direction,100,dirección=100
direction,250,dirección=250
direction,E,dirección=E
direction,SSW,dirección=SSW
direction,W,dirección=W
disused:amenity,restaurant,abandonado:restaurante=de amenidad
disused:highway,path,abandonado:ruta=de carretera
disused:highway,track,abandonada:puerta=de
door,no,pista de la carretera=ninguna
door:wings,1,puerta:alas=1
editor,opengislab 2018,editor=opengislab 2018
editor,"opengislab, caicedonia, edificios","editor=opengislab, caicedonia, edificios"
ele,0,ele=0
electricity,grid,verja=de electricidad
embedded_rails,tram,embedded_emergencia=de
emergency:phone,144,tranvía de los raíles:teléfono=144
ewmapa:kod_znakowy,BZO,ewmapa:kod_znakowy=BZO
ewmapa:warstwa,"Przyziemie budynku ognioodpornego, podpory, podcienia z pomiaru w terenie","ewmapa:warstwa=Przyziemie budynku ognioodpornego, podpory, podcienia z pomiaru w terenie"
ewmapa:warstwa,"Przyziemie budynku ognioodpornego, podpory, podcienia z rastra","ewmapa:warstwa=Przyziemie budynku ognioodpornego, podpory, podcienia z rastra"
ewmapa:warstwa,Przyziemie lub obrys budynku,ewmapa:warstwa=Przyziemie lub obrys budynku
expected_lwn_route_relations,3,esperó_lwn_relaciones_de ruta=3
expected_rcn_route_relations,3,esperó_rcn_relaciones_de ruta=3
female,no,hembra=ningún
fire_hydrant:description,五角型開關,hidrante_de fuego:descripción=五角型開關
fire_hydrant:diameter,300,hidrante_de fuego:diámetro=300
fire_hydrant:diameter,К-150,hidrante_de fuego:diámetro=К-150
fire_hydrant:diameter:signed,no,hidrante_de fuego:diámetro:firmado=ningún
fire_hydrant:type:zh,地下式消防栓,hidrante_de fuego:tipo:zh=地下式消防栓
fixme,à préciser dès que visible sur le cadastre,fixme=à préciser dès que visible sur le bandera
flag:name,United States,de catastro:bandera=de
flag:wikidata,Q42537,Estados Unidos del nombre:wikidata=Q42537
flashing_lights,no,centelleando_luces=no
floating,no,flotar=ningún
format,squared_stone,formato=jardín_de
garden:style,kitchen,hueso cuadrado:huerto=de moda
garden:type,community,:tipo=jardín
garden:type,landscaping,comunitario:tipo=landscaping
gate:type,double,puerta:el tipo=doble
gbfs:system_id,hellocycling,gbfs:sistema_id=hellocycling
generator:output:electricity,1.5 MW,generador:salida:electricidad=1.5 MW
generator:output:electricity,2 MW,generador:salida:electricidad=2 MW
generator:output:electricity,2.3 MW,generador:salida:electricidad=2.3 MW
generator:solar:modules,4,generador:solar:módulos=4
generator:solar:modules,14,generador:solar:módulos=14
generator:solar:tracking,no,generador:solar:siguiendo=ningún
generator:solar:tracking,single_axis,generador:solar:siguiendo=solo_axial
genus:de,Ahorn,genus:de=Ahorn
genus:de,Birke,genus:de=Birke
genus:de,Eiche,genus:de=Eiche
genus:de,Esche,genus:de=Esche
genus:de,Hainbuche,genus:de=Hainbuche
genus:de,Platane,genus:de=Platane
genus:en,Oak,genus:en=Roble
genus:wikidata,Q127849,genus:wikidata=Q127849
genus:wikidata,Q42292,genus:wikidata=Q42292
geobase:acquisitionTechnique,Orthoimage,geobase:acquisitionTechnique=Orthoimage
geobase:acquisitionTechnique,Vector Data,geobase:acquisitionTechnique=Dato de Vector
geobase:datasetName,NRN:British Columbia,geobase:datasetName=NRN:británico Columbia
geometry:reviewed,no,geometría:revisado=ningún
gnis:fcode,33600,gnis:fcode=33600
gnis:ftype,ArtificialPath,gnis:ftype=ArtificialPath
gnis:ftype,CanalDitch,gnis:ftype=CanalDitch
gnis:ftype,LakePond,gnis:ftype=LakePond
gnis:ftype,StreamRiver,gnis:ftype=StreamRiver
GNS:dsg_name,populated place,GNS:dsg_nombre=sitio poblado
GNS:dsg_string,populated place,GNS:dsg_serie=sitio poblado
hcpaogis:dorcode,01 - SINGLE FAMILY,hcpaogis:dorcode=01 - cota FAMILIAR
height,0,SOLA=0
heritage:operator,bda,patrimonio:operador=bda
heritage:operator,Institut für Denkmalschutz und Denkmalpflege Düsseldorf,patrimonio:operador=Institut für Denkmalschutz und Denkmalpflege Düsseldorf
heritage:operator:short,Denkmalamt Düsseldorf,patrimonio:operador:corto=Denkmalamt Düsseldorf
heritage:operator:wikidata,Q59161646,patrimonio:operador:wikidata=Q59161646
heritage:ref,05111000_A_01676,patrimonio:ref=05111000_Un_01676
heritage:since,2020-09-26,patrimonio:desde entonces=2020-09-26
heritage:website,https://www.duesseldorf.de/denkmalschutz/gasleuchten,patrimonio:https=de sitio web://www.duesseldorf.de/denkmalschutz/gasleuchten
HFCS,Major Collector,HFCS=Coleccionista importante
HFCS,Minor Arterial,HFCS=Menor Arterial
HFCS,Principal Arterial,HFCS=Principal Arterial
HFCS,Principal Arterial - Other,HFCS=Principal Arterial - Otro
HFCS,Urban Collector,HFCS=Coleccionista Urbano
HFCS,Urban Minor Arterial,HFCS=Urbano Menor Arterial
HFCS,Urban Principal Arterial,HFCS=Urbano Principal Arterial
HFCS,Urban Principal Arterial - Other,HFCS=Urbano Principal Arterial - Otro
hgv,local,hgv=local
hgv:national_network,no,hgv:red_nacional=ningún
hoops,1,hoops=1
horse,unknown,casa=desconocida
house,residential,caballar=residencial
HU:ed_direction,forward,HU:ed_la dirección=adelante
incline,0%,inclina=0%
incline,10%,inclina=10%
indoor_seating,no,interior_sentando=ningún
informal,no,informal=ningún
int_ref,AH2,int_ref=AH2
int_ref,E 22,int_ref=E 22
int_ref,E 30,int_ref=E 30
int_ref,E 40,int_ref=E 40
int_ref,E 45,int_ref=E 45
int_ref,E 70,int_ref=E 70
int_ref,E 75,int_ref=E 75
is_in,"Iraq , جمهورية العراق","es_en=Iraq , جمهورية العراق"
is_in,"Québec,Canada","es_en=Québec,Canadá"
is_in,"Santa Rosa de Cabal, Risaralda, Colombia","es_en=Santa Rosa de Cabal, Risaralda, Colombia"
is_in:city,Santa Rosa de Cabal,es_en:ciudad=Santa Rosa de Cabal
is_in:country,Ethiopia,es_en:Etiopía=de país
is_in:country,Indonesia,es_en:Indonesia=de país
is_in:country,Iran,es_en:Irán=de país
is_in:country,Nigeria,es_en:Nigeria=de país
is_in:country,România,es_en:país=România
is_in:country_code,ET,es_en:código_de país=ET
is_in:country_code,ID,es_en:código_de país=ID
isced:level,0;1,isced:nivel=0;1
isced:level,1;2,isced:nivel=1;2
it:fvg:ctrn:code,4ABA,lo:fvg:ctrn:código=4ABA
it:fvg:ctrn:code,4AED,lo:fvg:ctrn:código=4AED
it:fvg:ctrn:code,4AIN,lo:fvg:ctrn:código=4AIN
it:fvg:ctrn:revision,0,lo:fvg:ctrn:revisión=0
it:fvg:ctrn:revision,1A0,lo:fvg:ctrn:revisión=1A0
it:fvg:ctrn:revision,1AM,lo:fvg:ctrn:revisión=1ES
it:fvg:ctrn:revision,1AN,:fvg:ctrn:revisión=1Un
it:pv:pavia:EDIFC_USO,201,lo:pv:pavia:EDIFC_USO=201
kerb,rolled,bordillo=rodó
KSJ2:curve_id,c00001,KSJ2:curva_id=c00001
KSJ2:DFC,1,KSJ2:DFC=1
KSJ2:DFC_label,森林地域,KSJ2:DFC_#sello=森林地域
KSJ2:ODC,数値地図25000空間データ基盤,KSJ2:ODC=数値地図25000空間データ基盤
KSJ2:ODC,数値地図25000空間データ基盤;管内図（縮尺＜＝50000）,KSJ2:ODC=数値地図25000空間データ基盤;管内図（縮尺＜＝50000）
KSJ2:ODC,管内図（縮尺＜＝50000）,KSJ2:ODC=管内図（縮尺＜＝50000）
KSJ2:PRC,1,KSJ2:PRC=1
KSJ2:PRC_label,北海道,KSJ2:PRC_#sello=北海道
KSJ2:PubFacAdmin,市区町村,KSJ2:PubFacAdmin=市区町村
KSJ2:PubFacAdmin,民間,KSJ2:PubFacAdmin=民間
lamp_operator,Hansestadt Rostock,operador_de lámpara=Hansestadt Rostock
lamp_operator,Stadtwerke Düsseldorf,operador_de lámpara=Stadtwerke Düsseldorf
lamp_type,led,tipo_de lámpara=metal
lamp_type,metal-halogenide,de_tipo=de lámpara dirigido-halogenide
landform,tundra_polygon,landform=caminos_de
lanes:bus,1,polígono de la tundra:autobús=1
layer,-3,capa=-3
level,5,nivel=5
level,-1;0,nivel=-1;0
level,0;-1,nivel=0;-1
level,0;1,nivel=0;1
level:ref,0,nivel:ref=0
lift_gate:type,single,puerta_de impulso:tipo=aviación
light_source,aviation,de_fuente=ligera sola
light:aviation,taxiway_centre,luz:aviación=taxiway_luz
light:colour,blue,de centro:color=luz
light:colour,green,azul:color=luz
light:power,100 W,verde:poder=100 W
line_arrangement,horizontal,horizontal_de=arreglo de la línea
LINZ:reviewed,no,LINZ:revisado=ninguna
listed_status,Grade II,Nota_de=estado listada II
loading_gauge,TSI_GA,cargando_gauge=TSI_GA
loading_gauge,TSI_GB,cargando_gauge=TSI_GB
loading_gauge,TSI_GB1,cargando_gauge=TSI_GB1
loading_gauge,TSI_GC,cargando_gauge=TSI_GC
local_ref,1,local_ref=1
local_ref,A,local_ref=Un
local_ref,B,lugareño_ref=B
man_made,ceremonial_gate,el hombre_hizo=ceremonial_hombre
man_made,charge_point,de puerta_hombre=de_punto
man_made,marsh_terrace,de cargo hecho_hombre=de_terraza
man_made,pond,de pantano hecho_hizo=pond
manufacturer,Enercon,fabricante=Enercon
manufacturer,Flock Safety,fabricante=de Seguridad
manufacturer,Siemens,de Rebaño de fabricante=fabricante
manufacturer:wikidata,Q108485435,de Siemens:wikidata=Q108485435
map_size,city,ciudad_de=medida del mapa
massgis:DCAM_ID,0,massgis:DCAM_ID=0
massgis:DEED_ACRES,0.00000000,massgis:ACRES_de ACCIÓN=0.00000000
massgis:EOEAINVOLV,0,massgis:EOEAINVOLV=0
massgis:FY_FUNDING,0,massgis:FY_FINANCIACIÓN=0
massgis:IT_VALC,WS1,massgis:ÉL_VALC=WS1
massgis:IT_VALDESC,WOODED SWAMP DECIDUOUS,massgis:ÉL_VALDESC=WOODED la CIÉNAGA CADUCIFOLIA
massgis:LEV_PROT,P,massgis:LEV_PROT=P
massgis:OS_DEED_BO,0,massgis:OS_ACCIÓN_BO=0
massgis:OS_DEED_PA,0,massgis:OS_ACCIÓN_PA=0
massgis:PALIS_ID,0,massgis:PALIS_ID=0
massgis:POLY_CODE,3,massgis:POLY_CÓDIGO=3
massgis:SOURCE,DEP-WCP,massgis:FUENTE=DEP-WCP
massgis:SOURCE_SCA,12000,massgis:FUENTE_SCA=12000
max_age,11,max_edad=11
maxheight,4.5,maxheight=4.5
maxheight,below_default,maxheight=bajo_default
maxheight:signed,no,maxheight:firmado=ningún
maxspeed,50,maxspeed=50
maxspeed,RS:urban,maxspeed=RS:urbano
maxspeed:advisory,30,maxspeed:aconsejable=30
maxspeed:advisory,20 mph,maxspeed:aconsejable=20 mph
maxspeed:backward,80,maxspeed:backward=80
maxspeed:bus,100,maxspeed:autobús=100
maxspeed:forward,80,maxspeed:adelante=80
maxspeed:hgv,50,maxspeed:hgv=50
maxspeed:hgv,70,maxspeed:hgv=70
maxspeed:hgv,55 mph,maxspeed:hgv=55 mph
maxspeed:hgv:conditional,90 @ (weight>=3.86),maxspeed:hgv:condicional=90 @ (peso>=3.86)
maxspeed:psv:conditional,90 @ (weight>=3.86),maxspeed:psv:condicional=90 @ (peso>=3.86)
maxspeed:source,default residential speed limit in Australia,maxspeed:fuente=default límite de velocidad residencial en Australia
maxspeed:trailer,55 mph,maxspeed:trailer=55 mph
maxspeed:type,RO:urban,maxspeed:tipo=RO:urbano
maxstay,2 hours,maxstay=2 horas
maxstay,no,maxstay=ningún
maxstay,unlimited,maxstay=unlimited
maxweight,5,maxweight=5
maxweight,44000 lbs,maxweight=44000 lbs
maxweight,7.5,maxweight=7.5
maxweight:conditional,none @ destination,maxweight:condicional=ninguno @ destino
maxweightrating:hgv,7.5,maxweightrating:hgv=7.5
maxweightrating:hgv:conditional,none @ destination,maxweightrating:hgv:condicional=ninguno @ destino
MCC,268,MCC=268
metre_load,8,metro_carga=8
min_age,3,min_edad=3
min_height,3,min_cota=3
minspeed,50,minspeed=50
minspeed,60,minspeed=60
minspeed,40 mph,minspeed=40 mph
mml:class,32611,mml:clase=32611
mtb:scale,4,mtb:escala=4
mtb:scale,0+,mtb:escala=0+
mtb:scale:imba,0,mtb:escala:imba=0
mtb:scale:uphill,5,mtb:escala:uphill=5
name,1,nombre=1
name,1st Street,nombre=1.º nombre
name:en,7-Eleven,de Calle:en=7-Once
name:en,FamilyMart,nombre:en=FamilyMart
name:en,Pyaterochka,nombre:en=Pyaterochka
name:en,Qanat,nombre:en=Qanat
name:etymology:wikidata,Q1394,nombre:etimología:wikidata=Q1394
name:etymology:wikidata,Q42976,nombre:etimología:wikidata=Q42976
name:etymology:wikidata,Q8027,nombre:etimología:wikidata=Q8027
name:ja,セブン-イレブン,nombre:ja=セブン-イレブン
name:ja,ファミリーマート,nombre:ja=ファミリーマート
name:prefix,East,nombre:prefijo=nombre
name:prefix,North,Del este:prefijo=nombre
name:prefix,South,Del norte:prefijo=nombre
name:prefix,West,Del sur:prefijo=nombre
name:prefix,вёска,Del oeste:prefijo=вёска
name:prefix,село,nombre:prefijo=село
name:prefix,урочышча,nombre:prefijo=урочышча
name:prefix:be,вёска,nombre:prefijo:ser=вёска
name:prefix:be,урочышча,nombre:prefijo:ser=урочышча
name:prefix:ru,деревня,nombre:prefijo:ru=деревня
name:prefix:ru,урочище,nombre:prefijo:ru=урочище
name:ru,Пятёрочка,nombre:ru=Пятёрочка
name:ru,Центральная улица,nombre:ru=Центральная улица
name:uk,Центральна вулиця,nombre:uk=Центральна вулиця
naptan:Bearing,E,naptan:Aguantando=E
naptan:Bearing,N,naptan:Aguantando=N
naptan:Bearing,NE,naptan:Aguantando=NE
naptan:Bearing,NW,naptan:Aguantando=NW
naptan:Bearing,S,naptan:Aguantando=S
naptan:Bearing,SE,naptan:Aguantando=SE
naptan:Bearing,SW,naptan:Aguantando=SW
naptan:Indicator,Opp,naptan:Indicador=Opp
navigationaid,rwc,navigationaid=rwc
navigationaid,rwe,navigationaid=rwe
navigationaid,tdz,navigationaid=tdz
navigationaid,txc,navigationaid=txc
navigationaid,txe,navigationaid=txe
ncat,광역시도로,ncat=광역시도로
ncat,국도,ncat=국도
ncat,지방도,ncat=지방도
network,AC Transit,red=AC Transit
network:en,G-BUS,red:en=G-red
network:guid,DE-BW-VRN,de AUTOBÚS:guid=DE-BW-VRN
network:guid,DE-BY-MVV,red:guid=DE-POR-MVV
network:ja,ハローサイクリング,red:ja=ハローサイクリング
network:ko,경기도 시내버스,red:ko=경기도 시내버스
network:short,MVV,red:corto=MVV
network:wikidata,Q928178,red:wikidata=Q928178
network:wikipedia,de:Rhein-Main-Verkehrsverbund,red:wikipedia=de:Rhein-Principal-Verkehrsverbund
network:wikipedia,en:Chicago Transit Authority,red:wikipedia=en:Chicago Transit red
network:wikipedia,en:Valley Metro,de Potestad:wikipedia=en:Valle Metro
network:wikipedia,sv:Västtrafik,red:wikipedia=sv:Västtrafik
NHD:Elevation,0.00000000000,NHD:Elevación=0.00000000000
NHD:FCode,33600,NHD:FCode=33600
nhd:fdate,Wed Sep 26 00:00:00 PDT 2007,nhd:fdate=Wed Sep 26 00:00:00 PDT 2007
NHD:FLOWDIR,With Digitized,NHD:FLOWDIR=Con Digitized
nhd:ftype,ArtificialPath,nhd:ftype=ArtificialPath
NHD:FTYPE,LakePond,NHD:FTYPE=LakePond
NHD:FTYPE,StreamRiver,NHD:FTYPE=StreamRiver
nhd:ftype,StreamRiver,nhd:ftype=StreamRiver
NHD:RESOLUTION,High,NHD:RESOLUCIÓN=Alto
notas,"por favor respete las licencias de información y de los créditos correspondientes a las fuentes originales, y a osm en sus trabajos. #LeyLleras","notas=por favor respete las licencias de información y de los créditos correspondientes un las fuentes originales, y un osm en sus trabajos. #LeyLleras"
note,A13-06_03.xml,Nota=A13-06_03.xml
note:ja,国土数値情報（鉄道データ）平成19年　国土交通省,Nota:ja=国土数値情報（鉄道データ）平成19年　国土交通省
note:name,"Der reg_name, sowie ggf. der loc_name sind dem zugehörigen Wikipediaartikel entnommen.","nota:nombre=Der reg_nombre, sowie ggf. der loc_Nombre sind dem zugehörigen Wikipediaartikel entnommen."
note:post_town,Saint Louis,Nota:Santo_de=ciudad del poste Louis
notes,One Family Year-Round Residence,nota=Uno Año Familiar-Residencia Redonda
nysgissam:review,existing element's addr:housenumber has different addr:housenumber,nysgissam:la reseña=que existe elemento  addr:housenumber tiene diferente addr:housenumber
nysgissam:review,found > 1 existing matching address,nysgissam:la reseña=encontró > 1 existiendo emparejando alocución
nysgissam:review,no matching street nearby,nysgissam:reseña=ninguna calle de emparejar cercana
nysgissam:review,repeat address,nysgissam:la reseña=repite objeto
object:city,Badalona,de alocución:ciudad=Badalona
object:city,Tiana,objeto:ciudad=Tiana
official_name,Starbucks Coffee,nombre_oficial=Starbucks Café
official_status,ru:посёлок,estado_oficial=ru:посёлок
opening_hours,08:00-22:00,horas_inaugurales=08:00-22:00
opening_hours,24/7,horas_inaugurales=24/7
opening_hours,Mo-Fr 08:00-16:00,horas_inaugurales=Mo-Fr 08:00-16:00
operator,Adif,operador=Adif
operator:en,Central Japan Railway Company,operador:en=Empresa de Vía de Japón Central
operator:old,Western Power Distribution,operador:Distribución=de Poder Occidental vieja
operator:short,郵便局,operador:corto=郵便局
operator:short:en,JP,operador:corto:en=JP
operator:short:ja,郵便局,operador:corto:ja=郵便局
operator:type,business,operador:tipo=operador
operator:type,religious,empresarial:tipo=operador
operator:type,university,religioso:tipo=operador
operator:website,https://www.usps.com,universitario:sitio web=https://www.usps.com
operator:wikidata,Q1032001,operador:wikidata=Q1032001
operator:wikipedia,pl:InPost,operador:wikipedia=pl:InPost
operator:zh,国家电网,operador:zh=国家电网
orientation,diagonal,orientación=orientación
orientation,parallel,diagonal=perpendicular
orientation,perpendicular,de=orientación paralela
osmc:symbol,yellow:white:yellow_diamond,osmc:el símbolo=amarillo:blanco:adelantamiento_de
overtaking:hgv,no,diamante amarillo:hgv=ningún
owner,Halifax Regional Municipality,dueño=Halifax dueño de
owner,Région wallonne,Municipio Regional=Région wallonne
ownership,national,propiedad=propiedad
ownership,public,nacional=aparcamiento
parking:both,separate,público:ambos=aparcamiento
parking:both:fee,no,separado:ambos:coste=ningún
parking:both:orientation,parallel,aparcamiento:ambos:orientación=aparcamiento
parking:both:restriction,no_parking,paralelo:ambos:restricción=ningún_aparcamiento
parking:both:restriction,no_stopping,de aparcamiento:ambos:restricción=ningún_aparcamiento
parking:fee,no,de parar:coste=ningún
parking:left:fee,no,aparcamiento:a la izquierda:coste=ningún
parking:left:orientation,parallel,aparcamiento:a la izquierda:orientación=aparcamiento
parking:left:restriction,no_parking,paralelo:a la izquierda:restricción=ningún_aparcamiento
parking:left:restriction,no_stopping,de aparcamiento:a la izquierda:restricción=ningún_aparcamiento
parking:right:fee,no,de parar:derecho:coste=ningún
parking:right:orientation,parallel,aparcamiento:derecho:orientación=aparcamiento
parking:right:restriction,no_parking,paralelo:derecho:restricción=ningún_aparcamiento
parking:right:restriction,no_stopping,de aparcamiento:derecho:restricción=ninguna_pavimentación
paving_stones:length,0.3,de parar_huesos:#periodo=0.3
paving_stones:shape,square,adoquinando_huesos:la forma=cuadra
paving_stones:width,0.3,adoquinar_huesos:ancho=0.3
payment:cards,no,pago:cartas=ningún
payment:cryptocurrencies,no,pago:cryptocurrencies=ningún
payment:notes,no,pago:notas=ninguna
phases,1,fase=1
placement,left_of:3,placement=dejado_de:3
placement,middle_of:3,placement=medio_de:3
pole,switch,cambio=de polo
poles,monopole,población=de
population:date,2006,monopolo de los polos:cita=2006
population:date,2020,población:cita=2020
population:date,2021,población:cita=2021
population:date,2023,población:cita=2023
population:date,2020-05-01,población:cita=2020-05-01
population:date,2023-08-31,población:cita=2023-08-31
population:pupils:date,2015,población:pupilas:cita=2015
postal_code:source,INSSE - SIRUTA,código_postal:fuente=INSSE - SIRUTA
power_supply,no,el poder_suministra=ningún
produce,rice,arroz=de producto
proposed,motorway,autopista=propuesta
proposed,rail,el=raíl propuesto
proposed:frequency,50,propuso:frecuencia=50
proposed:frequency,16.7,propuso:frecuencia=16.7
proposed:railway,rail,propuso:raíl=de vía
proposed:voltage,15000,propuso:voltaje=15000
proposed:voltage,25000,propuso:voltaje=25000
raba:id,1222,raba:id=1222
raba:id,1800,raba:id=1800
railway:atc,no,vía:atc=ninguna
railway:ctc,no,vía:ctc=ninguna
railway:ctcs,2,vía:ctcs=2
railway:ctcs,3,vía:ctcs=3
railway:evm,no,vía:evm=ninguna
railway:kvb,no,vía:kvb=ninguna
railway:ptc,no,vía:ptc=ninguna
railway:signal:combined,DE-ESO:ks,vía:señal:combinado=DE-ESO:ks
railway:signal:combined:form,light,vía:señal:combinado:forma=vía
railway:signal:combined:height,normal,ligera:señal:combinado:cota=vía
railway:signal:direction,backward,normal:señal:dirección=backward
railway:signal:distant,DE-ESO:ks,vía:señal:distante=DE-ESO:ks
railway:signal:distant:states,DE-ESO:ks1;DE-ESO:ks2,vía:señal:distante:estados=DE-ESO:ks1;DE-ESO:ks2
railway:signal:electricity:form,sign,vía:señal:electricidad:vía=de
railway:signal:main,DE-ESO:ks,signo de la forma:señal:principal=DE-ESO:ks
railway:signal:main:function,block,vía:señal:principal:vía=de
railway:signal:main:function,entry,bloque de la función:señal:principal:vía=de
railway:signal:main:substitute_signal,DE-ESO:db:zs1,entrada de la función:señal:principal:señal_de sustituto=DE-ESO:db:zs1
railway:signal:minor,DE-ESO:sh1,vía:señal:menor=DE-ESO:sh1
railway:signal:minor:form,sign,vía:señal:menor:vía=de
railway:signal:minor:height,normal,signo de la forma:señal:menor:cota=vía
railway:signal:position,in_track,normal:señal:#puesto=en_vía
railway:signal:shunting:height,dwarf,de pista:señal:shunting:vía=de
railway:signal:shunting:height,normal,enano de la cota:señal:shunting:cota=vía
railway:signal:speed_limit_distant,DE-ESO:zs3v,normal:señal:límite_de velocidad_distante=DE-ESO:zs3v
railway:signal:speed_limit_distant:form,light,vía:señal:límite_de velocidad_distante:forma=vía
railway:signal:speed_limit_distant:form,sign,ligera:señal:límite_de velocidad_distante:vía=de
railway:signal:stop:form,sign,signo de la forma:señal:parón:vía=de
railway:signal:traversable,DE-ESO:mastschild_rot-weiss,signo de la forma:señal:traversable=DE-ESO:mastschild_podredumbre-weiss
railway:signal:traversable:type,written_default_speed;dictated_default_speed,vía:señal:traversable:el tipo=escrito_default_velocidad;dictado_default_vía
railway:switch,double_slip,de velocidad:cambio=vía_de
railway:tbl,1+,resbalón doble:tbl=1+
railway:tilting,no,vía:tilting=ninguna
railway:track_class,3,vía:clase_de pista=3
railway:track_class,4,vía:clase_de pista=4
railway:track_class,5,vía:clase_de pista=5
railway:track_class,C3,vía:clase_de pista=C3
railway:track_class,D3,vía:clase_de pista=D3
railway:track_ref,3,vía:pista_ref=3
railway:track_ref,4,vía:pista_ref=4
railway:track_ref,U,vía:pista_ref=U
railway:track_type,minor,vía:tipo_de pista=vía
railway:tvm,no,menor:tvm=ninguna
ramp:wheelchair,no,rampa:wheelchair=ninguna
ramp:wheelchair,separate,rampa:wheelchair=reciclaje
recycling:plastic,no,separado:plástico=ningún
reef,coral_reef,arrecife=de_coral del arrecife
ref,1,ref=1
ref,A,ref=Un
ref,A1,ref=A1
ref,US 1,ref=EE.UU. 1
ref:colour,orange,ref:naranja=de color
ref:colour,red,ref:rojo=de color
ref:colour,yellow,ref:el color=amarillo
ref:signed,no,ref:firmado=ninguna
reservation,no,reserva=ninguna
reservation,required,reserva=techo
roof:colour,#808080,requerido:color=#808080
roof:material,metal sheet,techo:capa=de metal material
royal_cypher:wikidata,Q33102113,real_cypher:wikidata=Q33102113
ruins,building,arruina=construir
school,primary,escolar=primario
seamark:beacon_lateral:system,iala-a,seamark:la almenara_lateral:sistema=iala-un
seamark:pipeline_submarine:category,supply,seamark:submarino_de tubería:suministro=de categoría
seamark:rock:water_level,covers,seamark:rock:portadas_de=nivel del agua
seamark:topmark:shape,"cone, point up","seamark:topmark:cono=de forma, punto arriba de"
seats,1,escaños=1
shape,circular,forma=la
shape,rectangular,forma circular=rectangular
shrubbery:density,dense,shrubbery:densidad=acera
sidewalk:both,no,densa:ambos=ninguna
sidewalk:both:surface,concrete,acera:ambos:superficie=acera
sidewalk:left:surface,asphalt,concreta:a la izquierda:acera=de
sidewalk:left:surface,paving_stones,asfalto de la superficie:a la izquierda:la superficie=que adoquina_casquete
socket:chademo,1,de huesos:chademo=1
socket:type2,1,casquete:type2=1
socket:type2_combo,1,casquete:type2_combo=1
socket:type2:output,22 kW,casquete:type2:salida=22 kW
source,#opendri-comoros,fuente=#opendri-comoros
source_dat,2021,fuente_dat=2021
source_ref,http://nlftp.mlit.go.jp/ksj/jpgis/datalist/KsjTmplt-A13.html,fuente_ref=http://nlftp.mlit.go.jp/ksj/jpgis/datalist/ksjtmplt-a13.html
source_ref:name,http://data.gov.au/dataset/36f1ca48-ed2d-4a58-a15b-6fb4b97fdbd7,fuente_ref:nombre=http://data.gov.au/dataset/36f1ca48-ed2d-4a58-a15b-6fb4b97fdbd7
source_ref:url,https://www.flickr.com/photos/openstreetmap-albania,fuente_ref:url=https://www.flickr.com/photos/openstreetmap-albania
source:addr,Chapel Hill Open Data,fuente:addr=Cerro de Capilla fuente de
source:addr:housenumber,interpolation,Dato Abierto:addr:housenumber=fuente
source:addr:housenumber,survey,de interpolación:addr:housenumber=fuente
source:addr:postcode,OS Opendata Codepoint,de #estudio:addr:postcode=OS Opendata Codepoint
source:addr:street,survey,fuente:addr:fuente=de
source:address,Helsingborgs kommun,#estudio de la calle:alocución=Helsingborgs kommun
source:building,OpenData Land Nordrhein-Westfalen - Hausumringe,fuente:construyendo=OpenData Tierra Nordrhein-Westfalen - Hausumringe
source:construction_date,GURS,fuente:cita_de construcción=GURS
source:damage:Chido,CNES / Airbus,fuente:daño:Chido=CNES / fuente
source:data,cugir.library.cornell.edu & gis.ny.gov/gisdata,de Airbus:dato=cugir.library.cornell.edu & gis.ny.gov/gisdata
source:date,2025-08-20,fuente:cita=2025-08-20
source:description,dadosabertos.cm-lisboa.pt,fuente:descripción=dadosabertos.cm-lisboa.pt
source:ele,BDOrtho IGN Hydroghaphie,fuente:ele=BDOrtho IGN Hydroghaphie
source:en,"National-Land Numerical Information (Forest) 2006, MLIT Japan","fuente:en=Nacional-Aterrizar Información Numérica (Bosque) 2006, MLIT fuente"
source:footprint,Adjusted MS Footprints,de Japón:huella=fuente de Huellas
source:geometry,Aerial photogrammetry,de SEÑORA Ajustada:geometría=fuente de
source:geometry,webewid.powiatstarogard.pl,fotogrametría Aérea:geometría=webewid.powiatstarogard.pl
source:geometry:date,2010,fuente:geometría:cita=2010
source:heritage,"data.gouv.fr, Ministère de la Culture - 2016","fuente:patrimonio=data.gouv.fr, Ministère de la Cultura - 2016"
source:hgv,"TxDOT’s Sign Guidelines and Applications Manual, Chapter 5, Section 6 Truck Routes https://onlinemanuals.txdot.gov/TxDOTOnlineManuals/TxDOTManuals/smk/truck_routes.htm","fuente:hgv=TxDOT  Directrices de Signo y Manual de Aplicaciones, Capítulo 5, Sección 6 Rutas de Camión https://onlinemanuals.txdot.gov/txdotonlinemanuals/txdotmanuals/smk/truck_routes.htm"
source:hgv:national_network,Caltrans http://www.dot.ca.gov/hq/traffops/trucks/truckmap/,fuente:hgv:red_nacional=Caltrans http://www.dot.ca.gov/hq/traffops/trucks/truckmap/
source:hgv:national_network,Title 23: Highways Part 658 http://ecfr.gpoaccess.gov/cgi/t/text/text-idx?c=ecfr&rgn=div5&view=text&node=23:1.0.1.7.33&idno=23,fuente:hgv:Título_de=red nacional 23: Parte de Carreteras 658 http://ecfr.gpoaccess.gov/cgi/t/text/text-idx?c=ecfr&rgn=div5&view=text&node=23:1.0.1.7.33&idno=23
source:hgv:state_network,NJDOT http://www.state.nj.us/transportation/about/rules/pdf/chapter32truckaccess.pdf,fuente:hgv:red_estatal=NJDOT http://www.state.nj.us/transportation/about/rules/pdf/chapter32truckaccess.pdf
source:hgv:state_network,NYSDOT https://www.dot.ny.gov/divisions/operating/oom/transportation-systems/repository/2010%20trk%20access%20bk.pdf,fuente:hgv:red_estatal=NYSDOT https://www.dot.ny.gov/divisions/operating/oom/transportation-systems/repository/2010%20trk%20acceso%20bk.Fuente
source:highway_authority_ref,foi_request,de pdf:potestad_de carretera_ref=foi_fuente
source:highway_classification,IBGE,de petición:clasificación_de carretera=IBGE
source:highway:class:pl,https://edziennik.gddkia.gov.pl/DU_GDDKIA/2025/7/akt.pdf,fuente:carretera:clase:pl=https://edziennik.gddkia.gov.pl/du_gddkia/2025/7/akt.Fuente
source:imagery,ESRI Sat & NYS Sat Imagery,de pdf:imaginería=ESRI Sentó & NYS fuente de
source:ja,国土数値情報（森林地域データ）平成18年　国土交通省,Imaginería Sentada:ja=国土数値情報（森林地域データ）平成18年　国土交通省
source:lake,Review by So9q using LM Topographic Map,fuente:Reseña=de lago por So9q utilizando LM Topographic fuente
source:lanes,Esri World Imagery,de Mapa:caminos=Esri fuente de
source:lit,http://www.autobahn-bilder.de,Imaginería Mundial:encendido=http://www.autobahn-bilder.de
source:location,NLS.fi Topographic Database,fuente:ubicación=Nls.fi Topographic fuente
source:maxaxleload,Dz.U. 2011 nr 222 poz. 1321 Art. 2 pkt. 11,de Base de datos:maxaxleload=Dz.U. 2011 nr 222 poz. 1321 Arte. 2 pkt. 11
source:maxaxleload,Rozporządzenie Ministra Infrastruktury i Budownictwa z dnia 21 kwietnia 2017 r,fuente:maxaxleload=Rozporządzenie Ministra Infrastruktury i Budownictwa z dnia 21 kwietnia 2017 r
source:maxspeed,AT:rural,fuente:maxspeed=EN:fuente
source:maxspeed,DE:motorway,rural:maxspeed=DE:fuente
source:maxspeed,massgis,de autopista:maxspeed=massgis
source:maxspeed,sign,fuente:maxspeed=fuente
source:maxspeed,survey,de signo:maxspeed=fuente
source:maxspeed,Unless otherwise posted speed limit 25 MPH in Oklahoma City; OKC code § 32-166.,de #estudio:maxspeed=A no ser que otherwise posted límite de velocidad 25 MPH en Ciudad de Oklahoma; OKC código § 32-166.
source:maxweight,https://hub.arcgis.com/datasets/KYTC::kytc-truck-weight-classification/explore,Fuente:maxweight=https://hub.arcgis.com/datasets/kytc::kytc-camión-peso-la clasificación/explora
source:name,data.gov.au,fuente:nombre=data.gov.au
source:name:br,ofis publik ar brezhoneg,fuente:nombre:br=ofis publik ar brezhoneg
source:name:br,proper translation,fuente:nombre:br=fuente de
source:old_ref:fap,ODOT http://www.dot.state.oh.us/Divisions/Planning/TechServ/prod_services/Pages/RI06.aspx http://www.dot.state.oh.us/Divisions/ContractAdmin/Contracts/Pages/NHS-FAP.aspx,traducción apropiada:viejo_ref:fap=ODOT http://www.dot.state.oh.us/divisions/planning/techserv/prod_services/pages/ri06.aspx http://www.dot.state.oh.us/divisions/contractadmin/contracts/pages/nhs-fap.aspx
source:oneway,Esri World Imagery,fuente:oneway=Esri fuente de
source:outline,"maps4bw (LGL, www.lgl-bw.de); Mapbox Satellite","Imaginería Mundial:esbozo=maps4bw (LGL, www.lgl-bw.de); Mapbox fuente"
source:population,wikipedia,de Satélite:población=wikipedia
source:position,Aerial photogrammetry,fuente:#puesto=fuente de
source:position,"bing (0,0)","fotogrametría Aérea:#puesto=bing (0,0)"
source:postal_code,La Poste - 12/2014,fuente:código_postal=La Poste - 12/2014
source:ref,http://wiki.openstreetmap.org/wiki/Import/Catalogue/Strassen_NRW,fuente:ref=http://wiki.openstreetmap.org/wiki/import/catalogue/strassen_nrw
source:ref,Ministerial Decision Γ25871/1963 (ΦΕΚ Β 319/23.07.1963),fuente:ref=Decisión Ministerial Γ25871/1963 (ΦΕΚ Β 319/23.07.1963)
source:ref,Ministerial Decision ΔΟΥ/οικ/5776/2015 (ΦΕΚ ΑΑΠ 253/21.12.2015),fuente:ref=Decisión Ministerial ΔΟΥ/οικ/5776/2015 (ΦΕΚ ΑΑΠ 253/21.12.2015)
source:ro,"Agenţia Europeană de Mediu, CORINE Land Cover, 2006","fuente:ro=Agenţia Europeană de Mediu, Portada de Tierra de la CORINE, 2006"
source:shape,Modified MS Footprints https://cugir.library.cornell.edu,fuente:forma=SEÑORA Modificada Huellas https://cugir.library.cornell.edu
species,Liquidambar styraciflua,especie=Liquidambar styraciflua
width,1,ancho=1
width,0.2,ancho=0.2
wiki:symbol,Symbol_SWV_Örtlicher_Weg.svg,wiki:Símbolo=de símbolo_SWV_Örtlicher_Weg.svg
workrules,PL:Ir-1,workrules=PL:Ir-1
yh:STRUCTURE,地上,yh:ESTRUCTURA=地上
yh:STRUCTURE,橋,yh:ESTRUCTURA=橋
yh:STRUCTURE,通常水涯線,yh:ESTRUCTURA=通常水涯線
yh:TOTYUMONO,供用中,yh:TOTYUMONO=供用中
yh:TYPE,その他一般道,yh:TIPO=その他一般道
yh:WIDTH,5.5m〜13.0m,yh:ANCHO=5.5m〜13.0m
yh:WIDTH_RANK,2,yh:FILA_de ANCHO=2
zone:maxspeed,DE:30,zona:maxspeed=DE:30
zone:traffic,DE:zone30,zona:tráfico=DE:zone30
